{
  "type": "FeatureCollection",
  "features": [
    {
      "type": "Feature",
      "geometry": {
        "type": "LineString",
        "coordinates": [
          [
            4.4403011,
            43.8317324
          ],
          [
            4.4403297,
            43.8316657
          ],
          [
            4.4403643,
            43.8316254
          ]
        ]
      },
      "properties": {
        "highway": "primary",
        "color_key": "dark",
        "name": "",
        "length_m": 13
      }
    },
    {
      "type": "Feature",
      "geometry": {
        "type": "LineString",
        "coordinates": [
          [
            4.4405943,
            43.8314955
          ],
          [
            4.4406919,
            43.8314826
          ],
          [
            4.4408159,
            43.83149
          ],
          [
            4.4409563,
            43.831534
          ],
          [
            4.4410714,
            43.8316165
          ]
        ]
      },
      "properties": {
        "highway": "primary",
        "color_key": "dark",
        "name": "",
        "length_m": 43
      }
    },
    {
      "type": "Feature",
      "geometry": {
        "type": "LineString",
        "coordinates": [
          [
            4.4410714,
            43.8316165
          ],
          [
            4.4411673,
            43.8316283
          ],
          [
            4.4413168,
            43.8316265
          ],
          [
            4.4418139,
            43.8315865
          ],
          [
            4.4427457,
            43.8314946
          ],
          [
            4.4438625,
            43.8313794
          ],
          [
            4.445842,
            43.8311858
          ],
          [
            4.447194,
            43.8310541
          ],
          [
            4.4479365,
            43.83097
          ],
          [
            4.4483289,
            43.8309174
          ],
          [
            4.4487316,
            43.8308546
          ],
          [
            4.4495178,
            43.8307164
          ],
          [
            4.449836,
            43.830671
          ],
          [
            4.4502063,
            43.8306273
          ],
          [
            4.4513719,
            43.8305043
          ],
          [
            4.4523603,
            43.8304006
          ],
          [
            4.4526987,
            43.8303685
          ],
          [
            4.4530271,
            43.8303437
          ],
          [
            4.4533745,
            43.830322
          ],
          [
            4.4541542,
            43.8302961
          ],
          [
            4.4546952,
            43.8302683
          ],
          [
            4.4550693,
            43.830245
          ],
          [
            4.4560121,
            43.830152
          ],
          [
            4.4645844,
            43.8292689
          ],
          [
            4.465247,
            43.8291933
          ],
          [
            4.4654091,
            43.8291618
          ],
          [
            4.4656142,
            43.829107
          ],
          [
            4.4657671,
            43.829055
          ],
          [
            4.4658556,
            43.8290146
          ],
          [
            4.4659886,
            43.8289437
          ],
          [
            4.4660425,
            43.8289149
          ]
        ]
      },
      "properties": {
        "highway": "primary",
        "color_key": "dark",
        "name": "",
        "length_m": 2031
      }
    },
    {
      "type": "Feature",
      "geometry": {
        "type": "LineString",
        "coordinates": [
          [
            4.4410714,
            43.8316165
          ],
          [
            4.4411209,
            43.8316874
          ],
          [
            4.4411429,
            43.831759
          ],
          [
            4.4411415,
            43.8318273
          ],
          [
            4.4411064,
            43.8319164
          ]
        ]
      },
      "properties": {
        "highway": "primary",
        "color_key": "dark",
        "name": "",
        "length_m": 35
      }
    },
    {
      "type": "Feature",
      "geometry": {
        "type": "LineString",
        "coordinates": [
          [
            4.4660425,
            43.8289149
          ],
          [
            4.4660757,
            43.8288207
          ],
          [
            4.4661486,
            43.8287389
          ],
          [
            4.4662537,
            43.828678
          ],
          [
            4.4663802,
            43.8286442
          ]
        ]
      },
      "properties": {
        "highway": "primary",
        "color_key": "dark",
        "name": "",
        "length_m": 43
      }
    },
    {
      "type": "Feature",
      "geometry": {
        "type": "LineString",
        "coordinates": [
          [
            4.4663802,
            43.8286442
          ],
          [
            4.466563,
            43.8285106
          ],
          [
            4.4666627,
            43.8283198
          ]
        ]
      },
      "properties": {
        "highway": "tertiary",
        "color_key": "medium",
        "name": "Rue de la République",
        "length_m": 44
      }
    },
    {
      "type": "Feature",
      "geometry": {
        "type": "LineString",
        "coordinates": [
          [
            4.4663802,
            43.8286442
          ],
          [
            4.466537,
            43.8286437
          ],
          [
            4.4666832,
            43.8286848
          ],
          [
            4.4667982,
            43.8287617
          ]
        ]
      },
      "properties": {
        "highway": "primary",
        "color_key": "dark",
        "name": "",
        "length_m": 38
      }
    },
    {
      "type": "Feature",
      "geometry": {
        "type": "LineString",
        "coordinates": [
          [
            4.466843,
            43.8288169
          ],
          [
            4.466947,
            43.8289001
          ],
          [
            4.4670287,
            43.8289425
          ],
          [
            4.467113,
            43.8289695
          ],
          [
            4.4672121,
            43.8289844
          ],
          [
            4.4673272,
            43.8289857
          ],
          [
            4.4674972,
            43.8289716
          ],
          [
            4.4681849,
            43.8289132
          ],
          [
            4.46841,
            43.8288973
          ],
          [
            4.4685824,
            43.8288975
          ],
          [
            4.4687468,
            43.8289053
          ],
          [
            4.4689264,
            43.8289247
          ],
          [
            4.4691113,
            43.8289499
          ],
          [
            4.469308,
            43.8289934
          ],
          [
            4.4696387,
            43.8290833
          ],
          [
            4.4700575,
            43.8292076
          ],
          [
            4.4702799,
            43.829271
          ],
          [
            4.4706428,
            43.8293579
          ],
          [
            4.4709278,
            43.8294216
          ],
          [
            4.4712181,
            43.8294821
          ],
          [
            4.4715712,
            43.829542
          ],
          [
            4.4725774,
            43.8296971
          ],
          [
            4.4734304,
            43.8298309
          ],
          [
            4.4737642,
            43.8298796
          ],
          [
            4.4740303,
            43.8299137
          ],
          [
            4.4743447,
            43.8299457
          ],
          [
            4.4746226,
            43.8299651
          ],
          [
            4.4748581,
            43.8299733
          ],
          [
            4.4750992,
            43.8299735
          ],
          [
            4.4753162,
            43.8299679
          ],
          [
            4.4755451,
            43.8299567
          ],
          [
            4.4758948,
            43.8299202
          ],
          [
            4.476233,
            43.8298747
          ],
          [
            4.476415,
            43.8298412
          ],
          [
            4.4765916,
            43.8297999
          ],
          [
            4.4769228,
            43.8297163
          ],
          [
            4.4772594,
            43.829619
          ],
          [
            4.4775388,
            43.82951
          ],
          [
            4.4778375,
            43.8293779
          ],
          [
            4.4780664,
            43.8292671
          ],
          [
            4.4783187,
            43.8291261
          ],
          [
            4.4786098,
            43.8289341
          ],
          [
            4.478858,
            43.8287517
          ],
          [
            4.4790315,
            43.828599
          ],
          [
            4.4792807,
            43.8283616
          ],
          [
            4.4794401,
            43.8281927
          ],
          [
            4.4795406,
            43.8280585
          ],
          [
            4.4795886,
            43.827967
          ],
          [
            4.4796205,
            43.8278794
          ],
          [
            4.4796322,
            43.8278531
          ]
        ]
      },
      "properties": {
        "highway": "primary",
        "color_key": "dark",
        "name": "",
        "length_m": 1144
      }
    },
    {
      "type": "Feature",
      "geometry": {
        "type": "LineString",
        "coordinates": [
          [
            4.466843,
            43.8288169
          ],
          [
            4.4668762,
            43.8289004
          ],
          [
            4.4668753,
            43.8289873
          ],
          [
            4.4668401,
            43.8290703
          ],
          [
            4.4667737,
            43.8291428
          ]
        ]
      },
      "properties": {
        "highway": "primary",
        "color_key": "dark",
        "name": "",
        "length_m": 39
      }
    },
    {
      "type": "Feature",
      "geometry": {
        "type": "LineString",
        "coordinates": [
          [
            4.495259,
            43.8262119
          ],
          [
            4.495409,
            43.8261454
          ],
          [
            4.495479,
            43.8260881
          ],
          [
            4.4955515,
            43.8260362
          ]
        ]
      },
      "properties": {
        "highway": "primary",
        "color_key": "dark",
        "name": "Route de Beaucaire",
        "length_m": 31
      }
    },
    {
      "type": "Feature",
      "geometry": {
        "type": "LineString",
        "coordinates": [
          [
            4.495259,
            43.8262119
          ],
          [
            4.4950637,
            43.8262344
          ],
          [
            4.4950104,
            43.8262405
          ],
          [
            4.4948433,
            43.8262598
          ],
          [
            4.4946773,
            43.8262789
          ],
          [
            4.4945254,
            43.8262956
          ],
          [
            4.4940528,
            43.8263476
          ],
          [
            4.4937404,
            43.826382
          ],
          [
            4.4937109,
            43.8263852
          ],
          [
            4.4922897,
            43.8264994
          ],
          [
            4.4907129,
            43.8266465
          ],
          [
            4.4894097,
            43.8267769
          ]
        ]
      },
      "properties": {
        "highway": "primary",
        "color_key": "dark",
        "name": "Route de Beaucaire",
        "length_m": 473
      }
    },
    {
      "type": "Feature",
      "geometry": {
        "type": "LineString",
        "coordinates": [
          [
            4.4968311,
            43.8260252
          ],
          [
            4.4964336,
            43.8260774
          ],
          [
            4.4963185,
            43.8260959
          ],
          [
            4.4962683,
            43.8261111
          ],
          [
            4.4961854,
            43.8261737
          ]
        ]
      },
      "properties": {
        "highway": "primary",
        "color_key": "dark",
        "name": "Route de Beaucaire",
        "length_m": 56
      }
    },
    {
      "type": "Feature",
      "geometry": {
        "type": "LineString",
        "coordinates": [
          [
            4.4968311,
            43.8260252
          ],
          [
            4.4971548,
            43.8260163
          ],
          [
            4.4977412,
            43.8259798
          ],
          [
            4.4989056,
            43.8258959
          ],
          [
            4.4995349,
            43.8258518
          ],
          [
            4.4998569,
            43.825841
          ],
          [
            4.5000663,
            43.8258418
          ],
          [
            4.500284,
            43.8258554
          ],
          [
            4.5004829,
            43.8258768
          ],
          [
            4.5006805,
            43.8259092
          ],
          [
            4.5008454,
            43.825944
          ],
          [
            4.5010156,
            43.8259943
          ],
          [
            4.5012211,
            43.8260659
          ],
          [
            4.5012481,
            43.8260775
          ]
        ]
      },
      "properties": {
        "highway": "primary",
        "color_key": "dark",
        "name": "Route de Beaucaire",
        "length_m": 360
      }
    },
    {
      "type": "Feature",
      "geometry": {
        "type": "LineString",
        "coordinates": [
          [
            4.5012481,
            43.8260775
          ],
          [
            4.5018518,
            43.8262883
          ],
          [
            4.5027069,
            43.8265954
          ],
          [
            4.5030689,
            43.8267254
          ],
          [
            4.5033357,
            43.8268086
          ],
          [
            4.5035725,
            43.8268642
          ],
          [
            4.5039026,
            43.8269188
          ],
          [
            4.504284,
            43.8269545
          ],
          [
            4.5045847,
            43.8269732
          ],
          [
            4.504923,
            43.8269842
          ],
          [
            4.5061791,
            43.8270156
          ]
        ]
      },
      "properties": {
        "highway": "primary",
        "color_key": "dark",
        "name": "Route de Beaucaire",
        "length_m": 416
      }
    },
    {
      "type": "Feature",
      "geometry": {
        "type": "LineString",
        "coordinates": [
          [
            4.5012481,
            43.8260775
          ],
          [
            4.5012362,
            43.8261089
          ],
          [
            4.5012027,
            43.8262405
          ],
          [
            4.5011565,
            43.82662
          ],
          [
            4.5011468,
            43.8266999
          ]
        ]
      },
      "properties": {
        "highway": "residential",
        "color_key": "light",
        "name": "Avenue du 19 Mars 1962",
        "length_m": 70
      }
    },
    {
      "type": "Feature",
      "geometry": {
        "type": "LineString",
        "coordinates": [
          [
            4.4667737,
            43.8291428
          ],
          [
            4.4666635,
            43.8292063
          ],
          [
            4.4665303,
            43.8292398
          ]
        ]
      },
      "properties": {
        "highway": "primary",
        "color_key": "dark",
        "name": "",
        "length_m": 23
      }
    },
    {
      "type": "Feature",
      "geometry": {
        "type": "LineString",
        "coordinates": [
          [
            4.4662141,
            43.8291864
          ],
          [
            4.4661141,
            43.8291122
          ],
          [
            4.4660546,
            43.829018
          ],
          [
            4.4660425,
            43.8289149
          ]
        ]
      },
      "properties": {
        "highway": "primary",
        "color_key": "dark",
        "name": "",
        "length_m": 35
      }
    },
    {
      "type": "Feature",
      "geometry": {
        "type": "LineString",
        "coordinates": [
          [
            4.4662141,
            43.8291864
          ],
          [
            4.4660616,
            43.8291827
          ],
          [
            4.4659219,
            43.8291899
          ],
          [
            4.4657691,
            43.8292117
          ],
          [
            4.4654447,
            43.8292721
          ],
          [
            4.465249,
            43.8293053
          ],
          [
            4.4649701,
            43.8293435
          ],
          [
            4.4641548,
            43.8294301
          ],
          [
            4.4576955,
            43.830098
          ],
          [
            4.4560454,
            43.8302613
          ],
          [
            4.4552042,
            43.8303455
          ],
          [
            4.454888,
            43.8303725
          ],
          [
            4.4546012,
            43.830389
          ]
        ]
      },
      "properties": {
        "highway": "primary",
        "color_key": "dark",
        "name": "",
        "length_m": 942
      }
    },
    {
      "type": "Feature",
      "geometry": {
        "type": "LineString",
        "coordinates": [
          [
            4.4411064,
            43.8319164
          ],
          [
            4.4410619,
            43.831971
          ],
          [
            4.4410211,
            43.8320054
          ],
          [
            4.4409906,
            43.8320212
          ]
        ]
      },
      "properties": {
        "highway": "primary",
        "color_key": "dark",
        "name": "",
        "length_m": 15
      }
    },
    {
      "type": "Feature",
      "geometry": {
        "type": "LineString",
        "coordinates": [
          [
            4.4403405,
            43.8319286
          ],
          [
            4.4403193,
            43.8318934
          ],
          [
            4.4402939,
            43.8317946
          ],
          [
            4.4403011,
            43.8317324
          ]
        ]
      },
      "properties": {
        "highway": "primary",
        "color_key": "dark",
        "name": "",
        "length_m": 22
      }
    },
    {
      "type": "Feature",
      "geometry": {
        "type": "LineString",
        "coordinates": [
          [
            4.4957181,
            43.8262837
          ],
          [
            4.4956667,
            43.826258
          ]
        ]
      },
      "properties": {
        "highway": "primary",
        "color_key": "dark",
        "name": "",
        "length_m": 5
      }
    },
    {
      "type": "Feature",
      "geometry": {
        "type": "LineString",
        "coordinates": [
          [
            4.4960506,
            43.8262813
          ],
          [
            4.4959398,
            43.8264178
          ],
          [
            4.4958597,
            43.826611
          ]
        ]
      },
      "properties": {
        "highway": "secondary",
        "color_key": "medium",
        "name": "Avenue de la Poste",
        "length_m": 40
      }
    },
    {
      "type": "Feature",
      "geometry": {
        "type": "LineString",
        "coordinates": [
          [
            4.4960506,
            43.8262813
          ],
          [
            4.4959425,
            43.8263104
          ],
          [
            4.4958271,
            43.8263112
          ],
          [
            4.4957181,
            43.8262837
          ]
        ]
      },
      "properties": {
        "highway": "primary",
        "color_key": "dark",
        "name": "",
        "length_m": 28
      }
    },
    {
      "type": "Feature",
      "geometry": {
        "type": "LineString",
        "coordinates": [
          [
            4.4546012,
            43.830389
          ],
          [
            4.4545855,
            43.8305013
          ],
          [
            4.4541188,
            43.8315113
          ],
          [
            4.4536521,
            43.8324516
          ],
          [
            4.4533785,
            43.8330321
          ],
          [
            4.453148,
            43.8334786
          ]
        ]
      },
      "properties": {
        "highway": "unclassified",
        "color_key": "light",
        "name": "",
        "length_m": 363
      }
    },
    {
      "type": "Feature",
      "geometry": {
        "type": "LineString",
        "coordinates": [
          [
            4.4546012,
            43.830389
          ],
          [
            4.453956,
            43.8304132
          ],
          [
            4.4533107,
            43.8304374
          ],
          [
            4.4530055,
            43.8304568
          ],
          [
            4.4525662,
            43.8304965
          ],
          [
            4.4519857,
            43.8305537
          ],
          [
            4.4500766,
            43.8307514
          ],
          [
            4.4490632,
            43.8309064
          ],
          [
            4.4481963,
            43.8310506
          ],
          [
            4.447957,
            43.8310838
          ],
          [
            4.4477169,
            43.831112
          ],
          [
            4.4441345,
            43.8314661
          ],
          [
            4.4435116,
            43.8315226
          ],
          [
            4.4428867,
            43.8315936
          ],
          [
            4.4416755,
            43.8317578
          ],
          [
            4.4414146,
            43.831801
          ],
          [
            4.4412593,
            43.8318325
          ],
          [
            4.4411752,
            43.8318639
          ],
          [
            4.4411064,
            43.8319164
          ]
        ]
      },
      "properties": {
        "highway": "primary",
        "color_key": "dark",
        "name": "",
        "length_m": 1099
      }
    },
    {
      "type": "Feature",
      "geometry": {
        "type": "LineString",
        "coordinates": [
          [
            4.4398466,
            43.8081715
          ],
          [
            4.4401905,
            43.8083665
          ],
          [
            4.4405204,
            43.8085078
          ],
          [
            4.4408437,
            43.8086234
          ],
          [
            4.4409232,
            43.8086518
          ],
          [
            4.4425686,
            43.8092326
          ],
          [
            4.4430725,
            43.8093876
          ],
          [
            4.4436331,
            43.8095395
          ],
          [
            4.4443773,
            43.8097205
          ],
          [
            4.4444653,
            43.809737
          ],
          [
            4.445174,
            43.8098695
          ],
          [
            4.4455656,
            43.8099557
          ],
          [
            4.4459556,
            43.8100498
          ],
          [
            4.4466129,
            43.8102465
          ]
        ]
      },
      "properties": {
        "highway": "tertiary",
        "color_key": "medium",
        "name": "Route de Manduel",
        "length_m": 593
      }
    },
    {
      "type": "Feature",
      "geometry": {
        "type": "LineString",
        "coordinates": [
          [
            4.4398466,
            43.8081715
          ],
          [
            4.43987,
            43.8081439
          ],
          [
            4.4407493,
            43.8068941
          ],
          [
            4.4422819,
            43.8033697
          ]
        ]
      },
      "properties": {
        "highway": "unclassified",
        "color_key": "light",
        "name": "Chemin des Grimaudes",
        "length_m": 570
      }
    },
    {
      "type": "Feature",
      "geometry": {
        "type": "LineString",
        "coordinates": [
          [
            4.4485608,
            43.8109116
          ],
          [
            4.4488835,
            43.8110715
          ],
          [
            4.4495112,
            43.8114422
          ],
          [
            4.4498739,
            43.8116266
          ],
          [
            4.450348,
            43.811808
          ],
          [
            4.450838,
            43.8119506
          ],
          [
            4.4514021,
            43.8120441
          ],
          [
            4.4520056,
            43.8121215
          ],
          [
            4.4522142,
            43.8121581
          ],
          [
            4.4525212,
            43.8122118
          ],
          [
            4.4531679,
            43.8123478
          ],
          [
            4.4540725,
            43.8125194
          ],
          [
            4.4546878,
            43.8126422
          ],
          [
            4.4551933,
            43.8127154
          ],
          [
            4.4560769,
            43.8128231
          ],
          [
            4.4563106,
            43.8128667
          ],
          [
            4.4573694,
            43.813178
          ],
          [
            4.4587675,
            43.8135945
          ],
          [
            4.4601981,
            43.8139927
          ]
        ]
      },
      "properties": {
        "highway": "tertiary",
        "color_key": "medium",
        "name": "Route de Bouillargues",
        "length_m": 1005
      }
    },
    {
      "type": "Feature",
      "geometry": {
        "type": "LineString",
        "coordinates": [
          [
            4.4485608,
            43.8109116
          ],
          [
            4.4483149,
            43.8108431
          ],
          [
            4.4480789,
            43.8107763
          ],
          [
            4.4478929,
            43.8107293
          ],
          [
            4.4478316,
            43.8107138
          ]
        ]
      },
      "properties": {
        "highway": "tertiary",
        "color_key": "medium",
        "name": "Route de Bouillargues",
        "length_m": 63
      }
    },
    {
      "type": "Feature",
      "geometry": {
        "type": "LineString",
        "coordinates": [
          [
            4.4473731,
            43.8105772
          ],
          [
            4.4473639,
            43.8105211
          ],
          [
            4.4473747,
            43.810465
          ],
          [
            4.4474046,
            43.8104127
          ]
        ]
      },
      "properties": {
        "highway": "tertiary",
        "color_key": "medium",
        "name": "",
        "length_m": 19
      }
    },
    {
      "type": "Feature",
      "geometry": {
        "type": "LineString",
        "coordinates": [
          [
            4.4473731,
            43.8105772
          ],
          [
            4.447132,
            43.8104792
          ],
          [
            4.4466129,
            43.8102465
          ]
        ]
      },
      "properties": {
        "highway": "tertiary",
        "color_key": "medium",
        "name": "Route de Manduel",
        "length_m": 71
      }
    },
    {
      "type": "Feature",
      "geometry": {
        "type": "LineString",
        "coordinates": [
          [
            4.4475722,
            43.8107338
          ],
          [
            4.4475052,
            43.8107103
          ],
          [
            4.4474479,
            43.8106759
          ],
          [
            4.4474037,
            43.8106327
          ]
        ]
      },
      "properties": {
        "highway": "tertiary",
        "color_key": "medium",
        "name": "",
        "length_m": 18
      }
    },
    {
      "type": "Feature",
      "geometry": {
        "type": "LineString",
        "coordinates": [
          [
            4.4475722,
            43.8107338
          ],
          [
            4.4474559,
            43.8107836
          ],
          [
            4.4473989,
            43.8108146
          ],
          [
            4.4473493,
            43.8108558
          ]
        ]
      },
      "properties": {
        "highway": "unclassified",
        "color_key": "light",
        "name": "",
        "length_m": 23
      }
    },
    {
      "type": "Feature",
      "geometry": {
        "type": "LineString",
        "coordinates": [
          [
            4.4478316,
            43.8107138
          ],
          [
            4.447705,
            43.8107446
          ],
          [
            4.4475722,
            43.8107338
          ]
        ]
      },
      "properties": {
        "highway": "tertiary",
        "color_key": "medium",
        "name": "",
        "length_m": 21
      }
    },
    {
      "type": "Feature",
      "geometry": {
        "type": "LineString",
        "coordinates": [
          [
            4.4474046,
            43.8104127
          ],
          [
            4.4474674,
            43.810357
          ],
          [
            4.4475516,
            43.8103185
          ]
        ]
      },
      "properties": {
        "highway": "tertiary",
        "color_key": "medium",
        "name": "",
        "length_m": 16
      }
    },
    {
      "type": "Feature",
      "geometry": {
        "type": "LineString",
        "coordinates": [
          [
            4.4479774,
            43.8105554
          ],
          [
            4.4479291,
            43.8106464
          ],
          [
            4.4478316,
            43.8107138
          ]
        ]
      },
      "properties": {
        "highway": "tertiary",
        "color_key": "medium",
        "name": "",
        "length_m": 22
      }
    },
    {
      "type": "Feature",
      "geometry": {
        "type": "LineString",
        "coordinates": [
          [
            4.4479774,
            43.8105554
          ],
          [
            4.4480668,
            43.8106331
          ],
          [
            4.4481499,
            43.8106892
          ],
          [
            4.4485608,
            43.8109116
          ]
        ]
      },
      "properties": {
        "highway": "tertiary",
        "color_key": "medium",
        "name": "Route de Bouillargues",
        "length_m": 62
      }
    },
    {
      "type": "Feature",
      "geometry": {
        "type": "LineString",
        "coordinates": [
          [
            4.4424494,
            43.7962311
          ],
          [
            4.4438285,
            43.7973667
          ],
          [
            4.4450648,
            43.7981784
          ],
          [
            4.4457978,
            43.7989169
          ],
          [
            4.4473554,
            43.8001217
          ]
        ]
      },
      "properties": {
        "highway": "unclassified",
        "color_key": "light",
        "name": "",
        "length_m": 586
      }
    },
    {
      "type": "Feature",
      "geometry": {
        "type": "LineString",
        "coordinates": [
          [
            4.4424494,
            43.7962311
          ],
          [
            4.4436912,
            43.795715
          ],
          [
            4.4443967,
            43.7954249
          ],
          [
            4.4451125,
            43.7951903
          ],
          [
            4.4458537,
            43.7949215
          ],
          [
            4.4458573,
            43.7949203
          ],
          [
            4.4475525,
            43.7942388
          ]
        ]
      },
      "properties": {
        "highway": "residential",
        "color_key": "light",
        "name": "Chemin du Mas de Baud",
        "length_m": 466
      }
    },
    {
      "type": "Feature",
      "geometry": {
        "type": "LineString",
        "coordinates": [
          [
            4.451068,
            43.803507
          ],
          [
            4.4523123,
            43.80443
          ],
          [
            4.4529779,
            43.804663
          ],
          [
            4.4539469,
            43.804918
          ],
          [
            4.456383,
            43.8058284
          ],
          [
            4.4569067,
            43.80605
          ],
          [
            4.4578398,
            43.8066737
          ],
          [
            4.458269,
            43.8073564
          ],
          [
            4.4585977,
            43.8079393
          ],
          [
            4.4590649,
            43.8087678
          ],
          [
            4.4594516,
            43.8096686
          ],
          [
            4.4598212,
            43.8105239
          ],
          [
            4.4599978,
            43.8108218
          ],
          [
            4.4601929,
            43.8110499
          ],
          [
            4.4615762,
            43.8125399
          ],
          [
            4.4618738,
            43.8128271
          ],
          [
            4.462369,
            43.8132622
          ]
        ]
      },
      "properties": {
        "highway": "unclassified",
        "color_key": "light",
        "name": "Chemin de Garons",
        "length_m": 1481
      }
    },
    {
      "type": "Feature",
      "geometry": {
        "type": "LineString",
        "coordinates": [
          [
            4.451068,
            43.803507
          ],
          [
            4.4496177,
            43.8022358
          ],
          [
            4.4492438,
            43.801717
          ],
          [
            4.4484783,
            43.8009478
          ],
          [
            4.4473554,
            43.8001217
          ]
        ]
      },
      "properties": {
        "highway": "unclassified",
        "color_key": "light",
        "name": "",
        "length_m": 482
      }
    },
    {
      "type": "Feature",
      "geometry": {
        "type": "LineString",
        "coordinates": [
          [
            4.451068,
            43.803507
          ],
          [
            4.4503478,
            43.804562
          ],
          [
            4.450286,
            43.8046003
          ],
          [
            4.450173,
            43.8046191
          ],
          [
            4.4500235,
            43.8046161
          ],
          [
            4.44931,
            43.8045243
          ]
        ]
      },
      "properties": {
        "highway": "unclassified",
        "color_key": "light",
        "name": "",
        "length_m": 217
      }
    },
    {
      "type": "Feature",
      "geometry": {
        "type": "LineString",
        "coordinates": [
          [
            4.4429494,
            43.7997801
          ],
          [
            4.4422819,
            43.8033697
          ]
        ]
      },
      "properties": {
        "highway": "unclassified",
        "color_key": "light",
        "name": "Chemin des Grimaudes",
        "length_m": 403
      }
    },
    {
      "type": "Feature",
      "geometry": {
        "type": "LineString",
        "coordinates": [
          [
            4.4429494,
            43.7997801
          ],
          [
            4.4461824,
            43.800124
          ],
          [
            4.4473554,
            43.8001217
          ]
        ]
      },
      "properties": {
        "highway": "unclassified",
        "color_key": "light",
        "name": "",
        "length_m": 356
      }
    },
    {
      "type": "Feature",
      "geometry": {
        "type": "LineString",
        "coordinates": [
          [
            4.4473554,
            43.8001217
          ],
          [
            4.4479528,
            43.800093
          ],
          [
            4.4485193,
            43.8000907
          ],
          [
            4.4495636,
            43.8001572
          ],
          [
            4.4497043,
            43.8001608
          ],
          [
            4.4498652,
            43.8001414
          ],
          [
            4.4500644,
            43.8000994
          ],
          [
            4.4512841,
            43.7996691
          ],
          [
            4.4517895,
            43.7995079
          ],
          [
            4.4520857,
            43.7994704
          ],
          [
            4.4537361,
            43.7996102
          ]
        ]
      },
      "properties": {
        "highway": "unclassified",
        "color_key": "light",
        "name": "",
        "length_m": 530
      }
    },
    {
      "type": "Feature",
      "geometry": {
        "type": "LineString",
        "coordinates": [
          [
            4.4422819,
            43.8033697
          ],
          [
            4.4451581,
            43.803958
          ],
          [
            4.4469356,
            43.80433
          ],
          [
            4.4473855,
            43.8043774
          ],
          [
            4.4487265,
            43.8044504
          ],
          [
            4.449082,
            43.8044893
          ],
          [
            4.44931,
            43.8045243
          ]
        ]
      },
      "properties": {
        "highway": "unclassified",
        "color_key": "light",
        "name": "",
        "length_m": 580
      }
    },
    {
      "type": "Feature",
      "geometry": {
        "type": "LineString",
        "coordinates": [
          [
            4.4740023,
            43.8530445
          ],
          [
            4.4736814,
            43.8527971
          ],
          [
            4.4735162,
            43.8526503
          ],
          [
            4.473036,
            43.8523149
          ],
          [
            4.4724184,
            43.8519504
          ],
          [
            4.4719775,
            43.8516902
          ],
          [
            4.471381,
            43.8514243
          ],
          [
            4.4708531,
            43.8512215
          ],
          [
            4.4707547,
            43.851176
          ],
          [
            4.4707096,
            43.8511551
          ],
          [
            4.469939,
            43.8507987
          ],
          [
            4.4688409,
            43.8500851
          ],
          [
            4.4682669,
            43.8493183
          ],
          [
            4.4678562,
            43.8489685
          ]
        ]
      },
      "properties": {
        "highway": "unclassified",
        "color_key": "light",
        "name": "",
        "length_m": 680
      }
    },
    {
      "type": "Feature",
      "geometry": {
        "type": "LineString",
        "coordinates": [
          [
            4.4740023,
            43.8530445
          ],
          [
            4.4741552,
            43.8529626
          ],
          [
            4.4746954,
            43.8526423
          ],
          [
            4.4748725,
            43.8523715
          ],
          [
            4.4751262,
            43.8521038
          ],
          [
            4.4756841,
            43.8515893
          ],
          [
            4.4760811,
            43.8512025
          ],
          [
            4.4762581,
            43.8510323
          ],
          [
            4.4768305,
            43.8503754
          ],
          [
            4.477095,
            43.8500729
          ],
          [
            4.4774845,
            43.8496922
          ],
          [
            4.4775371,
            43.8495533
          ],
          [
            4.4775442,
            43.8491197
          ],
          [
            4.4776117,
            43.8483596
          ],
          [
            4.4776505,
            43.8477052
          ],
          [
            4.477628,
            43.8472326
          ],
          [
            4.4775291,
            43.8467022
          ],
          [
            4.4773636,
            43.8462826
          ],
          [
            4.4772062,
            43.8461481
          ],
          [
            4.4768766,
            43.8460589
          ],
          [
            4.4766218,
            43.8458759
          ],
          [
            4.4765144,
            43.8455337
          ],
          [
            4.4763933,
            43.8451491
          ],
          [
            4.4763662,
            43.8450629
          ],
          [
            4.4763878,
            43.8448665
          ],
          [
            4.4765524,
            43.8446519
          ],
          [
            4.4767386,
            43.8444114
          ],
          [
            4.4767432,
            43.8442523
          ],
          [
            4.4753157,
            43.8393164
          ],
          [
            4.4747389,
            43.8371431
          ],
          [
            4.474633,
            43.8369765
          ],
          [
            4.4744795,
            43.8368748
          ],
          [
            4.4738803,
            43.8367071
          ],
          [
            4.4729754,
            43.8364833
          ],
          [
            4.4728297,
            43.8363947
          ],
          [
            4.472739,
            43.836302
          ],
          [
            4.47276,
            43.8361861
          ]
        ]
      },
      "properties": {
        "highway": "unclassified",
        "color_key": "light",
        "name": "",
        "length_m": 2131
      }
    },
    {
      "type": "Feature",
      "geometry": {
        "type": "LineString",
        "coordinates": [
          [
            4.4740023,
            43.8530445
          ],
          [
            4.4741422,
            43.8530451
          ],
          [
            4.4744688,
            43.8531906
          ],
          [
            4.4748118,
            43.8533932
          ]
        ]
      },
      "properties": {
        "highway": "unclassified",
        "color_key": "light",
        "name": "",
        "length_m": 78
      }
    },
    {
      "type": "Feature",
      "geometry": {
        "type": "LineString",
        "coordinates": [
          [
            4.4740023,
            43.8530445
          ],
          [
            4.4731349,
            43.8534376
          ],
          [
            4.4721467,
            43.8537039
          ],
          [
            4.4712618,
            43.8538232
          ],
          [
            4.4705141,
            43.8542162
          ],
          [
            4.4695839,
            43.8547051
          ],
          [
            4.4694916,
            43.8547536
          ],
          [
            4.4678939,
            43.8554781
          ],
          [
            4.467864,
            43.8555069
          ],
          [
            4.4677773,
            43.8555948
          ],
          [
            4.4677449,
            43.8556282
          ]
        ]
      },
      "properties": {
        "highway": "unclassified",
        "color_key": "light",
        "name": [
          "Chemin de Redessan",
          "Pont de la Lone"
        ],
        "length_m": 586
      }
    },
    {
      "type": "Feature",
      "geometry": {
        "type": "LineString",
        "coordinates": [
          [
            4.4967451,
            43.8308012
          ],
          [
            4.4967021,
            43.8307257
          ],
          [
            4.4965621,
            43.8304325
          ]
        ]
      },
      "properties": {
        "highway": "secondary",
        "color_key": "medium",
        "name": "Avenue de la Poste",
        "length_m": 44
      }
    },
    {
      "type": "Feature",
      "geometry": {
        "type": "LineString",
        "coordinates": [
          [
            4.4967451,
            43.8308012
          ],
          [
            4.496826,
            43.8309923
          ],
          [
            4.4968494,
            43.8310386
          ]
        ]
      },
      "properties": {
        "highway": "secondary",
        "color_key": "medium",
        "name": "Avenue de la République",
        "length_m": 28
      }
    },
    {
      "type": "Feature",
      "geometry": {
        "type": "LineString",
        "coordinates": [
          [
            4.5010588,
            43.828315
          ],
          [
            4.5010847,
            43.8281484
          ],
          [
            4.5011048,
            43.8279462
          ],
          [
            4.5010999,
            43.8277048
          ],
          [
            4.5010927,
            43.8272757
          ],
          [
            4.5010995,
            43.8271284
          ]
        ]
      },
      "properties": {
        "highway": "residential",
        "color_key": "light",
        "name": "Avenue du 19 Mars 1962",
        "length_m": 132
      }
    },
    {
      "type": "Feature",
      "geometry": {
        "type": "LineString",
        "coordinates": [
          [
            4.5010588,
            43.828315
          ],
          [
            4.5010165,
            43.8284708
          ],
          [
            4.500964,
            43.8285905
          ],
          [
            4.5009023,
            43.8286989
          ],
          [
            4.5007939,
            43.8288238
          ],
          [
            4.5004589,
            43.8291261
          ],
          [
            4.5004385,
            43.829168
          ],
          [
            4.5004477,
            43.8292262
          ],
          [
            4.5004761,
            43.8292672
          ],
          [
            4.5004968,
            43.8292972
          ],
          [
            4.5005152,
            43.8293223
          ],
          [
            4.5005422,
            43.8293521
          ]
        ]
      },
      "properties": {
        "highway": "residential",
        "color_key": "light",
        "name": "Avenue du 19 Mars 1962",
        "length_m": 131
      }
    },
    {
      "type": "Feature",
      "geometry": {
        "type": "LineString",
        "coordinates": [
          [
            4.4973064,
            43.8309465
          ],
          [
            4.4971943,
            43.8308218
          ],
          [
            4.4970681,
            43.8307741
          ],
          [
            4.4969468,
            43.830765
          ],
          [
            4.4967973,
            43.8307919
          ],
          [
            4.4967451,
            43.8308012
          ]
        ]
      },
      "properties": {
        "highway": "living_street",
        "color_key": "light",
        "name": "Place Maurice Matteï",
        "length_m": 54
      }
    },
    {
      "type": "Feature",
      "geometry": {
        "type": "LineString",
        "coordinates": [
          [
            4.4973064,
            43.8309465
          ],
          [
            4.4973226,
            43.8309189
          ],
          [
            4.4976324,
            43.8308143
          ],
          [
            4.4980887,
            43.8305207
          ],
          [
            4.4982302,
            43.8304266
          ],
          [
            4.4983507,
            43.8303464
          ]
        ]
      },
      "properties": {
        "highway": "living_street",
        "color_key": "light",
        "name": "Avenue de Provence",
        "length_m": 108
      }
    },
    {
      "type": "Feature",
      "geometry": {
        "type": "LineString",
        "coordinates": [
          [
            4.4963408,
            43.8315362
          ],
          [
            4.4962529,
            43.8314904
          ],
          [
            4.4962213,
            43.831474
          ],
          [
            4.496136,
            43.8313934
          ],
          [
            4.4960367,
            43.8313309
          ]
        ]
      },
      "properties": {
        "highway": "residential",
        "color_key": "light",
        "name": "Rue de l'Horloge",
        "length_m": 34
      }
    },
    {
      "type": "Feature",
      "geometry": {
        "type": "LineString",
        "coordinates": [
          [
            4.4963408,
            43.8315362
          ],
          [
            4.4963455,
            43.831378
          ],
          [
            4.4963573,
            43.831312
          ],
          [
            4.4964088,
            43.8312054
          ],
          [
            4.4964748,
            43.8311449
          ]
        ]
      },
      "properties": {
        "highway": "secondary",
        "color_key": "medium",
        "name": "Avenue de la République",
        "length_m": 46
      }
    },
    {
      "type": "Feature",
      "geometry": {
        "type": "LineString",
        "coordinates": [
          [
            4.4963408,
            43.8315362
          ],
          [
            4.4963363,
            43.831719
          ],
          [
            4.4963344,
            43.8317947
          ]
        ]
      },
      "properties": {
        "highway": "secondary",
        "color_key": "medium",
        "name": "Avenue de la République",
        "length_m": 29
      }
    },
    {
      "type": "Feature",
      "geometry": {
        "type": "LineString",
        "coordinates": [
          [
            4.4956073,
            43.8331685
          ],
          [
            4.4953397,
            43.8332298
          ],
          [
            4.4950011,
            43.8333791
          ]
        ]
      },
      "properties": {
        "highway": "residential",
        "color_key": "light",
        "name": "Rue du Stade",
        "length_m": 54
      }
    },
    {
      "type": "Feature",
      "geometry": {
        "type": "LineString",
        "coordinates": [
          [
            4.4956073,
            43.8331685
          ],
          [
            4.4955628,
            43.8332221
          ],
          [
            4.4954737,
            43.8333294
          ],
          [
            4.4953565,
            43.8335065
          ],
          [
            4.4953444,
            43.8335366
          ]
        ]
      },
      "properties": {
        "highway": "secondary",
        "color_key": "medium",
        "name": "Avenue de la République",
        "length_m": 46
      }
    },
    {
      "type": "Feature",
      "geometry": {
        "type": "LineString",
        "coordinates": [
          [
            4.4956073,
            43.8331685
          ],
          [
            4.4956913,
            43.8331854
          ],
          [
            4.4961047,
            43.8332688
          ],
          [
            4.4961915,
            43.8332863
          ],
          [
            4.4964045,
            43.8333292
          ]
        ]
      },
      "properties": {
        "highway": "tertiary",
        "color_key": "medium",
        "name": "Rue de la Carriérasse",
        "length_m": 66
      }
    },
    {
      "type": "Feature",
      "geometry": {
        "type": "LineString",
        "coordinates": [
          [
            4.4956073,
            43.8331685
          ],
          [
            4.4956699,
            43.8330826
          ],
          [
            4.4957189,
            43.8330153
          ]
        ]
      },
      "properties": {
        "highway": "secondary",
        "color_key": "medium",
        "name": "Avenue de la République",
        "length_m": 19
      }
    },
    {
      "type": "Feature",
      "geometry": {
        "type": "LineString",
        "coordinates": [
          [
            4.499023,
            43.8299749
          ],
          [
            4.4990449,
            43.8300302
          ],
          [
            4.4990362,
            43.8309493
          ],
          [
            4.4990312,
            43.8314757
          ],
          [
            4.4990305,
            43.8315456
          ],
          [
            4.4990303,
            43.8315618
          ],
          [
            4.4990272,
            43.831889
          ],
          [
            4.4990256,
            43.8320593
          ]
        ]
      },
      "properties": {
        "highway": "residential",
        "color_key": "light",
        "name": "Rue de Valatet",
        "length_m": 232
      }
    },
    {
      "type": "Feature",
      "geometry": {
        "type": "LineString",
        "coordinates": [
          [
            4.499023,
            43.8299749
          ],
          [
            4.4992779,
            43.8298737
          ],
          [
            4.4994188,
            43.8298178
          ],
          [
            4.4995435,
            43.8297497
          ],
          [
            4.4996122,
            43.8297121
          ]
        ]
      },
      "properties": {
        "highway": "tertiary",
        "color_key": "medium",
        "name": "Avenue de Provence",
        "length_m": 56
      }
    },
    {
      "type": "Feature",
      "geometry": {
        "type": "LineString",
        "coordinates": [
          [
            4.4989788,
            43.8338654
          ],
          [
            4.4990276,
            43.8338772
          ],
          [
            4.4990638,
            43.833886
          ],
          [
            4.4994885,
            43.8339889
          ],
          [
            4.4997356,
            43.8340847
          ],
          [
            4.4998207,
            43.8341437
          ]
        ]
      },
      "properties": {
        "highway": "tertiary",
        "color_key": "medium",
        "name": [
          "Rue du Parc",
          "Avenue de la Carriérasse"
        ],
        "length_m": 75
      }
    },
    {
      "type": "Feature",
      "geometry": {
        "type": "LineString",
        "coordinates": [
          [
            4.4989788,
            43.8338654
          ],
          [
            4.4989799,
            43.8337974
          ],
          [
            4.4989973,
            43.8328797
          ],
          [
            4.4990001,
            43.832848
          ]
        ]
      },
      "properties": {
        "highway": "residential",
        "color_key": "light",
        "name": "Rue de Valatet",
        "length_m": 113
      }
    },
    {
      "type": "Feature",
      "geometry": {
        "type": "LineString",
        "coordinates": [
          [
            4.4989788,
            43.8338654
          ],
          [
            4.4989355,
            43.8338564
          ],
          [
            4.4984047,
            43.8337458
          ],
          [
            4.4979245,
            43.8336458
          ],
          [
            4.4975994,
            43.8335781
          ],
          [
            4.4964045,
            43.8333292
          ]
        ]
      },
      "properties": {
        "highway": "tertiary",
        "color_key": "medium",
        "name": "Avenue de la Carriérasse",
        "length_m": 215
      }
    },
    {
      "type": "Feature",
      "geometry": {
        "type": "LineString",
        "coordinates": [
          [
            4.5061791,
            43.8270156
          ],
          [
            4.5061864,
            43.8269812
          ],
          [
            4.5062299,
            43.8267767
          ],
          [
            4.5062883,
            43.8265023
          ],
          [
            4.5064761,
            43.8254322
          ],
          [
            4.5065698,
            43.825152
          ],
          [
            4.5066199,
            43.8250847
          ],
          [
            4.5067808,
            43.8249221
          ],
          [
            4.5075855,
            43.8240707
          ],
          [
            4.5079587,
            43.823727
          ],
          [
            4.5084009,
            43.8233198
          ],
          [
            4.5092807,
            43.8225883
          ],
          [
            4.5097634,
            43.8222323
          ],
          [
            4.5102893,
            43.8219383
          ],
          [
            4.5103589,
            43.8218994
          ],
          [
            4.5110616,
            43.8216091
          ],
          [
            4.5121246,
            43.8211637
          ],
          [
            4.5123284,
            43.8210514
          ],
          [
            4.512594,
            43.8208923
          ],
          [
            4.5129936,
            43.8206528
          ],
          [
            4.5133558,
            43.8204266
          ]
        ]
      },
      "properties": {
        "highway": "unclassified",
        "color_key": "light",
        "name": "Chemin du Mas Mistral",
        "length_m": 977
      }
    },
    {
      "type": "Feature",
      "geometry": {
        "type": "LineString",
        "coordinates": [
          [
            4.5061791,
            43.8270156
          ],
          [
            4.5061744,
            43.8270504
          ],
          [
            4.5061447,
            43.8272718
          ],
          [
            4.5060956,
            43.8273648
          ],
          [
            4.5059847,
            43.8274445
          ],
          [
            4.5057885,
            43.8275228
          ],
          [
            4.5053411,
            43.8276869
          ]
        ]
      },
      "properties": {
        "highway": "tertiary",
        "color_key": "medium",
        "name": "Avenue de Provence",
        "length_m": 110
      }
    },
    {
      "type": "Feature",
      "geometry": {
        "type": "LineString",
        "coordinates": [
          [
            4.4932128,
            43.833704
          ],
          [
            4.4932076,
            43.8336541
          ],
          [
            4.4931614,
            43.8332169
          ],
          [
            4.4931054,
            43.833167
          ],
          [
            4.492074,
            43.8332047
          ],
          [
            4.4920148,
            43.8331782
          ],
          [
            4.4919303,
            43.8330708
          ],
          [
            4.4918571,
            43.8330336
          ]
        ]
      },
      "properties": {
        "highway": "residential",
        "color_key": "light",
        "name": "Rue Louison Bobet",
        "length_m": 171
      }
    },
    {
      "type": "Feature",
      "geometry": {
        "type": "LineString",
        "coordinates": [
          [
            4.4932128,
            43.833704
          ],
          [
            4.4925995,
            43.8337212
          ],
          [
            4.4923997,
            43.8337267
          ],
          [
            4.4918093,
            43.8337417
          ]
        ]
      },
      "properties": {
        "highway": "residential",
        "color_key": "light",
        "name": "Rue du Stade",
        "length_m": 113
      }
    },
    {
      "type": "Feature",
      "geometry": {
        "type": "LineString",
        "coordinates": [
          [
            4.4932128,
            43.833704
          ],
          [
            4.4933948,
            43.8336987
          ],
          [
            4.4938454,
            43.8336581
          ],
          [
            4.4939009,
            43.833648
          ]
        ]
      },
      "properties": {
        "highway": "residential",
        "color_key": "light",
        "name": "Rue du Stade",
        "length_m": 56
      }
    },
    {
      "type": "Feature",
      "geometry": {
        "type": "LineString",
        "coordinates": [
          [
            4.4840329,
            43.8340457
          ],
          [
            4.4841842,
            43.8345436
          ]
        ]
      },
      "properties": {
        "highway": "unclassified",
        "color_key": "light",
        "name": "",
        "length_m": 57
      }
    },
    {
      "type": "Feature",
      "geometry": {
        "type": "LineString",
        "coordinates": [
          [
            4.4840329,
            43.8340457
          ],
          [
            4.4860418,
            43.8338366
          ],
          [
            4.4867517,
            43.8337853
          ],
          [
            4.4874255,
            43.8337367
          ],
          [
            4.4883584,
            43.8338874
          ],
          [
            4.4900347,
            43.8338112
          ],
          [
            4.4908758,
            43.833773
          ]
        ]
      },
      "properties": {
        "highway": "residential",
        "color_key": "light",
        "name": "Rue du Stade",
        "length_m": 553
      }
    },
    {
      "type": "Feature",
      "geometry": {
        "type": "LineString",
        "coordinates": [
          [
            4.4840329,
            43.8340457
          ],
          [
            4.4839048,
            43.8337257
          ],
          [
            4.4834828,
            43.8326976
          ],
          [
            4.4832157,
            43.8313078
          ],
          [
            4.483084,
            43.8306226
          ],
          [
            4.4829697,
            43.8302996
          ],
          [
            4.4823559,
            43.829385
          ],
          [
            4.4812703,
            43.8285127
          ],
          [
            4.4812011,
            43.8284571
          ],
          [
            4.4810156,
            43.8283634
          ],
          [
            4.4807966,
            43.8283146
          ],
          [
            4.4805694,
            43.8282488
          ],
          [
            4.4804288,
            43.8281936
          ]
        ]
      },
      "properties": {
        "highway": "unclassified",
        "color_key": "light",
        "name": "",
        "length_m": 747
      }
    },
    {
      "type": "Feature",
      "geometry": {
        "type": "LineString",
        "coordinates": [
          [
            4.4950011,
            43.8333791
          ],
          [
            4.4945384,
            43.8335197
          ]
        ]
      },
      "properties": {
        "highway": "residential",
        "color_key": "light",
        "name": "Rue du Stade",
        "length_m": 40
      }
    },
    {
      "type": "Feature",
      "geometry": {
        "type": "LineString",
        "coordinates": [
          [
            4.4950011,
            43.8333791
          ],
          [
            4.4949967,
            43.8334704
          ],
          [
            4.4953444,
            43.8335366
          ]
        ]
      },
      "properties": {
        "highway": "unclassified",
        "color_key": "light",
        "name": "",
        "length_m": 39
      }
    },
    {
      "type": "Feature",
      "geometry": {
        "type": "LineString",
        "coordinates": [
          [
            4.4945384,
            43.8335197
          ],
          [
            4.494165,
            43.8335884
          ],
          [
            4.4940413,
            43.8336111
          ]
        ]
      },
      "properties": {
        "highway": "residential",
        "color_key": "light",
        "name": "Rue du Stade",
        "length_m": 41
      }
    },
    {
      "type": "Feature",
      "geometry": {
        "type": "LineString",
        "coordinates": [
          [
            4.4945384,
            43.8335197
          ],
          [
            4.494785,
            43.8337517
          ],
          [
            4.4947505,
            43.8341335
          ]
        ]
      },
      "properties": {
        "highway": "residential",
        "color_key": "light",
        "name": "Lotissement le Square de la Fontaine",
        "length_m": 75
      }
    },
    {
      "type": "Feature",
      "geometry": {
        "type": "LineString",
        "coordinates": [
          [
            4.4957189,
            43.8330153
          ],
          [
            4.49586,
            43.8328231
          ],
          [
            4.4960379,
            43.8325808
          ],
          [
            4.4960741,
            43.8325315
          ],
          [
            4.4961522,
            43.8324414
          ]
        ]
      },
      "properties": {
        "highway": "secondary",
        "color_key": "medium",
        "name": [
          "Avenue de la République",
          "Place de la Libération"
        ],
        "length_m": 73
      }
    },
    {
      "type": "Feature",
      "geometry": {
        "type": "LineString",
        "coordinates": [
          [
            4.4937087,
            43.8346667
          ],
          [
            4.4937461,
            43.8342775
          ]
        ]
      },
      "properties": {
        "highway": "residential",
        "color_key": "light",
        "name": "Chemin du Mas de Barbut",
        "length_m": 43
      }
    },
    {
      "type": "Feature",
      "geometry": {
        "type": "LineString",
        "coordinates": [
          [
            4.4937087,
            43.8346667
          ],
          [
            4.4936846,
            43.8351114
          ]
        ]
      },
      "properties": {
        "highway": "residential",
        "color_key": "light",
        "name": "Chemin du Mas de Barbut",
        "length_m": 49
      }
    },
    {
      "type": "Feature",
      "geometry": {
        "type": "LineString",
        "coordinates": [
          [
            4.4937087,
            43.8346667
          ],
          [
            4.4930869,
            43.8346579
          ],
          [
            4.4928184,
            43.8346954
          ],
          [
            4.4920234,
            43.834803
          ],
          [
            4.4916922,
            43.8348068
          ]
        ]
      },
      "properties": {
        "highway": "residential",
        "color_key": "light",
        "name": "Rue des Canisses",
        "length_m": 163
      }
    },
    {
      "type": "Feature",
      "geometry": {
        "type": "LineString",
        "coordinates": [
          [
            4.4937461,
            43.8342775
          ],
          [
            4.4944311,
            43.834325
          ]
        ]
      },
      "properties": {
        "highway": "residential",
        "color_key": "light",
        "name": "Lotissement le Square de la Fontaine",
        "length_m": 55
      }
    },
    {
      "type": "Feature",
      "geometry": {
        "type": "LineString",
        "coordinates": [
          [
            4.4937461,
            43.8342775
          ],
          [
            4.4937918,
            43.8340199
          ],
          [
            4.4939071,
            43.8337352
          ],
          [
            4.4939379,
            43.8336774
          ]
        ]
      },
      "properties": {
        "highway": "residential",
        "color_key": "light",
        "name": "Chemin du Mas de Barbut",
        "length_m": 69
      }
    },
    {
      "type": "Feature",
      "geometry": {
        "type": "LineString",
        "coordinates": [
          [
            4.4964045,
            43.8333292
          ],
          [
            4.4964124,
            43.8333792
          ],
          [
            4.4964519,
            43.8336285
          ]
        ]
      },
      "properties": {
        "highway": "residential",
        "color_key": "light",
        "name": "Rue du 8 Mai 1945",
        "length_m": 33
      }
    },
    {
      "type": "Feature",
      "geometry": {
        "type": "LineString",
        "coordinates": [
          [
            4.4963436,
            43.8329072
          ],
          [
            4.4957189,
            43.8330153
          ]
        ]
      },
      "properties": {
        "highway": "residential",
        "color_key": "light",
        "name": "Rue de l'Aqueduc",
        "length_m": 52
      }
    },
    {
      "type": "Feature",
      "geometry": {
        "type": "LineString",
        "coordinates": [
          [
            4.4963436,
            43.8329072
          ],
          [
            4.4964002,
            43.8332991
          ],
          [
            4.4964045,
            43.8333292
          ]
        ]
      },
      "properties": {
        "highway": "residential",
        "color_key": "light",
        "name": "Rue du 8 Mai 1945",
        "length_m": 47
      }
    },
    {
      "type": "Feature",
      "geometry": {
        "type": "LineString",
        "coordinates": [
          [
            4.4978121,
            43.8328099
          ],
          [
            4.4978562,
            43.8327168
          ],
          [
            4.4978745,
            43.832667
          ],
          [
            4.4978705,
            43.8326288
          ]
        ]
      },
      "properties": {
        "highway": "residential",
        "color_key": "light",
        "name": "Rue Frédéric Mistral",
        "length_m": 21
      }
    },
    {
      "type": "Feature",
      "geometry": {
        "type": "LineString",
        "coordinates": [
          [
            4.4978121,
            43.8328099
          ],
          [
            4.4973817,
            43.8327913
          ],
          [
            4.4968895,
            43.8328342
          ]
        ]
      },
      "properties": {
        "highway": "residential",
        "color_key": "light",
        "name": "Rue de l'Aqueduc",
        "length_m": 74
      }
    },
    {
      "type": "Feature",
      "geometry": {
        "type": "LineString",
        "coordinates": [
          [
            4.4990001,
            43.832848
          ],
          [
            4.4987091,
            43.8328431
          ],
          [
            4.4983207,
            43.8328276
          ],
          [
            4.498088,
            43.8328195
          ],
          [
            4.4978969,
            43.8328129
          ],
          [
            4.4978121,
            43.8328099
          ]
        ]
      },
      "properties": {
        "highway": "residential",
        "color_key": "light",
        "name": "Rue de l'Aqueduc",
        "length_m": 95
      }
    },
    {
      "type": "Feature",
      "geometry": {
        "type": "LineString",
        "coordinates": [
          [
            4.4990001,
            43.832848
          ],
          [
            4.4990063,
            43.8327761
          ],
          [
            4.499022,
            43.8325956
          ]
        ]
      },
      "properties": {
        "highway": "residential",
        "color_key": "light",
        "name": "Rue de Valatet",
        "length_m": 28
      }
    },
    {
      "type": "Feature",
      "geometry": {
        "type": "LineString",
        "coordinates": [
          [
            4.4876075,
            43.8400533
          ],
          [
            4.4877458,
            43.8400528
          ],
          [
            4.4887957,
            43.8397821
          ]
        ]
      },
      "properties": {
        "highway": "unclassified",
        "color_key": "light",
        "name": "Chemin du Mas de Barbut",
        "length_m": 101
      }
    },
    {
      "type": "Feature",
      "geometry": {
        "type": "LineString",
        "coordinates": [
          [
            4.4876075,
            43.8400533
          ],
          [
            4.4875415,
            43.8401124
          ],
          [
            4.486328,
            43.8406155
          ],
          [
            4.4846181,
            43.8413585
          ],
          [
            4.4844779,
            43.8413225
          ],
          [
            4.4835403,
            43.8404268
          ],
          [
            4.4832679,
            43.8396957
          ],
          [
            4.4819564,
            43.8392159
          ],
          [
            4.4811249,
            43.8390211
          ],
          [
            4.479435,
            43.8384117
          ],
          [
            4.4791562,
            43.838238
          ],
          [
            4.4786773,
            43.8380709
          ],
          [
            4.4777941,
            43.8377628
          ],
          [
            4.4772236,
            43.8375156
          ]
        ]
      },
      "properties": {
        "highway": "unclassified",
        "color_key": "light",
        "name": "Chemin du Mas de Barbut",
        "length_m": 1046
      }
    },
    {
      "type": "Feature",
      "geometry": {
        "type": "LineString",
        "coordinates": [
          [
            4.4876075,
            43.8400533
          ],
          [
            4.4875185,
            43.8399909
          ],
          [
            4.4872718,
            43.839632
          ],
          [
            4.4870791,
            43.8393655
          ],
          [
            4.4868146,
            43.8389996
          ],
          [
            4.4863834,
            43.8382858
          ],
          [
            4.4862706,
            43.8380458
          ],
          [
            4.4861925,
            43.8374071
          ],
          [
            4.4861201,
            43.8371275
          ],
          [
            4.4860604,
            43.8370429
          ],
          [
            4.4858713,
            43.8367747
          ],
          [
            4.4855704,
            43.836422
          ],
          [
            4.4854704,
            43.836276
          ],
          [
            4.4853331,
            43.8360755
          ],
          [
            4.4850611,
            43.8356247
          ]
        ]
      },
      "properties": {
        "highway": "unclassified",
        "color_key": "light",
        "name": "Chemin Vieux de Manduel",
        "length_m": 539
      }
    },
    {
      "type": "Feature",
      "geometry": {
        "type": "LineString",
        "coordinates": [
          [
            4.4933524,
            43.8357545
          ],
          [
            4.4933755,
            43.8359605
          ]
        ]
      },
      "properties": {
        "highway": "residential",
        "color_key": "light",
        "name": "Chemin du Mas de Barbut",
        "length_m": 23
      }
    },
    {
      "type": "Feature",
      "geometry": {
        "type": "LineString",
        "coordinates": [
          [
            4.4933524,
            43.8357545
          ],
          [
            4.4923908,
            43.8358437
          ],
          [
            4.4914521,
            43.8359521
          ],
          [
            4.490921,
            43.8360101
          ]
        ]
      },
      "properties": {
        "highway": "residential",
        "color_key": "light",
        "name": "",
        "length_m": 197
      }
    },
    {
      "type": "Feature",
      "geometry": {
        "type": "LineString",
        "coordinates": [
          [
            4.4933524,
            43.8357545
          ],
          [
            4.4934634,
            43.8355626
          ],
          [
            4.4936579,
            43.835197
          ],
          [
            4.4936846,
            43.8351114
          ]
        ]
      },
      "properties": {
        "highway": "residential",
        "color_key": "light",
        "name": "Chemin du Mas de Barbut",
        "length_m": 76
      }
    },
    {
      "type": "Feature",
      "geometry": {
        "type": "LineString",
        "coordinates": [
          [
            4.4887957,
            43.8397821
          ],
          [
            4.4886068,
            43.8381104
          ]
        ]
      },
      "properties": {
        "highway": "residential",
        "color_key": "light",
        "name": "",
        "length_m": 187
      }
    },
    {
      "type": "Feature",
      "geometry": {
        "type": "LineString",
        "coordinates": [
          [
            4.4887957,
            43.8397821
          ],
          [
            4.4897848,
            43.8394262
          ],
          [
            4.4900102,
            43.8393278
          ],
          [
            4.4906704,
            43.8389767
          ],
          [
            4.4910422,
            43.8386361
          ],
          [
            4.4914437,
            43.8381958
          ],
          [
            4.4920228,
            43.8377715
          ],
          [
            4.4922512,
            43.8376221
          ],
          [
            4.4933838,
            43.836438
          ],
          [
            4.4933995,
            43.8363843
          ]
        ]
      },
      "properties": {
        "highway": "unclassified",
        "color_key": "light",
        "name": "Chemin du Mas de Barbut",
        "length_m": 539
      }
    },
    {
      "type": "Feature",
      "geometry": {
        "type": "LineString",
        "coordinates": [
          [
            4.4934165,
            43.8363261
          ],
          [
            4.4942114,
            43.8363186
          ]
        ]
      },
      "properties": {
        "highway": "residential",
        "color_key": "light",
        "name": "",
        "length_m": 64
      }
    },
    {
      "type": "Feature",
      "geometry": {
        "type": "LineString",
        "coordinates": [
          [
            4.4934165,
            43.8363261
          ],
          [
            4.4933755,
            43.8359605
          ]
        ]
      },
      "properties": {
        "highway": "residential",
        "color_key": "light",
        "name": "Chemin du Mas de Barbut",
        "length_m": 41
      }
    },
    {
      "type": "Feature",
      "geometry": {
        "type": "LineString",
        "coordinates": [
          [
            4.4934165,
            43.8363261
          ],
          [
            4.4933995,
            43.8363843
          ]
        ]
      },
      "properties": {
        "highway": "residential",
        "color_key": "light",
        "name": "Chemin du Mas de Barbut",
        "length_m": 7
      }
    },
    {
      "type": "Feature",
      "geometry": {
        "type": "LineString",
        "coordinates": [
          [
            4.4875825,
            43.8290539
          ],
          [
            4.4878382,
            43.8291331
          ]
        ]
      },
      "properties": {
        "highway": "residential",
        "color_key": "light",
        "name": "Chemin du Mazet",
        "length_m": 22
      }
    },
    {
      "type": "Feature",
      "geometry": {
        "type": "LineString",
        "coordinates": [
          [
            4.4901347,
            43.8271843
          ],
          [
            4.4896732,
            43.8270977
          ],
          [
            4.4893963,
            43.8270266
          ],
          [
            4.4892729,
            43.8269753
          ],
          [
            4.4891574,
            43.8269163
          ],
          [
            4.4891359,
            43.8269053
          ],
          [
            4.4890503,
            43.8268452
          ],
          [
            4.4890082,
            43.8268171
          ]
        ]
      },
      "properties": {
        "highway": "residential",
        "color_key": "light",
        "name": "Route de Nîmes",
        "length_m": 101
      }
    },
    {
      "type": "Feature",
      "geometry": {
        "type": "LineString",
        "coordinates": [
          [
            4.4901347,
            43.8271843
          ],
          [
            4.4904487,
            43.8272812
          ],
          [
            4.4909536,
            43.8274762
          ],
          [
            4.4910792,
            43.8275408
          ],
          [
            4.491533,
            43.8278073
          ]
        ]
      },
      "properties": {
        "highway": "residential",
        "color_key": "light",
        "name": "Route de Nîmes",
        "length_m": 133
      }
    },
    {
      "type": "Feature",
      "geometry": {
        "type": "LineString",
        "coordinates": [
          [
            4.4901347,
            43.8271843
          ],
          [
            4.4901513,
            43.8282002
          ],
          [
            4.4895083,
            43.8282053
          ],
          [
            4.4888042,
            43.828211
          ],
          [
            4.4888192,
            43.8286764
          ],
          [
            4.4895126,
            43.8286671
          ],
          [
            4.4897077,
            43.8286645
          ]
        ]
      },
      "properties": {
        "highway": "residential",
        "color_key": "light",
        "name": "Impasse Madeleine Brès",
        "length_m": 344
      }
    },
    {
      "type": "Feature",
      "geometry": {
        "type": "LineString",
        "coordinates": [
          [
            4.4890082,
            43.8268171
          ],
          [
            4.4894097,
            43.8267769
          ]
        ]
      },
      "properties": {
        "highway": "primary",
        "color_key": "dark",
        "name": "Route de Beaucaire",
        "length_m": 33
      }
    },
    {
      "type": "Feature",
      "geometry": {
        "type": "LineString",
        "coordinates": [
          [
            4.4890082,
            43.8268171
          ],
          [
            4.4886233,
            43.8268565
          ],
          [
            4.4882015,
            43.8268996
          ],
          [
            4.4869046,
            43.8270347
          ],
          [
            4.4866749,
            43.8270562
          ],
          [
            4.4856684,
            43.8271657
          ],
          [
            4.4838387,
            43.8273304
          ],
          [
            4.4816486,
            43.8275463
          ],
          [
            4.4812766,
            43.8275846
          ],
          [
            4.4810674,
            43.827604
          ]
        ]
      },
      "properties": {
        "highway": "primary",
        "color_key": "dark",
        "name": "Route de Beaucaire",
        "length_m": 643
      }
    },
    {
      "type": "Feature",
      "geometry": {
        "type": "LineString",
        "coordinates": [
          [
            4.4890082,
            43.8268171
          ],
          [
            4.4889698,
            43.8267877
          ],
          [
            4.4889263,
            43.8267151
          ],
          [
            4.4888534,
            43.8263593
          ]
        ]
      },
      "properties": {
        "highway": "residential",
        "color_key": "light",
        "name": "Le Clos Antonin",
        "length_m": 53
      }
    },
    {
      "type": "Feature",
      "geometry": {
        "type": "LineString",
        "coordinates": [
          [
            4.4925534,
            43.8286971
          ],
          [
            4.4926014,
            43.8286481
          ],
          [
            4.492698,
            43.8286017
          ],
          [
            4.492875,
            43.8285514
          ],
          [
            4.4932934,
            43.8285243
          ],
          [
            4.4938299,
            43.8284701
          ],
          [
            4.4939265,
            43.8284508
          ],
          [
            4.4939533,
            43.8284159
          ],
          [
            4.4939479,
            43.8283231
          ],
          [
            4.4938835,
            43.8280715
          ],
          [
            4.4938835,
            43.8280135
          ],
          [
            4.4939626,
            43.8279496
          ],
          [
            4.4940641,
            43.8278565
          ]
        ]
      },
      "properties": {
        "highway": "residential",
        "color_key": "light",
        "name": "Rue des Saladelles",
        "length_m": 189
      }
    },
    {
      "type": "Feature",
      "geometry": {
        "type": "LineString",
        "coordinates": [
          [
            4.4925534,
            43.8286971
          ],
          [
            4.4925123,
            43.828651
          ],
          [
            4.4923295,
            43.828446
          ],
          [
            4.4920996,
            43.8282343
          ],
          [
            4.491841,
            43.8280313
          ]
        ]
      },
      "properties": {
        "highway": "residential",
        "color_key": "light",
        "name": "Route de Nîmes",
        "length_m": 94
      }
    },
    {
      "type": "Feature",
      "geometry": {
        "type": "LineString",
        "coordinates": [
          [
            4.4925534,
            43.8286971
          ],
          [
            4.4927854,
            43.8290507
          ],
          [
            4.4928104,
            43.8290887
          ]
        ]
      },
      "properties": {
        "highway": "residential",
        "color_key": "light",
        "name": "Route de Nîmes",
        "length_m": 48
      }
    },
    {
      "type": "Feature",
      "geometry": {
        "type": "LineString",
        "coordinates": [
          [
            4.4888426,
            43.8294154
          ],
          [
            4.4888117,
            43.829762
          ]
        ]
      },
      "properties": {
        "highway": "residential",
        "color_key": "light",
        "name": "Rue Paul Gauguin",
        "length_m": 39
      }
    },
    {
      "type": "Feature",
      "geometry": {
        "type": "LineString",
        "coordinates": [
          [
            4.4888426,
            43.8294154
          ],
          [
            4.4886843,
            43.8293839
          ],
          [
            4.4878382,
            43.8291331
          ]
        ]
      },
      "properties": {
        "highway": "residential",
        "color_key": "light",
        "name": "Chemin du Mazet",
        "length_m": 87
      }
    },
    {
      "type": "Feature",
      "geometry": {
        "type": "LineString",
        "coordinates": [
          [
            4.4888426,
            43.8294154
          ],
          [
            4.4895149,
            43.8295341
          ],
          [
            4.4900347,
            43.8296534
          ],
          [
            4.49161,
            43.8301613
          ],
          [
            4.4916391,
            43.8301863
          ]
        ]
      },
      "properties": {
        "highway": "residential",
        "color_key": "light",
        "name": "Chemin du Mazet",
        "length_m": 241
      }
    },
    {
      "type": "Feature",
      "geometry": {
        "type": "LineString",
        "coordinates": [
          [
            4.4898709,
            43.830535
          ],
          [
            4.4898382,
            43.8301414
          ],
          [
            4.4898234,
            43.8300911
          ],
          [
            4.4897765,
            43.8300345
          ],
          [
            4.4897016,
            43.8299884
          ],
          [
            4.489684,
            43.8299803
          ],
          [
            4.4895673,
            43.8299649
          ],
          [
            4.4894509,
            43.8299646
          ]
        ]
      },
      "properties": {
        "highway": "residential",
        "color_key": "light",
        "name": "Rue Eugène Delacroix",
        "length_m": 85
      }
    },
    {
      "type": "Feature",
      "geometry": {
        "type": "LineString",
        "coordinates": [
          [
            4.4898709,
            43.830535
          ],
          [
            4.49082,
            43.8302776
          ],
          [
            4.4908749,
            43.8302627
          ],
          [
            4.4914512,
            43.8302243
          ],
          [
            4.4915477,
            43.8302428
          ]
        ]
      },
      "properties": {
        "highway": "residential",
        "color_key": "light",
        "name": "Chemin du Mas de l'Avocat",
        "length_m": 140
      }
    },
    {
      "type": "Feature",
      "geometry": {
        "type": "LineString",
        "coordinates": [
          [
            4.4898709,
            43.830535
          ],
          [
            4.4895215,
            43.8306596
          ],
          [
            4.488852,
            43.8307612
          ],
          [
            4.4887324,
            43.8307642
          ]
        ]
      },
      "properties": {
        "highway": "residential",
        "color_key": "light",
        "name": "Chemin du Mas de l'Avocat",
        "length_m": 96
      }
    },
    {
      "type": "Feature",
      "geometry": {
        "type": "LineString",
        "coordinates": [
          [
            4.4952166,
            43.8308002
          ],
          [
            4.4955144,
            43.8308539
          ]
        ]
      },
      "properties": {
        "highway": "residential",
        "color_key": "light",
        "name": "Rue de Nîmes",
        "length_m": 25
      }
    },
    {
      "type": "Feature",
      "geometry": {
        "type": "LineString",
        "coordinates": [
          [
            4.4952166,
            43.8308002
          ],
          [
            4.4944001,
            43.8307138
          ],
          [
            4.4937803,
            43.8305548
          ],
          [
            4.4935751,
            43.8304696
          ]
        ]
      },
      "properties": {
        "highway": "residential",
        "color_key": "light",
        "name": "Rue de Nîmes",
        "length_m": 138
      }
    },
    {
      "type": "Feature",
      "geometry": {
        "type": "LineString",
        "coordinates": [
          [
            4.4935751,
            43.8304696
          ],
          [
            4.4935566,
            43.8304852
          ],
          [
            4.493532,
            43.8304957
          ],
          [
            4.4935041,
            43.8304999
          ],
          [
            4.4934757,
            43.8304974
          ],
          [
            4.4934498,
            43.8304882
          ],
          [
            4.4934294,
            43.8304735
          ],
          [
            4.493419,
            43.830458
          ]
        ]
      },
      "properties": {
        "highway": "residential",
        "color_key": "light",
        "name": "",
        "length_m": 16
      }
    },
    {
      "type": "Feature",
      "geometry": {
        "type": "LineString",
        "coordinates": [
          [
            4.4997034,
            43.8324525
          ],
          [
            4.500358,
            43.8322762
          ],
          [
            4.5006919,
            43.8322194
          ]
        ]
      },
      "properties": {
        "highway": "unclassified",
        "color_key": "light",
        "name": "Rue des Arènes",
        "length_m": 84
      }
    },
    {
      "type": "Feature",
      "geometry": {
        "type": "LineString",
        "coordinates": [
          [
            4.4997034,
            43.8324525
          ],
          [
            4.4994849,
            43.8325113
          ],
          [
            4.4990287,
            43.8325187
          ]
        ]
      },
      "properties": {
        "highway": "unclassified",
        "color_key": "light",
        "name": "Rue des Arènes",
        "length_m": 55
      }
    },
    {
      "type": "Feature",
      "geometry": {
        "type": "LineString",
        "coordinates": [
          [
            4.4997034,
            43.8324525
          ],
          [
            4.5004887,
            43.8327758
          ],
          [
            4.5007416,
            43.8328491
          ]
        ]
      },
      "properties": {
        "highway": "unclassified",
        "color_key": "light",
        "name": "Chemin du Bondavin",
        "length_m": 94
      }
    },
    {
      "type": "Feature",
      "geometry": {
        "type": "LineString",
        "coordinates": [
          [
            4.494602,
            43.8453135
          ],
          [
            4.4948546,
            43.8448411
          ],
          [
            4.4951566,
            43.8430593
          ],
          [
            4.4952573,
            43.8424652
          ],
          [
            4.4952914,
            43.8423264
          ],
          [
            4.4952955,
            43.8419268
          ],
          [
            4.4952986,
            43.8416182
          ],
          [
            4.4952147,
            43.8412276
          ],
          [
            4.4951856,
            43.841092
          ],
          [
            4.4951729,
            43.841062
          ],
          [
            4.4949475,
            43.840528
          ],
          [
            4.4944623,
            43.839557
          ],
          [
            4.4944167,
            43.8393346
          ],
          [
            4.4944274,
            43.8392165
          ],
          [
            4.4944999,
            43.8389399
          ],
          [
            4.4945776,
            43.8387135
          ],
          [
            4.4953232,
            43.8368751
          ],
          [
            4.4953578,
            43.836652
          ],
          [
            4.4953528,
            43.8363315
          ]
        ]
      },
      "properties": {
        "highway": "secondary",
        "color_key": "medium",
        "name": "Route de Saint-Gervasy",
        "length_m": 1025
      }
    },
    {
      "type": "Feature",
      "geometry": {
        "type": "LineString",
        "coordinates": [
          [
            4.494602,
            43.8453135
          ],
          [
            4.4949019,
            43.8453771
          ],
          [
            4.4963668,
            43.8456053
          ],
          [
            4.496779,
            43.8456478
          ],
          [
            4.4968748,
            43.8456753
          ],
          [
            4.4968872,
            43.8457925
          ],
          [
            4.4958233,
            43.8475373
          ],
          [
            4.4956586,
            43.8481558
          ],
          [
            4.4955489,
            43.8487683
          ]
        ]
      },
      "properties": {
        "highway": "unclassified",
        "color_key": "light",
        "name": "",
        "length_m": 551
      }
    },
    {
      "type": "Feature",
      "geometry": {
        "type": "LineString",
        "coordinates": [
          [
            4.494602,
            43.8453135
          ],
          [
            4.4941957,
            43.8456316
          ],
          [
            4.4898992,
            43.8479181
          ],
          [
            4.4895563,
            43.8481796
          ],
          [
            4.4893741,
            43.8483518
          ],
          [
            4.4893549,
            43.8483888
          ],
          [
            4.4893185,
            43.8484587
          ],
          [
            4.4889614,
            43.8508257
          ],
          [
            4.4889423,
            43.8509523
          ],
          [
            4.4888793,
            43.8511442
          ]
        ]
      },
      "properties": {
        "highway": "secondary",
        "color_key": "medium",
        "name": "",
        "length_m": 854
      }
    },
    {
      "type": "Feature",
      "geometry": {
        "type": "LineString",
        "coordinates": [
          [
            4.4969207,
            43.8310554
          ],
          [
            4.4969233,
            43.8310717
          ],
          [
            4.497016,
            43.8312778
          ],
          [
            4.4971188,
            43.8316062
          ],
          [
            4.4971537,
            43.8317077
          ],
          [
            4.4971529,
            43.8317901
          ]
        ]
      },
      "properties": {
        "highway": "residential",
        "color_key": "light",
        "name": "Rue de la Place",
        "length_m": 84
      }
    },
    {
      "type": "Feature",
      "geometry": {
        "type": "LineString",
        "coordinates": [
          [
            4.4969207,
            43.8310554
          ],
          [
            4.4970242,
            43.8310558
          ],
          [
            4.4972135,
            43.8310001
          ],
          [
            4.4973064,
            43.8309465
          ]
        ]
      },
      "properties": {
        "highway": "living_street",
        "color_key": "light",
        "name": "Avenue de Provence",
        "length_m": 34
      }
    },
    {
      "type": "Feature",
      "geometry": {
        "type": "LineString",
        "coordinates": [
          [
            4.4975522,
            43.8312626
          ],
          [
            4.4973064,
            43.8309465
          ]
        ]
      },
      "properties": {
        "highway": "residential",
        "color_key": "light",
        "name": "Rue des Marchands",
        "length_m": 40
      }
    },
    {
      "type": "Feature",
      "geometry": {
        "type": "LineString",
        "coordinates": [
          [
            4.4972505,
            43.8318913
          ],
          [
            4.4971386,
            43.8322278
          ]
        ]
      },
      "properties": {
        "highway": "residential",
        "color_key": "light",
        "name": "Rue Pasteur",
        "length_m": 38
      }
    },
    {
      "type": "Feature",
      "geometry": {
        "type": "LineString",
        "coordinates": [
          [
            4.4972505,
            43.8318913
          ],
          [
            4.497698,
            43.8319584
          ],
          [
            4.4977387,
            43.8318017
          ]
        ]
      },
      "properties": {
        "highway": "residential",
        "color_key": "light",
        "name": "Rue du Mûrier",
        "length_m": 54
      }
    },
    {
      "type": "Feature",
      "geometry": {
        "type": "LineString",
        "coordinates": [
          [
            4.4963344,
            43.8317947
          ],
          [
            4.4963902,
            43.8317944
          ],
          [
            4.4964425,
            43.8317941
          ],
          [
            4.4971529,
            43.8317901
          ]
        ]
      },
      "properties": {
        "highway": "residential",
        "color_key": "light",
        "name": "Rue Fresque",
        "length_m": 66
      }
    },
    {
      "type": "Feature",
      "geometry": {
        "type": "LineString",
        "coordinates": [
          [
            4.4963344,
            43.8317947
          ],
          [
            4.4963343,
            43.8318166
          ],
          [
            4.4963341,
            43.831908
          ],
          [
            4.4963323,
            43.8319841
          ],
          [
            4.4963273,
            43.8321912
          ]
        ]
      },
      "properties": {
        "highway": "secondary",
        "color_key": "medium",
        "name": "Avenue de la République",
        "length_m": 44
      }
    },
    {
      "type": "Feature",
      "geometry": {
        "type": "LineString",
        "coordinates": [
          [
            4.4971529,
            43.8317901
          ],
          [
            4.4971653,
            43.8318664
          ],
          [
            4.4972505,
            43.8318913
          ]
        ]
      },
      "properties": {
        "highway": "residential",
        "color_key": "light",
        "name": "Rue de la Place",
        "length_m": 16
      }
    },
    {
      "type": "Feature",
      "geometry": {
        "type": "LineString",
        "coordinates": [
          [
            4.4963096,
            43.8326787
          ],
          [
            4.4963436,
            43.8329072
          ]
        ]
      },
      "properties": {
        "highway": "residential",
        "color_key": "light",
        "name": "Rue du 8 Mai 1945",
        "length_m": 26
      }
    },
    {
      "type": "Feature",
      "geometry": {
        "type": "LineString",
        "coordinates": [
          [
            4.4963096,
            43.8326787
          ],
          [
            4.4965617,
            43.8327273
          ],
          [
            4.4967147,
            43.8328494
          ]
        ]
      },
      "properties": {
        "highway": "residential",
        "color_key": "light",
        "name": "Ruelle de l'Aqueduc",
        "length_m": 39
      }
    },
    {
      "type": "Feature",
      "geometry": {
        "type": "LineString",
        "coordinates": [
          [
            4.4963273,
            43.8321912
          ],
          [
            4.4962492,
            43.832317
          ]
        ]
      },
      "properties": {
        "highway": "secondary",
        "color_key": "medium",
        "name": "Place de la Libération",
        "length_m": 15
      }
    },
    {
      "type": "Feature",
      "geometry": {
        "type": "LineString",
        "coordinates": [
          [
            4.4970698,
            43.8324622
          ],
          [
            4.4968895,
            43.8328342
          ]
        ]
      },
      "properties": {
        "highway": "residential",
        "color_key": "light",
        "name": "Rue Pasteur",
        "length_m": 44
      }
    },
    {
      "type": "Feature",
      "geometry": {
        "type": "LineString",
        "coordinates": [
          [
            4.4970698,
            43.8324622
          ],
          [
            4.4971367,
            43.8324939
          ],
          [
            4.4974802,
            43.8325878
          ],
          [
            4.4975615,
            43.8326068
          ],
          [
            4.4976591,
            43.8326098
          ],
          [
            4.4978705,
            43.8326288
          ]
        ]
      },
      "properties": {
        "highway": "residential",
        "color_key": "light",
        "name": "Place de l'Église",
        "length_m": 68
      }
    },
    {
      "type": "Feature",
      "geometry": {
        "type": "LineString",
        "coordinates": [
          [
            4.4971386,
            43.8322278
          ],
          [
            4.497119,
            43.8322802
          ],
          [
            4.4970614,
            43.8324239
          ]
        ]
      },
      "properties": {
        "highway": "residential",
        "color_key": "light",
        "name": "Rue Pasteur",
        "length_m": 23
      }
    },
    {
      "type": "Feature",
      "geometry": {
        "type": "LineString",
        "coordinates": [
          [
            4.4970614,
            43.8324239
          ],
          [
            4.4970698,
            43.8324622
          ]
        ]
      },
      "properties": {
        "highway": "residential",
        "color_key": "light",
        "name": "Rue Pasteur",
        "length_m": 4
      }
    },
    {
      "type": "Feature",
      "geometry": {
        "type": "LineString",
        "coordinates": [
          [
            4.4970614,
            43.8324239
          ],
          [
            4.4963927,
            43.8322119
          ],
          [
            4.4963273,
            43.8321912
          ]
        ]
      },
      "properties": {
        "highway": "residential",
        "color_key": "light",
        "name": "Rue Patacolle",
        "length_m": 64
      }
    },
    {
      "type": "Feature",
      "geometry": {
        "type": "LineString",
        "coordinates": [
          [
            4.4977387,
            43.8318017
          ],
          [
            4.4977065,
            43.8317583
          ],
          [
            4.4976712,
            43.8316449
          ],
          [
            4.4975522,
            43.8312626
          ]
        ]
      },
      "properties": {
        "highway": "residential",
        "color_key": "light",
        "name": "Rue des Marchands",
        "length_m": 62
      }
    },
    {
      "type": "Feature",
      "geometry": {
        "type": "LineString",
        "coordinates": [
          [
            4.4986159,
            43.8319899
          ],
          [
            4.4984224,
            43.8321541
          ],
          [
            4.4982731,
            43.8323104
          ]
        ]
      },
      "properties": {
        "highway": "residential",
        "color_key": "light",
        "name": "Rue Frédéric Mistral",
        "length_m": 45
      }
    },
    {
      "type": "Feature",
      "geometry": {
        "type": "LineString",
        "coordinates": [
          [
            4.4986159,
            43.8319899
          ],
          [
            4.4984527,
            43.8319052
          ],
          [
            4.4982272,
            43.8318352
          ]
        ]
      },
      "properties": {
        "highway": "residential",
        "color_key": "light",
        "name": "Rue Alphonse Daudet",
        "length_m": 36
      }
    },
    {
      "type": "Feature",
      "geometry": {
        "type": "LineString",
        "coordinates": [
          [
            4.4982272,
            43.8318352
          ],
          [
            4.4981595,
            43.8318095
          ]
        ]
      },
      "properties": {
        "highway": "residential",
        "color_key": "light",
        "name": "Rue Alphonse Daudet",
        "length_m": 6
      }
    },
    {
      "type": "Feature",
      "geometry": {
        "type": "LineString",
        "coordinates": [
          [
            4.4982272,
            43.8318352
          ],
          [
            4.4980295,
            43.8322265
          ],
          [
            4.4982731,
            43.8323104
          ]
        ]
      },
      "properties": {
        "highway": "residential",
        "color_key": "light",
        "name": "Rue de la Treille",
        "length_m": 68
      }
    },
    {
      "type": "Feature",
      "geometry": {
        "type": "LineString",
        "coordinates": [
          [
            4.4981595,
            43.8318095
          ],
          [
            4.4977387,
            43.8318017
          ]
        ]
      },
      "properties": {
        "highway": "residential",
        "color_key": "light",
        "name": "Rue Alphonse Daudet",
        "length_m": 34
      }
    },
    {
      "type": "Feature",
      "geometry": {
        "type": "LineString",
        "coordinates": [
          [
            4.4981595,
            43.8318095
          ],
          [
            4.4982681,
            43.8314417
          ],
          [
            4.4982762,
            43.8314146
          ],
          [
            4.4982437,
            43.8313285
          ],
          [
            4.4981871,
            43.8311771
          ],
          [
            4.4977378,
            43.8312376
          ]
        ]
      },
      "properties": {
        "highway": "residential",
        "color_key": "light",
        "name": "Rue de Mandrin",
        "length_m": 109
      }
    },
    {
      "type": "Feature",
      "geometry": {
        "type": "LineString",
        "coordinates": [
          [
            4.4981761,
            43.8324119
          ],
          [
            4.4980151,
            43.8324925
          ]
        ]
      },
      "properties": {
        "highway": "residential",
        "color_key": "light",
        "name": "Rue Frédéric Mistral",
        "length_m": 16
      }
    },
    {
      "type": "Feature",
      "geometry": {
        "type": "LineString",
        "coordinates": [
          [
            4.4981761,
            43.8324119
          ],
          [
            4.4982546,
            43.8324218
          ],
          [
            4.498464,
            43.8324481
          ]
        ]
      },
      "properties": {
        "highway": "residential",
        "color_key": "light",
        "name": "Rue des Arènes",
        "length_m": 23
      }
    },
    {
      "type": "Feature",
      "geometry": {
        "type": "LineString",
        "coordinates": [
          [
            4.4978705,
            43.8326288
          ],
          [
            4.4978933,
            43.8326067
          ],
          [
            4.4980151,
            43.8324925
          ]
        ]
      },
      "properties": {
        "highway": "residential",
        "color_key": "light",
        "name": "Rue Frédéric Mistral",
        "length_m": 19
      }
    },
    {
      "type": "Feature",
      "geometry": {
        "type": "LineString",
        "coordinates": [
          [
            4.4980151,
            43.8324925
          ],
          [
            4.4976863,
            43.8323523
          ],
          [
            4.4975362,
            43.8323174
          ],
          [
            4.4971386,
            43.8322278
          ]
        ]
      },
      "properties": {
        "highway": "residential",
        "color_key": "light",
        "name": "Place de l'Église",
        "length_m": 77
      }
    },
    {
      "type": "Feature",
      "geometry": {
        "type": "LineString",
        "coordinates": [
          [
            4.4982731,
            43.8323104
          ],
          [
            4.4981761,
            43.8324119
          ]
        ]
      },
      "properties": {
        "highway": "residential",
        "color_key": "light",
        "name": "Rue Frédéric Mistral",
        "length_m": 14
      }
    },
    {
      "type": "Feature",
      "geometry": {
        "type": "LineString",
        "coordinates": [
          [
            4.4967147,
            43.8328494
          ],
          [
            4.4963436,
            43.8329072
          ]
        ]
      },
      "properties": {
        "highway": "residential",
        "color_key": "light",
        "name": "Rue de l'Aqueduc",
        "length_m": 30
      }
    },
    {
      "type": "Feature",
      "geometry": {
        "type": "LineString",
        "coordinates": [
          [
            4.4968895,
            43.8328342
          ],
          [
            4.4967147,
            43.8328494
          ]
        ]
      },
      "properties": {
        "highway": "residential",
        "color_key": "light",
        "name": "Rue de l'Aqueduc",
        "length_m": 14
      }
    },
    {
      "type": "Feature",
      "geometry": {
        "type": "LineString",
        "coordinates": [
          [
            4.4971831,
            43.8350138
          ],
          [
            4.4972985,
            43.8356184
          ]
        ]
      },
      "properties": {
        "highway": "residential",
        "color_key": "light",
        "name": "Rue du Mas de Cler",
        "length_m": 68
      }
    },
    {
      "type": "Feature",
      "geometry": {
        "type": "LineString",
        "coordinates": [
          [
            4.4971831,
            43.8350138
          ],
          [
            4.4974187,
            43.8349945
          ],
          [
            4.4983443,
            43.8348784
          ],
          [
            4.4984788,
            43.8348599
          ],
          [
            4.49897,
            43.834787
          ],
          [
            4.4994601,
            43.8347142
          ],
          [
            4.499592,
            43.8346947
          ],
          [
            4.5000741,
            43.8346231
          ],
          [
            4.5001252,
            43.8346183
          ],
          [
            4.5002055,
            43.8346008
          ]
        ]
      },
      "properties": {
        "highway": "residential",
        "color_key": "light",
        "name": "Les Vivandières",
        "length_m": 247
      }
    },
    {
      "type": "Feature",
      "geometry": {
        "type": "LineString",
        "coordinates": [
          [
            4.4971831,
            43.8350138
          ],
          [
            4.4971428,
            43.83479
          ],
          [
            4.4969951,
            43.8344578
          ],
          [
            4.4967764,
            43.834146
          ]
        ]
      },
      "properties": {
        "highway": "residential",
        "color_key": "light",
        "name": "Rue du Mas de Cler",
        "length_m": 103
      }
    },
    {
      "type": "Feature",
      "geometry": {
        "type": "LineString",
        "coordinates": [
          [
            4.4990256,
            43.8320593
          ],
          [
            4.4986159,
            43.8319899
          ]
        ]
      },
      "properties": {
        "highway": "residential",
        "color_key": "light",
        "name": "Rue Alphonse Daudet",
        "length_m": 34
      }
    },
    {
      "type": "Feature",
      "geometry": {
        "type": "LineString",
        "coordinates": [
          [
            4.4990256,
            43.8320593
          ],
          [
            4.4990311,
            43.8324914
          ],
          [
            4.4990287,
            43.8325187
          ]
        ]
      },
      "properties": {
        "highway": "residential",
        "color_key": "light",
        "name": "Rue de Valatet",
        "length_m": 51
      }
    },
    {
      "type": "Feature",
      "geometry": {
        "type": "LineString",
        "coordinates": [
          [
            4.497549,
            43.8366298
          ],
          [
            4.4974389,
            43.8362542
          ]
        ]
      },
      "properties": {
        "highway": "unclassified",
        "color_key": "light",
        "name": "Chemin du Mas de Cler",
        "length_m": 43
      }
    },
    {
      "type": "Feature",
      "geometry": {
        "type": "LineString",
        "coordinates": [
          [
            4.497549,
            43.8366298
          ],
          [
            4.4965965,
            43.8367492
          ]
        ]
      },
      "properties": {
        "highway": "residential",
        "color_key": "light",
        "name": "Lotissement Les Charmilles",
        "length_m": 78
      }
    },
    {
      "type": "Feature",
      "geometry": {
        "type": "LineString",
        "coordinates": [
          [
            4.497549,
            43.8366298
          ],
          [
            4.4981378,
            43.8374734
          ],
          [
            4.4982982,
            43.8377031
          ],
          [
            4.4994796,
            43.8391117
          ],
          [
            4.4999708,
            43.8394731
          ],
          [
            4.5001409,
            43.8396429
          ],
          [
            4.5008678,
            43.8411344
          ],
          [
            4.5010987,
            43.8416237
          ],
          [
            4.5014224,
            43.8427736
          ],
          [
            4.5015683,
            43.8432919
          ],
          [
            4.5017236,
            43.8436649
          ],
          [
            4.5018218,
            43.8439007
          ],
          [
            4.5021265,
            43.8444208
          ],
          [
            4.5023884,
            43.8450876
          ],
          [
            4.5025576,
            43.8455185
          ],
          [
            4.502884,
            43.8461277
          ],
          [
            4.503741,
            43.8473792
          ],
          [
            4.5038771,
            43.847578
          ],
          [
            4.5041534,
            43.8478952
          ],
          [
            4.5042219,
            43.8480597
          ],
          [
            4.5042859,
            43.848369
          ],
          [
            4.5040132,
            43.8498951
          ],
          [
            4.5039035,
            43.8503243
          ],
          [
            4.5035991,
            43.8506817
          ],
          [
            4.5034548,
            43.8509368
          ],
          [
            4.5031563,
            43.8518237
          ],
          [
            4.5038758,
            43.851986
          ],
          [
            4.5047536,
            43.852231
          ],
          [
            4.5055039,
            43.8524964
          ],
          [
            4.506233,
            43.8526725
          ],
          [
            4.507093,
            43.8528027
          ],
          [
            4.5083388,
            43.8530324
          ],
          [
            4.5098677,
            43.8531625
          ]
        ]
      },
      "properties": {
        "highway": "unclassified",
        "color_key": "light",
        "name": "Chemin du Mas de Cler",
        "length_m": 2387
      }
    },
    {
      "type": "Feature",
      "geometry": {
        "type": "LineString",
        "coordinates": [
          [
            4.4977378,
            43.8312376
          ],
          [
            4.4975522,
            43.8312626
          ]
        ]
      },
      "properties": {
        "highway": "residential",
        "color_key": "light",
        "name": "Rue de Mandrin",
        "length_m": 15
      }
    },
    {
      "type": "Feature",
      "geometry": {
        "type": "LineString",
        "coordinates": [
          [
            4.4977378,
            43.8312376
          ],
          [
            4.4977917,
            43.8314301
          ]
        ]
      },
      "properties": {
        "highway": "residential",
        "color_key": "light",
        "name": "Ruelle de Mandrin",
        "length_m": 22
      }
    },
    {
      "type": "Feature",
      "geometry": {
        "type": "LineString",
        "coordinates": [
          [
            4.4987307,
            43.8321881
          ],
          [
            4.4986159,
            43.8319899
          ]
        ]
      },
      "properties": {
        "highway": "residential",
        "color_key": "light",
        "name": "Rue du Parc",
        "length_m": 24
      }
    },
    {
      "type": "Feature",
      "geometry": {
        "type": "LineString",
        "coordinates": [
          [
            4.4987307,
            43.8321881
          ],
          [
            4.498464,
            43.8324481
          ]
        ]
      },
      "properties": {
        "highway": "residential",
        "color_key": "light",
        "name": "Rue Traversière",
        "length_m": 36
      }
    },
    {
      "type": "Feature",
      "geometry": {
        "type": "LineString",
        "coordinates": [
          [
            4.4990287,
            43.8325187
          ],
          [
            4.4990257,
            43.8325536
          ],
          [
            4.499022,
            43.8325956
          ]
        ]
      },
      "properties": {
        "highway": "residential",
        "color_key": "light",
        "name": "Rue de Valatet",
        "length_m": 9
      }
    },
    {
      "type": "Feature",
      "geometry": {
        "type": "LineString",
        "coordinates": [
          [
            4.4990287,
            43.8325187
          ],
          [
            4.4989057,
            43.832418
          ],
          [
            4.4987307,
            43.8321881
          ]
        ]
      },
      "properties": {
        "highway": "residential",
        "color_key": "light",
        "name": "Rue du Parc",
        "length_m": 44
      }
    },
    {
      "type": "Feature",
      "geometry": {
        "type": "LineString",
        "coordinates": [
          [
            4.5005299,
            43.8350117
          ],
          [
            4.5006442,
            43.8352009
          ]
        ]
      },
      "properties": {
        "highway": "tertiary",
        "color_key": "medium",
        "name": "Route de Meynes",
        "length_m": 23
      }
    },
    {
      "type": "Feature",
      "geometry": {
        "type": "LineString",
        "coordinates": [
          [
            4.5005299,
            43.8350117
          ],
          [
            4.5003746,
            43.8348238
          ],
          [
            4.500281,
            43.8346848
          ],
          [
            4.5002055,
            43.8346008
          ]
        ]
      },
      "properties": {
        "highway": "tertiary",
        "color_key": "medium",
        "name": "Rue du Parc",
        "length_m": 53
      }
    },
    {
      "type": "Feature",
      "geometry": {
        "type": "LineString",
        "coordinates": [
          [
            4.5005299,
            43.8350117
          ],
          [
            4.5005922,
            43.8350355
          ],
          [
            4.5009777,
            43.8351825
          ],
          [
            4.5016089,
            43.835354
          ],
          [
            4.5018026,
            43.8354499
          ],
          [
            4.5021494,
            43.8356825
          ]
        ]
      },
      "properties": {
        "highway": "unclassified",
        "color_key": "light",
        "name": "Chemin du Mas Pascaly",
        "length_m": 152
      }
    },
    {
      "type": "Feature",
      "geometry": {
        "type": "LineString",
        "coordinates": [
          [
            4.5021494,
            43.8356825
          ],
          [
            4.5024784,
            43.8359107
          ],
          [
            4.5026369,
            43.8360206
          ],
          [
            4.5029834,
            43.8362217
          ],
          [
            4.5046202,
            43.8371713
          ],
          [
            4.5066636,
            43.8384533
          ],
          [
            4.5068611,
            43.8385651
          ],
          [
            4.5071234,
            43.8386761
          ],
          [
            4.5087648,
            43.8391269
          ],
          [
            4.5092268,
            43.8392793
          ],
          [
            4.5096618,
            43.8394848
          ],
          [
            4.5100541,
            43.8397643
          ],
          [
            4.5105109,
            43.8401897
          ],
          [
            4.5117953,
            43.8417546
          ],
          [
            4.5123082,
            43.8421528
          ],
          [
            4.5126334,
            43.8423421
          ],
          [
            4.5128857,
            43.842377
          ],
          [
            4.5132456,
            43.8423399
          ],
          [
            4.5138996,
            43.8422226
          ],
          [
            4.5141064,
            43.8422257
          ],
          [
            4.5143271,
            43.8422932
          ],
          [
            4.5145107,
            43.8424962
          ],
          [
            4.5148332,
            43.8428999
          ],
          [
            4.5151099,
            43.8430987
          ],
          [
            4.515396,
            43.8432047
          ],
          [
            4.515841,
            43.8433695
          ],
          [
            4.5166245,
            43.8436597
          ],
          [
            4.5172186,
            43.8438446
          ],
          [
            4.5186314,
            43.8442845
          ],
          [
            4.5193655,
            43.8445346
          ],
          [
            4.5195992,
            43.844706
          ],
          [
            4.5201743,
            43.8453146
          ],
          [
            4.5213021,
            43.8461302
          ],
          [
            4.5218147,
            43.8468255
          ],
          [
            4.5218356,
            43.8468538
          ],
          [
            4.522135,
            43.8471433
          ],
          [
            4.5227702,
            43.8475633
          ],
          [
            4.5231175,
            43.8477383
          ],
          [
            4.5244217,
            43.8483953
          ],
          [
            4.5250872,
            43.8488142
          ]
        ]
      },
      "properties": {
        "highway": "unclassified",
        "color_key": "light",
        "name": "Chemin du Mas Pascaly",
        "length_m": 2440
      }
    },
    {
      "type": "Feature",
      "geometry": {
        "type": "LineString",
        "coordinates": [
          [
            4.5021494,
            43.8356825
          ],
          [
            4.5027247,
            43.83563
          ],
          [
            4.5031561,
            43.8355906
          ]
        ]
      },
      "properties": {
        "highway": "unclassified",
        "color_key": "light",
        "name": "Chemin de Liambro",
        "length_m": 81
      }
    },
    {
      "type": "Feature",
      "geometry": {
        "type": "LineString",
        "coordinates": [
          [
            4.5010874,
            43.8358641
          ],
          [
            4.5009452,
            43.8356512
          ]
        ]
      },
      "properties": {
        "highway": "tertiary",
        "color_key": "medium",
        "name": "Route de Meynes",
        "length_m": 26
      }
    },
    {
      "type": "Feature",
      "geometry": {
        "type": "LineString",
        "coordinates": [
          [
            4.5010874,
            43.8358641
          ],
          [
            4.5012243,
            43.8361076
          ],
          [
            4.5012775,
            43.8361829
          ]
        ]
      },
      "properties": {
        "highway": "tertiary",
        "color_key": "medium",
        "name": "Route de Meynes",
        "length_m": 39
      }
    },
    {
      "type": "Feature",
      "geometry": {
        "type": "LineString",
        "coordinates": [
          [
            4.5010874,
            43.8358641
          ],
          [
            4.4993852,
            43.8361386
          ],
          [
            4.4993466,
            43.8361398
          ],
          [
            4.499308,
            43.8361333
          ],
          [
            4.4991013,
            43.8360702
          ],
          [
            4.4990416,
            43.8360652
          ],
          [
            4.4974389,
            43.8362542
          ]
        ]
      },
      "properties": {
        "highway": "residential",
        "color_key": "light",
        "name": "Lotissement les Fenières",
        "length_m": 299
      }
    },
    {
      "type": "Feature",
      "geometry": {
        "type": "LineString",
        "coordinates": [
          [
            4.5012775,
            43.8361829
          ],
          [
            4.501786,
            43.8373161
          ],
          [
            4.5020317,
            43.83764
          ],
          [
            4.5030167,
            43.8386094
          ],
          [
            4.5040629,
            43.840111
          ],
          [
            4.5043772,
            43.8404942
          ],
          [
            4.5050609,
            43.8411484
          ],
          [
            4.5056248,
            43.8415774
          ],
          [
            4.5058989,
            43.8419134
          ],
          [
            4.5062284,
            43.8424277
          ],
          [
            4.5073445,
            43.843742
          ],
          [
            4.5081872,
            43.8452095
          ],
          [
            4.5088615,
            43.8462708
          ],
          [
            4.5092096,
            43.8471032
          ],
          [
            4.5094567,
            43.8478466
          ],
          [
            4.5097947,
            43.8488789
          ],
          [
            4.5098134,
            43.8496772
          ],
          [
            4.5095644,
            43.851361
          ],
          [
            4.5095718,
            43.8517552
          ],
          [
            4.5094979,
            43.852123
          ],
          [
            4.5098677,
            43.8531625
          ]
        ]
      },
      "properties": {
        "highway": "tertiary",
        "color_key": "medium",
        "name": "Route de Meynes",
        "length_m": 2066
      }
    },
    {
      "type": "Feature",
      "geometry": {
        "type": "LineString",
        "coordinates": [
          [
            4.5012775,
            43.8361829
          ],
          [
            4.5001923,
            43.8363613
          ],
          [
            4.5001688,
            43.8364136
          ],
          [
            4.5000913,
            43.8365516
          ],
          [
            4.5000678,
            43.8365771
          ],
          [
            4.4995047,
            43.8367022
          ],
          [
            4.4994698,
            43.8366112
          ]
        ]
      },
      "properties": {
        "highway": "residential",
        "color_key": "light",
        "name": "Lotissement les Romarins",
        "length_m": 173
      }
    },
    {
      "type": "Feature",
      "geometry": {
        "type": "LineString",
        "coordinates": [
          [
            4.5098677,
            43.8531625
          ],
          [
            4.5099382,
            43.8533979
          ],
          [
            4.5100254,
            43.8544446
          ],
          [
            4.5100383,
            43.8554873
          ]
        ]
      },
      "properties": {
        "highway": "tertiary",
        "color_key": "medium",
        "name": "Route de Meynes",
        "length_m": 259
      }
    },
    {
      "type": "Feature",
      "geometry": {
        "type": "LineString",
        "coordinates": [
          [
            4.4403423,
            43.8237241
          ],
          [
            4.4411028,
            43.8236452
          ]
        ]
      },
      "properties": {
        "highway": "residential",
        "color_key": "light",
        "name": "Rue Cinsault",
        "length_m": 62
      }
    },
    {
      "type": "Feature",
      "geometry": {
        "type": "LineString",
        "coordinates": [
          [
            4.4403423,
            43.8237241
          ],
          [
            4.4404452,
            43.8242049
          ],
          [
            4.4404984,
            43.8244535
          ],
          [
            4.4405651,
            43.8247775
          ]
        ]
      },
      "properties": {
        "highway": "residential",
        "color_key": "light",
        "name": "Rue Grenache",
        "length_m": 118
      }
    },
    {
      "type": "Feature",
      "geometry": {
        "type": "LineString",
        "coordinates": [
          [
            4.4411028,
            43.8236452
          ],
          [
            4.4410392,
            43.8233307
          ],
          [
            4.4410206,
            43.8231835
          ],
          [
            4.4410206,
            43.8231371
          ],
          [
            4.4410459,
            43.8231033
          ],
          [
            4.4411344,
            43.823085
          ],
          [
            4.4413275,
            43.8231314
          ],
          [
            4.4415984,
            43.8231972
          ],
          [
            4.4418304,
            43.823232
          ],
          [
            4.4423682,
            43.8232852
          ],
          [
            4.4424232,
            43.8232972
          ],
          [
            4.442796,
            43.8233956
          ],
          [
            4.4428443,
            43.8234459
          ],
          [
            4.4428282,
            43.8234962
          ],
          [
            4.4427815,
            43.8235361
          ],
          [
            4.4424728,
            43.8236927
          ]
        ]
      },
      "properties": {
        "highway": "residential",
        "color_key": "light",
        "name": "Rue Viognier",
        "length_m": 255
      }
    },
    {
      "type": "Feature",
      "geometry": {
        "type": "LineString",
        "coordinates": [
          [
            4.4405651,
            43.8247775
          ],
          [
            4.4409286,
            43.8246719
          ],
          [
            4.4418201,
            43.8243479
          ],
          [
            4.4427072,
            43.8239698
          ]
        ]
      },
      "properties": {
        "highway": "residential",
        "color_key": "light",
        "name": "Rue du Grezet",
        "length_m": 194
      }
    },
    {
      "type": "Feature",
      "geometry": {
        "type": "LineString",
        "coordinates": [
          [
            4.4404521,
            43.8294423
          ],
          [
            4.4407691,
            43.8294923
          ],
          [
            4.4409594,
            43.8294993
          ],
          [
            4.4411071,
            43.8294968
          ],
          [
            4.4411852,
            43.8294809
          ],
          [
            4.4412888,
            43.8294569
          ],
          [
            4.4418382,
            43.8292683
          ],
          [
            4.4420912,
            43.8291802
          ],
          [
            4.4421374,
            43.8291625
          ],
          [
            4.4423219,
            43.8291045
          ]
        ]
      },
      "properties": {
        "highway": "tertiary",
        "color_key": "medium",
        "name": "Avenue Yves Cazaux",
        "length_m": 160
      }
    },
    {
      "type": "Feature",
      "geometry": {
        "type": "LineString",
        "coordinates": [
          [
            4.4404521,
            43.8294423
          ],
          [
            4.4404668,
            43.8294061
          ],
          [
            4.4404681,
            43.829351
          ],
          [
            4.4404612,
            43.8293276
          ],
          [
            4.4403192,
            43.8288431
          ]
        ]
      },
      "properties": {
        "highway": "residential",
        "color_key": "light",
        "name": "Rue des Amadiers",
        "length_m": 68
      }
    },
    {
      "type": "Feature",
      "geometry": {
        "type": "LineString",
        "coordinates": [
          [
            4.4402544,
            43.828645
          ],
          [
            4.4403192,
            43.8288431
          ]
        ]
      },
      "properties": {
        "highway": "residential",
        "color_key": "light",
        "name": "Rue des Amadiers",
        "length_m": 23
      }
    },
    {
      "type": "Feature",
      "geometry": {
        "type": "LineString",
        "coordinates": [
          [
            4.4766771,
            43.8221793
          ],
          [
            4.4768482,
            43.822426
          ],
          [
            4.4769493,
            43.8225717
          ],
          [
            4.4769704,
            43.8226022
          ],
          [
            4.4771415,
            43.8228488
          ],
          [
            4.4772558,
            43.8230136
          ],
          [
            4.4773975,
            43.823218
          ],
          [
            4.4776117,
            43.8235267
          ]
        ]
      },
      "properties": {
        "highway": "tertiary",
        "color_key": "medium",
        "name": "Avenue Pierre Mendès France",
        "length_m": 168
      }
    },
    {
      "type": "Feature",
      "geometry": {
        "type": "LineString",
        "coordinates": [
          [
            4.4766771,
            43.8221793
          ],
          [
            4.4763437,
            43.8217114
          ],
          [
            4.4763044,
            43.8216525
          ]
        ]
      },
      "properties": {
        "highway": "tertiary",
        "color_key": "medium",
        "name": "Avenue Pierre Mendès France",
        "length_m": 66
      }
    },
    {
      "type": "Feature",
      "geometry": {
        "type": "LineString",
        "coordinates": [
          [
            4.4766771,
            43.8221793
          ],
          [
            4.476692,
            43.822174
          ],
          [
            4.4767115,
            43.822167
          ],
          [
            4.4767329,
            43.8221612
          ],
          [
            4.4773045,
            43.8220856
          ],
          [
            4.4776127,
            43.822057
          ],
          [
            4.4778578,
            43.822029
          ],
          [
            4.4781363,
            43.8220015
          ],
          [
            4.4796491,
            43.8218299
          ],
          [
            4.47976,
            43.8221653
          ],
          [
            4.4798337,
            43.8223881
          ],
          [
            4.4798557,
            43.8224546
          ]
        ]
      },
      "properties": {
        "highway": "residential",
        "color_key": "light",
        "name": "Rue des Tamaris",
        "length_m": 313
      }
    },
    {
      "type": "Feature",
      "geometry": {
        "type": "LineString",
        "coordinates": [
          [
            4.4783932,
            43.8246535
          ],
          [
            4.4781501,
            43.824303
          ]
        ]
      },
      "properties": {
        "highway": "tertiary",
        "color_key": "medium",
        "name": "Avenue Pierre Mendès France",
        "length_m": 44
      }
    },
    {
      "type": "Feature",
      "geometry": {
        "type": "LineString",
        "coordinates": [
          [
            4.4783932,
            43.8246535
          ],
          [
            4.4784468,
            43.8247369
          ],
          [
            4.4785365,
            43.8248727
          ]
        ]
      },
      "properties": {
        "highway": "tertiary",
        "color_key": "medium",
        "name": "Avenue Pierre Mendès France",
        "length_m": 27
      }
    },
    {
      "type": "Feature",
      "geometry": {
        "type": "LineString",
        "coordinates": [
          [
            4.4783932,
            43.8246535
          ],
          [
            4.4783997,
            43.8246486
          ],
          [
            4.478416,
            43.8246363
          ],
          [
            4.478429,
            43.8246237
          ],
          [
            4.4785624,
            43.8244593
          ],
          [
            4.478603,
            43.8243702
          ],
          [
            4.4786138,
            43.8242214
          ],
          [
            4.4786352,
            43.8239273
          ],
          [
            4.4786375,
            43.8238968
          ],
          [
            4.4786446,
            43.8238007
          ],
          [
            4.4786438,
            43.8236239
          ],
          [
            4.4786438,
            43.8236137
          ],
          [
            4.4786513,
            43.8233941
          ],
          [
            4.4786724,
            43.8233009
          ],
          [
            4.4787165,
            43.8232384
          ],
          [
            4.4789019,
            43.8230491
          ]
        ]
      },
      "properties": {
        "highway": "residential",
        "color_key": "light",
        "name": "Impasse du Jardin",
        "length_m": 189
      }
    },
    {
      "type": "Feature",
      "geometry": {
        "type": "LineString",
        "coordinates": [
          [
            4.4783932,
            43.8246535
          ],
          [
            4.478369,
            43.8246706
          ],
          [
            4.4783316,
            43.8246971
          ],
          [
            4.4782941,
            43.8247235
          ]
        ]
      },
      "properties": {
        "highway": "residential",
        "color_key": "light",
        "name": "Rue des Peupliers",
        "length_m": 11
      }
    },
    {
      "type": "Feature",
      "geometry": {
        "type": "LineString",
        "coordinates": [
          [
            4.4691697,
            43.8174782
          ],
          [
            4.4677113,
            43.8168847
          ]
        ]
      },
      "properties": {
        "highway": "tertiary",
        "color_key": "medium",
        "name": "Route de Bouillargues",
        "length_m": 134
      }
    },
    {
      "type": "Feature",
      "geometry": {
        "type": "LineString",
        "coordinates": [
          [
            4.4691697,
            43.8174782
          ],
          [
            4.4691349,
            43.817511
          ],
          [
            4.4687677,
            43.8177571
          ],
          [
            4.4686246,
            43.817785
          ],
          [
            4.4685271,
            43.8177725
          ],
          [
            4.4683241,
            43.8176832
          ],
          [
            4.4679958,
            43.8175627
          ],
          [
            4.4679269,
            43.8175758
          ],
          [
            4.4676254,
            43.8176329
          ],
          [
            4.4675135,
            43.8176284
          ]
        ]
      },
      "properties": {
        "highway": "residential",
        "color_key": "light",
        "name": "Rue des Cyprès",
        "length_m": 153
      }
    },
    {
      "type": "Feature",
      "geometry": {
        "type": "LineString",
        "coordinates": [
          [
            4.4691697,
            43.8174782
          ],
          [
            4.4695287,
            43.8176691
          ],
          [
            4.4696531,
            43.8177357
          ],
          [
            4.469779,
            43.8178162
          ]
        ]
      },
      "properties": {
        "highway": "tertiary",
        "color_key": "medium",
        "name": "Route de Bouillargues",
        "length_m": 62
      }
    },
    {
      "type": "Feature",
      "geometry": {
        "type": "LineString",
        "coordinates": [
          [
            4.469779,
            43.8178162
          ],
          [
            4.4699457,
            43.8179606
          ],
          [
            4.4700703,
            43.8181814
          ],
          [
            4.4701492,
            43.8183546
          ],
          [
            4.4702065,
            43.8184803
          ]
        ]
      },
      "properties": {
        "highway": "tertiary",
        "color_key": "medium",
        "name": "Rue de Bouillargues",
        "length_m": 82
      }
    },
    {
      "type": "Feature",
      "geometry": {
        "type": "LineString",
        "coordinates": [
          [
            4.4702105,
            43.818654
          ],
          [
            4.4702259,
            43.8185365
          ],
          [
            4.4702065,
            43.8184803
          ]
        ]
      },
      "properties": {
        "highway": "tertiary",
        "color_key": "medium",
        "name": "Rue de Bouillargues",
        "length_m": 20
      }
    },
    {
      "type": "Feature",
      "geometry": {
        "type": "LineString",
        "coordinates": [
          [
            4.4702105,
            43.818654
          ],
          [
            4.4701233,
            43.8190873
          ],
          [
            4.4701163,
            43.8191219
          ]
        ]
      },
      "properties": {
        "highway": "tertiary",
        "color_key": "medium",
        "name": "Rue de Bouillargues",
        "length_m": 53
      }
    },
    {
      "type": "Feature",
      "geometry": {
        "type": "LineString",
        "coordinates": [
          [
            4.4702065,
            43.8184803
          ],
          [
            4.4703133,
            43.8184667
          ],
          [
            4.4710476,
            43.8183734
          ]
        ]
      },
      "properties": {
        "highway": "unclassified",
        "color_key": "light",
        "name": "Rue Pasteur",
        "length_m": 69
      }
    },
    {
      "type": "Feature",
      "geometry": {
        "type": "LineString",
        "coordinates": [
          [
            4.4702065,
            43.8184803
          ],
          [
            4.4701583,
            43.8184894
          ],
          [
            4.469762,
            43.8185593
          ]
        ]
      },
      "properties": {
        "highway": "tertiary",
        "color_key": "medium",
        "name": "Rue Pasteur",
        "length_m": 37
      }
    },
    {
      "type": "Feature",
      "geometry": {
        "type": "LineString",
        "coordinates": [
          [
            4.4710476,
            43.8183734
          ],
          [
            4.4717054,
            43.8183165
          ],
          [
            4.4719344,
            43.8182975
          ]
        ]
      },
      "properties": {
        "highway": "unclassified",
        "color_key": "light",
        "name": "Rue Pasteur",
        "length_m": 72
      }
    },
    {
      "type": "Feature",
      "geometry": {
        "type": "LineString",
        "coordinates": [
          [
            4.4710476,
            43.8183734
          ],
          [
            4.4711446,
            43.8187918
          ],
          [
            4.4711429,
            43.8190323
          ]
        ]
      },
      "properties": {
        "highway": "residential",
        "color_key": "light",
        "name": "Rue de la Madeleine",
        "length_m": 74
      }
    },
    {
      "type": "Feature",
      "geometry": {
        "type": "LineString",
        "coordinates": [
          [
            4.4701163,
            43.8191219
          ],
          [
            4.4699835,
            43.8192155
          ]
        ]
      },
      "properties": {
        "highway": "tertiary",
        "color_key": "medium",
        "name": "Rue de la République",
        "length_m": 15
      }
    },
    {
      "type": "Feature",
      "geometry": {
        "type": "LineString",
        "coordinates": [
          [
            4.469104,
            43.8203536
          ],
          [
            4.4686864,
            43.8203498
          ],
          [
            4.4684222,
            43.8203532
          ],
          [
            4.4682129,
            43.8204006
          ],
          [
            4.4680174,
            43.8204407
          ],
          [
            4.4677541,
            43.8205044
          ]
        ]
      },
      "properties": {
        "highway": "residential",
        "color_key": "light",
        "name": "Chemin de la Treille",
        "length_m": 111
      }
    },
    {
      "type": "Feature",
      "geometry": {
        "type": "LineString",
        "coordinates": [
          [
            4.469104,
            43.8203536
          ],
          [
            4.4690376,
            43.8204669
          ],
          [
            4.4689849,
            43.8206017
          ],
          [
            4.4689572,
            43.8208985
          ],
          [
            4.4689894,
            43.8211646
          ],
          [
            4.4689773,
            43.8213571
          ],
          [
            4.4689408,
            43.821549
          ]
        ]
      },
      "properties": {
        "highway": "tertiary",
        "color_key": "medium",
        "name": "Rue de la République",
        "length_m": 135
      }
    },
    {
      "type": "Feature",
      "geometry": {
        "type": "LineString",
        "coordinates": [
          [
            4.469104,
            43.8203536
          ],
          [
            4.4695724,
            43.8198132
          ],
          [
            4.4697339,
            43.8195864
          ]
        ]
      },
      "properties": {
        "highway": "tertiary",
        "color_key": "medium",
        "name": "Rue de la République",
        "length_m": 99
      }
    },
    {
      "type": "Feature",
      "geometry": {
        "type": "LineString",
        "coordinates": [
          [
            4.4699835,
            43.8192155
          ],
          [
            4.4699659,
            43.8191637
          ]
        ]
      },
      "properties": {
        "highway": "residential",
        "color_key": "light",
        "name": "Rue Henri IV",
        "length_m": 6
      }
    },
    {
      "type": "Feature",
      "geometry": {
        "type": "LineString",
        "coordinates": [
          [
            4.4699835,
            43.8192155
          ],
          [
            4.4698912,
            43.8193525
          ],
          [
            4.4698786,
            43.8193707
          ],
          [
            4.469866,
            43.8193888
          ],
          [
            4.4698495,
            43.8194146
          ]
        ]
      },
      "properties": {
        "highway": "tertiary",
        "color_key": "medium",
        "name": "Rue de la République",
        "length_m": 25
      }
    },
    {
      "type": "Feature",
      "geometry": {
        "type": "LineString",
        "coordinates": [
          [
            4.4709447,
            43.8190053
          ],
          [
            4.4708125,
            43.8189507
          ],
          [
            4.4704519,
            43.8187791
          ],
          [
            4.4702587,
            43.818679
          ],
          [
            4.4702105,
            43.818654
          ]
        ]
      },
      "properties": {
        "highway": "unclassified",
        "color_key": "light",
        "name": "Rue Sully",
        "length_m": 71
      }
    },
    {
      "type": "Feature",
      "geometry": {
        "type": "LineString",
        "coordinates": [
          [
            4.4709447,
            43.8190053
          ],
          [
            4.4706442,
            43.8190084
          ],
          [
            4.4706096,
            43.8190088
          ],
          [
            4.470412,
            43.8190277
          ],
          [
            4.4701647,
            43.8191065
          ],
          [
            4.4701163,
            43.8191219
          ]
        ]
      },
      "properties": {
        "highway": "tertiary",
        "color_key": "medium",
        "name": "Rue de la République",
        "length_m": 69
      }
    },
    {
      "type": "Feature",
      "geometry": {
        "type": "LineString",
        "coordinates": [
          [
            4.4711429,
            43.8190323
          ],
          [
            4.4709447,
            43.8190053
          ]
        ]
      },
      "properties": {
        "highway": "tertiary",
        "color_key": "medium",
        "name": "Rue de la République",
        "length_m": 16
      }
    },
    {
      "type": "Feature",
      "geometry": {
        "type": "LineString",
        "coordinates": [
          [
            4.4719344,
            43.8182975
          ],
          [
            4.4721506,
            43.8178651
          ]
        ]
      },
      "properties": {
        "highway": "unclassified",
        "color_key": "light",
        "name": "Rue Jeanne d'Arc",
        "length_m": 51
      }
    },
    {
      "type": "Feature",
      "geometry": {
        "type": "LineString",
        "coordinates": [
          [
            4.4719344,
            43.8182975
          ],
          [
            4.4719039,
            43.8183797
          ],
          [
            4.4719572,
            43.8186332
          ],
          [
            4.4719714,
            43.8186723
          ]
        ]
      },
      "properties": {
        "highway": "unclassified",
        "color_key": "light",
        "name": "Rue Jeanne d'Arc",
        "length_m": 42
      }
    },
    {
      "type": "Feature",
      "geometry": {
        "type": "LineString",
        "coordinates": [
          [
            4.4718887,
            43.8190249
          ],
          [
            4.4719174,
            43.8187327
          ],
          [
            4.4719714,
            43.8186723
          ]
        ]
      },
      "properties": {
        "highway": "tertiary",
        "color_key": "medium",
        "name": [
          "Rue Beausoleil",
          "Cours Jean Jaurès"
        ],
        "length_m": 41
      }
    },
    {
      "type": "Feature",
      "geometry": {
        "type": "LineString",
        "coordinates": [
          [
            4.4718887,
            43.8190249
          ],
          [
            4.4722438,
            43.818958
          ],
          [
            4.4724375,
            43.8189375
          ]
        ]
      },
      "properties": {
        "highway": "residential",
        "color_key": "light",
        "name": "Rue de Provence",
        "length_m": 45
      }
    },
    {
      "type": "Feature",
      "geometry": {
        "type": "LineString",
        "coordinates": [
          [
            4.4718887,
            43.8190249
          ],
          [
            4.4718935,
            43.819049
          ],
          [
            4.4719643,
            43.8194053
          ],
          [
            4.4720072,
            43.819648
          ],
          [
            4.4723111,
            43.8196511
          ],
          [
            4.4725957,
            43.8196547
          ],
          [
            4.472951,
            43.8196591
          ],
          [
            4.4730338,
            43.8196601
          ]
        ]
      },
      "properties": {
        "highway": "residential",
        "color_key": "light",
        "name": [
          "Rue du Fort",
          "Rue Beau Soleil"
        ],
        "length_m": 152
      }
    },
    {
      "type": "Feature",
      "geometry": {
        "type": "LineString",
        "coordinates": [
          [
            4.4718887,
            43.8190249
          ],
          [
            4.4717087,
            43.8190556
          ],
          [
            4.4715227,
            43.8190716
          ],
          [
            4.4711429,
            43.8190323
          ]
        ]
      },
      "properties": {
        "highway": "tertiary",
        "color_key": "medium",
        "name": "Rue de la République",
        "length_m": 61
      }
    },
    {
      "type": "Feature",
      "geometry": {
        "type": "LineString",
        "coordinates": [
          [
            4.4698224,
            43.8171717
          ],
          [
            4.4698857,
            43.8175226
          ],
          [
            4.4699037,
            43.8176326
          ],
          [
            4.4698866,
            43.8177285
          ],
          [
            4.4698056,
            43.8177945
          ],
          [
            4.469779,
            43.8178162
          ]
        ]
      },
      "properties": {
        "highway": "tertiary",
        "color_key": "medium",
        "name": "Rue de Saint-Gilles",
        "length_m": 75
      }
    },
    {
      "type": "Feature",
      "geometry": {
        "type": "LineString",
        "coordinates": [
          [
            4.4698224,
            43.8171717
          ],
          [
            4.4698551,
            43.8171716
          ],
          [
            4.4699181,
            43.8171738
          ],
          [
            4.4713855,
            43.8172356
          ],
          [
            4.4724443,
            43.8172688
          ]
        ]
      },
      "properties": {
        "highway": "residential",
        "color_key": "light",
        "name": "Rue du 19 Mars 1962",
        "length_m": 211
      }
    },
    {
      "type": "Feature",
      "geometry": {
        "type": "LineString",
        "coordinates": [
          [
            4.4694046,
            43.8186216
          ],
          [
            4.4696058,
            43.8192123
          ]
        ]
      },
      "properties": {
        "highway": "residential",
        "color_key": "light",
        "name": "Rue Carnot",
        "length_m": 68
      }
    },
    {
      "type": "Feature",
      "geometry": {
        "type": "LineString",
        "coordinates": [
          [
            4.4694046,
            43.8186216
          ],
          [
            4.469762,
            43.8185593
          ]
        ]
      },
      "properties": {
        "highway": "tertiary",
        "color_key": "medium",
        "name": "Rue Pasteur",
        "length_m": 29
      }
    },
    {
      "type": "Feature",
      "geometry": {
        "type": "LineString",
        "coordinates": [
          [
            4.4694046,
            43.8186216
          ],
          [
            4.468509,
            43.8187699
          ],
          [
            4.4675975,
            43.8188198
          ],
          [
            4.4674343,
            43.8188282
          ]
        ]
      },
      "properties": {
        "highway": "tertiary",
        "color_key": "medium",
        "name": "Rue Pasteur",
        "length_m": 160
      }
    },
    {
      "type": "Feature",
      "geometry": {
        "type": "LineString",
        "coordinates": [
          [
            4.469762,
            43.8185593
          ],
          [
            4.4699659,
            43.8191637
          ]
        ]
      },
      "properties": {
        "highway": "residential",
        "color_key": "light",
        "name": "Rue Henri IV",
        "length_m": 69
      }
    },
    {
      "type": "Feature",
      "geometry": {
        "type": "LineString",
        "coordinates": [
          [
            4.4698495,
            43.8194146
          ],
          [
            4.4697339,
            43.8195864
          ]
        ]
      },
      "properties": {
        "highway": "tertiary",
        "color_key": "medium",
        "name": "Rue de la République",
        "length_m": 21
      }
    },
    {
      "type": "Feature",
      "geometry": {
        "type": "LineString",
        "coordinates": [
          [
            4.4698495,
            43.8194146
          ],
          [
            4.4700847,
            43.8194805
          ],
          [
            4.4704391,
            43.819371
          ],
          [
            4.47076,
            43.8193719
          ],
          [
            4.4708418,
            43.8193995
          ]
        ]
      },
      "properties": {
        "highway": "residential",
        "color_key": "light",
        "name": "Impasse Beauséjour",
        "length_m": 84
      }
    },
    {
      "type": "Feature",
      "geometry": {
        "type": "LineString",
        "coordinates": [
          [
            4.4697339,
            43.8195864
          ],
          [
            4.4696058,
            43.8192123
          ]
        ]
      },
      "properties": {
        "highway": "residential",
        "color_key": "light",
        "name": "Rue Carnot",
        "length_m": 43
      }
    },
    {
      "type": "Feature",
      "geometry": {
        "type": "LineString",
        "coordinates": [
          [
            4.4696058,
            43.8192123
          ],
          [
            4.4699659,
            43.8191637
          ]
        ]
      },
      "properties": {
        "highway": "residential",
        "color_key": "light",
        "name": "Rue de la Violette",
        "length_m": 29
      }
    },
    {
      "type": "Feature",
      "geometry": {
        "type": "LineString",
        "coordinates": [
          [
            4.4725646,
            43.818945
          ],
          [
            4.4724375,
            43.8189375
          ]
        ]
      },
      "properties": {
        "highway": "residential",
        "color_key": "light",
        "name": "Rue de Provence",
        "length_m": 10
      }
    },
    {
      "type": "Feature",
      "geometry": {
        "type": "LineString",
        "coordinates": [
          [
            4.4725646,
            43.818945
          ],
          [
            4.4725818,
            43.8188145
          ]
        ]
      },
      "properties": {
        "highway": "residential",
        "color_key": "light",
        "name": "Rue de Provence",
        "length_m": 15
      }
    },
    {
      "type": "Feature",
      "geometry": {
        "type": "LineString",
        "coordinates": [
          [
            4.4725646,
            43.818945
          ],
          [
            4.4726627,
            43.8189592
          ],
          [
            4.4728679,
            43.8189626
          ]
        ]
      },
      "properties": {
        "highway": "residential",
        "color_key": "light",
        "name": "Rue de Provence",
        "length_m": 24
      }
    },
    {
      "type": "Feature",
      "geometry": {
        "type": "LineString",
        "coordinates": [
          [
            4.4726148,
            43.8186882
          ],
          [
            4.4725818,
            43.8188145
          ]
        ]
      },
      "properties": {
        "highway": "residential",
        "color_key": "light",
        "name": "Rue de Provence",
        "length_m": 14
      }
    },
    {
      "type": "Feature",
      "geometry": {
        "type": "LineString",
        "coordinates": [
          [
            4.4726148,
            43.8186882
          ],
          [
            4.47243,
            43.8186715
          ]
        ]
      },
      "properties": {
        "highway": "tertiary",
        "color_key": "medium",
        "name": "Cours Jean Jaurès",
        "length_m": 15
      }
    },
    {
      "type": "Feature",
      "geometry": {
        "type": "LineString",
        "coordinates": [
          [
            4.4725818,
            43.8188145
          ],
          [
            4.4730505,
            43.8188034
          ],
          [
            4.4732253,
            43.8187947
          ]
        ]
      },
      "properties": {
        "highway": "living_street",
        "color_key": "light",
        "name": "Rue de l'Horloge",
        "length_m": 52
      }
    },
    {
      "type": "Feature",
      "geometry": {
        "type": "LineString",
        "coordinates": [
          [
            4.4730152,
            43.8189655
          ],
          [
            4.4728679,
            43.8189626
          ]
        ]
      },
      "properties": {
        "highway": "residential",
        "color_key": "light",
        "name": "Rue de Provence",
        "length_m": 12
      }
    },
    {
      "type": "Feature",
      "geometry": {
        "type": "LineString",
        "coordinates": [
          [
            4.4737471,
            43.818733
          ],
          [
            4.4735607,
            43.8186072
          ]
        ]
      },
      "properties": {
        "highway": "tertiary",
        "color_key": "medium",
        "name": "Cours Jean Jaurès",
        "length_m": 20
      }
    },
    {
      "type": "Feature",
      "geometry": {
        "type": "LineString",
        "coordinates": [
          [
            4.4737471,
            43.818733
          ],
          [
            4.4738701,
            43.8189016
          ],
          [
            4.473922,
            43.8189884
          ],
          [
            4.4739654,
            43.8190273
          ]
        ]
      },
      "properties": {
        "highway": "tertiary",
        "color_key": "medium",
        "name": "Cours Jean Jaurès",
        "length_m": 37
      }
    },
    {
      "type": "Feature",
      "geometry": {
        "type": "LineString",
        "coordinates": [
          [
            4.4735607,
            43.8186072
          ],
          [
            4.4733084,
            43.8186237
          ],
          [
            4.4732111,
            43.8186331
          ]
        ]
      },
      "properties": {
        "highway": "tertiary",
        "color_key": "medium",
        "name": "Cours Jean Jaurès",
        "length_m": 28
      }
    },
    {
      "type": "Feature",
      "geometry": {
        "type": "LineString",
        "coordinates": [
          [
            4.4771034,
            43.8185571
          ],
          [
            4.4767843,
            43.8185439
          ]
        ]
      },
      "properties": {
        "highway": "tertiary",
        "color_key": "medium",
        "name": "Rue de Bellegarde",
        "length_m": 26
      }
    },
    {
      "type": "Feature",
      "geometry": {
        "type": "LineString",
        "coordinates": [
          [
            4.4771034,
            43.8185571
          ],
          [
            4.4771004,
            43.8185897
          ],
          [
            4.477096,
            43.8186273
          ],
          [
            4.4770667,
            43.8190605
          ],
          [
            4.4769754,
            43.820024
          ],
          [
            4.4769394,
            43.8200419
          ]
        ]
      },
      "properties": {
        "highway": "residential",
        "color_key": "light",
        "name": "Impasse de la Grange aux Lierres",
        "length_m": 167
      }
    },
    {
      "type": "Feature",
      "geometry": {
        "type": "LineString",
        "coordinates": [
          [
            4.4771034,
            43.8185571
          ],
          [
            4.4777451,
            43.8186133
          ],
          [
            4.4778253,
            43.8186225
          ]
        ]
      },
      "properties": {
        "highway": "tertiary",
        "color_key": "medium",
        "name": "Rue de Bellegarde",
        "length_m": 58
      }
    },
    {
      "type": "Feature",
      "geometry": {
        "type": "LineString",
        "coordinates": [
          [
            4.473187,
            43.8194991
          ],
          [
            4.4732604,
            43.819467
          ]
        ]
      },
      "properties": {
        "highway": "living_street",
        "color_key": "light",
        "name": "Rue du Fort",
        "length_m": 7
      }
    },
    {
      "type": "Feature",
      "geometry": {
        "type": "LineString",
        "coordinates": [
          [
            4.473187,
            43.8194991
          ],
          [
            4.4731793,
            43.8196042
          ],
          [
            4.4730909,
            43.819659
          ],
          [
            4.4730338,
            43.8196601
          ]
        ]
      },
      "properties": {
        "highway": "living_street",
        "color_key": "light",
        "name": "Rue du Fort",
        "length_m": 26
      }
    },
    {
      "type": "Feature",
      "geometry": {
        "type": "LineString",
        "coordinates": [
          [
            4.473187,
            43.8194991
          ],
          [
            4.4731604,
            43.8194701
          ],
          [
            4.4730289,
            43.819458
          ]
        ]
      },
      "properties": {
        "highway": "residential",
        "color_key": "light",
        "name": "Rue Turenne",
        "length_m": 15
      }
    },
    {
      "type": "Feature",
      "geometry": {
        "type": "LineString",
        "coordinates": [
          [
            4.4732604,
            43.819467
          ],
          [
            4.4733139,
            43.8194579
          ],
          [
            4.4734992,
            43.8194264
          ],
          [
            4.4736354,
            43.8194196
          ],
          [
            4.473734,
            43.8193609
          ],
          [
            4.4738678,
            43.8193317
          ],
          [
            4.4740731,
            43.8192378
          ],
          [
            4.4742948,
            43.8191364
          ],
          [
            4.4745283,
            43.8190713
          ]
        ]
      },
      "properties": {
        "highway": "living_street",
        "color_key": "light",
        "name": "Rue Colbert",
        "length_m": 113
      }
    },
    {
      "type": "Feature",
      "geometry": {
        "type": "LineString",
        "coordinates": [
          [
            4.4732604,
            43.819467
          ],
          [
            4.4732955,
            43.8192804
          ],
          [
            4.4732953,
            43.8190737
          ]
        ]
      },
      "properties": {
        "highway": "living_street",
        "color_key": "light",
        "name": "Rue du Fort",
        "length_m": 44
      }
    },
    {
      "type": "Feature",
      "geometry": {
        "type": "LineString",
        "coordinates": [
          [
            4.4732953,
            43.8190737
          ],
          [
            4.4738315,
            43.8190618
          ],
          [
            4.4738895,
            43.8190512
          ],
          [
            4.4739654,
            43.8190273
          ]
        ]
      },
      "properties": {
        "highway": "living_street",
        "color_key": "light",
        "name": "Rue du Fort",
        "length_m": 54
      }
    },
    {
      "type": "Feature",
      "geometry": {
        "type": "LineString",
        "coordinates": [
          [
            4.4739654,
            43.8190273
          ],
          [
            4.4740118,
            43.8190426
          ],
          [
            4.4742603,
            43.819019
          ],
          [
            4.4743913,
            43.8190358
          ],
          [
            4.4745283,
            43.8190713
          ]
        ]
      },
      "properties": {
        "highway": "tertiary",
        "color_key": "medium",
        "name": "Rue du Fort",
        "length_m": 47
      }
    },
    {
      "type": "Feature",
      "geometry": {
        "type": "LineString",
        "coordinates": [
          [
            4.4745283,
            43.8190713
          ],
          [
            4.4746209,
            43.8190235
          ],
          [
            4.4746327,
            43.8190174
          ],
          [
            4.4748875,
            43.8189632
          ],
          [
            4.475864,
            43.81871
          ]
        ]
      },
      "properties": {
        "highway": "tertiary",
        "color_key": "medium",
        "name": "Rue de Bellegarde",
        "length_m": 115
      }
    },
    {
      "type": "Feature",
      "geometry": {
        "type": "LineString",
        "coordinates": [
          [
            4.4745283,
            43.8190713
          ],
          [
            4.474391,
            43.818986
          ],
          [
            4.4743133,
            43.818787
          ],
          [
            4.4741648,
            43.8185498
          ],
          [
            4.4741835,
            43.818452
          ],
          [
            4.4741923,
            43.8179282
          ]
        ]
      },
      "properties": {
        "highway": "residential",
        "color_key": "light",
        "name": "Rue Frédéric Mistral",
        "length_m": 136
      }
    },
    {
      "type": "Feature",
      "geometry": {
        "type": "LineString",
        "coordinates": [
          [
            4.4745283,
            43.8190713
          ],
          [
            4.4745715,
            43.8191312
          ],
          [
            4.4746146,
            43.8191911
          ],
          [
            4.4747266,
            43.8193213
          ],
          [
            4.4747966,
            43.8194237
          ],
          [
            4.4748463,
            43.8195029
          ],
          [
            4.4749518,
            43.819671
          ]
        ]
      },
      "properties": {
        "highway": "tertiary",
        "color_key": "medium",
        "name": "Avenue Pierre Mendès France",
        "length_m": 75
      }
    },
    {
      "type": "Feature",
      "geometry": {
        "type": "LineString",
        "coordinates": [
          [
            4.4804931,
            43.8190351
          ],
          [
            4.4805012,
            43.8190605
          ],
          [
            4.4805075,
            43.8190802
          ],
          [
            4.4808285,
            43.82001
          ]
        ]
      },
      "properties": {
        "highway": "residential",
        "color_key": "light",
        "name": "Impasse du Pontet",
        "length_m": 112
      }
    },
    {
      "type": "Feature",
      "geometry": {
        "type": "LineString",
        "coordinates": [
          [
            4.4804931,
            43.8190351
          ],
          [
            4.4804112,
            43.8190224
          ],
          [
            4.480089,
            43.8189551
          ]
        ]
      },
      "properties": {
        "highway": "tertiary",
        "color_key": "medium",
        "name": "Rue de Bellegarde",
        "length_m": 34
      }
    },
    {
      "type": "Feature",
      "geometry": {
        "type": "LineString",
        "coordinates": [
          [
            4.4804931,
            43.8190351
          ],
          [
            4.4807582,
            43.819037
          ],
          [
            4.4808917,
            43.8190293
          ],
          [
            4.4809963,
            43.8190232
          ],
          [
            4.4811983,
            43.8189869
          ],
          [
            4.4817698,
            43.8188343
          ],
          [
            4.4819289,
            43.8187852
          ]
        ]
      },
      "properties": {
        "highway": "tertiary",
        "color_key": "medium",
        "name": "Rue de Bellegarde",
        "length_m": 120
      }
    },
    {
      "type": "Feature",
      "geometry": {
        "type": "LineString",
        "coordinates": [
          [
            4.4827089,
            43.8185284
          ],
          [
            4.4825925,
            43.8185678
          ]
        ]
      },
      "properties": {
        "highway": "tertiary",
        "color_key": "medium",
        "name": "Rue de Bellegarde",
        "length_m": 10
      }
    },
    {
      "type": "Feature",
      "geometry": {
        "type": "LineString",
        "coordinates": [
          [
            4.4827089,
            43.8185284
          ],
          [
            4.4835864,
            43.818203
          ],
          [
            4.4840879,
            43.8181013
          ],
          [
            4.4842494,
            43.8180841
          ],
          [
            4.4842891,
            43.8180799
          ]
        ]
      },
      "properties": {
        "highway": "tertiary",
        "color_key": "medium",
        "name": "Rue de Bellegarde",
        "length_m": 137
      }
    },
    {
      "type": "Feature",
      "geometry": {
        "type": "LineString",
        "coordinates": [
          [
            4.4827089,
            43.8185284
          ],
          [
            4.4827533,
            43.8185686
          ],
          [
            4.4827694,
            43.8185827
          ],
          [
            4.4829331,
            43.8187237
          ],
          [
            4.4830618,
            43.8188244
          ],
          [
            4.4832335,
            43.8189792
          ],
          [
            4.4834695,
            43.8192153
          ],
          [
            4.4835714,
            43.819374
          ],
          [
            4.4835777,
            43.819387
          ]
        ]
      },
      "properties": {
        "highway": "unclassified",
        "color_key": "light",
        "name": "",
        "length_m": 119
      }
    },
    {
      "type": "Feature",
      "geometry": {
        "type": "LineString",
        "coordinates": [
          [
            4.4868387,
            43.8176185
          ],
          [
            4.4868044,
            43.8175805
          ],
          [
            4.4866504,
            43.8174107
          ],
          [
            4.4865444,
            43.8172928
          ]
        ]
      },
      "properties": {
        "highway": "residential",
        "color_key": "light",
        "name": "Rue de Bavière",
        "length_m": 43
      }
    },
    {
      "type": "Feature",
      "geometry": {
        "type": "LineString",
        "coordinates": [
          [
            4.4868387,
            43.8176185
          ],
          [
            4.4870353,
            43.8178398
          ],
          [
            4.4874096,
            43.818251
          ],
          [
            4.4875794,
            43.8184376
          ],
          [
            4.4879714,
            43.8188684
          ],
          [
            4.4880988,
            43.8190822
          ],
          [
            4.4882962,
            43.819294
          ]
        ]
      },
      "properties": {
        "highway": "residential",
        "color_key": "light",
        "name": "Avenue André Mazoyer",
        "length_m": 220
      }
    },
    {
      "type": "Feature",
      "geometry": {
        "type": "LineString",
        "coordinates": [
          [
            4.4868387,
            43.8176185
          ],
          [
            4.4866216,
            43.8176791
          ],
          [
            4.4861393,
            43.8177721
          ],
          [
            4.4860982,
            43.8177799
          ],
          [
            4.4857444,
            43.8178628
          ],
          [
            4.4854094,
            43.8179281
          ],
          [
            4.4852415,
            43.8179609
          ],
          [
            4.4847299,
            43.8180471
          ],
          [
            4.4845567,
            43.8180535
          ],
          [
            4.4844956,
            43.8180557
          ]
        ]
      },
      "properties": {
        "highway": "unclassified",
        "color_key": "light",
        "name": "Chemin de Jonquières",
        "length_m": 195
      }
    },
    {
      "type": "Feature",
      "geometry": {
        "type": "LineString",
        "coordinates": [
          [
            4.4868387,
            43.8176185
          ],
          [
            4.4873895,
            43.8173665
          ],
          [
            4.4878394,
            43.8171606
          ],
          [
            4.4879236,
            43.8171221
          ]
        ]
      },
      "properties": {
        "highway": "unclassified",
        "color_key": "light",
        "name": "Chemin de Jonquières",
        "length_m": 103
      }
    },
    {
      "type": "Feature",
      "geometry": {
        "type": "LineString",
        "coordinates": [
          [
            4.4738105,
            43.8121444
          ],
          [
            4.4737988,
            43.8121866
          ],
          [
            4.4736546,
            43.8127178
          ]
        ]
      },
      "properties": {
        "highway": "unclassified",
        "color_key": "light",
        "name": "Rue Jeanne d'Arc Prolongée",
        "length_m": 65
      }
    },
    {
      "type": "Feature",
      "geometry": {
        "type": "LineString",
        "coordinates": [
          [
            4.4738105,
            43.8121444
          ],
          [
            4.4738342,
            43.8120931
          ],
          [
            4.4738922,
            43.8119681
          ],
          [
            4.4739075,
            43.8119352
          ]
        ]
      },
      "properties": {
        "highway": "unclassified",
        "color_key": "light",
        "name": "Rue Jeanne d'Arc Prolongée",
        "length_m": 25
      }
    },
    {
      "type": "Feature",
      "geometry": {
        "type": "LineString",
        "coordinates": [
          [
            4.4738105,
            43.8121444
          ],
          [
            4.473745,
            43.8120613
          ],
          [
            4.473672,
            43.8120243
          ]
        ]
      },
      "properties": {
        "highway": "unclassified",
        "color_key": "light",
        "name": "Rue Jeanne d'Arc Prolongée",
        "length_m": 18
      }
    },
    {
      "type": "Feature",
      "geometry": {
        "type": "LineString",
        "coordinates": [
          [
            4.4736546,
            43.8127178
          ],
          [
            4.4736064,
            43.8130786
          ]
        ]
      },
      "properties": {
        "highway": "unclassified",
        "color_key": "light",
        "name": "Rue Jeanne d'Arc Prolongée",
        "length_m": 40
      }
    },
    {
      "type": "Feature",
      "geometry": {
        "type": "LineString",
        "coordinates": [
          [
            4.4736546,
            43.8127178
          ],
          [
            4.4742285,
            43.8127089
          ],
          [
            4.4743077,
            43.8126957
          ],
          [
            4.4743509,
            43.8126657
          ],
          [
            4.4744031,
            43.8125206
          ],
          [
            4.4744513,
            43.8124857
          ],
          [
            4.4745526,
            43.8124807
          ],
          [
            4.4746041,
            43.8124433
          ],
          [
            4.4746019,
            43.8119159
          ]
        ]
      },
      "properties": {
        "highway": "residential",
        "color_key": "light",
        "name": "Rue Cantagrive",
        "length_m": 152
      }
    },
    {
      "type": "Feature",
      "geometry": {
        "type": "LineString",
        "coordinates": [
          [
            4.4735187,
            43.8137237
          ],
          [
            4.4736064,
            43.8130786
          ]
        ]
      },
      "properties": {
        "highway": "unclassified",
        "color_key": "light",
        "name": "Rue Jeanne d'Arc Prolongée",
        "length_m": 72
      }
    },
    {
      "type": "Feature",
      "geometry": {
        "type": "LineString",
        "coordinates": [
          [
            4.4735187,
            43.8137237
          ],
          [
            4.4735044,
            43.814051
          ],
          [
            4.4734915,
            43.8143477
          ],
          [
            4.4734897,
            43.8143893
          ],
          [
            4.4734698,
            43.814847
          ],
          [
            4.4734584,
            43.81511
          ]
        ]
      },
      "properties": {
        "highway": "unclassified",
        "color_key": "light",
        "name": "Rue Jeanne d'Arc Prolongée",
        "length_m": 154
      }
    },
    {
      "type": "Feature",
      "geometry": {
        "type": "LineString",
        "coordinates": [
          [
            4.4735187,
            43.8137237
          ],
          [
            4.473606,
            43.8137206
          ],
          [
            4.4745602,
            43.8136865
          ]
        ]
      },
      "properties": {
        "highway": "residential",
        "color_key": "light",
        "name": "Impasse Canabière",
        "length_m": 84
      }
    },
    {
      "type": "Feature",
      "geometry": {
        "type": "LineString",
        "coordinates": [
          [
            4.4734584,
            43.81511
          ],
          [
            4.4734286,
            43.8151934
          ],
          [
            4.473403,
            43.8152653
          ]
        ]
      },
      "properties": {
        "highway": "unclassified",
        "color_key": "light",
        "name": "Rue Jeanne d'Arc",
        "length_m": 18
      }
    },
    {
      "type": "Feature",
      "geometry": {
        "type": "LineString",
        "coordinates": [
          [
            4.4734584,
            43.81511
          ],
          [
            4.4735361,
            43.8150557
          ],
          [
            4.4742092,
            43.8147526
          ],
          [
            4.4748092,
            43.8144938
          ]
        ]
      },
      "properties": {
        "highway": "unclassified",
        "color_key": "light",
        "name": "Chemin de la Vieille Fontaine",
        "length_m": 128
      }
    },
    {
      "type": "Feature",
      "geometry": {
        "type": "LineString",
        "coordinates": [
          [
            4.4755316,
            43.8141871
          ],
          [
            4.4753374,
            43.8139137
          ],
          [
            4.4753414,
            43.8138187
          ],
          [
            4.4753906,
            43.8137599
          ],
          [
            4.4757269,
            43.8135964
          ]
        ]
      },
      "properties": {
        "highway": "residential",
        "color_key": "light",
        "name": "Rue des Oliviers",
        "length_m": 85
      }
    },
    {
      "type": "Feature",
      "geometry": {
        "type": "LineString",
        "coordinates": [
          [
            4.4755316,
            43.8141871
          ],
          [
            4.4749372,
            43.8144395
          ],
          [
            4.4748092,
            43.8144938
          ]
        ]
      },
      "properties": {
        "highway": "unclassified",
        "color_key": "light",
        "name": "Chemin de la Vieille Fontaine",
        "length_m": 67
      }
    },
    {
      "type": "Feature",
      "geometry": {
        "type": "LineString",
        "coordinates": [
          [
            4.4755316,
            43.8141871
          ],
          [
            4.4766548,
            43.813797
          ],
          [
            4.4767642,
            43.8136932
          ],
          [
            4.4768086,
            43.8135795
          ],
          [
            4.4768132,
            43.8134649
          ]
        ]
      },
      "properties": {
        "highway": "unclassified",
        "color_key": "light",
        "name": "Chemin de la Vieille Fontaine",
        "length_m": 140
      }
    },
    {
      "type": "Feature",
      "geometry": {
        "type": "LineString",
        "coordinates": [
          [
            4.4748092,
            43.8144938
          ],
          [
            4.4752825,
            43.8153766
          ],
          [
            4.4753369,
            43.8154335
          ]
        ]
      },
      "properties": {
        "highway": "residential",
        "color_key": "light",
        "name": "Rue des Lavandières",
        "length_m": 113
      }
    },
    {
      "type": "Feature",
      "geometry": {
        "type": "LineString",
        "coordinates": [
          [
            4.4753369,
            43.8154335
          ],
          [
            4.4754151,
            43.815616
          ],
          [
            4.4755978,
            43.8158323
          ]
        ]
      },
      "properties": {
        "highway": "residential",
        "color_key": "light",
        "name": "Rue des Lavandières",
        "length_m": 49
      }
    },
    {
      "type": "Feature",
      "geometry": {
        "type": "LineString",
        "coordinates": [
          [
            4.4753369,
            43.8154335
          ],
          [
            4.4754253,
            43.8154324
          ],
          [
            4.4756791,
            43.8153288
          ],
          [
            4.475777,
            43.8153574
          ],
          [
            4.476142,
            43.8159373
          ],
          [
            4.4761352,
            43.8160185
          ],
          [
            4.4760077,
            43.8161076
          ],
          [
            4.4760242,
            43.8161799
          ]
        ]
      },
      "properties": {
        "highway": "residential",
        "color_key": "light",
        "name": "Rue des Lavandières",
        "length_m": 141
      }
    },
    {
      "type": "Feature",
      "geometry": {
        "type": "LineString",
        "coordinates": [
          [
            4.4760242,
            43.8161799
          ],
          [
            4.4759201,
            43.8161386
          ],
          [
            4.4755978,
            43.8158323
          ]
        ]
      },
      "properties": {
        "highway": "residential",
        "color_key": "light",
        "name": "Rue des Lavandières",
        "length_m": 52
      }
    },
    {
      "type": "Feature",
      "geometry": {
        "type": "LineString",
        "coordinates": [
          [
            4.4760242,
            43.8161799
          ],
          [
            4.4764125,
            43.8165099
          ],
          [
            4.4767089,
            43.8169482
          ],
          [
            4.4767233,
            43.8169695
          ]
        ]
      },
      "properties": {
        "highway": "residential",
        "color_key": "light",
        "name": "Rue des Lavandières",
        "length_m": 105
      }
    },
    {
      "type": "Feature",
      "geometry": {
        "type": "LineString",
        "coordinates": [
          [
            4.4755978,
            43.8158323
          ],
          [
            4.4752379,
            43.816077
          ],
          [
            4.4740708,
            43.8164271
          ]
        ]
      },
      "properties": {
        "highway": "residential",
        "color_key": "light",
        "name": "Impasse des Lavandières",
        "length_m": 141
      }
    },
    {
      "type": "Feature",
      "geometry": {
        "type": "LineString",
        "coordinates": [
          [
            4.4727889,
            43.8165693
          ],
          [
            4.4724443,
            43.8172688
          ]
        ]
      },
      "properties": {
        "highway": "unclassified",
        "color_key": "light",
        "name": "Rue Jeanne d'Arc",
        "length_m": 83
      }
    },
    {
      "type": "Feature",
      "geometry": {
        "type": "LineString",
        "coordinates": [
          [
            4.4727889,
            43.8165693
          ],
          [
            4.4731114,
            43.8159937
          ],
          [
            4.4731996,
            43.8158362
          ],
          [
            4.4732717,
            43.815634
          ]
        ]
      },
      "properties": {
        "highway": "unclassified",
        "color_key": "light",
        "name": "Rue Jeanne d'Arc",
        "length_m": 111
      }
    },
    {
      "type": "Feature",
      "geometry": {
        "type": "LineString",
        "coordinates": [
          [
            4.4727889,
            43.8165693
          ],
          [
            4.4728735,
            43.8167272
          ],
          [
            4.4729195,
            43.8168893
          ]
        ]
      },
      "properties": {
        "highway": "living_street",
        "color_key": "light",
        "name": "Rue de la Paix",
        "length_m": 37
      }
    },
    {
      "type": "Feature",
      "geometry": {
        "type": "LineString",
        "coordinates": [
          [
            4.4732623,
            43.8180961
          ],
          [
            4.4731773,
            43.8177969
          ]
        ]
      },
      "properties": {
        "highway": "living_street",
        "color_key": "light",
        "name": "Rue de la Paix",
        "length_m": 34
      }
    },
    {
      "type": "Feature",
      "geometry": {
        "type": "LineString",
        "coordinates": [
          [
            4.4732623,
            43.8180961
          ],
          [
            4.4735054,
            43.8180522
          ]
        ]
      },
      "properties": {
        "highway": "unclassified",
        "color_key": "light",
        "name": "Rue Victor Hugo",
        "length_m": 20
      }
    },
    {
      "type": "Feature",
      "geometry": {
        "type": "LineString",
        "coordinates": [
          [
            4.4732623,
            43.8180961
          ],
          [
            4.4733579,
            43.8184225
          ],
          [
            4.4733566,
            43.8184537
          ],
          [
            4.4733559,
            43.8184699
          ]
        ]
      },
      "properties": {
        "highway": "living_street",
        "color_key": "light",
        "name": "Rue de la Paix",
        "length_m": 42
      }
    },
    {
      "type": "Feature",
      "geometry": {
        "type": "LineString",
        "coordinates": [
          [
            4.4755132,
            43.8174743
          ],
          [
            4.4753698,
            43.8175708
          ]
        ]
      },
      "properties": {
        "highway": "unclassified",
        "color_key": "light",
        "name": "Rue Victor Hugo",
        "length_m": 16
      }
    },
    {
      "type": "Feature",
      "geometry": {
        "type": "LineString",
        "coordinates": [
          [
            4.4755132,
            43.8174743
          ],
          [
            4.4758501,
            43.8172997
          ],
          [
            4.4763088,
            43.8171522
          ]
        ]
      },
      "properties": {
        "highway": "unclassified",
        "color_key": "light",
        "name": "Rue Victor Hugo",
        "length_m": 74
      }
    },
    {
      "type": "Feature",
      "geometry": {
        "type": "LineString",
        "coordinates": [
          [
            4.4755132,
            43.8174743
          ],
          [
            4.4757497,
            43.8183577
          ],
          [
            4.475856,
            43.8186855
          ],
          [
            4.475864,
            43.81871
          ]
        ]
      },
      "properties": {
        "highway": "residential",
        "color_key": "light",
        "name": "Rue Alsace Lorraine",
        "length_m": 140
      }
    },
    {
      "type": "Feature",
      "geometry": {
        "type": "LineString",
        "coordinates": [
          [
            4.4767233,
            43.8169695
          ],
          [
            4.4777006,
            43.8165188
          ],
          [
            4.4786063,
            43.8160982
          ],
          [
            4.4788078,
            43.8158865
          ],
          [
            4.4790975,
            43.8156521
          ],
          [
            4.4804279,
            43.8146091
          ],
          [
            4.4805337,
            43.8145559
          ],
          [
            4.4806504,
            43.8145416
          ],
          [
            4.4815222,
            43.8145936
          ],
          [
            4.482005,
            43.8146401
          ],
          [
            4.4825093,
            43.8146556
          ],
          [
            4.4828204,
            43.8146169
          ],
          [
            4.4835714,
            43.8145007
          ],
          [
            4.4842581,
            43.8143769
          ],
          [
            4.4847628,
            43.8143002
          ],
          [
            4.4848696,
            43.814284
          ],
          [
            4.4853632,
            43.8141678
          ],
          [
            4.4857467,
            43.8140405
          ],
          [
            4.4862551,
            43.8138761
          ]
        ]
      },
      "properties": {
        "highway": "unclassified",
        "color_key": "light",
        "name": [
          "Chemin du Pont de Claux",
          "Rue Victor Hugo"
        ],
        "length_m": 884
      }
    },
    {
      "type": "Feature",
      "geometry": {
        "type": "LineString",
        "coordinates": [
          [
            4.4767233,
            43.8169695
          ],
          [
            4.4763693,
            43.8171327
          ],
          [
            4.4763088,
            43.8171522
          ]
        ]
      },
      "properties": {
        "highway": "unclassified",
        "color_key": "light",
        "name": "Rue Victor Hugo",
        "length_m": 39
      }
    },
    {
      "type": "Feature",
      "geometry": {
        "type": "LineString",
        "coordinates": [
          [
            4.4659459,
            43.8162614
          ],
          [
            4.4660626,
            43.8163274
          ],
          [
            4.4660942,
            43.8163418
          ],
          [
            4.4663315,
            43.8164395
          ]
        ]
      },
      "properties": {
        "highway": "tertiary",
        "color_key": "medium",
        "name": "Route de Bouillargues",
        "length_m": 37
      }
    },
    {
      "type": "Feature",
      "geometry": {
        "type": "LineString",
        "coordinates": [
          [
            4.4659459,
            43.8162614
          ],
          [
            4.4652515,
            43.8159038
          ],
          [
            4.4649012,
            43.8156721
          ]
        ]
      },
      "properties": {
        "highway": "tertiary",
        "color_key": "medium",
        "name": "Route de Bouillargues",
        "length_m": 107
      }
    },
    {
      "type": "Feature",
      "geometry": {
        "type": "LineString",
        "coordinates": [
          [
            4.4659459,
            43.8162614
          ],
          [
            4.4659144,
            43.8162891
          ],
          [
            4.465861,
            43.8163267
          ],
          [
            4.4655331,
            43.8163294
          ],
          [
            4.4648809,
            43.8163348
          ],
          [
            4.4645176,
            43.8163378
          ],
          [
            4.4644429,
            43.8163384
          ],
          [
            4.4632726,
            43.8163315
          ]
        ]
      },
      "properties": {
        "highway": "residential",
        "color_key": "light",
        "name": "Chemin de l'Abadie",
        "length_m": 218
      }
    },
    {
      "type": "Feature",
      "geometry": {
        "type": "LineString",
        "coordinates": [
          [
            4.4647188,
            43.8155709
          ],
          [
            4.4649012,
            43.8156721
          ]
        ]
      },
      "properties": {
        "highway": "tertiary",
        "color_key": "medium",
        "name": "Route de Bouillargues",
        "length_m": 18
      }
    },
    {
      "type": "Feature",
      "geometry": {
        "type": "LineString",
        "coordinates": [
          [
            4.4647188,
            43.8155709
          ],
          [
            4.4644134,
            43.8153182
          ]
        ]
      },
      "properties": {
        "highway": "tertiary",
        "color_key": "medium",
        "name": "Route de Bouillargues",
        "length_m": 37
      }
    },
    {
      "type": "Feature",
      "geometry": {
        "type": "LineString",
        "coordinates": [
          [
            4.4647188,
            43.8155709
          ],
          [
            4.4653312,
            43.8154764
          ],
          [
            4.4652854,
            43.8153236
          ]
        ]
      },
      "properties": {
        "highway": "residential",
        "color_key": "light",
        "name": "Impasse le Verger",
        "length_m": 68
      }
    },
    {
      "type": "Feature",
      "geometry": {
        "type": "LineString",
        "coordinates": [
          [
            4.4689408,
            43.821549
          ],
          [
            4.4688506,
            43.8218188
          ],
          [
            4.4687833,
            43.8220198
          ],
          [
            4.4682196,
            43.8232846
          ],
          [
            4.4680458,
            43.8237529
          ],
          [
            4.4677401,
            43.824555
          ],
          [
            4.4677145,
            43.8246211
          ],
          [
            4.4674149,
            43.8254139
          ],
          [
            4.4668999,
            43.8265171
          ],
          [
            4.4667759,
            43.8270156
          ],
          [
            4.4666972,
            43.8280233
          ]
        ]
      },
      "properties": {
        "highway": "tertiary",
        "color_key": "medium",
        "name": "Rue de la République",
        "length_m": 745
      }
    },
    {
      "type": "Feature",
      "geometry": {
        "type": "LineString",
        "coordinates": [
          [
            4.4689408,
            43.821549
          ],
          [
            4.4689945,
            43.8215544
          ],
          [
            4.4694374,
            43.821605
          ],
          [
            4.4702902,
            43.821721
          ],
          [
            4.4705398,
            43.8217714
          ]
        ]
      },
      "properties": {
        "highway": "unclassified",
        "color_key": "light",
        "name": "Chemin du Parc",
        "length_m": 131
      }
    },
    {
      "type": "Feature",
      "geometry": {
        "type": "LineString",
        "coordinates": [
          [
            4.4666627,
            43.8283198
          ],
          [
            4.4666749,
            43.8282168
          ]
        ]
      },
      "properties": {
        "highway": "tertiary",
        "color_key": "medium",
        "name": "Rue de la République",
        "length_m": 11
      }
    },
    {
      "type": "Feature",
      "geometry": {
        "type": "LineString",
        "coordinates": [
          [
            4.4666627,
            43.8283198
          ],
          [
            4.4666757,
            43.8285749
          ],
          [
            4.4666968,
            43.8286274
          ],
          [
            4.4667982,
            43.8287617
          ]
        ]
      },
      "properties": {
        "highway": "tertiary",
        "color_key": "medium",
        "name": "Rue de la République",
        "length_m": 51
      }
    },
    {
      "type": "Feature",
      "geometry": {
        "type": "LineString",
        "coordinates": [
          [
            4.4815818,
            43.8532315
          ],
          [
            4.4815647,
            43.853201
          ],
          [
            4.4814948,
            43.853183
          ],
          [
            4.4810531,
            43.8532508
          ],
          [
            4.4809581,
            43.8532283
          ],
          [
            4.4809074,
            43.8531728
          ],
          [
            4.480774,
            43.8527873
          ]
        ]
      },
      "properties": {
        "highway": "residential",
        "color_key": "light",
        "name": "",
        "length_m": 105
      }
    },
    {
      "type": "Feature",
      "geometry": {
        "type": "LineString",
        "coordinates": [
          [
            4.4815818,
            43.8532315
          ],
          [
            4.4816983,
            43.8531754
          ],
          [
            4.4818988,
            43.8530834
          ],
          [
            4.4832477,
            43.8528102
          ],
          [
            4.4838121,
            43.8526747
          ],
          [
            4.4841255,
            43.8525825
          ],
          [
            4.484936,
            43.8523507
          ],
          [
            4.4857225,
            43.8521258
          ],
          [
            4.4878788,
            43.8519788
          ]
        ]
      },
      "properties": {
        "highway": "secondary",
        "color_key": "medium",
        "name": "",
        "length_m": 529
      }
    },
    {
      "type": "Feature",
      "geometry": {
        "type": "LineString",
        "coordinates": [
          [
            4.4878788,
            43.8519788
          ],
          [
            4.4881967,
            43.8518581
          ],
          [
            4.4885617,
            43.8516342
          ],
          [
            4.4888247,
            43.8513103
          ],
          [
            4.4888793,
            43.8511442
          ]
        ]
      },
      "properties": {
        "highway": "secondary",
        "color_key": "medium",
        "name": "",
        "length_m": 128
      }
    },
    {
      "type": "Feature",
      "geometry": {
        "type": "LineString",
        "coordinates": [
          [
            4.4878788,
            43.8519788
          ],
          [
            4.4879915,
            43.8519896
          ],
          [
            4.4882168,
            43.8519906
          ],
          [
            4.4886191,
            43.8519519
          ],
          [
            4.4887398,
            43.8519084
          ]
        ]
      },
      "properties": {
        "highway": "unclassified",
        "color_key": "light",
        "name": "",
        "length_m": 71
      }
    },
    {
      "type": "Feature",
      "geometry": {
        "type": "LineString",
        "coordinates": [
          [
            4.4888793,
            43.8511442
          ],
          [
            4.4889374,
            43.8512798
          ],
          [
            4.4888378,
            43.8517227
          ],
          [
            4.488792,
            43.8518285
          ],
          [
            4.4887398,
            43.8519084
          ]
        ]
      },
      "properties": {
        "highway": "unclassified",
        "color_key": "light",
        "name": "Chemin de Manduel",
        "length_m": 88
      }
    },
    {
      "type": "Feature",
      "geometry": {
        "type": "LineString",
        "coordinates": [
          [
            4.4550634,
            43.8489032
          ],
          [
            4.454823,
            43.8487647
          ],
          [
            4.4546469,
            43.8487237
          ],
          [
            4.454018,
            43.8487898
          ],
          [
            4.4536759,
            43.8488703
          ],
          [
            4.4531373,
            43.8490933
          ],
          [
            4.452888,
            43.8491785
          ],
          [
            4.452764,
            43.8492472
          ],
          [
            4.4526731,
            43.8494079
          ],
          [
            4.4521052,
            43.8496075
          ],
          [
            4.4516505,
            43.8497222
          ],
          [
            4.4510559,
            43.8499281
          ],
          [
            4.450962,
            43.8499621
          ],
          [
            4.4508761,
            43.8499915
          ],
          [
            4.4501831,
            43.8500465
          ],
          [
            4.4488984,
            43.8502582
          ],
          [
            4.4484369,
            43.8502713
          ],
          [
            4.4481324,
            43.8502799
          ],
          [
            4.4480429,
            43.8502733
          ],
          [
            4.4473913,
            43.8502252
          ],
          [
            4.4473409,
            43.8502228
          ],
          [
            4.44702,
            43.8502075
          ],
          [
            4.4462961,
            43.8501989
          ]
        ]
      },
      "properties": {
        "highway": "unclassified",
        "color_key": "light",
        "name": "Chemin de la Carrière de la Procession",
        "length_m": 752
      }
    },
    {
      "type": "Feature",
      "geometry": {
        "type": "LineString",
        "coordinates": [
          [
            4.4550634,
            43.8489032
          ],
          [
            4.4551159,
            43.8488643
          ],
          [
            4.455202,
            43.8487826
          ],
          [
            4.4552571,
            43.8487341
          ],
          [
            4.4558572,
            43.8484417
          ],
          [
            4.4561301,
            43.8482592
          ]
        ]
      },
      "properties": {
        "highway": "unclassified",
        "color_key": "light",
        "name": "",
        "length_m": 112
      }
    },
    {
      "type": "Feature",
      "geometry": {
        "type": "LineString",
        "coordinates": [
          [
            4.4561301,
            43.8482592
          ],
          [
            4.4561564,
            43.8482253
          ]
        ]
      },
      "properties": {
        "highway": "unclassified",
        "color_key": "light",
        "name": "",
        "length_m": 4
      }
    },
    {
      "type": "Feature",
      "geometry": {
        "type": "LineString",
        "coordinates": [
          [
            4.4561301,
            43.8482592
          ],
          [
            4.4562008,
            43.8483089
          ],
          [
            4.456982,
            43.8484549
          ],
          [
            4.4578852,
            43.8485875
          ],
          [
            4.4587221,
            43.8486648
          ],
          [
            4.4596233,
            43.8487035
          ],
          [
            4.4604703,
            43.8486416
          ],
          [
            4.4608168,
            43.8486668
          ]
        ]
      },
      "properties": {
        "highway": "unclassified",
        "color_key": "light",
        "name": "",
        "length_m": 383
      }
    },
    {
      "type": "Feature",
      "geometry": {
        "type": "LineString",
        "coordinates": [
          [
            4.4583795,
            43.8473651
          ],
          [
            4.4584335,
            43.8468111
          ],
          [
            4.4584384,
            43.8462441
          ],
          [
            4.4585122,
            43.8458933
          ],
          [
            4.4585461,
            43.8458132
          ],
          [
            4.4588311,
            43.8451405
          ],
          [
            4.4594148,
            43.8440264
          ],
          [
            4.45997,
            43.8432815
          ],
          [
            4.4601983,
            43.8428093
          ],
          [
            4.4605565,
            43.8419357
          ],
          [
            4.4607428,
            43.8416264
          ],
          [
            4.4607797,
            43.8414871
          ],
          [
            4.4607782,
            43.8413498
          ]
        ]
      },
      "properties": {
        "highway": "unclassified",
        "color_key": "light",
        "name": "Creissac Est",
        "length_m": 704
      }
    },
    {
      "type": "Feature",
      "geometry": {
        "type": "LineString",
        "coordinates": [
          [
            4.4583795,
            43.8473651
          ],
          [
            4.4586865,
            43.8473476
          ],
          [
            4.4588989,
            43.8472988
          ],
          [
            4.4592593,
            43.8471694
          ]
        ]
      },
      "properties": {
        "highway": "unclassified",
        "color_key": "light",
        "name": "",
        "length_m": 75
      }
    },
    {
      "type": "Feature",
      "geometry": {
        "type": "LineString",
        "coordinates": [
          [
            4.4583795,
            43.8473651
          ],
          [
            4.4573989,
            43.8474211
          ],
          [
            4.4572796,
            43.8474443
          ],
          [
            4.4567905,
            43.8476757
          ],
          [
            4.456574,
            43.8478656
          ],
          [
            4.4565175,
            43.847908
          ]
        ]
      },
      "properties": {
        "highway": "unclassified",
        "color_key": "light",
        "name": "",
        "length_m": 170
      }
    },
    {
      "type": "Feature",
      "geometry": {
        "type": "LineString",
        "coordinates": [
          [
            4.4607782,
            43.8413498
          ],
          [
            4.4609934,
            43.8415977
          ],
          [
            4.461439,
            43.8421384
          ],
          [
            4.4619098,
            43.8426568
          ],
          [
            4.461985,
            43.8428297
          ]
        ]
      },
      "properties": {
        "highway": "unclassified",
        "color_key": "light",
        "name": "",
        "length_m": 192
      }
    },
    {
      "type": "Feature",
      "geometry": {
        "type": "LineString",
        "coordinates": [
          [
            4.4607782,
            43.8413498
          ],
          [
            4.4607446,
            43.8413409
          ],
          [
            4.4606352,
            43.8413118
          ],
          [
            4.4603799,
            43.8411773
          ],
          [
            4.4602431,
            43.8410763
          ],
          [
            4.459509,
            43.8405345
          ],
          [
            4.4586026,
            43.8399333
          ]
        ]
      },
      "properties": {
        "highway": "unclassified",
        "color_key": "light",
        "name": "",
        "length_m": 236
      }
    },
    {
      "type": "Feature",
      "geometry": {
        "type": "LineString",
        "coordinates": [
          [
            4.461985,
            43.8428297
          ],
          [
            4.4622099,
            43.8431448
          ],
          [
            4.4623326,
            43.843321
          ],
          [
            4.4624953,
            43.843517
          ],
          [
            4.4627621,
            43.8438463
          ],
          [
            4.4629739,
            43.8440674
          ],
          [
            4.463424,
            43.8444288
          ],
          [
            4.4639159,
            43.8447919
          ],
          [
            4.4646493,
            43.8453655
          ],
          [
            4.4647046,
            43.8454193
          ]
        ]
      },
      "properties": {
        "highway": "unclassified",
        "color_key": "light",
        "name": "",
        "length_m": 364
      }
    },
    {
      "type": "Feature",
      "geometry": {
        "type": "LineString",
        "coordinates": [
          [
            4.461985,
            43.8428297
          ],
          [
            4.4624629,
            43.8424665
          ],
          [
            4.4633819,
            43.8417463
          ],
          [
            4.4645659,
            43.8409624
          ],
          [
            4.4652375,
            43.8405864
          ],
          [
            4.4665983,
            43.8392735
          ],
          [
            4.4677116,
            43.8378331
          ]
        ]
      },
      "properties": {
        "highway": "unclassified",
        "color_key": "light",
        "name": "",
        "length_m": 727
      }
    },
    {
      "type": "Feature",
      "geometry": {
        "type": "LineString",
        "coordinates": [
          [
            4.4678562,
            43.8489685
          ],
          [
            4.4676125,
            43.8486553
          ],
          [
            4.467451,
            43.8485235
          ],
          [
            4.4673243,
            43.8483835
          ],
          [
            4.4670724,
            43.8480627
          ],
          [
            4.4666994,
            43.8476153
          ],
          [
            4.4664787,
            43.8473696
          ],
          [
            4.4662997,
            43.8471703
          ],
          [
            4.4658777,
            43.8466925
          ],
          [
            4.4654851,
            43.8462086
          ],
          [
            4.4649954,
            43.8457026
          ],
          [
            4.4647046,
            43.8454193
          ]
        ]
      },
      "properties": {
        "highway": "unclassified",
        "color_key": "light",
        "name": "",
        "length_m": 469
      }
    },
    {
      "type": "Feature",
      "geometry": {
        "type": "LineString",
        "coordinates": [
          [
            4.4678562,
            43.8489685
          ],
          [
            4.4676651,
            43.8489819
          ],
          [
            4.4671741,
            43.8489965
          ],
          [
            4.4664925,
            43.8489952
          ],
          [
            4.4657811,
            43.8490207
          ],
          [
            4.4652726,
            43.8489766
          ],
          [
            4.4651846,
            43.8489706
          ],
          [
            4.4620968,
            43.84876
          ],
          [
            4.4618501,
            43.848742
          ],
          [
            4.4608168,
            43.8486668
          ]
        ]
      },
      "properties": {
        "highway": "unclassified",
        "color_key": "light",
        "name": "",
        "length_m": 567
      }
    },
    {
      "type": "Feature",
      "geometry": {
        "type": "LineString",
        "coordinates": [
          [
            4.4960367,
            43.8313309
          ],
          [
            4.4955065,
            43.8309554
          ],
          [
            4.4954574,
            43.8309265
          ]
        ]
      },
      "properties": {
        "highway": "residential",
        "color_key": "light",
        "name": "Rue de l'Horloge",
        "length_m": 65
      }
    },
    {
      "type": "Feature",
      "geometry": {
        "type": "LineString",
        "coordinates": [
          [
            4.4960367,
            43.8313309
          ],
          [
            4.4958423,
            43.8313314
          ],
          [
            4.4957543,
            43.8313472
          ],
          [
            4.4956145,
            43.8314145
          ]
        ]
      },
      "properties": {
        "highway": "residential",
        "color_key": "light",
        "name": "Place Mireille",
        "length_m": 36
      }
    },
    {
      "type": "Feature",
      "geometry": {
        "type": "LineString",
        "coordinates": [
          [
            4.4662371,
            43.8304006
          ],
          [
            4.4675171,
            43.8299866
          ],
          [
            4.4689026,
            43.829588
          ],
          [
            4.469262,
            43.8295187
          ],
          [
            4.4694433,
            43.8295091
          ],
          [
            4.4696249,
            43.8295342
          ],
          [
            4.4697961,
            43.8295231
          ],
          [
            4.4700909,
            43.829569
          ],
          [
            4.4708736,
            43.8297247
          ],
          [
            4.4714214,
            43.8298584
          ],
          [
            4.4720518,
            43.8300419
          ],
          [
            4.4722199,
            43.8300896
          ],
          [
            4.4723901,
            43.8301063
          ],
          [
            4.4725297,
            43.8300804
          ]
        ]
      },
      "properties": {
        "highway": "unclassified",
        "color_key": "light",
        "name": "",
        "length_m": 535
      }
    },
    {
      "type": "Feature",
      "geometry": {
        "type": "LineString",
        "coordinates": [
          [
            4.4642105,
            43.8179589
          ],
          [
            4.4643313,
            43.8180504
          ],
          [
            4.4643853,
            43.8180913
          ],
          [
            4.464469,
            43.8182073
          ],
          [
            4.4645347,
            43.8183709
          ],
          [
            4.464751,
            43.8189097
          ],
          [
            4.4648036,
            43.8190405
          ],
          [
            4.4648561,
            43.8191714
          ]
        ]
      },
      "properties": {
        "highway": "residential",
        "color_key": "light",
        "name": "Avenue Maréchal Leclerc",
        "length_m": 146
      }
    },
    {
      "type": "Feature",
      "geometry": {
        "type": "LineString",
        "coordinates": [
          [
            4.4642105,
            43.8179589
          ],
          [
            4.4640907,
            43.8178682
          ],
          [
            4.464009,
            43.8177506
          ],
          [
            4.4638435,
            43.8172946
          ],
          [
            4.4638219,
            43.8172438
          ],
          [
            4.4638034,
            43.8171937
          ]
        ]
      },
      "properties": {
        "highway": "residential",
        "color_key": "light",
        "name": "Avenue Maréchal Leclerc",
        "length_m": 93
      }
    },
    {
      "type": "Feature",
      "geometry": {
        "type": "LineString",
        "coordinates": [
          [
            4.4642105,
            43.8179589
          ],
          [
            4.4641423,
            43.8180188
          ],
          [
            4.4640741,
            43.8180787
          ],
          [
            4.4639244,
            43.8181553
          ],
          [
            4.4636133,
            43.8182057
          ]
        ]
      },
      "properties": {
        "highway": "residential",
        "color_key": "light",
        "name": "Rue Jules Ferry",
        "length_m": 58
      }
    },
    {
      "type": "Feature",
      "geometry": {
        "type": "LineString",
        "coordinates": [
          [
            4.4642105,
            43.8179589
          ],
          [
            4.4642505,
            43.8179306
          ],
          [
            4.46446,
            43.8177825
          ],
          [
            4.4646138,
            43.8177208
          ],
          [
            4.4651184,
            43.8175902
          ],
          [
            4.4651605,
            43.8174596
          ],
          [
            4.4649179,
            43.8169732
          ],
          [
            4.4648904,
            43.8169181
          ],
          [
            4.4648758,
            43.8168889
          ]
        ]
      },
      "properties": {
        "highway": "residential",
        "color_key": "light",
        "name": "Rue Marie Curie",
        "length_m": 168
      }
    },
    {
      "type": "Feature",
      "geometry": {
        "type": "LineString",
        "coordinates": [
          [
            4.4650603,
            43.8193767
          ],
          [
            4.4650194,
            43.8193404
          ],
          [
            4.465001,
            43.8193283
          ],
          [
            4.4649189,
            43.8192564
          ],
          [
            4.4648561,
            43.8191714
          ]
        ]
      },
      "properties": {
        "highway": "residential",
        "color_key": "light",
        "name": "Avenue Maréchal Leclerc",
        "length_m": 28
      }
    },
    {
      "type": "Feature",
      "geometry": {
        "type": "LineString",
        "coordinates": [
          [
            4.4650603,
            43.8193767
          ],
          [
            4.4651013,
            43.8193636
          ],
          [
            4.4651459,
            43.8193601
          ],
          [
            4.4651899,
            43.8193663
          ],
          [
            4.4652292,
            43.8193818
          ],
          [
            4.4652603,
            43.8194051
          ],
          [
            4.4652802,
            43.8194341
          ]
        ]
      },
      "properties": {
        "highway": "tertiary",
        "color_key": "medium",
        "name": "",
        "length_m": 22
      }
    },
    {
      "type": "Feature",
      "geometry": {
        "type": "LineString",
        "coordinates": [
          [
            4.4652802,
            43.8194341
          ],
          [
            4.465287,
            43.8194623
          ],
          [
            4.4652832,
            43.8194908
          ],
          [
            4.4652689,
            43.8195175
          ],
          [
            4.4652454,
            43.8195405
          ]
        ]
      },
      "properties": {
        "highway": "tertiary",
        "color_key": "medium",
        "name": "",
        "length_m": 13
      }
    },
    {
      "type": "Feature",
      "geometry": {
        "type": "LineString",
        "coordinates": [
          [
            4.4652802,
            43.8194341
          ],
          [
            4.4653149,
            43.8194232
          ],
          [
            4.4653484,
            43.8194087
          ],
          [
            4.4658741,
            43.8192186
          ],
          [
            4.4659344,
            43.8191991
          ]
        ]
      },
      "properties": {
        "highway": "tertiary",
        "color_key": "medium",
        "name": "Chemin de Rodilhan",
        "length_m": 59
      }
    },
    {
      "type": "Feature",
      "geometry": {
        "type": "LineString",
        "coordinates": [
          [
            4.4648561,
            43.8191714
          ],
          [
            4.4647887,
            43.8191856
          ],
          [
            4.4641852,
            43.8193129
          ],
          [
            4.4641201,
            43.8193381
          ]
        ]
      },
      "properties": {
        "highway": "residential",
        "color_key": "light",
        "name": "Rue Jules Ferry",
        "length_m": 62
      }
    },
    {
      "type": "Feature",
      "geometry": {
        "type": "LineString",
        "coordinates": [
          [
            4.4578428,
            43.8164311
          ],
          [
            4.4585829,
            43.8163155
          ],
          [
            4.4594017,
            43.8162128
          ],
          [
            4.4603898,
            43.8161344
          ],
          [
            4.4607789,
            43.8161454
          ],
          [
            4.4608317,
            43.8161502
          ],
          [
            4.4609676,
            43.8161627
          ],
          [
            4.4617009,
            43.8162285
          ]
        ]
      },
      "properties": {
        "highway": "residential",
        "color_key": "light",
        "name": "Chemin de l'Abadie",
        "length_m": 313
      }
    },
    {
      "type": "Feature",
      "geometry": {
        "type": "LineString",
        "coordinates": [
          [
            4.4604265,
            43.8153421
          ],
          [
            4.4605545,
            43.8153712
          ],
          [
            4.4607759,
            43.8155777
          ],
          [
            4.4609307,
            43.8157075
          ],
          [
            4.4615561,
            43.8159294
          ]
        ]
      },
      "properties": {
        "highway": "residential",
        "color_key": "light",
        "name": "Rue du Roitelet",
        "length_m": 115
      }
    },
    {
      "type": "Feature",
      "geometry": {
        "type": "LineString",
        "coordinates": [
          [
            4.4630325,
            43.8144256
          ],
          [
            4.4633179,
            43.8145455
          ]
        ]
      },
      "properties": {
        "highway": "tertiary",
        "color_key": "medium",
        "name": "Route de Bouillargues",
        "length_m": 26
      }
    },
    {
      "type": "Feature",
      "geometry": {
        "type": "LineString",
        "coordinates": [
          [
            4.4630325,
            43.8144256
          ],
          [
            4.4628642,
            43.8143549
          ],
          [
            4.4621417,
            43.8142176
          ],
          [
            4.4620146,
            43.8142143
          ],
          [
            4.461607,
            43.8142037
          ],
          [
            4.4615546,
            43.8142023
          ],
          [
            4.4614299,
            43.8141991
          ]
        ]
      },
      "properties": {
        "highway": "tertiary",
        "color_key": "medium",
        "name": "Route de Bouillargues",
        "length_m": 133
      }
    },
    {
      "type": "Feature",
      "geometry": {
        "type": "LineString",
        "coordinates": [
          [
            4.4630325,
            43.8144256
          ],
          [
            4.4630016,
            43.8144689
          ],
          [
            4.4624752,
            43.8152075
          ]
        ]
      },
      "properties": {
        "highway": "residential",
        "color_key": "light",
        "name": "Rue du Roitelet",
        "length_m": 98
      }
    },
    {
      "type": "Feature",
      "geometry": {
        "type": "LineString",
        "coordinates": [
          [
            4.4621644,
            43.8144869
          ],
          [
            4.4620494,
            43.8148294
          ],
          [
            4.4620533,
            43.8149026
          ],
          [
            4.4620871,
            43.8149883
          ],
          [
            4.462441,
            43.8151348
          ],
          [
            4.4624752,
            43.8152075
          ]
        ]
      },
      "properties": {
        "highway": "residential",
        "color_key": "light",
        "name": "Rue du Roitelet",
        "length_m": 99
      }
    },
    {
      "type": "Feature",
      "geometry": {
        "type": "LineString",
        "coordinates": [
          [
            4.4614299,
            43.8141991
          ],
          [
            4.461283,
            43.8141952
          ],
          [
            4.4611475,
            43.8141917
          ],
          [
            4.4607883,
            43.8141423
          ],
          [
            4.4606289,
            43.8141083
          ],
          [
            4.4602874,
            43.8140188
          ],
          [
            4.4601981,
            43.8139927
          ]
        ]
      },
      "properties": {
        "highway": "tertiary",
        "color_key": "medium",
        "name": "Route de Bouillargues",
        "length_m": 102
      }
    },
    {
      "type": "Feature",
      "geometry": {
        "type": "LineString",
        "coordinates": [
          [
            4.4614299,
            43.8141991
          ],
          [
            4.4614269,
            43.8142509
          ],
          [
            4.4613969,
            43.8147646
          ],
          [
            4.461365,
            43.8148646
          ],
          [
            4.461152,
            43.8150825
          ],
          [
            4.4609535,
            43.814905
          ]
        ]
      },
      "properties": {
        "highway": "residential",
        "color_key": "light",
        "name": "Impasse du Perdigal",
        "length_m": 129
      }
    },
    {
      "type": "Feature",
      "geometry": {
        "type": "LineString",
        "coordinates": [
          [
            4.4615561,
            43.8159294
          ],
          [
            4.4615309,
            43.8158482
          ],
          [
            4.4615553,
            43.8157347
          ],
          [
            4.4617226,
            43.8155591
          ],
          [
            4.4617856,
            43.8154931
          ],
          [
            4.4623577,
            43.8153027
          ],
          [
            4.4624752,
            43.8152075
          ]
        ]
      },
      "properties": {
        "highway": "residential",
        "color_key": "light",
        "name": "Rue du Roitelet",
        "length_m": 119
      }
    },
    {
      "type": "Feature",
      "geometry": {
        "type": "LineString",
        "coordinates": [
          [
            4.4615561,
            43.8159294
          ],
          [
            4.461688,
            43.8161886
          ],
          [
            4.4617009,
            43.8162285
          ]
        ]
      },
      "properties": {
        "highway": "residential",
        "color_key": "light",
        "name": "Rue du Roitelet",
        "length_m": 35
      }
    },
    {
      "type": "Feature",
      "geometry": {
        "type": "LineString",
        "coordinates": [
          [
            4.4644134,
            43.8153182
          ],
          [
            4.4638485,
            43.8148814
          ]
        ]
      },
      "properties": {
        "highway": "tertiary",
        "color_key": "medium",
        "name": "Route de Bouillargues",
        "length_m": 66
      }
    },
    {
      "type": "Feature",
      "geometry": {
        "type": "LineString",
        "coordinates": [
          [
            4.4644134,
            43.8153182
          ],
          [
            4.4643833,
            43.8153571
          ],
          [
            4.4641021,
            43.8157209
          ],
          [
            4.4638856,
            43.8156524
          ],
          [
            4.4637897,
            43.8156573
          ],
          [
            4.463725,
            43.8157002
          ],
          [
            4.463271,
            43.8162531
          ],
          [
            4.4632721,
            43.8163074
          ],
          [
            4.4632726,
            43.8163315
          ]
        ]
      },
      "properties": {
        "highway": "residential",
        "color_key": "light",
        "name": "Rue du Clos des Perdrix",
        "length_m": 165
      }
    },
    {
      "type": "Feature",
      "geometry": {
        "type": "LineString",
        "coordinates": [
          [
            4.4618744,
            43.8162457
          ],
          [
            4.4617691,
            43.8162353
          ],
          [
            4.4617009,
            43.8162285
          ]
        ]
      },
      "properties": {
        "highway": "residential",
        "color_key": "light",
        "name": "Chemin de l'Abadie",
        "length_m": 14
      }
    },
    {
      "type": "Feature",
      "geometry": {
        "type": "LineString",
        "coordinates": [
          [
            4.4618744,
            43.8162457
          ],
          [
            4.4622094,
            43.8162763
          ],
          [
            4.462421,
            43.816293
          ],
          [
            4.462669,
            43.8163125
          ],
          [
            4.4628819,
            43.8163292
          ],
          [
            4.4632726,
            43.8163315
          ]
        ]
      },
      "properties": {
        "highway": "residential",
        "color_key": "light",
        "name": "Chemin de l'Abadie",
        "length_m": 113
      }
    },
    {
      "type": "Feature",
      "geometry": {
        "type": "LineString",
        "coordinates": [
          [
            4.4618744,
            43.8162457
          ],
          [
            4.4618871,
            43.81627
          ],
          [
            4.4621354,
            43.8167451
          ],
          [
            4.4622111,
            43.816798
          ],
          [
            4.4623221,
            43.8168399
          ],
          [
            4.4628021,
            43.8176821
          ]
        ]
      },
      "properties": {
        "highway": "residential",
        "color_key": "light",
        "name": "Rue Cante Perdrix",
        "length_m": 179
      }
    },
    {
      "type": "Feature",
      "geometry": {
        "type": "LineString",
        "coordinates": [
          [
            4.4636133,
            43.8182057
          ],
          [
            4.4641201,
            43.8193381
          ]
        ]
      },
      "properties": {
        "highway": "residential",
        "color_key": "light",
        "name": "Rue Albert Camus",
        "length_m": 132
      }
    },
    {
      "type": "Feature",
      "geometry": {
        "type": "LineString",
        "coordinates": [
          [
            4.4636133,
            43.8182057
          ],
          [
            4.4634632,
            43.8182301
          ],
          [
            4.4631753,
            43.8186085
          ],
          [
            4.4630976,
            43.8186564
          ],
          [
            4.4626149,
            43.8187592
          ],
          [
            4.46255,
            43.8188332
          ],
          [
            4.4627766,
            43.8193703
          ]
        ]
      },
      "properties": {
        "highway": "residential",
        "color_key": "light",
        "name": "Rue Jules Ferry",
        "length_m": 181
      }
    },
    {
      "type": "Feature",
      "geometry": {
        "type": "LineString",
        "coordinates": [
          [
            4.4641201,
            43.8193381
          ],
          [
            4.4640725,
            43.8193772
          ],
          [
            4.4640348,
            43.8194082
          ],
          [
            4.4630728,
            43.8196908
          ],
          [
            4.4629759,
            43.8196977
          ],
          [
            4.4628934,
            43.8196471
          ],
          [
            4.4627766,
            43.8193703
          ]
        ]
      },
      "properties": {
        "highway": "residential",
        "color_key": "light",
        "name": "Rue Jules Ferry",
        "length_m": 142
      }
    },
    {
      "type": "Feature",
      "geometry": {
        "type": "LineString",
        "coordinates": [
          [
            4.462369,
            43.8132622
          ],
          [
            4.4626664,
            43.8135272
          ],
          [
            4.4628701,
            43.8137382
          ],
          [
            4.4628992,
            43.8137728
          ]
        ]
      },
      "properties": {
        "highway": "unclassified",
        "color_key": "light",
        "name": "Chemin de Garons",
        "length_m": 71
      }
    },
    {
      "type": "Feature",
      "geometry": {
        "type": "LineString",
        "coordinates": [
          [
            4.462369,
            43.8132622
          ],
          [
            4.4625353,
            43.8132121
          ],
          [
            4.4628412,
            43.8131429
          ],
          [
            4.4634576,
            43.8130178
          ],
          [
            4.4640135,
            43.8129453
          ],
          [
            4.464141,
            43.81294
          ],
          [
            4.4642119,
            43.8129544
          ],
          [
            4.4643148,
            43.8130281
          ],
          [
            4.4644625,
            43.8134471
          ],
          [
            4.464487,
            43.8134965
          ]
        ]
      },
      "properties": {
        "highway": "residential",
        "color_key": "light",
        "name": "Rue du Mail",
        "length_m": 219
      }
    },
    {
      "type": "Feature",
      "geometry": {
        "type": "LineString",
        "coordinates": [
          [
            4.4652068,
            43.8127286
          ],
          [
            4.4655293,
            43.8134816
          ]
        ]
      },
      "properties": {
        "highway": "residential",
        "color_key": "light",
        "name": "Rue du Mail",
        "length_m": 88
      }
    },
    {
      "type": "Feature",
      "geometry": {
        "type": "LineString",
        "coordinates": [
          [
            4.4652068,
            43.8127286
          ],
          [
            4.4651746,
            43.8126647
          ],
          [
            4.4651371,
            43.8126605
          ],
          [
            4.4648998,
            43.8127116
          ],
          [
            4.4648499,
            43.8127326
          ],
          [
            4.4648566,
            43.8127692
          ],
          [
            4.4648724,
            43.812786
          ],
          [
            4.4649032,
            43.8127903
          ],
          [
            4.4649719,
            43.81278
          ],
          [
            4.4651334,
            43.812748
          ],
          [
            4.4652068,
            43.8127286
          ]
        ]
      },
      "properties": {
        "highway": "residential",
        "color_key": "light",
        "name": "Rue du Mail",
        "length_m": 69
      }
    },
    {
      "type": "Feature",
      "geometry": {
        "type": "LineString",
        "coordinates": [
          [
            4.4681151,
            43.8118181
          ],
          [
            4.468298,
            43.8122732
          ]
        ]
      },
      "properties": {
        "highway": "residential",
        "color_key": "light",
        "name": "Rue de Saint-Gilles",
        "length_m": 53
      }
    },
    {
      "type": "Feature",
      "geometry": {
        "type": "LineString",
        "coordinates": [
          [
            4.4681151,
            43.8118181
          ],
          [
            4.4680702,
            43.8116686
          ],
          [
            4.4680233,
            43.8115442
          ],
          [
            4.4679774,
            43.8112817
          ],
          [
            4.46798,
            43.8104239
          ],
          [
            4.4679793,
            43.8103615
          ],
          [
            4.4679782,
            43.8102648
          ]
        ]
      },
      "properties": {
        "highway": "unclassified",
        "color_key": "light",
        "name": "Rue de Saint-Gilles",
        "length_m": 174
      }
    },
    {
      "type": "Feature",
      "geometry": {
        "type": "LineString",
        "coordinates": [
          [
            4.4681151,
            43.8118181
          ],
          [
            4.4679053,
            43.8119509
          ],
          [
            4.467921,
            43.8120826
          ],
          [
            4.4678325,
            43.8121955
          ],
          [
            4.467548,
            43.8122659
          ]
        ]
      },
      "properties": {
        "highway": "residential",
        "color_key": "light",
        "name": "Rue des Anglores",
        "length_m": 76
      }
    },
    {
      "type": "Feature",
      "geometry": {
        "type": "LineString",
        "coordinates": [
          [
            4.4684125,
            43.8125772
          ],
          [
            4.4685182,
            43.812858
          ]
        ]
      },
      "properties": {
        "highway": "residential",
        "color_key": "light",
        "name": "Rue de Saint-Gilles",
        "length_m": 32
      }
    },
    {
      "type": "Feature",
      "geometry": {
        "type": "LineString",
        "coordinates": [
          [
            4.4684125,
            43.8125772
          ],
          [
            4.468298,
            43.8122732
          ]
        ]
      },
      "properties": {
        "highway": "residential",
        "color_key": "light",
        "name": "Rue de Saint-Gilles",
        "length_m": 35
      }
    },
    {
      "type": "Feature",
      "geometry": {
        "type": "LineString",
        "coordinates": [
          [
            4.4684125,
            43.8125772
          ],
          [
            4.4677208,
            43.8127063
          ]
        ]
      },
      "properties": {
        "highway": "residential",
        "color_key": "light",
        "name": "Rue des Anglores",
        "length_m": 57
      }
    },
    {
      "type": "Feature",
      "geometry": {
        "type": "LineString",
        "coordinates": [
          [
            4.4685626,
            43.8129759
          ],
          [
            4.4686197,
            43.813132
          ]
        ]
      },
      "properties": {
        "highway": "residential",
        "color_key": "light",
        "name": "Rue de Saint-Gilles",
        "length_m": 18
      }
    },
    {
      "type": "Feature",
      "geometry": {
        "type": "LineString",
        "coordinates": [
          [
            4.4685626,
            43.8129759
          ],
          [
            4.4685182,
            43.812858
          ]
        ]
      },
      "properties": {
        "highway": "residential",
        "color_key": "light",
        "name": "Rue de Saint-Gilles",
        "length_m": 14
      }
    },
    {
      "type": "Feature",
      "geometry": {
        "type": "LineString",
        "coordinates": [
          [
            4.4685626,
            43.8129759
          ],
          [
            4.468603,
            43.8129674
          ],
          [
            4.4690791,
            43.8128669
          ]
        ]
      },
      "properties": {
        "highway": "residential",
        "color_key": "light",
        "name": "Impasse des Vergers",
        "length_m": 43
      }
    },
    {
      "type": "Feature",
      "geometry": {
        "type": "LineString",
        "coordinates": [
          [
            4.4697812,
            43.8127187
          ],
          [
            4.4690791,
            43.8128669
          ]
        ]
      },
      "properties": {
        "highway": "residential",
        "color_key": "light",
        "name": "Impasse des Vergers",
        "length_m": 59
      }
    },
    {
      "type": "Feature",
      "geometry": {
        "type": "LineString",
        "coordinates": [
          [
            4.4690791,
            43.8128669
          ],
          [
            4.469172,
            43.8130999
          ],
          [
            4.4699416,
            43.8150312
          ]
        ]
      },
      "properties": {
        "highway": "residential",
        "color_key": "light",
        "name": "Rue des Vergers",
        "length_m": 250
      }
    },
    {
      "type": "Feature",
      "geometry": {
        "type": "LineString",
        "coordinates": [
          [
            4.4707621,
            43.812393
          ],
          [
            4.4710071,
            43.8127997
          ],
          [
            4.4708868,
            43.8130428
          ],
          [
            4.4708891,
            43.8131361
          ],
          [
            4.4713552,
            43.8137998
          ]
        ]
      },
      "properties": {
        "highway": "residential",
        "color_key": "light",
        "name": "Impasse des Cerisiers",
        "length_m": 171
      }
    },
    {
      "type": "Feature",
      "geometry": {
        "type": "LineString",
        "coordinates": [
          [
            4.4715257,
            43.8124106
          ],
          [
            4.4717495,
            43.8128779
          ],
          [
            4.4721245,
            43.813167
          ]
        ]
      },
      "properties": {
        "highway": "residential",
        "color_key": "light",
        "name": "Impasse le Mistral",
        "length_m": 99
      }
    },
    {
      "type": "Feature",
      "geometry": {
        "type": "LineString",
        "coordinates": [
          [
            4.464487,
            43.8134965
          ],
          [
            4.4645164,
            43.8135847
          ],
          [
            4.4646603,
            43.8139276
          ],
          [
            4.464662,
            43.8139971
          ],
          [
            4.4646099,
            43.8140381
          ],
          [
            4.4637652,
            43.8142173
          ],
          [
            4.4636612,
            43.8142003
          ],
          [
            4.4634816,
            43.8138177
          ],
          [
            4.4634721,
            43.8138012
          ]
        ]
      },
      "properties": {
        "highway": "residential",
        "color_key": "light",
        "name": "Rue du Mail",
        "length_m": 190
      }
    },
    {
      "type": "Feature",
      "geometry": {
        "type": "LineString",
        "coordinates": [
          [
            4.464487,
            43.8134965
          ],
          [
            4.4648569,
            43.8134765
          ],
          [
            4.46518,
            43.8135334
          ]
        ]
      },
      "properties": {
        "highway": "residential",
        "color_key": "light",
        "name": "Rue du Mail",
        "length_m": 56
      }
    },
    {
      "type": "Feature",
      "geometry": {
        "type": "LineString",
        "coordinates": [
          [
            4.46518,
            43.8135334
          ],
          [
            4.4653819,
            43.813506
          ],
          [
            4.4655293,
            43.8134816
          ]
        ]
      },
      "properties": {
        "highway": "residential",
        "color_key": "light",
        "name": "Rue du Mail",
        "length_m": 29
      }
    },
    {
      "type": "Feature",
      "geometry": {
        "type": "LineString",
        "coordinates": [
          [
            4.46518,
            43.8135334
          ],
          [
            4.4652155,
            43.813608
          ],
          [
            4.4652463,
            43.8136641
          ],
          [
            4.4652821,
            43.813681
          ],
          [
            4.4653121,
            43.8136951
          ],
          [
            4.4653563,
            43.8137003
          ],
          [
            4.4654156,
            43.8136946
          ],
          [
            4.4656168,
            43.8136519
          ]
        ]
      },
      "properties": {
        "highway": "residential",
        "color_key": "light",
        "name": "Rue du Mail",
        "length_m": 47
      }
    },
    {
      "type": "Feature",
      "geometry": {
        "type": "LineString",
        "coordinates": [
          [
            4.4655293,
            43.8134816
          ],
          [
            4.4656168,
            43.8136519
          ]
        ]
      },
      "properties": {
        "highway": "residential",
        "color_key": "light",
        "name": "Rue du Mail",
        "length_m": 20
      }
    },
    {
      "type": "Feature",
      "geometry": {
        "type": "LineString",
        "coordinates": [
          [
            4.4656168,
            43.8136519
          ],
          [
            4.466031,
            43.813578
          ],
          [
            4.4665759,
            43.8134808
          ]
        ]
      },
      "properties": {
        "highway": "residential",
        "color_key": "light",
        "name": "Rue du Mail",
        "length_m": 79
      }
    },
    {
      "type": "Feature",
      "geometry": {
        "type": "LineString",
        "coordinates": [
          [
            4.4646187,
            43.8160882
          ],
          [
            4.4648127,
            43.8157543
          ],
          [
            4.464844,
            43.8157253
          ],
          [
            4.4649012,
            43.8156721
          ]
        ]
      },
      "properties": {
        "highway": "residential",
        "color_key": "light",
        "name": "Impasse les Lauriers Roses",
        "length_m": 52
      }
    },
    {
      "type": "Feature",
      "geometry": {
        "type": "LineString",
        "coordinates": [
          [
            4.4638485,
            43.8148814
          ],
          [
            4.4637244,
            43.8147855
          ],
          [
            4.4636729,
            43.8147457
          ],
          [
            4.4635855,
            43.814695
          ]
        ]
      },
      "properties": {
        "highway": "tertiary",
        "color_key": "medium",
        "name": "Route de Bouillargues",
        "length_m": 30
      }
    },
    {
      "type": "Feature",
      "geometry": {
        "type": "LineString",
        "coordinates": [
          [
            4.4638485,
            43.8148814
          ],
          [
            4.4638884,
            43.814839
          ],
          [
            4.463939,
            43.8148189
          ],
          [
            4.4649222,
            43.8146383
          ],
          [
            4.4653653,
            43.8145782
          ],
          [
            4.4655645,
            43.8145437
          ],
          [
            4.4656478,
            43.8145335
          ]
        ]
      },
      "properties": {
        "highway": "residential",
        "color_key": "light",
        "name": "Impasse Jean Moulin",
        "length_m": 151
      }
    },
    {
      "type": "Feature",
      "geometry": {
        "type": "LineString",
        "coordinates": [
          [
            4.4674024,
            43.8147262
          ],
          [
            4.4674467,
            43.8148151
          ]
        ]
      },
      "properties": {
        "highway": "residential",
        "color_key": "light",
        "name": "Impasse du Languedoc",
        "length_m": 11
      }
    },
    {
      "type": "Feature",
      "geometry": {
        "type": "LineString",
        "coordinates": [
          [
            4.4690787,
            43.8143459
          ],
          [
            4.4686197,
            43.813132
          ]
        ]
      },
      "properties": {
        "highway": "residential",
        "color_key": "light",
        "name": "Rue de Saint-Gilles",
        "length_m": 140
      }
    },
    {
      "type": "Feature",
      "geometry": {
        "type": "LineString",
        "coordinates": [
          [
            4.4690787,
            43.8143459
          ],
          [
            4.4691244,
            43.8144642
          ],
          [
            4.4694519,
            43.8153112
          ],
          [
            4.4694655,
            43.8153464
          ],
          [
            4.4694842,
            43.815394
          ],
          [
            4.469498,
            43.8154889
          ]
        ]
      },
      "properties": {
        "highway": "residential",
        "color_key": "light",
        "name": "Rue de Saint-Gilles",
        "length_m": 132
      }
    },
    {
      "type": "Feature",
      "geometry": {
        "type": "LineString",
        "coordinates": [
          [
            4.4690787,
            43.8143459
          ],
          [
            4.4689767,
            43.814365
          ],
          [
            4.4688356,
            43.8143863
          ]
        ]
      },
      "properties": {
        "highway": "residential",
        "color_key": "light",
        "name": "Impasse le Provençal",
        "length_m": 20
      }
    },
    {
      "type": "Feature",
      "geometry": {
        "type": "LineString",
        "coordinates": [
          [
            4.4688356,
            43.8143863
          ],
          [
            4.4687865,
            43.8144425
          ],
          [
            4.4688152,
            43.8147071
          ],
          [
            4.4687707,
            43.8147867
          ],
          [
            4.4684591,
            43.8148566
          ],
          [
            4.4683276,
            43.8148569
          ],
          [
            4.4682295,
            43.8148128
          ],
          [
            4.4681087,
            43.8144191
          ],
          [
            4.4680883,
            43.8143329
          ],
          [
            4.4681152,
            43.8142726
          ],
          [
            4.4681948,
            43.8142247
          ],
          [
            4.4684424,
            43.8141791
          ],
          [
            4.4685378,
            43.8141954
          ],
          [
            4.4686717,
            43.8142976
          ],
          [
            4.4688356,
            43.8143863
          ]
        ]
      },
      "properties": {
        "highway": "residential",
        "color_key": "light",
        "name": "Impasse le Provençal",
        "length_m": 223
      }
    },
    {
      "type": "Feature",
      "geometry": {
        "type": "LineString",
        "coordinates": [
          [
            4.4711783,
            43.8151652
          ],
          [
            4.4705917,
            43.8151551
          ]
        ]
      },
      "properties": {
        "highway": "residential",
        "color_key": "light",
        "name": "Rue des Alouettes",
        "length_m": 47
      }
    },
    {
      "type": "Feature",
      "geometry": {
        "type": "LineString",
        "coordinates": [
          [
            4.4705917,
            43.8151551
          ],
          [
            4.46984,
            43.815142
          ]
        ]
      },
      "properties": {
        "highway": "residential",
        "color_key": "light",
        "name": "Rue des Alouettes",
        "length_m": 60
      }
    },
    {
      "type": "Feature",
      "geometry": {
        "type": "LineString",
        "coordinates": [
          [
            4.4705917,
            43.8151551
          ],
          [
            4.471148,
            43.8146751
          ],
          [
            4.4712479,
            43.814627
          ],
          [
            4.4713649,
            43.8146153
          ],
          [
            4.4716481,
            43.8146248
          ]
        ]
      },
      "properties": {
        "highway": "residential",
        "color_key": "light",
        "name": "Rue des Alouettes",
        "length_m": 111
      }
    },
    {
      "type": "Feature",
      "geometry": {
        "type": "LineString",
        "coordinates": [
          [
            4.4716481,
            43.8146248
          ],
          [
            4.4716386,
            43.8153322
          ],
          [
            4.4717213,
            43.8154031
          ],
          [
            4.4719237,
            43.8154149
          ],
          [
            4.4720148,
            43.8153621
          ],
          [
            4.4720559,
            43.8152418
          ]
        ]
      },
      "properties": {
        "highway": "residential",
        "color_key": "light",
        "name": "Place des Alouettes",
        "length_m": 128
      }
    },
    {
      "type": "Feature",
      "geometry": {
        "type": "LineString",
        "coordinates": [
          [
            4.4730729,
            43.8147659
          ],
          [
            4.4730718,
            43.81464
          ],
          [
            4.4727139,
            43.8146373
          ],
          [
            4.4726464,
            43.8146895
          ],
          [
            4.4726339,
            43.8152519
          ]
        ]
      },
      "properties": {
        "highway": "residential",
        "color_key": "light",
        "name": "Impasse des Alouettes",
        "length_m": 113
      }
    },
    {
      "type": "Feature",
      "geometry": {
        "type": "LineString",
        "coordinates": [
          [
            4.4720559,
            43.8152418
          ],
          [
            4.4726339,
            43.8152519
          ]
        ]
      },
      "properties": {
        "highway": "residential",
        "color_key": "light",
        "name": "Rue des Alouettes",
        "length_m": 46
      }
    },
    {
      "type": "Feature",
      "geometry": {
        "type": "LineString",
        "coordinates": [
          [
            4.473403,
            43.8152653
          ],
          [
            4.4732717,
            43.815634
          ]
        ]
      },
      "properties": {
        "highway": "unclassified",
        "color_key": "light",
        "name": "Rue Jeanne d'Arc",
        "length_m": 42
      }
    },
    {
      "type": "Feature",
      "geometry": {
        "type": "LineString",
        "coordinates": [
          [
            4.473403,
            43.8152653
          ],
          [
            4.4726339,
            43.8152519
          ]
        ]
      },
      "properties": {
        "highway": "residential",
        "color_key": "light",
        "name": "Rue des Alouettes",
        "length_m": 62
      }
    },
    {
      "type": "Feature",
      "geometry": {
        "type": "LineString",
        "coordinates": [
          [
            4.4734175,
            43.8103018
          ],
          [
            4.4728981,
            43.810325
          ]
        ]
      },
      "properties": {
        "highway": "unclassified",
        "color_key": "light",
        "name": "Avenue des Abricotiers",
        "length_m": 42
      }
    },
    {
      "type": "Feature",
      "geometry": {
        "type": "LineString",
        "coordinates": [
          [
            4.4734175,
            43.8103018
          ],
          [
            4.4734392,
            43.8098036
          ],
          [
            4.4734482,
            43.8095955
          ]
        ]
      },
      "properties": {
        "highway": "unclassified",
        "color_key": "light",
        "name": "Chemin du Bois des Roziers",
        "length_m": 79
      }
    },
    {
      "type": "Feature",
      "geometry": {
        "type": "LineString",
        "coordinates": [
          [
            4.4734175,
            43.8103018
          ],
          [
            4.4734145,
            43.8103583
          ],
          [
            4.4735788,
            43.8110116
          ],
          [
            4.4737506,
            43.8116946
          ],
          [
            4.4737835,
            43.8117735
          ],
          [
            4.4738009,
            43.8117876
          ],
          [
            4.4738236,
            43.811806
          ]
        ]
      },
      "properties": {
        "highway": "residential",
        "color_key": "light",
        "name": "Chemin du Bois des Roziers",
        "length_m": 171
      }
    },
    {
      "type": "Feature",
      "geometry": {
        "type": "LineString",
        "coordinates": [
          [
            4.4745188,
            43.8105656
          ],
          [
            4.4750949,
            43.8105514
          ],
          [
            4.4752433,
            43.8105694
          ],
          [
            4.4753631,
            43.8106306
          ],
          [
            4.4753952,
            43.8106671
          ],
          [
            4.4754589,
            43.8109068
          ],
          [
            4.4754988,
            43.8109603
          ],
          [
            4.4755233,
            43.8109932
          ]
        ]
      },
      "properties": {
        "highway": "residential",
        "color_key": "light",
        "name": "Rue des Romarins",
        "length_m": 113
      }
    },
    {
      "type": "Feature",
      "geometry": {
        "type": "LineString",
        "coordinates": [
          [
            4.4745188,
            43.8105656
          ],
          [
            4.4744819,
            43.8101691
          ],
          [
            4.4745009,
            43.8098919
          ],
          [
            4.4747439,
            43.8091646
          ],
          [
            4.4751769,
            43.8082305
          ],
          [
            4.4755316,
            43.807605
          ],
          [
            4.4757608,
            43.8071021
          ],
          [
            4.4759749,
            43.8063401
          ],
          [
            4.4761955,
            43.8058374
          ],
          [
            4.4771028,
            43.8044418
          ],
          [
            4.4777626,
            43.8032474
          ],
          [
            4.4780598,
            43.8026497
          ],
          [
            4.4782027,
            43.802178
          ],
          [
            4.4782637,
            43.8018532
          ],
          [
            4.4782813,
            43.8012271
          ],
          [
            4.4783435,
            43.8009504
          ],
          [
            4.4784846,
            43.8005167
          ],
          [
            4.478655,
            43.8001485
          ]
        ]
      },
      "properties": {
        "highway": "unclassified",
        "color_key": "light",
        "name": "Chemin du Mas de Rozier",
        "length_m": 1216
      }
    },
    {
      "type": "Feature",
      "geometry": {
        "type": "LineString",
        "coordinates": [
          [
            4.4745188,
            43.8105656
          ],
          [
            4.474596,
            43.8112322
          ],
          [
            4.4746304,
            43.8113252
          ],
          [
            4.4746477,
            43.811372
          ]
        ]
      },
      "properties": {
        "highway": "residential",
        "color_key": "light",
        "name": "Chemin du Mas de Rozier",
        "length_m": 90
      }
    },
    {
      "type": "Feature",
      "geometry": {
        "type": "LineString",
        "coordinates": [
          [
            4.4731056,
            43.8110462
          ],
          [
            4.4731253,
            43.8111731
          ],
          [
            4.473452,
            43.8121829
          ]
        ]
      },
      "properties": {
        "highway": "residential",
        "color_key": "light",
        "name": "Impasse le Saint-Paul",
        "length_m": 130
      }
    },
    {
      "type": "Feature",
      "geometry": {
        "type": "LineString",
        "coordinates": [
          [
            4.4736064,
            43.8130786
          ],
          [
            4.4747221,
            43.8130507
          ]
        ]
      },
      "properties": {
        "highway": "residential",
        "color_key": "light",
        "name": "Impasse le Vignié",
        "length_m": 90
      }
    },
    {
      "type": "Feature",
      "geometry": {
        "type": "LineString",
        "coordinates": [
          [
            4.4756534,
            43.8120765
          ],
          [
            4.4756827,
            43.8125776
          ]
        ]
      },
      "properties": {
        "highway": "residential",
        "color_key": "light",
        "name": "Rue des Oliviers",
        "length_m": 56
      }
    },
    {
      "type": "Feature",
      "geometry": {
        "type": "LineString",
        "coordinates": [
          [
            4.4756534,
            43.8120765
          ],
          [
            4.4756425,
            43.8118909
          ],
          [
            4.475571,
            43.8118214
          ],
          [
            4.4754535,
            43.8117709
          ],
          [
            4.4754099,
            43.8117163
          ],
          [
            4.475397,
            43.8110561
          ]
        ]
      },
      "properties": {
        "highway": "residential",
        "color_key": "light",
        "name": "Rue des Oliviers",
        "length_m": 122
      }
    },
    {
      "type": "Feature",
      "geometry": {
        "type": "LineString",
        "coordinates": [
          [
            4.4756534,
            43.8120765
          ],
          [
            4.476045,
            43.8120628
          ],
          [
            4.4761205,
            43.812041
          ],
          [
            4.47617,
            43.8119914
          ],
          [
            4.476149,
            43.8114161
          ]
        ]
      },
      "properties": {
        "highway": "residential",
        "color_key": "light",
        "name": "Rue des Oliviers",
        "length_m": 109
      }
    },
    {
      "type": "Feature",
      "geometry": {
        "type": "LineString",
        "coordinates": [
          [
            4.4756827,
            43.8125776
          ],
          [
            4.4760827,
            43.8125691
          ]
        ]
      },
      "properties": {
        "highway": "residential",
        "color_key": "light",
        "name": "",
        "length_m": 32
      }
    },
    {
      "type": "Feature",
      "geometry": {
        "type": "LineString",
        "coordinates": [
          [
            4.4756827,
            43.8125776
          ],
          [
            4.475439,
            43.8125885
          ]
        ]
      },
      "properties": {
        "highway": "residential",
        "color_key": "light",
        "name": "",
        "length_m": 20
      }
    },
    {
      "type": "Feature",
      "geometry": {
        "type": "LineString",
        "coordinates": [
          [
            4.4756827,
            43.8125776
          ],
          [
            4.4757564,
            43.8126516
          ],
          [
            4.475783,
            43.8130412
          ]
        ]
      },
      "properties": {
        "highway": "residential",
        "color_key": "light",
        "name": "Rue des Oliviers",
        "length_m": 54
      }
    },
    {
      "type": "Feature",
      "geometry": {
        "type": "LineString",
        "coordinates": [
          [
            4.4768132,
            43.8134649
          ],
          [
            4.4764999,
            43.8134869
          ],
          [
            4.4763139,
            43.8135704
          ],
          [
            4.4761523,
            43.8136169
          ],
          [
            4.4758586,
            43.8136238
          ],
          [
            4.4757269,
            43.8135964
          ]
        ]
      },
      "properties": {
        "highway": "residential",
        "color_key": "light",
        "name": "Rue des Micocouliers",
        "length_m": 91
      }
    },
    {
      "type": "Feature",
      "geometry": {
        "type": "LineString",
        "coordinates": [
          [
            4.4768132,
            43.8134649
          ],
          [
            4.4768195,
            43.8133084
          ],
          [
            4.4768371,
            43.8131844
          ],
          [
            4.4768925,
            43.8131055
          ],
          [
            4.4769082,
            43.8130832
          ],
          [
            4.4776033,
            43.8124747
          ],
          [
            4.4776981,
            43.8123774
          ],
          [
            4.4777396,
            43.8122659
          ],
          [
            4.4777079,
            43.8119404
          ],
          [
            4.4777984,
            43.8116481
          ],
          [
            4.477812,
            43.8116041
          ],
          [
            4.4778887,
            43.8113567
          ],
          [
            4.4780495,
            43.8110163
          ]
        ]
      },
      "properties": {
        "highway": "unclassified",
        "color_key": "light",
        "name": "Chemin de la Vieille Fontaine",
        "length_m": 300
      }
    },
    {
      "type": "Feature",
      "geometry": {
        "type": "LineString",
        "coordinates": [
          [
            4.4773136,
            43.8093983
          ],
          [
            4.4775351,
            43.8103418
          ]
        ]
      },
      "properties": {
        "highway": "residential",
        "color_key": "light",
        "name": "Impasse Henri Barbusse",
        "length_m": 106
      }
    },
    {
      "type": "Feature",
      "geometry": {
        "type": "LineString",
        "coordinates": [
          [
            4.4795892,
            43.809762
          ],
          [
            4.4794207,
            43.8100052
          ],
          [
            4.4794203,
            43.8100438
          ],
          [
            4.4794201,
            43.8100642
          ]
        ]
      },
      "properties": {
        "highway": "residential",
        "color_key": "light",
        "name": "Impasse le Tourton",
        "length_m": 37
      }
    },
    {
      "type": "Feature",
      "geometry": {
        "type": "LineString",
        "coordinates": [
          [
            4.4813022,
            43.8117582
          ],
          [
            4.4811975,
            43.8117878
          ],
          [
            4.4807084,
            43.8117445
          ]
        ]
      },
      "properties": {
        "highway": "residential",
        "color_key": "light",
        "name": "Rue Mèste Eyssette",
        "length_m": 49
      }
    },
    {
      "type": "Feature",
      "geometry": {
        "type": "LineString",
        "coordinates": [
          [
            4.4806671,
            43.8120059
          ],
          [
            4.4807084,
            43.8117445
          ]
        ]
      },
      "properties": {
        "highway": "residential",
        "color_key": "light",
        "name": "Rue Mèste Eyssette",
        "length_m": 29
      }
    },
    {
      "type": "Feature",
      "geometry": {
        "type": "LineString",
        "coordinates": [
          [
            4.4807084,
            43.8117445
          ],
          [
            4.480697,
            43.81171
          ],
          [
            4.4808111,
            43.8110661
          ],
          [
            4.4810105,
            43.809973
          ],
          [
            4.4810198,
            43.80983
          ],
          [
            4.48101,
            43.8098039
          ],
          [
            4.480998,
            43.8097722
          ]
        ]
      },
      "properties": {
        "highway": "residential",
        "color_key": "light",
        "name": "Rue Mèste Eyssette",
        "length_m": 221
      }
    },
    {
      "type": "Feature",
      "geometry": {
        "type": "LineString",
        "coordinates": [
          [
            4.4807084,
            43.8117445
          ],
          [
            4.4804674,
            43.8117083
          ],
          [
            4.4804229,
            43.8116909
          ],
          [
            4.4803254,
            43.8115965
          ],
          [
            4.4802059,
            43.8114524
          ],
          [
            4.4801875,
            43.8114197
          ],
          [
            4.4801807,
            43.8113744
          ],
          [
            4.4802081,
            43.8110166
          ],
          [
            4.4803196,
            43.8099824
          ],
          [
            4.4803112,
            43.8099356
          ],
          [
            4.4803053,
            43.809903
          ]
        ]
      },
      "properties": {
        "highway": "residential",
        "color_key": "light",
        "name": "Rue Mèste Eyssette",
        "length_m": 229
      }
    },
    {
      "type": "Feature",
      "geometry": {
        "type": "LineString",
        "coordinates": [
          [
            4.4635855,
            43.814695
          ],
          [
            4.4634947,
            43.8146423
          ]
        ]
      },
      "properties": {
        "highway": "tertiary",
        "color_key": "medium",
        "name": "Route de Bouillargues",
        "length_m": 9
      }
    },
    {
      "type": "Feature",
      "geometry": {
        "type": "LineString",
        "coordinates": [
          [
            4.4635855,
            43.814695
          ],
          [
            4.4635596,
            43.8147245
          ],
          [
            4.4633763,
            43.8149333
          ],
          [
            4.4633738,
            43.814998
          ],
          [
            4.4634036,
            43.8150535
          ],
          [
            4.4637061,
            43.8151725
          ],
          [
            4.4638215,
            43.8151542
          ]
        ]
      },
      "properties": {
        "highway": "residential",
        "color_key": "light",
        "name": "Impasse Lou Recantou",
        "length_m": 82
      }
    },
    {
      "type": "Feature",
      "geometry": {
        "type": "LineString",
        "coordinates": [
          [
            4.4677113,
            43.8168847
          ],
          [
            4.4676845,
            43.8169191
          ],
          [
            4.4673827,
            43.8173075
          ],
          [
            4.467372,
            43.8173743
          ],
          [
            4.46738,
            43.8174343
          ],
          [
            4.4674582,
            43.8175924
          ],
          [
            4.4675135,
            43.8176284
          ]
        ]
      },
      "properties": {
        "highway": "residential",
        "color_key": "light",
        "name": "Rue des Cyprès",
        "length_m": 93
      }
    },
    {
      "type": "Feature",
      "geometry": {
        "type": "LineString",
        "coordinates": [
          [
            4.4677113,
            43.8168847
          ],
          [
            4.4673685,
            43.816748
          ],
          [
            4.4669881,
            43.8166402
          ],
          [
            4.466886,
            43.8166071
          ],
          [
            4.4667838,
            43.816574
          ]
        ]
      },
      "properties": {
        "highway": "tertiary",
        "color_key": "medium",
        "name": "Route de Bouillargues",
        "length_m": 82
      }
    },
    {
      "type": "Feature",
      "geometry": {
        "type": "LineString",
        "coordinates": [
          [
            4.4666677,
            43.8176375
          ],
          [
            4.4665118,
            43.8172795
          ],
          [
            4.4663872,
            43.8173007
          ],
          [
            4.466294,
            43.8172921
          ],
          [
            4.4662253,
            43.8172514
          ],
          [
            4.4659847,
            43.816669
          ],
          [
            4.4659797,
            43.8166568
          ],
          [
            4.4659655,
            43.8166225
          ]
        ]
      },
      "properties": {
        "highway": "residential",
        "color_key": "light",
        "name": "Allée des Bleuets",
        "length_m": 140
      }
    },
    {
      "type": "Feature",
      "geometry": {
        "type": "LineString",
        "coordinates": [
          [
            4.4672669,
            43.8185661
          ],
          [
            4.467313,
            43.818669
          ]
        ]
      },
      "properties": {
        "highway": "residential",
        "color_key": "light",
        "name": "Rue de l'Écureuil",
        "length_m": 12
      }
    },
    {
      "type": "Feature",
      "geometry": {
        "type": "LineString",
        "coordinates": [
          [
            4.4672669,
            43.8185661
          ],
          [
            4.4670153,
            43.8186332
          ],
          [
            4.4669212,
            43.8186047
          ],
          [
            4.466728,
            43.8182155
          ],
          [
            4.4667671,
            43.8181492
          ],
          [
            4.4672835,
            43.8180304
          ],
          [
            4.4673843,
            43.8180226
          ]
        ]
      },
      "properties": {
        "highway": "residential",
        "color_key": "light",
        "name": "Rue de l'Écureuil",
        "length_m": 135
      }
    },
    {
      "type": "Feature",
      "geometry": {
        "type": "LineString",
        "coordinates": [
          [
            4.467119,
            43.8188822
          ],
          [
            4.4672599,
            43.8188544
          ]
        ]
      },
      "properties": {
        "highway": "tertiary",
        "color_key": "medium",
        "name": "Chemin de Rodilhan",
        "length_m": 12
      }
    },
    {
      "type": "Feature",
      "geometry": {
        "type": "LineString",
        "coordinates": [
          [
            4.467119,
            43.8188822
          ],
          [
            4.4671345,
            43.8189467
          ],
          [
            4.4672808,
            43.8193967
          ],
          [
            4.4672218,
            43.8195554
          ],
          [
            4.4671681,
            43.8196735
          ],
          [
            4.4671688,
            43.8197577
          ],
          [
            4.467269,
            43.8201997
          ],
          [
            4.4673312,
            43.8202583
          ],
          [
            4.4676265,
            43.8203874
          ],
          [
            4.4677541,
            43.8205044
          ]
        ]
      },
      "properties": {
        "highway": "residential",
        "color_key": "light",
        "name": "Rue de la Treille",
        "length_m": 202
      }
    },
    {
      "type": "Feature",
      "geometry": {
        "type": "LineString",
        "coordinates": [
          [
            4.467119,
            43.8188822
          ],
          [
            4.466908,
            43.8189255
          ],
          [
            4.4665857,
            43.8190075
          ],
          [
            4.4662857,
            43.8190835
          ],
          [
            4.4659344,
            43.8191991
          ]
        ]
      },
      "properties": {
        "highway": "tertiary",
        "color_key": "medium",
        "name": "Chemin de Rodilhan",
        "length_m": 102
      }
    },
    {
      "type": "Feature",
      "geometry": {
        "type": "LineString",
        "coordinates": [
          [
            4.4673843,
            43.8180226
          ],
          [
            4.4674949,
            43.8176527
          ],
          [
            4.4675135,
            43.8176284
          ]
        ]
      },
      "properties": {
        "highway": "residential",
        "color_key": "light",
        "name": "Rue de l'Écureuil",
        "length_m": 45
      }
    },
    {
      "type": "Feature",
      "geometry": {
        "type": "LineString",
        "coordinates": [
          [
            4.4650095,
            43.8195162
          ],
          [
            4.4649949,
            43.8194864
          ],
          [
            4.4649931,
            43.8194549
          ],
          [
            4.4650043,
            43.8194243
          ],
          [
            4.4650273,
            43.8193975
          ],
          [
            4.4650603,
            43.8193767
          ]
        ]
      },
      "properties": {
        "highway": "tertiary",
        "color_key": "medium",
        "name": "",
        "length_m": 18
      }
    },
    {
      "type": "Feature",
      "geometry": {
        "type": "LineString",
        "coordinates": [
          [
            4.4650095,
            43.8195162
          ],
          [
            4.464959,
            43.8195298
          ],
          [
            4.4649085,
            43.8195432
          ],
          [
            4.4642116,
            43.8197569
          ],
          [
            4.463761,
            43.819881
          ],
          [
            4.4624973,
            43.8202307
          ],
          [
            4.4622801,
            43.8202903
          ],
          [
            4.4620327,
            43.8203597
          ]
        ]
      },
      "properties": {
        "highway": "tertiary",
        "color_key": "medium",
        "name": "Chemin de Rodilhan",
        "length_m": 257
      }
    },
    {
      "type": "Feature",
      "geometry": {
        "type": "LineString",
        "coordinates": [
          [
            4.4646419,
            43.8199558
          ],
          [
            4.4646116,
            43.8200309
          ],
          [
            4.4646699,
            43.820204
          ],
          [
            4.4647068,
            43.8202306
          ],
          [
            4.4647789,
            43.8202357
          ],
          [
            4.465516,
            43.8201242
          ]
        ]
      },
      "properties": {
        "highway": "residential",
        "color_key": "light",
        "name": "Impasse Casimir Goudard",
        "length_m": 99
      }
    },
    {
      "type": "Feature",
      "geometry": {
        "type": "LineString",
        "coordinates": [
          [
            4.465516,
            43.8201242
          ],
          [
            4.4657119,
            43.8208429
          ]
        ]
      },
      "properties": {
        "highway": "residential",
        "color_key": "light",
        "name": "Avenue Hugues",
        "length_m": 81
      }
    },
    {
      "type": "Feature",
      "geometry": {
        "type": "LineString",
        "coordinates": [
          [
            4.465516,
            43.8201242
          ],
          [
            4.4654047,
            43.8197648
          ],
          [
            4.465286,
            43.8195978
          ],
          [
            4.4652726,
            43.8195789
          ],
          [
            4.4652454,
            43.8195405
          ]
        ]
      },
      "properties": {
        "highway": "residential",
        "color_key": "light",
        "name": "Avenue Hugues",
        "length_m": 69
      }
    },
    {
      "type": "Feature",
      "geometry": {
        "type": "LineString",
        "coordinates": [
          [
            4.4644643,
            43.8210184
          ],
          [
            4.4657119,
            43.8208429
          ]
        ]
      },
      "properties": {
        "highway": "residential",
        "color_key": "light",
        "name": "Chemin de la Treille",
        "length_m": 102
      }
    },
    {
      "type": "Feature",
      "geometry": {
        "type": "LineString",
        "coordinates": [
          [
            4.4644643,
            43.8210184
          ],
          [
            4.4640881,
            43.8210882
          ],
          [
            4.4633886,
            43.8213339
          ]
        ]
      },
      "properties": {
        "highway": "residential",
        "color_key": "light",
        "name": "Chemin de la Treille",
        "length_m": 94
      }
    },
    {
      "type": "Feature",
      "geometry": {
        "type": "LineString",
        "coordinates": [
          [
            4.4657119,
            43.8208429
          ],
          [
            4.4661143,
            43.8207831
          ],
          [
            4.4666235,
            43.8207074
          ],
          [
            4.4673951,
            43.8206018
          ],
          [
            4.4677541,
            43.8205044
          ]
        ]
      },
      "properties": {
        "highway": "residential",
        "color_key": "light",
        "name": "Chemin de la Treille",
        "length_m": 168
      }
    },
    {
      "type": "Feature",
      "geometry": {
        "type": "LineString",
        "coordinates": [
          [
            4.4732717,
            43.815634
          ],
          [
            4.4739852,
            43.8156888
          ]
        ]
      },
      "properties": {
        "highway": "residential",
        "color_key": "light",
        "name": "Impasse de la Vieille Fontaine",
        "length_m": 58
      }
    },
    {
      "type": "Feature",
      "geometry": {
        "type": "LineString",
        "coordinates": [
          [
            4.4739852,
            43.8156888
          ],
          [
            4.473974,
            43.8157832
          ],
          [
            4.4742681,
            43.8157084
          ],
          [
            4.4741097,
            43.8153872
          ],
          [
            4.4739852,
            43.8156888
          ]
        ]
      },
      "properties": {
        "highway": "residential",
        "color_key": "light",
        "name": "Impasse de la Vieille Fontaine",
        "length_m": 108
      }
    },
    {
      "type": "Feature",
      "geometry": {
        "type": "LineString",
        "coordinates": [
          [
            4.4757269,
            43.8135964
          ],
          [
            4.4757838,
            43.8135053
          ],
          [
            4.4758061,
            43.8133795
          ],
          [
            4.475783,
            43.8130412
          ]
        ]
      },
      "properties": {
        "highway": "residential",
        "color_key": "light",
        "name": "Rue des Oliviers",
        "length_m": 63
      }
    },
    {
      "type": "Feature",
      "geometry": {
        "type": "LineString",
        "coordinates": [
          [
            4.4729195,
            43.8168893
          ],
          [
            4.4729573,
            43.8170222
          ]
        ]
      },
      "properties": {
        "highway": "living_street",
        "color_key": "light",
        "name": "Rue de la Paix",
        "length_m": 15
      }
    },
    {
      "type": "Feature",
      "geometry": {
        "type": "LineString",
        "coordinates": [
          [
            4.4729195,
            43.8168893
          ],
          [
            4.4733783,
            43.8168744
          ],
          [
            4.4734994,
            43.8168575
          ],
          [
            4.473569,
            43.8168911
          ],
          [
            4.473728,
            43.8173809
          ]
        ]
      },
      "properties": {
        "highway": "residential",
        "color_key": "light",
        "name": "Rue Alphonse Daudet",
        "length_m": 109
      }
    },
    {
      "type": "Feature",
      "geometry": {
        "type": "LineString",
        "coordinates": [
          [
            4.473728,
            43.8173809
          ],
          [
            4.4739216,
            43.8179771
          ]
        ]
      },
      "properties": {
        "highway": "residential",
        "color_key": "light",
        "name": "Rue Alphonse Daudet",
        "length_m": 68
      }
    },
    {
      "type": "Feature",
      "geometry": {
        "type": "LineString",
        "coordinates": [
          [
            4.473728,
            43.8173809
          ],
          [
            4.4739633,
            43.8173451
          ],
          [
            4.4740356,
            43.8173825
          ],
          [
            4.4741923,
            43.8179282
          ]
        ]
      },
      "properties": {
        "highway": "residential",
        "color_key": "light",
        "name": "Rue Frédéric Mistral",
        "length_m": 88
      }
    },
    {
      "type": "Feature",
      "geometry": {
        "type": "LineString",
        "coordinates": [
          [
            4.4724375,
            43.8189375
          ],
          [
            4.4724914,
            43.8191133
          ],
          [
            4.4725325,
            43.8191892
          ],
          [
            4.4726174,
            43.8192861
          ]
        ]
      },
      "properties": {
        "highway": "residential",
        "color_key": "light",
        "name": "Rue Turenne",
        "length_m": 42
      }
    },
    {
      "type": "Feature",
      "geometry": {
        "type": "LineString",
        "coordinates": [
          [
            4.4739216,
            43.8179771
          ],
          [
            4.4741923,
            43.8179282
          ]
        ]
      },
      "properties": {
        "highway": "unclassified",
        "color_key": "light",
        "name": "Rue Victor Hugo",
        "length_m": 22
      }
    },
    {
      "type": "Feature",
      "geometry": {
        "type": "LineString",
        "coordinates": [
          [
            4.4739216,
            43.8179771
          ],
          [
            4.4735054,
            43.8180522
          ]
        ]
      },
      "properties": {
        "highway": "unclassified",
        "color_key": "light",
        "name": "Rue Victor Hugo",
        "length_m": 34
      }
    },
    {
      "type": "Feature",
      "geometry": {
        "type": "LineString",
        "coordinates": [
          [
            4.4732111,
            43.8186331
          ],
          [
            4.4726148,
            43.8186882
          ]
        ]
      },
      "properties": {
        "highway": "tertiary",
        "color_key": "medium",
        "name": "Cours Jean Jaurès",
        "length_m": 48
      }
    },
    {
      "type": "Feature",
      "geometry": {
        "type": "LineString",
        "coordinates": [
          [
            4.4732111,
            43.8186331
          ],
          [
            4.4732153,
            43.8186814
          ],
          [
            4.4732253,
            43.8187947
          ]
        ]
      },
      "properties": {
        "highway": "living_street",
        "color_key": "light",
        "name": "Rue de l'Horloge",
        "length_m": 18
      }
    },
    {
      "type": "Feature",
      "geometry": {
        "type": "LineString",
        "coordinates": [
          [
            4.4732253,
            43.8187947
          ],
          [
            4.4732369,
            43.818935
          ],
          [
            4.4732952,
            43.8189881
          ],
          [
            4.4732953,
            43.8190589
          ],
          [
            4.4732953,
            43.8190737
          ]
        ]
      },
      "properties": {
        "highway": "residential",
        "color_key": "light",
        "name": "Rue du Fort",
        "length_m": 33
      }
    },
    {
      "type": "Feature",
      "geometry": {
        "type": "LineString",
        "coordinates": [
          [
            4.4728679,
            43.8189626
          ],
          [
            4.4728445,
            43.8193972
          ]
        ]
      },
      "properties": {
        "highway": "residential",
        "color_key": "light",
        "name": "Rue Richelieu",
        "length_m": 48
      }
    },
    {
      "type": "Feature",
      "geometry": {
        "type": "LineString",
        "coordinates": [
          [
            4.4730661,
            43.8189696
          ],
          [
            4.4730289,
            43.819458
          ]
        ]
      },
      "properties": {
        "highway": "residential",
        "color_key": "light",
        "name": "Rue Voltaire",
        "length_m": 54
      }
    },
    {
      "type": "Feature",
      "geometry": {
        "type": "LineString",
        "coordinates": [
          [
            4.4741923,
            43.8179282
          ],
          [
            4.474719,
            43.8178267
          ]
        ]
      },
      "properties": {
        "highway": "unclassified",
        "color_key": "light",
        "name": "Rue Victor Hugo",
        "length_m": 44
      }
    },
    {
      "type": "Feature",
      "geometry": {
        "type": "LineString",
        "coordinates": [
          [
            4.475864,
            43.81871
          ],
          [
            4.475939,
            43.8186949
          ],
          [
            4.4759797,
            43.8186866
          ],
          [
            4.4766846,
            43.8185543
          ],
          [
            4.4767843,
            43.8185439
          ]
        ]
      },
      "properties": {
        "highway": "tertiary",
        "color_key": "medium",
        "name": "Rue de Bellegarde",
        "length_m": 76
      }
    },
    {
      "type": "Feature",
      "geometry": {
        "type": "LineString",
        "coordinates": [
          [
            4.4778253,
            43.8186225
          ],
          [
            4.4778216,
            43.8186585
          ],
          [
            4.4778176,
            43.8186972
          ],
          [
            4.4777232,
            43.8197703
          ]
        ]
      },
      "properties": {
        "highway": "residential",
        "color_key": "light",
        "name": "Impasse les Cigales",
        "length_m": 128
      }
    },
    {
      "type": "Feature",
      "geometry": {
        "type": "LineString",
        "coordinates": [
          [
            4.4778253,
            43.8186225
          ],
          [
            4.4784415,
            43.8187011
          ],
          [
            4.4785242,
            43.8187102
          ]
        ]
      },
      "properties": {
        "highway": "tertiary",
        "color_key": "medium",
        "name": "Rue de Bellegarde",
        "length_m": 57
      }
    },
    {
      "type": "Feature",
      "geometry": {
        "type": "LineString",
        "coordinates": [
          [
            4.4785242,
            43.8187102
          ],
          [
            4.4786033,
            43.818718
          ]
        ]
      },
      "properties": {
        "highway": "tertiary",
        "color_key": "medium",
        "name": "Rue de Bellegarde",
        "length_m": 6
      }
    },
    {
      "type": "Feature",
      "geometry": {
        "type": "LineString",
        "coordinates": [
          [
            4.4785242,
            43.8187102
          ],
          [
            4.4785265,
            43.8186826
          ],
          [
            4.4785615,
            43.8182717
          ],
          [
            4.4786067,
            43.8182191
          ],
          [
            4.478663,
            43.8181893
          ],
          [
            4.4791553,
            43.8181774
          ],
          [
            4.4794891,
            43.8181694
          ],
          [
            4.4795635,
            43.8181868
          ],
          [
            4.4796347,
            43.8182456
          ],
          [
            4.4800575,
            43.8188336
          ],
          [
            4.4800951,
            43.8189197
          ],
          [
            4.480089,
            43.8189551
          ]
        ]
      },
      "properties": {
        "highway": "residential",
        "color_key": "light",
        "name": "Rue des Andalouses",
        "length_m": 230
      }
    },
    {
      "type": "Feature",
      "geometry": {
        "type": "LineString",
        "coordinates": [
          [
            4.481394,
            43.8177308
          ],
          [
            4.4817698,
            43.8184907
          ]
        ]
      },
      "properties": {
        "highway": "residential",
        "color_key": "light",
        "name": "Rue Vincent",
        "length_m": 90
      }
    },
    {
      "type": "Feature",
      "geometry": {
        "type": "LineString",
        "coordinates": [
          [
            4.481394,
            43.8177308
          ],
          [
            4.4804415,
            43.8178753
          ],
          [
            4.4803811,
            43.8179144
          ],
          [
            4.4803572,
            43.8179729
          ],
          [
            4.4804422,
            43.8182962
          ],
          [
            4.4805867,
            43.8184153
          ],
          [
            4.4807414,
            43.8187205
          ],
          [
            4.4808213,
            43.8187607
          ],
          [
            4.481448,
            43.8185823
          ]
        ]
      },
      "properties": {
        "highway": "residential",
        "color_key": "light",
        "name": "Rue Vincent",
        "length_m": 244
      }
    },
    {
      "type": "Feature",
      "geometry": {
        "type": "LineString",
        "coordinates": [
          [
            4.4819289,
            43.8187852
          ],
          [
            4.4819491,
            43.818813
          ],
          [
            4.4819764,
            43.8188517
          ],
          [
            4.4821101,
            43.8190844
          ]
        ]
      },
      "properties": {
        "highway": "residential",
        "color_key": "light",
        "name": "Rue Clé des Champs",
        "length_m": 36
      }
    },
    {
      "type": "Feature",
      "geometry": {
        "type": "LineString",
        "coordinates": [
          [
            4.4819289,
            43.8187852
          ],
          [
            4.481911,
            43.8187536
          ],
          [
            4.4817698,
            43.8184907
          ]
        ]
      },
      "properties": {
        "highway": "residential",
        "color_key": "light",
        "name": "Rue Vincent",
        "length_m": 35
      }
    },
    {
      "type": "Feature",
      "geometry": {
        "type": "LineString",
        "coordinates": [
          [
            4.4819289,
            43.8187852
          ],
          [
            4.4822113,
            43.8186929
          ],
          [
            4.4824879,
            43.8186024
          ],
          [
            4.4825138,
            43.8185945
          ],
          [
            4.4825925,
            43.8185678
          ]
        ]
      },
      "properties": {
        "highway": "tertiary",
        "color_key": "medium",
        "name": "Rue de Bellegarde",
        "length_m": 58
      }
    },
    {
      "type": "Feature",
      "geometry": {
        "type": "LineString",
        "coordinates": [
          [
            4.4817698,
            43.8184907
          ],
          [
            4.481448,
            43.8185823
          ]
        ]
      },
      "properties": {
        "highway": "residential",
        "color_key": "light",
        "name": "Rue Vincent",
        "length_m": 28
      }
    },
    {
      "type": "Feature",
      "geometry": {
        "type": "LineString",
        "coordinates": [
          [
            4.4722143,
            43.8193913
          ],
          [
            4.472229,
            43.8193361
          ],
          [
            4.4723723,
            43.8193333
          ],
          [
            4.4726174,
            43.8192861
          ]
        ]
      },
      "properties": {
        "highway": "residential",
        "color_key": "light",
        "name": "Rue Racine",
        "length_m": 38
      }
    },
    {
      "type": "Feature",
      "geometry": {
        "type": "LineString",
        "coordinates": [
          [
            4.4726174,
            43.8192861
          ],
          [
            4.4727602,
            43.8193694
          ],
          [
            4.4728445,
            43.8193972
          ]
        ]
      },
      "properties": {
        "highway": "residential",
        "color_key": "light",
        "name": "Rue Turenne",
        "length_m": 22
      }
    },
    {
      "type": "Feature",
      "geometry": {
        "type": "LineString",
        "coordinates": [
          [
            4.4728445,
            43.8193972
          ],
          [
            4.4729375,
            43.8194279
          ],
          [
            4.4730289,
            43.819458
          ]
        ]
      },
      "properties": {
        "highway": "residential",
        "color_key": "light",
        "name": "Rue Turenne",
        "length_m": 16
      }
    },
    {
      "type": "Feature",
      "geometry": {
        "type": "LineString",
        "coordinates": [
          [
            4.4730338,
            43.8196601
          ],
          [
            4.4730476,
            43.8196928
          ],
          [
            4.4730727,
            43.8197353
          ],
          [
            4.473121,
            43.8197786
          ],
          [
            4.4732591,
            43.8198074
          ],
          [
            4.4733132,
            43.8198603
          ],
          [
            4.4733069,
            43.8204833
          ],
          [
            4.4733332,
            43.8205603
          ],
          [
            4.4733714,
            43.8205879
          ],
          [
            4.4735741,
            43.8205755
          ],
          [
            4.4739823,
            43.8205105
          ],
          [
            4.4741097,
            43.8204621
          ]
        ]
      },
      "properties": {
        "highway": "residential",
        "color_key": "light",
        "name": "Impasse le Fort",
        "length_m": 178
      }
    },
    {
      "type": "Feature",
      "geometry": {
        "type": "LineString",
        "coordinates": [
          [
            4.4777232,
            43.8197703
          ],
          [
            4.4775805,
            43.819927
          ],
          [
            4.4778202,
            43.8199133
          ],
          [
            4.477834,
            43.8199125
          ],
          [
            4.4777232,
            43.8197703
          ]
        ]
      },
      "properties": {
        "highway": "residential",
        "color_key": "light",
        "name": "Impasse les Cigales",
        "length_m": 59
      }
    },
    {
      "type": "Feature",
      "geometry": {
        "type": "LineString",
        "coordinates": [
          [
            4.480089,
            43.8189551
          ],
          [
            4.4795356,
            43.8188259
          ],
          [
            4.4791719,
            43.8187838
          ],
          [
            4.4789862,
            43.8187623
          ],
          [
            4.4789277,
            43.8187555
          ],
          [
            4.4788285,
            43.818744
          ],
          [
            4.4786033,
            43.818718
          ]
        ]
      },
      "properties": {
        "highway": "tertiary",
        "color_key": "medium",
        "name": "Rue de Bellegarde",
        "length_m": 122
      }
    },
    {
      "type": "Feature",
      "geometry": {
        "type": "LineString",
        "coordinates": [
          [
            4.4821101,
            43.8190844
          ],
          [
            4.4822796,
            43.8194034
          ],
          [
            4.4824124,
            43.8196737
          ]
        ]
      },
      "properties": {
        "highway": "residential",
        "color_key": "light",
        "name": "Rue Clé des Champs",
        "length_m": 70
      }
    },
    {
      "type": "Feature",
      "geometry": {
        "type": "LineString",
        "coordinates": [
          [
            4.4824124,
            43.8196737
          ],
          [
            4.4825024,
            43.8197185
          ],
          [
            4.4826384,
            43.8197524
          ],
          [
            4.4828974,
            43.819684
          ],
          [
            4.483225,
            43.8195561
          ],
          [
            4.4835777,
            43.819387
          ]
        ]
      },
      "properties": {
        "highway": "residential",
        "color_key": "light",
        "name": [
          "Rue Clé des Champs",
          "Impasse Clé des Champs"
        ],
        "length_m": 106
      }
    },
    {
      "type": "Feature",
      "geometry": {
        "type": "LineString",
        "coordinates": [
          [
            4.4835777,
            43.819387
          ],
          [
            4.4836412,
            43.8195172
          ],
          [
            4.4836641,
            43.8195542
          ]
        ]
      },
      "properties": {
        "highway": "unclassified",
        "color_key": "light",
        "name": "",
        "length_m": 20
      }
    },
    {
      "type": "Feature",
      "geometry": {
        "type": "LineString",
        "coordinates": [
          [
            4.4786033,
            43.818718
          ],
          [
            4.4786013,
            43.8187503
          ],
          [
            4.4786008,
            43.8187739
          ],
          [
            4.4785795,
            43.8191035
          ]
        ]
      },
      "properties": {
        "highway": "residential",
        "color_key": "light",
        "name": "Rue des Castors",
        "length_m": 43
      }
    },
    {
      "type": "Feature",
      "geometry": {
        "type": "LineString",
        "coordinates": [
          [
            4.4749518,
            43.819671
          ],
          [
            4.4749184,
            43.8196889
          ],
          [
            4.4748875,
            43.8197102
          ],
          [
            4.4748771,
            43.8197678
          ],
          [
            4.4750053,
            43.8201111
          ],
          [
            4.4754244,
            43.8208024
          ]
        ]
      },
      "properties": {
        "highway": "residential",
        "color_key": "light",
        "name": "Chemin Bas",
        "length_m": 137
      }
    },
    {
      "type": "Feature",
      "geometry": {
        "type": "LineString",
        "coordinates": [
          [
            4.4749518,
            43.819671
          ],
          [
            4.47558,
            43.8205699
          ],
          [
            4.4757545,
            43.8208312
          ],
          [
            4.4762627,
            43.8215923
          ],
          [
            4.4763044,
            43.8216525
          ]
        ]
      },
      "properties": {
        "highway": "tertiary",
        "color_key": "medium",
        "name": "Avenue Pierre Mendès France",
        "length_m": 246
      }
    },
    {
      "type": "Feature",
      "geometry": {
        "type": "LineString",
        "coordinates": [
          [
            4.4760583,
            43.8217388
          ],
          [
            4.4763044,
            43.8216525
          ]
        ]
      },
      "properties": {
        "highway": "residential",
        "color_key": "light",
        "name": "Rue du Parouzel",
        "length_m": 22
      }
    },
    {
      "type": "Feature",
      "geometry": {
        "type": "LineString",
        "coordinates": [
          [
            4.4760583,
            43.8217388
          ],
          [
            4.4759928,
            43.8216336
          ],
          [
            4.4757356,
            43.8213344
          ],
          [
            4.4755973,
            43.8211096
          ],
          [
            4.4754244,
            43.8208024
          ]
        ]
      },
      "properties": {
        "highway": "residential",
        "color_key": "light",
        "name": "Chemin Bas",
        "length_m": 116
      }
    },
    {
      "type": "Feature",
      "geometry": {
        "type": "LineString",
        "coordinates": [
          [
            4.4760583,
            43.8217388
          ],
          [
            4.4758263,
            43.8218138
          ],
          [
            4.4757058,
            43.8218268
          ],
          [
            4.4755822,
            43.8217829
          ],
          [
            4.4753559,
            43.8215371
          ],
          [
            4.4752389,
            43.8215042
          ],
          [
            4.4751187,
            43.821502
          ],
          [
            4.4747771,
            43.8216232
          ],
          [
            4.4746933,
            43.8216617
          ]
        ]
      },
      "properties": {
        "highway": "residential",
        "color_key": "light",
        "name": "Rue du Parouzel",
        "length_m": 132
      }
    },
    {
      "type": "Feature",
      "geometry": {
        "type": "LineString",
        "coordinates": [
          [
            4.4760583,
            43.8217388
          ],
          [
            4.4760624,
            43.8217897
          ],
          [
            4.4760624,
            43.8218642
          ],
          [
            4.4758727,
            43.8224188
          ],
          [
            4.4756091,
            43.8230969
          ],
          [
            4.4755577,
            43.823146
          ],
          [
            4.4755018,
            43.8231994
          ]
        ]
      },
      "properties": {
        "highway": "residential",
        "color_key": "light",
        "name": "Chemin Bas",
        "length_m": 170
      }
    },
    {
      "type": "Feature",
      "geometry": {
        "type": "LineString",
        "coordinates": [
          [
            4.4755018,
            43.8231994
          ],
          [
            4.4755474,
            43.8232449
          ],
          [
            4.475535,
            43.8233613
          ],
          [
            4.4755372,
            43.8234374
          ],
          [
            4.4755776,
            43.823789
          ],
          [
            4.4755396,
            43.8239984
          ],
          [
            4.4753504,
            43.8248181
          ],
          [
            4.4753638,
            43.82495
          ],
          [
            4.4755787,
            43.8253091
          ],
          [
            4.4755841,
            43.8253245
          ],
          [
            4.4757097,
            43.8256865
          ],
          [
            4.4757613,
            43.8262427
          ]
        ]
      },
      "properties": {
        "highway": "unclassified",
        "color_key": "light",
        "name": "Chemin Bas",
        "length_m": 346
      }
    },
    {
      "type": "Feature",
      "geometry": {
        "type": "LineString",
        "coordinates": [
          [
            4.4755018,
            43.8231994
          ],
          [
            4.4753382,
            43.8232304
          ],
          [
            4.4734805,
            43.8230797
          ],
          [
            4.471736,
            43.8229382
          ],
          [
            4.4715455,
            43.8228879
          ],
          [
            4.4713203,
            43.8227874
          ],
          [
            4.4710869,
            43.8226073
          ],
          [
            4.4709527,
            43.8224041
          ],
          [
            4.4708401,
            43.8221448
          ],
          [
            4.4707784,
            43.8220016
          ],
          [
            4.47069,
            43.8218605
          ],
          [
            4.4705398,
            43.8217714
          ]
        ]
      },
      "properties": {
        "highway": "unclassified",
        "color_key": "light",
        "name": "Chemin du Parc",
        "length_m": 474
      }
    },
    {
      "type": "Feature",
      "geometry": {
        "type": "LineString",
        "coordinates": [
          [
            4.4784765,
            43.8202219
          ],
          [
            4.4785192,
            43.8197704
          ]
        ]
      },
      "properties": {
        "highway": "residential",
        "color_key": "light",
        "name": "Rue des Castors",
        "length_m": 50
      }
    },
    {
      "type": "Feature",
      "geometry": {
        "type": "LineString",
        "coordinates": [
          [
            4.4785192,
            43.8197704
          ],
          [
            4.4785795,
            43.8191035
          ]
        ]
      },
      "properties": {
        "highway": "residential",
        "color_key": "light",
        "name": "Rue des Castors",
        "length_m": 74
      }
    },
    {
      "type": "Feature",
      "geometry": {
        "type": "LineString",
        "coordinates": [
          [
            4.4800814,
            43.823137
          ],
          [
            4.4798557,
            43.8224546
          ]
        ]
      },
      "properties": {
        "highway": "residential",
        "color_key": "light",
        "name": "Impasse des Saladelles",
        "length_m": 78
      }
    },
    {
      "type": "Feature",
      "geometry": {
        "type": "LineString",
        "coordinates": [
          [
            4.4772863,
            43.8242391
          ],
          [
            4.4773287,
            43.8245534
          ],
          [
            4.4774802,
            43.8246424
          ],
          [
            4.4782941,
            43.8247235
          ]
        ]
      },
      "properties": {
        "highway": "residential",
        "color_key": "light",
        "name": "Impasse des Peupliers",
        "length_m": 117
      }
    },
    {
      "type": "Feature",
      "geometry": {
        "type": "LineString",
        "coordinates": [
          [
            4.4785365,
            43.8248727
          ],
          [
            4.479036,
            43.8255983
          ],
          [
            4.4791133,
            43.8257106
          ]
        ]
      },
      "properties": {
        "highway": "tertiary",
        "color_key": "medium",
        "name": "Avenue Pierre Mendès France",
        "length_m": 104
      }
    },
    {
      "type": "Feature",
      "geometry": {
        "type": "LineString",
        "coordinates": [
          [
            4.4785365,
            43.8248727
          ],
          [
            4.4785489,
            43.8248685
          ],
          [
            4.4785702,
            43.8248612
          ],
          [
            4.4785877,
            43.8248549
          ],
          [
            4.4789133,
            43.8248522
          ],
          [
            4.4791246,
            43.8248631
          ]
        ]
      },
      "properties": {
        "highway": "residential",
        "color_key": "light",
        "name": "Impasse des Lilas",
        "length_m": 48
      }
    },
    {
      "type": "Feature",
      "geometry": {
        "type": "LineString",
        "coordinates": [
          [
            4.4777337,
            43.8252333
          ],
          [
            4.478118,
            43.8248837
          ],
          [
            4.4782941,
            43.8247235
          ]
        ]
      },
      "properties": {
        "highway": "residential",
        "color_key": "light",
        "name": "Rue des Peupliers",
        "length_m": 72
      }
    },
    {
      "type": "Feature",
      "geometry": {
        "type": "LineString",
        "coordinates": [
          [
            4.4779226,
            43.8258981
          ],
          [
            4.4789772,
            43.8257321
          ],
          [
            4.4791133,
            43.8257106
          ]
        ]
      },
      "properties": {
        "highway": "residential",
        "color_key": "light",
        "name": "Impasse des Rossignols",
        "length_m": 98
      }
    },
    {
      "type": "Feature",
      "geometry": {
        "type": "LineString",
        "coordinates": [
          [
            4.4800413,
            43.8248462
          ],
          [
            4.4802191,
            43.8248346
          ]
        ]
      },
      "properties": {
        "highway": "residential",
        "color_key": "light",
        "name": "Impasse des Lilas",
        "length_m": 14
      }
    },
    {
      "type": "Feature",
      "geometry": {
        "type": "LineString",
        "coordinates": [
          [
            4.4800413,
            43.8248462
          ],
          [
            4.4794896,
            43.8248819
          ],
          [
            4.4791246,
            43.8248631
          ]
        ]
      },
      "properties": {
        "highway": "residential",
        "color_key": "light",
        "name": "Impasse des Lilas",
        "length_m": 74
      }
    },
    {
      "type": "Feature",
      "geometry": {
        "type": "LineString",
        "coordinates": [
          [
            4.4800413,
            43.8248462
          ],
          [
            4.4799674,
            43.8241513
          ],
          [
            4.4800057,
            43.8241087
          ],
          [
            4.4804072,
            43.8240858
          ]
        ]
      },
      "properties": {
        "highway": "residential",
        "color_key": "light",
        "name": "Impasse Cabravaire",
        "length_m": 115
      }
    },
    {
      "type": "Feature",
      "geometry": {
        "type": "LineString",
        "coordinates": [
          [
            4.4802191,
            43.8248346
          ],
          [
            4.4806605,
            43.824806
          ],
          [
            4.4808507,
            43.824766
          ],
          [
            4.4812653,
            43.8246788
          ],
          [
            4.4815984,
            43.8246002
          ],
          [
            4.4818681,
            43.8245771
          ],
          [
            4.4824523,
            43.8245666
          ],
          [
            4.4826651,
            43.8245726
          ],
          [
            4.4830712,
            43.824493
          ]
        ]
      },
      "properties": {
        "highway": "residential",
        "color_key": "light",
        "name": "Impasse des Lilas",
        "length_m": 234
      }
    },
    {
      "type": "Feature",
      "geometry": {
        "type": "LineString",
        "coordinates": [
          [
            4.4802191,
            43.8248346
          ],
          [
            4.4803234,
            43.8254026
          ],
          [
            4.480699,
            43.825358
          ]
        ]
      },
      "properties": {
        "highway": "residential",
        "color_key": "light",
        "name": "Impasse de l'Occitan",
        "length_m": 94
      }
    },
    {
      "type": "Feature",
      "geometry": {
        "type": "LineString",
        "coordinates": [
          [
            4.4792341,
            43.8274795
          ],
          [
            4.4793671,
            43.8274742
          ]
        ]
      },
      "properties": {
        "highway": "unclassified",
        "color_key": "light",
        "name": "",
        "length_m": 11
      }
    },
    {
      "type": "Feature",
      "geometry": {
        "type": "LineString",
        "coordinates": [
          [
            4.4792341,
            43.8274795
          ],
          [
            4.4788948,
            43.8275498
          ],
          [
            4.4782698,
            43.827633
          ],
          [
            4.4781061,
            43.827651
          ]
        ]
      },
      "properties": {
        "highway": "unclassified",
        "color_key": "light",
        "name": "",
        "length_m": 93
      }
    },
    {
      "type": "Feature",
      "geometry": {
        "type": "LineString",
        "coordinates": [
          [
            4.4792341,
            43.8274795
          ],
          [
            4.4792933,
            43.8273398
          ],
          [
            4.4794234,
            43.8272247
          ],
          [
            4.4797474,
            43.8271085
          ]
        ]
      },
      "properties": {
        "highway": "unclassified",
        "color_key": "light",
        "name": "Chemin de Gravaison",
        "length_m": 62
      }
    },
    {
      "type": "Feature",
      "geometry": {
        "type": "LineString",
        "coordinates": [
          [
            4.463791,
            43.82035
          ],
          [
            4.4635954,
            43.8203971
          ],
          [
            4.4635203,
            43.8206538
          ],
          [
            4.4634829,
            43.8207105
          ],
          [
            4.4634028,
            43.8207624
          ],
          [
            4.4631997,
            43.820848
          ],
          [
            4.46317,
            43.8209166
          ],
          [
            4.4631852,
            43.8210101
          ],
          [
            4.4633886,
            43.8213339
          ]
        ]
      },
      "properties": {
        "highway": "residential",
        "color_key": "light",
        "name": "Impasse des Anciens Combattants d'Afn",
        "length_m": 138
      }
    },
    {
      "type": "Feature",
      "geometry": {
        "type": "LineString",
        "coordinates": [
          [
            4.4633886,
            43.8213339
          ],
          [
            4.4630533,
            43.8214517
          ],
          [
            4.4629111,
            43.8214869
          ]
        ]
      },
      "properties": {
        "highway": "residential",
        "color_key": "light",
        "name": "Chemin de la Treille",
        "length_m": 42
      }
    },
    {
      "type": "Feature",
      "geometry": {
        "type": "LineString",
        "coordinates": [
          [
            4.4729573,
            43.8170222
          ],
          [
            4.4731773,
            43.8177969
          ]
        ]
      },
      "properties": {
        "highway": "living_street",
        "color_key": "light",
        "name": "Rue de la Paix",
        "length_m": 88
      }
    },
    {
      "type": "Feature",
      "geometry": {
        "type": "LineString",
        "coordinates": [
          [
            4.4729573,
            43.8170222
          ],
          [
            4.4732356,
            43.8170138
          ],
          [
            4.4734319,
            43.8177756
          ]
        ]
      },
      "properties": {
        "highway": "residential",
        "color_key": "light",
        "name": "Rue d'Austerlitz",
        "length_m": 109
      }
    },
    {
      "type": "Feature",
      "geometry": {
        "type": "LineString",
        "coordinates": [
          [
            4.4721506,
            43.8178651
          ],
          [
            4.4731773,
            43.8177969
          ]
        ]
      },
      "properties": {
        "highway": "residential",
        "color_key": "light",
        "name": "Rue Bigot",
        "length_m": 83
      }
    },
    {
      "type": "Feature",
      "geometry": {
        "type": "LineString",
        "coordinates": [
          [
            4.4721506,
            43.8178651
          ],
          [
            4.4722437,
            43.817676
          ],
          [
            4.4724443,
            43.8172688
          ]
        ]
      },
      "properties": {
        "highway": "unclassified",
        "color_key": "light",
        "name": "Rue Jeanne d'Arc",
        "length_m": 70
      }
    },
    {
      "type": "Feature",
      "geometry": {
        "type": "LineString",
        "coordinates": [
          [
            4.4721882,
            43.8186497
          ],
          [
            4.4724102,
            43.818564
          ]
        ]
      },
      "properties": {
        "highway": "tertiary",
        "color_key": "medium",
        "name": "Cours Jean Jaurès",
        "length_m": 20
      }
    },
    {
      "type": "Feature",
      "geometry": {
        "type": "LineString",
        "coordinates": [
          [
            4.4721882,
            43.8186497
          ],
          [
            4.4720496,
            43.8186589
          ],
          [
            4.4719714,
            43.8186723
          ]
        ]
      },
      "properties": {
        "highway": "tertiary",
        "color_key": "medium",
        "name": "Cours Jean Jaurès",
        "length_m": 18
      }
    },
    {
      "type": "Feature",
      "geometry": {
        "type": "LineString",
        "coordinates": [
          [
            4.4731773,
            43.8177969
          ],
          [
            4.4734319,
            43.8177756
          ]
        ]
      },
      "properties": {
        "highway": "residential",
        "color_key": "light",
        "name": "Rue Bigot",
        "length_m": 21
      }
    },
    {
      "type": "Feature",
      "geometry": {
        "type": "LineString",
        "coordinates": [
          [
            4.4734319,
            43.8177756
          ],
          [
            4.4735054,
            43.8180522
          ]
        ]
      },
      "properties": {
        "highway": "residential",
        "color_key": "light",
        "name": "Rue d'Austerlitz",
        "length_m": 31
      }
    },
    {
      "type": "Feature",
      "geometry": {
        "type": "LineString",
        "coordinates": [
          [
            4.4733559,
            43.8184699
          ],
          [
            4.4735295,
            43.8184622
          ],
          [
            4.4735963,
            43.8184701
          ]
        ]
      },
      "properties": {
        "highway": "tertiary",
        "color_key": "medium",
        "name": "Cours Jean Jaurès",
        "length_m": 19
      }
    },
    {
      "type": "Feature",
      "geometry": {
        "type": "LineString",
        "coordinates": [
          [
            4.4735963,
            43.8184701
          ],
          [
            4.4736416,
            43.8185173
          ]
        ]
      },
      "properties": {
        "highway": "tertiary",
        "color_key": "medium",
        "name": "Cours Jean Jaurès",
        "length_m": 6
      }
    },
    {
      "type": "Feature",
      "geometry": {
        "type": "LineString",
        "coordinates": [
          [
            4.4735963,
            43.8184701
          ],
          [
            4.4736611,
            43.8184289
          ],
          [
            4.4736891,
            43.8183939
          ],
          [
            4.4736506,
            43.8183004
          ]
        ]
      },
      "properties": {
        "highway": "residential",
        "color_key": "light",
        "name": "",
        "length_m": 22
      }
    },
    {
      "type": "Feature",
      "geometry": {
        "type": "LineString",
        "coordinates": [
          [
            4.4750973,
            43.8168106
          ],
          [
            4.4753698,
            43.8175708
          ]
        ]
      },
      "properties": {
        "highway": "residential",
        "color_key": "light",
        "name": "",
        "length_m": 87
      }
    },
    {
      "type": "Feature",
      "geometry": {
        "type": "LineString",
        "coordinates": [
          [
            4.4753698,
            43.8175708
          ],
          [
            4.4750943,
            43.8177543
          ],
          [
            4.474719,
            43.8178267
          ]
        ]
      },
      "properties": {
        "highway": "unclassified",
        "color_key": "light",
        "name": "Rue Victor Hugo",
        "length_m": 61
      }
    },
    {
      "type": "Feature",
      "geometry": {
        "type": "LineString",
        "coordinates": [
          [
            4.4676438,
            43.7989851
          ],
          [
            4.4677171,
            43.7992273
          ],
          [
            4.4681691,
            43.8004534
          ],
          [
            4.4683528,
            43.801199
          ],
          [
            4.4684836,
            43.8021262
          ],
          [
            4.468724,
            43.8033918
          ],
          [
            4.4687476,
            43.8039415
          ],
          [
            4.4686745,
            43.8043995
          ],
          [
            4.4685029,
            43.8049688
          ],
          [
            4.4682767,
            43.8054602
          ],
          [
            4.4682369,
            43.8055467
          ],
          [
            4.4681091,
            43.806113
          ],
          [
            4.4679511,
            43.8071001
          ],
          [
            4.4678041,
            43.8082631
          ],
          [
            4.4678155,
            43.8088618
          ],
          [
            4.4679079,
            43.8095842
          ],
          [
            4.467973,
            43.8098179
          ],
          [
            4.4679782,
            43.8102648
          ]
        ]
      },
      "properties": {
        "highway": "unclassified",
        "color_key": "light",
        "name": "Rue de Saint-Gilles",
        "length_m": 1271
      }
    },
    {
      "type": "Feature",
      "geometry": {
        "type": "LineString",
        "coordinates": [
          [
            4.4676438,
            43.7989851
          ],
          [
            4.46728,
            43.7977834
          ],
          [
            4.4672257,
            43.7969456
          ],
          [
            4.4671845,
            43.7967775
          ],
          [
            4.4670783,
            43.7965635
          ],
          [
            4.4669892,
            43.796384
          ],
          [
            4.4665275,
            43.7956414
          ],
          [
            4.4658744,
            43.7944111
          ],
          [
            4.4655071,
            43.793746
          ],
          [
            4.4653901,
            43.7935125
          ],
          [
            4.4652884,
            43.793325
          ],
          [
            4.4652392,
            43.7932343
          ]
        ]
      },
      "properties": {
        "highway": "unclassified",
        "color_key": "light",
        "name": "",
        "length_m": 673
      }
    },
    {
      "type": "Feature",
      "geometry": {
        "type": "LineString",
        "coordinates": [
          [
            4.4676438,
            43.7989851
          ],
          [
            4.4673197,
            43.7989353
          ],
          [
            4.4669689,
            43.798913
          ],
          [
            4.4666555,
            43.7988995
          ],
          [
            4.4662254,
            43.798885
          ],
          [
            4.4659129,
            43.7988957
          ],
          [
            4.465587,
            43.7989244
          ],
          [
            4.4651113,
            43.7989986
          ],
          [
            4.464081,
            43.799173
          ]
        ]
      },
      "properties": {
        "highway": "unclassified",
        "color_key": "light",
        "name": "Chemin des Perrières",
        "length_m": 290
      }
    },
    {
      "type": "Feature",
      "geometry": {
        "type": "LineString",
        "coordinates": [
          [
            4.4676438,
            43.7989851
          ],
          [
            4.4699719,
            43.7992916
          ],
          [
            4.4705759,
            43.7993709
          ],
          [
            4.4710349,
            43.7994079
          ],
          [
            4.4715782,
            43.7994416
          ],
          [
            4.4717738,
            43.7994537
          ],
          [
            4.4721597,
            43.7994561
          ],
          [
            4.4724087,
            43.799443
          ],
          [
            4.4727029,
            43.7994213
          ],
          [
            4.4731642,
            43.7993661
          ],
          [
            4.4734311,
            43.799325
          ],
          [
            4.4736283,
            43.7992799
          ],
          [
            4.4738376,
            43.799218
          ],
          [
            4.4743256,
            43.7990283
          ],
          [
            4.474543,
            43.7989687
          ]
        ]
      },
      "properties": {
        "highway": "unclassified",
        "color_key": "light",
        "name": "Chemin des Perrières",
        "length_m": 568
      }
    },
    {
      "type": "Feature",
      "geometry": {
        "type": "LineString",
        "coordinates": [
          [
            4.474543,
            43.7989687
          ],
          [
            4.4745281,
            43.7998634
          ],
          [
            4.4746537,
            43.8006317
          ],
          [
            4.4746293,
            43.8007916
          ],
          [
            4.4745463,
            43.800992
          ],
          [
            4.4744983,
            43.8011398
          ],
          [
            4.474442,
            43.8021244
          ],
          [
            4.4744695,
            43.8031102
          ],
          [
            4.4745489,
            43.8033172
          ],
          [
            4.4744482,
            43.8055669
          ],
          [
            4.4744053,
            43.8065265
          ],
          [
            4.4743271,
            43.8066013
          ],
          [
            4.4742237,
            43.8066353
          ],
          [
            4.4737545,
            43.8065618
          ],
          [
            4.4736581,
            43.8065794
          ],
          [
            4.4735918,
            43.8066363
          ],
          [
            4.4733107,
            43.8082224
          ],
          [
            4.4733072,
            43.8083414
          ],
          [
            4.4734455,
            43.808796
          ],
          [
            4.4734472,
            43.8088637
          ]
        ]
      },
      "properties": {
        "highway": "unclassified",
        "color_key": "light",
        "name": "Chemin du Bois des Roziers",
        "length_m": 1168
      }
    },
    {
      "type": "Feature",
      "geometry": {
        "type": "LineString",
        "coordinates": [
          [
            4.474543,
            43.7989687
          ],
          [
            4.474677,
            43.7989378
          ],
          [
            4.4748129,
            43.7989137
          ],
          [
            4.4749881,
            43.7988889
          ],
          [
            4.4751557,
            43.7988759
          ],
          [
            4.4757606,
            43.7988594
          ],
          [
            4.4760606,
            43.798856
          ],
          [
            4.4762092,
            43.7988623
          ],
          [
            4.4763569,
            43.7988785
          ],
          [
            4.476511,
            43.7989131
          ],
          [
            4.4766357,
            43.7989571
          ],
          [
            4.4767969,
            43.7990202
          ],
          [
            4.4775087,
            43.7993371
          ],
          [
            4.4776174,
            43.79937
          ],
          [
            4.477716,
            43.7993881
          ],
          [
            4.4778172,
            43.7993869
          ],
          [
            4.4779105,
            43.7993741
          ],
          [
            4.4779942,
            43.7993501
          ],
          [
            4.478078,
            43.799313
          ],
          [
            4.4781598,
            43.7992548
          ],
          [
            4.4782395,
            43.7991934
          ],
          [
            4.478505,
            43.7989536
          ],
          [
            4.478619,
            43.7988485
          ],
          [
            4.4787036,
            43.7987933
          ],
          [
            4.4788036,
            43.7987427
          ],
          [
            4.4789135,
            43.7987211
          ],
          [
            4.4790075,
            43.7987135
          ],
          [
            4.4791026,
            43.7987185
          ],
          [
            4.4792011,
            43.7987398
          ],
          [
            4.4810359,
            43.7993189
          ]
        ]
      },
      "properties": {
        "highway": "unclassified",
        "color_key": "light",
        "name": "Chemin des Perrières",
        "length_m": 581
      }
    },
    {
      "type": "Feature",
      "geometry": {
        "type": "LineString",
        "coordinates": [
          [
            4.4876157,
            43.8005339
          ],
          [
            4.4872664,
            43.8004463
          ],
          [
            4.4868636,
            43.8003817
          ],
          [
            4.4862574,
            43.8003589
          ],
          [
            4.4857548,
            43.8003152
          ],
          [
            4.4850419,
            43.8001876
          ],
          [
            4.4846097,
            43.8001792
          ],
          [
            4.4840803,
            43.8001414
          ],
          [
            4.4828146,
            43.7999125
          ],
          [
            4.4824101,
            43.7997866
          ],
          [
            4.4810359,
            43.7993189
          ]
        ]
      },
      "properties": {
        "highway": "unclassified",
        "color_key": "light",
        "name": "Chemin des Perrières",
        "length_m": 550
      }
    },
    {
      "type": "Feature",
      "geometry": {
        "type": "LineString",
        "coordinates": [
          [
            4.4876157,
            43.8005339
          ],
          [
            4.4879612,
            43.8006188
          ],
          [
            4.4881772,
            43.8006681
          ],
          [
            4.4882117,
            43.800676
          ]
        ]
      },
      "properties": {
        "highway": "unclassified",
        "color_key": "light",
        "name": "Chemin des Perrières",
        "length_m": 50
      }
    },
    {
      "type": "Feature",
      "geometry": {
        "type": "LineString",
        "coordinates": [
          [
            4.4876157,
            43.8005339
          ],
          [
            4.4873623,
            43.8008782
          ],
          [
            4.4867194,
            43.8020107
          ],
          [
            4.4858079,
            43.8031247
          ]
        ]
      },
      "properties": {
        "highway": "unclassified",
        "color_key": "light",
        "name": "Chemin de la Pierre Plate",
        "length_m": 323
      }
    },
    {
      "type": "Feature",
      "geometry": {
        "type": "LineString",
        "coordinates": [
          [
            4.4876157,
            43.8005339
          ],
          [
            4.4880996,
            43.8000366
          ],
          [
            4.4884955,
            43.7997393
          ],
          [
            4.4886831,
            43.7995946
          ],
          [
            4.4887742,
            43.7995362
          ]
        ]
      },
      "properties": {
        "highway": "unclassified",
        "color_key": "light",
        "name": "Chemin de la Pierre Plate",
        "length_m": 145
      }
    },
    {
      "type": "Feature",
      "geometry": {
        "type": "LineString",
        "coordinates": [
          [
            4.4853504,
            43.8036251
          ],
          [
            4.4850601,
            43.8038975
          ],
          [
            4.4844417,
            43.804361
          ],
          [
            4.4838866,
            43.8049086
          ],
          [
            4.48381,
            43.8049841
          ],
          [
            4.4835205,
            43.8052698
          ],
          [
            4.4832044,
            43.8055339
          ],
          [
            4.4825349,
            43.8060246
          ],
          [
            4.4812099,
            43.8069211
          ],
          [
            4.4808585,
            43.8072266
          ],
          [
            4.4806817,
            43.8074158
          ],
          [
            4.4802997,
            43.8079554
          ],
          [
            4.4798205,
            43.8086393
          ],
          [
            4.4790005,
            43.809661
          ],
          [
            4.4787681,
            43.8099512
          ],
          [
            4.4786366,
            43.8100621
          ],
          [
            4.4784403,
            43.8101707
          ]
        ]
      },
      "properties": {
        "highway": "unclassified",
        "color_key": "light",
        "name": "Chemin de la Pierre Plate",
        "length_m": 923
      }
    },
    {
      "type": "Feature",
      "geometry": {
        "type": "LineString",
        "coordinates": [
          [
            4.4953528,
            43.8363315
          ],
          [
            4.4961544,
            43.8363127
          ],
          [
            4.496186,
            43.8362842
          ],
          [
            4.4962107,
            43.836262
          ],
          [
            4.4962734,
            43.8360815
          ]
        ]
      },
      "properties": {
        "highway": "residential",
        "color_key": "light",
        "name": "Rue des Fenaisons",
        "length_m": 92
      }
    },
    {
      "type": "Feature",
      "geometry": {
        "type": "LineString",
        "coordinates": [
          [
            4.4953528,
            43.8363315
          ],
          [
            4.4953515,
            43.8362443
          ],
          [
            4.4951383,
            43.834952
          ],
          [
            4.4951232,
            43.834537
          ],
          [
            4.4951734,
            43.8340368
          ],
          [
            4.4952931,
            43.8336637
          ],
          [
            4.4953444,
            43.8335366
          ]
        ]
      },
      "properties": {
        "highway": "secondary",
        "color_key": "medium",
        "name": [
          "Avenue de la République",
          "Route de Saint-Gervasy"
        ],
        "length_m": 314
      }
    },
    {
      "type": "Feature",
      "geometry": {
        "type": "LineString",
        "coordinates": [
          [
            4.4942114,
            43.8363186
          ],
          [
            4.4944429,
            43.8363157
          ],
          [
            4.4944201,
            43.8360248
          ],
          [
            4.4944552,
            43.8359912
          ],
          [
            4.4941964,
            43.8360097
          ],
          [
            4.4942114,
            43.8363186
          ]
        ]
      },
      "properties": {
        "highway": "residential",
        "color_key": "light",
        "name": "Place des Tilleuls",
        "length_m": 111
      }
    },
    {
      "type": "Feature",
      "geometry": {
        "type": "LineString",
        "coordinates": [
          [
            4.4974389,
            43.8362542
          ],
          [
            4.4973842,
            43.8360675
          ],
          [
            4.4973429,
            43.835851
          ],
          [
            4.497311,
            43.8356837
          ],
          [
            4.4972985,
            43.8356184
          ]
        ]
      },
      "properties": {
        "highway": "unclassified",
        "color_key": "light",
        "name": "Chemin du Mas de Cler",
        "length_m": 72
      }
    },
    {
      "type": "Feature",
      "geometry": {
        "type": "LineString",
        "coordinates": [
          [
            4.4972985,
            43.8356184
          ],
          [
            4.4964783,
            43.8356965
          ],
          [
            4.496393,
            43.8357372
          ],
          [
            4.4962734,
            43.8360815
          ]
        ]
      },
      "properties": {
        "highway": "residential",
        "color_key": "light",
        "name": "Rue des Fenaisons",
        "length_m": 114
      }
    },
    {
      "type": "Feature",
      "geometry": {
        "type": "LineString",
        "coordinates": [
          [
            4.4932646,
            43.8298843
          ],
          [
            4.4928467,
            43.8298228
          ]
        ]
      },
      "properties": {
        "highway": "residential",
        "color_key": "light",
        "name": "Jardins de Redessan",
        "length_m": 34
      }
    },
    {
      "type": "Feature",
      "geometry": {
        "type": "LineString",
        "coordinates": [
          [
            4.4932646,
            43.8298843
          ],
          [
            4.4930415,
            43.829415
          ],
          [
            4.4928358,
            43.8291246
          ],
          [
            4.4928104,
            43.8290887
          ]
        ]
      },
      "properties": {
        "highway": "residential",
        "color_key": "light",
        "name": "Route de Nîmes",
        "length_m": 96
      }
    },
    {
      "type": "Feature",
      "geometry": {
        "type": "LineString",
        "coordinates": [
          [
            4.4932646,
            43.8298843
          ],
          [
            4.4932968,
            43.8299539
          ],
          [
            4.4933956,
            43.8301634
          ],
          [
            4.4934921,
            43.8303752
          ]
        ]
      },
      "properties": {
        "highway": "residential",
        "color_key": "light",
        "name": "Route de Nîmes",
        "length_m": 58
      }
    },
    {
      "type": "Feature",
      "geometry": {
        "type": "LineString",
        "coordinates": [
          [
            4.4928104,
            43.8290887
          ],
          [
            4.4934895,
            43.8289874
          ],
          [
            4.4939726,
            43.8289313
          ],
          [
            4.4942626,
            43.828952
          ],
          [
            4.4943634,
            43.8289961
          ]
        ]
      },
      "properties": {
        "highway": "residential",
        "color_key": "light",
        "name": "Rue Michel de Montaigne",
        "length_m": 128
      }
    },
    {
      "type": "Feature",
      "geometry": {
        "type": "LineString",
        "coordinates": [
          [
            4.4919958,
            43.8278822
          ],
          [
            4.4920615,
            43.8278754
          ],
          [
            4.4938096,
            43.8277038
          ],
          [
            4.4939966,
            43.8276854
          ]
        ]
      },
      "properties": {
        "highway": "residential",
        "color_key": "light",
        "name": "Rue de l'Abrivado",
        "length_m": 162
      }
    },
    {
      "type": "Feature",
      "geometry": {
        "type": "LineString",
        "coordinates": [
          [
            4.4919958,
            43.8278822
          ],
          [
            4.4919436,
            43.8278172
          ],
          [
            4.4919123,
            43.8277518
          ]
        ]
      },
      "properties": {
        "highway": "residential",
        "color_key": "light",
        "name": "Rue des Costières",
        "length_m": 16
      }
    },
    {
      "type": "Feature",
      "geometry": {
        "type": "LineString",
        "coordinates": [
          [
            4.4919958,
            43.8278822
          ],
          [
            4.4918766,
            43.8280071
          ],
          [
            4.491841,
            43.8280313
          ]
        ]
      },
      "properties": {
        "highway": "residential",
        "color_key": "light",
        "name": "Rue de l'Abrivado",
        "length_m": 21
      }
    },
    {
      "type": "Feature",
      "geometry": {
        "type": "LineString",
        "coordinates": [
          [
            4.491841,
            43.8280313
          ],
          [
            4.491533,
            43.8278073
          ]
        ]
      },
      "properties": {
        "highway": "residential",
        "color_key": "light",
        "name": "Route de Nîmes",
        "length_m": 35
      }
    },
    {
      "type": "Feature",
      "geometry": {
        "type": "LineString",
        "coordinates": [
          [
            4.4913026,
            43.8307894
          ],
          [
            4.4914442,
            43.8305763
          ]
        ]
      },
      "properties": {
        "highway": "residential",
        "color_key": "light",
        "name": "",
        "length_m": 26
      }
    },
    {
      "type": "Feature",
      "geometry": {
        "type": "LineString",
        "coordinates": [
          [
            4.4908758,
            43.833773
          ],
          [
            4.4908791,
            43.8337982
          ],
          [
            4.4908809,
            43.8338118
          ],
          [
            4.4909191,
            43.8341058
          ],
          [
            4.49095,
            43.8341746
          ]
        ]
      },
      "properties": {
        "highway": "residential",
        "color_key": "light",
        "name": "Impasse des Glycines",
        "length_m": 45
      }
    },
    {
      "type": "Feature",
      "geometry": {
        "type": "LineString",
        "coordinates": [
          [
            4.4908758,
            43.833773
          ],
          [
            4.4908709,
            43.8337433
          ],
          [
            4.4908222,
            43.83345
          ]
        ]
      },
      "properties": {
        "highway": "residential",
        "color_key": "light",
        "name": "Rue des Sports",
        "length_m": 36
      }
    },
    {
      "type": "Feature",
      "geometry": {
        "type": "LineString",
        "coordinates": [
          [
            4.4908758,
            43.833773
          ],
          [
            4.4909486,
            43.8337717
          ],
          [
            4.4918093,
            43.8337417
          ]
        ]
      },
      "properties": {
        "highway": "residential",
        "color_key": "light",
        "name": "Rue du Stade",
        "length_m": 75
      }
    },
    {
      "type": "Feature",
      "geometry": {
        "type": "LineString",
        "coordinates": [
          [
            4.4908222,
            43.83345
          ],
          [
            4.4907861,
            43.8331482
          ]
        ]
      },
      "properties": {
        "highway": "residential",
        "color_key": "light",
        "name": "Rue des Sports",
        "length_m": 34
      }
    },
    {
      "type": "Feature",
      "geometry": {
        "type": "LineString",
        "coordinates": [
          [
            4.4908222,
            43.83345
          ],
          [
            4.4904584,
            43.8333145
          ],
          [
            4.4900551,
            43.832778
          ],
          [
            4.4900327,
            43.8327084
          ],
          [
            4.490022,
            43.8322826
          ],
          [
            4.4900204,
            43.8322174
          ],
          [
            4.4899313,
            43.8312295
          ],
          [
            4.4902664,
            43.8309959
          ]
        ]
      },
      "properties": {
        "highway": "residential",
        "color_key": "light",
        "name": "Rue Pierre de Coubertin",
        "length_m": 311
      }
    },
    {
      "type": "Feature",
      "geometry": {
        "type": "LineString",
        "coordinates": [
          [
            4.4985148,
            43.8263615
          ],
          [
            4.4985611,
            43.826827
          ]
        ]
      },
      "properties": {
        "highway": "residential",
        "color_key": "light",
        "name": "Rue Victor Hugo",
        "length_m": 52
      }
    },
    {
      "type": "Feature",
      "geometry": {
        "type": "LineString",
        "coordinates": [
          [
            4.495989,
            43.8277739
          ],
          [
            4.4958923,
            43.8277798
          ],
          [
            4.4950176,
            43.827828
          ]
        ]
      },
      "properties": {
        "highway": "residential",
        "color_key": "light",
        "name": "Rue de l'Abrivado",
        "length_m": 78
      }
    },
    {
      "type": "Feature",
      "geometry": {
        "type": "LineString",
        "coordinates": [
          [
            4.495989,
            43.8277739
          ],
          [
            4.4960007,
            43.8278289
          ],
          [
            4.4960152,
            43.8279076
          ],
          [
            4.4960298,
            43.8283117
          ],
          [
            4.4960353,
            43.8283637
          ],
          [
            4.4960565,
            43.8285555
          ]
        ]
      },
      "properties": {
        "highway": "secondary",
        "color_key": "medium",
        "name": "Avenue de la Poste",
        "length_m": 87
      }
    },
    {
      "type": "Feature",
      "geometry": {
        "type": "LineString",
        "coordinates": [
          [
            4.495989,
            43.8277739
          ],
          [
            4.495979,
            43.8276712
          ],
          [
            4.4959698,
            43.8275536
          ]
        ]
      },
      "properties": {
        "highway": "secondary",
        "color_key": "medium",
        "name": "Avenue de la Poste",
        "length_m": 25
      }
    },
    {
      "type": "Feature",
      "geometry": {
        "type": "LineString",
        "coordinates": [
          [
            4.4939966,
            43.8276854
          ],
          [
            4.4940198,
            43.8278075
          ],
          [
            4.4940641,
            43.8278565
          ]
        ]
      },
      "properties": {
        "highway": "residential",
        "color_key": "light",
        "name": "Rue de l'Abrivado",
        "length_m": 20
      }
    },
    {
      "type": "Feature",
      "geometry": {
        "type": "LineString",
        "coordinates": [
          [
            4.4939966,
            43.8276854
          ],
          [
            4.4938833,
            43.8270155
          ],
          [
            4.4938424,
            43.8269642
          ],
          [
            4.4937578,
            43.8269291
          ],
          [
            4.4919249,
            43.827093
          ],
          [
            4.4918331,
            43.8271354
          ],
          [
            4.4918002,
            43.82718
          ],
          [
            4.4918767,
            43.8275705
          ],
          [
            4.4919123,
            43.8277518
          ]
        ]
      },
      "properties": {
        "highway": "residential",
        "color_key": "light",
        "name": "Rue des Costières",
        "length_m": 316
      }
    },
    {
      "type": "Feature",
      "geometry": {
        "type": "LineString",
        "coordinates": [
          [
            4.4950176,
            43.827828
          ],
          [
            4.4942263,
            43.8278996
          ],
          [
            4.4941392,
            43.8278931
          ],
          [
            4.4940641,
            43.8278565
          ]
        ]
      },
      "properties": {
        "highway": "residential",
        "color_key": "light",
        "name": "Rue de l'Abrivado",
        "length_m": 78
      }
    },
    {
      "type": "Feature",
      "geometry": {
        "type": "LineString",
        "coordinates": [
          [
            4.4950176,
            43.827828
          ],
          [
            4.4950704,
            43.8283298
          ],
          [
            4.4950153,
            43.8283859
          ],
          [
            4.494954,
            43.8284066
          ],
          [
            4.4948149,
            43.8284235
          ],
          [
            4.4947068,
            43.8284992
          ],
          [
            4.4944285,
            43.828902
          ]
        ]
      },
      "properties": {
        "highway": "residential",
        "color_key": "light",
        "name": "Rue Michel de Montaigne",
        "length_m": 142
      }
    },
    {
      "type": "Feature",
      "geometry": {
        "type": "LineString",
        "coordinates": [
          [
            4.4959698,
            43.8275536
          ],
          [
            4.4960294,
            43.8275532
          ],
          [
            4.49608,
            43.8275514
          ],
          [
            4.4968739,
            43.8275323
          ],
          [
            4.4974532,
            43.8275183
          ]
        ]
      },
      "properties": {
        "highway": "residential",
        "color_key": "light",
        "name": "Rue George Sand",
        "length_m": 119
      }
    },
    {
      "type": "Feature",
      "geometry": {
        "type": "LineString",
        "coordinates": [
          [
            4.4959698,
            43.8275536
          ],
          [
            4.4959614,
            43.827499
          ],
          [
            4.4959204,
            43.8273226
          ],
          [
            4.4959087,
            43.8272228
          ],
          [
            4.4958676,
            43.8268709
          ],
          [
            4.4958597,
            43.826611
          ]
        ]
      },
      "properties": {
        "highway": "secondary",
        "color_key": "medium",
        "name": "Avenue de la Poste",
        "length_m": 105
      }
    },
    {
      "type": "Feature",
      "geometry": {
        "type": "LineString",
        "coordinates": [
          [
            4.4943634,
            43.8289961
          ],
          [
            4.4944285,
            43.828902
          ]
        ]
      },
      "properties": {
        "highway": "residential",
        "color_key": "light",
        "name": "Rue Michel de Montaigne",
        "length_m": 12
      }
    },
    {
      "type": "Feature",
      "geometry": {
        "type": "LineString",
        "coordinates": [
          [
            4.4943634,
            43.8289961
          ],
          [
            4.4942966,
            43.8290902
          ]
        ]
      },
      "properties": {
        "highway": "residential",
        "color_key": "light",
        "name": "Rue Pierre de Ronsard",
        "length_m": 12
      }
    },
    {
      "type": "Feature",
      "geometry": {
        "type": "LineString",
        "coordinates": [
          [
            4.5010995,
            43.8271284
          ],
          [
            4.5010574,
            43.8271288
          ],
          [
            4.5010377,
            43.8271282
          ],
          [
            4.5009124,
            43.827162
          ],
          [
            4.5005366,
            43.8273562
          ],
          [
            4.5004169,
            43.8273973
          ],
          [
            4.4988249,
            43.827475
          ],
          [
            4.498787,
            43.8274745
          ]
        ]
      },
      "properties": {
        "highway": "residential",
        "color_key": "light",
        "name": "Rue Simone de Beauvoir",
        "length_m": 194
      }
    },
    {
      "type": "Feature",
      "geometry": {
        "type": "LineString",
        "coordinates": [
          [
            4.5010995,
            43.8271284
          ],
          [
            4.5011303,
            43.8268432
          ],
          [
            4.5011468,
            43.8266999
          ]
        ]
      },
      "properties": {
        "highway": "residential",
        "color_key": "light",
        "name": "Avenue du 19 Mars 1962",
        "length_m": 48
      }
    },
    {
      "type": "Feature",
      "geometry": {
        "type": "LineString",
        "coordinates": [
          [
            4.5029852,
            43.8273564
          ],
          [
            4.5029946,
            43.8271736
          ]
        ]
      },
      "properties": {
        "highway": "residential",
        "color_key": "light",
        "name": "Le Hameau de Provence",
        "length_m": 20
      }
    },
    {
      "type": "Feature",
      "geometry": {
        "type": "LineString",
        "coordinates": [
          [
            4.5029852,
            43.8273564
          ],
          [
            4.5034984,
            43.8273722
          ],
          [
            4.5036067,
            43.8273851
          ]
        ]
      },
      "properties": {
        "highway": "residential",
        "color_key": "light",
        "name": "Le Hameau de Provence",
        "length_m": 50
      }
    },
    {
      "type": "Feature",
      "geometry": {
        "type": "LineString",
        "coordinates": [
          [
            4.5029852,
            43.8273564
          ],
          [
            4.5029243,
            43.827552
          ],
          [
            4.5028727,
            43.8276299
          ]
        ]
      },
      "properties": {
        "highway": "residential",
        "color_key": "light",
        "name": "Le Hameau de Provence",
        "length_m": 32
      }
    },
    {
      "type": "Feature",
      "geometry": {
        "type": "LineString",
        "coordinates": [
          [
            4.5036067,
            43.8273851
          ],
          [
            4.5038121,
            43.8278714
          ]
        ]
      },
      "properties": {
        "highway": "residential",
        "color_key": "light",
        "name": "Le Hameau de Provence",
        "length_m": 57
      }
    },
    {
      "type": "Feature",
      "geometry": {
        "type": "LineString",
        "coordinates": [
          [
            4.5036067,
            43.8273851
          ],
          [
            4.5040568,
            43.8273842
          ]
        ]
      },
      "properties": {
        "highway": "residential",
        "color_key": "light",
        "name": "Le Hameau de Vallauris",
        "length_m": 36
      }
    },
    {
      "type": "Feature",
      "geometry": {
        "type": "LineString",
        "coordinates": [
          [
            4.5039646,
            43.8281658
          ],
          [
            4.5053411,
            43.8276869
          ]
        ]
      },
      "properties": {
        "highway": "tertiary",
        "color_key": "medium",
        "name": "Avenue de Provence",
        "length_m": 123
      }
    },
    {
      "type": "Feature",
      "geometry": {
        "type": "LineString",
        "coordinates": [
          [
            4.5039646,
            43.8281658
          ],
          [
            4.5039453,
            43.8281416
          ],
          [
            4.5038121,
            43.8278714
          ]
        ]
      },
      "properties": {
        "highway": "residential",
        "color_key": "light",
        "name": "Le Hameau de Provence",
        "length_m": 35
      }
    },
    {
      "type": "Feature",
      "geometry": {
        "type": "LineString",
        "coordinates": [
          [
            4.5039646,
            43.8281658
          ],
          [
            4.5038596,
            43.8282023
          ],
          [
            4.5038454,
            43.8282072
          ],
          [
            4.5032395,
            43.8284178
          ],
          [
            4.5031824,
            43.8284376
          ],
          [
            4.5029226,
            43.8285276
          ],
          [
            4.502805,
            43.8285683
          ],
          [
            4.5026141,
            43.8286344
          ],
          [
            4.5025821,
            43.8286455
          ],
          [
            4.5024049,
            43.8287069
          ],
          [
            4.5019651,
            43.8288592
          ],
          [
            4.5008846,
            43.8292335
          ],
          [
            4.5008386,
            43.8292494
          ],
          [
            4.5007132,
            43.8292923
          ],
          [
            4.5006387,
            43.8293178
          ],
          [
            4.5005724,
            43.8293425
          ],
          [
            4.5005422,
            43.8293521
          ]
        ]
      },
      "properties": {
        "highway": "tertiary",
        "color_key": "medium",
        "name": "Avenue de Provence",
        "length_m": 305
      }
    },
    {
      "type": "Feature",
      "geometry": {
        "type": "LineString",
        "coordinates": [
          [
            4.5006919,
            43.8322194
          ],
          [
            4.5006968,
            43.8322819
          ],
          [
            4.5007416,
            43.8328491
          ]
        ]
      },
      "properties": {
        "highway": "residential",
        "color_key": "light",
        "name": "Rue de la Syrah",
        "length_m": 70
      }
    },
    {
      "type": "Feature",
      "geometry": {
        "type": "LineString",
        "coordinates": [
          [
            4.5006919,
            43.8322194
          ],
          [
            4.5010043,
            43.832162
          ],
          [
            4.5012657,
            43.8321139
          ],
          [
            4.501838,
            43.8320247
          ]
        ]
      },
      "properties": {
        "highway": "unclassified",
        "color_key": "light",
        "name": "Chemin des Jasses",
        "length_m": 94
      }
    },
    {
      "type": "Feature",
      "geometry": {
        "type": "LineString",
        "coordinates": [
          [
            4.5020218,
            43.8308832
          ],
          [
            4.5020204,
            43.8309764
          ],
          [
            4.5019744,
            43.831049
          ],
          [
            4.5018492,
            43.8311172
          ],
          [
            4.5016935,
            43.8311473
          ],
          [
            4.5016217,
            43.8312175
          ],
          [
            4.5016041,
            43.8313229
          ],
          [
            4.5018093,
            43.8319386
          ],
          [
            4.501838,
            43.8320247
          ]
        ]
      },
      "properties": {
        "highway": "residential",
        "color_key": "light",
        "name": "Rue du Cabernet",
        "length_m": 147
      }
    },
    {
      "type": "Feature",
      "geometry": {
        "type": "LineString",
        "coordinates": [
          [
            4.501838,
            43.8320247
          ],
          [
            4.5022848,
            43.8319541
          ],
          [
            4.5023912,
            43.8319373
          ],
          [
            4.5025141,
            43.831918
          ],
          [
            4.503979,
            43.8317992
          ],
          [
            4.5056085,
            43.8315227
          ],
          [
            4.5059931,
            43.8314192
          ],
          [
            4.5070604,
            43.8313955
          ],
          [
            4.5079228,
            43.8313757
          ],
          [
            4.5093912,
            43.8311929
          ],
          [
            4.5102178,
            43.8311713
          ],
          [
            4.5113558,
            43.8312276
          ],
          [
            4.5129754,
            43.8312647
          ],
          [
            4.5144973,
            43.8313245
          ],
          [
            4.5165374,
            43.8314012
          ],
          [
            4.5181876,
            43.8314701
          ],
          [
            4.5206358,
            43.8315757
          ],
          [
            4.5214281,
            43.8315979
          ],
          [
            4.5229038,
            43.8317424
          ],
          [
            4.5232329,
            43.8317762
          ],
          [
            4.5243017,
            43.8316921
          ],
          [
            4.5252075,
            43.831735
          ],
          [
            4.5263334,
            43.8318284
          ],
          [
            4.5272281,
            43.8319159
          ]
        ]
      },
      "properties": {
        "highway": "unclassified",
        "color_key": "light",
        "name": "Chemin des Jasses",
        "length_m": 2051
      }
    },
    {
      "type": "Feature",
      "geometry": {
        "type": "LineString",
        "coordinates": [
          [
            4.5007416,
            43.8328491
          ],
          [
            4.5008595,
            43.8328776
          ],
          [
            4.5013417,
            43.8329165
          ],
          [
            4.5015651,
            43.8329087
          ],
          [
            4.5017957,
            43.8329015
          ],
          [
            4.5025642,
            43.832805
          ],
          [
            4.5026153,
            43.8327986
          ],
          [
            4.5040533,
            43.8325852
          ],
          [
            4.5046726,
            43.8325176
          ],
          [
            4.50509,
            43.8325364
          ],
          [
            4.5056727,
            43.8327515
          ],
          [
            4.5060457,
            43.8329597
          ],
          [
            4.5063581,
            43.8330606
          ],
          [
            4.5067305,
            43.8331558
          ],
          [
            4.5076342,
            43.833278
          ],
          [
            4.5079893,
            43.8333755
          ],
          [
            4.5099144,
            43.83448
          ],
          [
            4.5106267,
            43.8349757
          ],
          [
            4.5108597,
            43.8350627
          ],
          [
            4.5108977,
            43.8350769
          ],
          [
            4.511977,
            43.835199
          ],
          [
            4.5123301,
            43.8352808
          ],
          [
            4.5130201,
            43.8355293
          ],
          [
            4.5139175,
            43.835903
          ],
          [
            4.5142799,
            43.8360793
          ],
          [
            4.5146077,
            43.8361581
          ],
          [
            4.5157409,
            43.8363243
          ],
          [
            4.5164384,
            43.8364116
          ],
          [
            4.5173868,
            43.8364341
          ],
          [
            4.5182545,
            43.836446
          ],
          [
            4.5191987,
            43.8364868
          ],
          [
            4.5202441,
            43.8365362
          ],
          [
            4.520802,
            43.8365455
          ],
          [
            4.5211275,
            43.8366243
          ],
          [
            4.5218638,
            43.8369751
          ],
          [
            4.5229643,
            43.8375769
          ],
          [
            4.5233845,
            43.8377674
          ],
          [
            4.5237876,
            43.8380113
          ],
          [
            4.52402,
            43.8381278
          ],
          [
            4.5252413,
            43.838582
          ],
          [
            4.5256637,
            43.8386603
          ],
          [
            4.5262999,
            43.8388793
          ],
          [
            4.5268201,
            43.8389922
          ],
          [
            4.5280592,
            43.8391383
          ],
          [
            4.5289283,
            43.8392271
          ]
        ]
      },
      "properties": {
        "highway": "unclassified",
        "color_key": "light",
        "name": "Chemin du Bondavin",
        "length_m": 2464
      }
    },
    {
      "type": "Feature",
      "geometry": {
        "type": "LineString",
        "coordinates": [
          [
            4.5022612,
            43.833958
          ],
          [
            4.501869,
            43.8339442
          ],
          [
            4.5013691,
            43.8339645
          ],
          [
            4.5009176,
            43.8340321
          ],
          [
            4.5004852,
            43.8341244
          ],
          [
            4.5000212,
            43.8342101
          ],
          [
            4.4999347,
            43.8342349
          ]
        ]
      },
      "properties": {
        "highway": "residential",
        "color_key": "light",
        "name": [
          "Rue des Vignelierres",
          "Rue les Vignelierres"
        ],
        "length_m": 191
      }
    },
    {
      "type": "Feature",
      "geometry": {
        "type": "LineString",
        "coordinates": [
          [
            4.4878382,
            43.8291331
          ],
          [
            4.4876907,
            43.8293611
          ],
          [
            4.4876935,
            43.82959
          ],
          [
            4.4877262,
            43.8296312
          ],
          [
            4.4879136,
            43.8296517
          ],
          [
            4.4880752,
            43.8297526
          ],
          [
            4.4882423,
            43.8297631
          ],
          [
            4.4883586,
            43.8297464
          ],
          [
            4.4888117,
            43.829762
          ]
        ]
      },
      "properties": {
        "highway": "residential",
        "color_key": "light",
        "name": "Rue Paul Cézanne",
        "length_m": 150
      }
    },
    {
      "type": "Feature",
      "geometry": {
        "type": "LineString",
        "coordinates": [
          [
            4.4888037,
            43.8299384
          ],
          [
            4.4894509,
            43.8299646
          ]
        ]
      },
      "properties": {
        "highway": "residential",
        "color_key": "light",
        "name": "Rue Eugène Delacroix",
        "length_m": 52
      }
    },
    {
      "type": "Feature",
      "geometry": {
        "type": "LineString",
        "coordinates": [
          [
            4.4888037,
            43.8299384
          ],
          [
            4.4887749,
            43.8302725
          ]
        ]
      },
      "properties": {
        "highway": "residential",
        "color_key": "light",
        "name": "Rue Paul Gauguin",
        "length_m": 37
      }
    },
    {
      "type": "Feature",
      "geometry": {
        "type": "LineString",
        "coordinates": [
          [
            4.4888037,
            43.8299384
          ],
          [
            4.4888117,
            43.829762
          ]
        ]
      },
      "properties": {
        "highway": "residential",
        "color_key": "light",
        "name": "Rue Paul Gauguin",
        "length_m": 20
      }
    },
    {
      "type": "Feature",
      "geometry": {
        "type": "LineString",
        "coordinates": [
          [
            4.4887324,
            43.8307642
          ],
          [
            4.4887749,
            43.8302725
          ]
        ]
      },
      "properties": {
        "highway": "residential",
        "color_key": "light",
        "name": "Rue Paul Gauguin",
        "length_m": 55
      }
    },
    {
      "type": "Feature",
      "geometry": {
        "type": "LineString",
        "coordinates": [
          [
            4.4887324,
            43.8307642
          ],
          [
            4.4885632,
            43.8307682
          ],
          [
            4.4880761,
            43.8307804
          ]
        ]
      },
      "properties": {
        "highway": "residential",
        "color_key": "light",
        "name": "Chemin du Mas de l'Avocat",
        "length_m": 53
      }
    },
    {
      "type": "Feature",
      "geometry": {
        "type": "LineString",
        "coordinates": [
          [
            4.4985611,
            43.826827
          ],
          [
            4.5010779,
            43.8267033
          ],
          [
            4.5010994,
            43.8267023
          ],
          [
            4.5011468,
            43.8266999
          ]
        ]
      },
      "properties": {
        "highway": "residential",
        "color_key": "light",
        "name": "Rue Maryse Bastié",
        "length_m": 208
      }
    },
    {
      "type": "Feature",
      "geometry": {
        "type": "LineString",
        "coordinates": [
          [
            4.4985611,
            43.826827
          ],
          [
            4.4986283,
            43.827356
          ],
          [
            4.4986324,
            43.8273907
          ]
        ]
      },
      "properties": {
        "highway": "residential",
        "color_key": "light",
        "name": "Rue Victor Hugo",
        "length_m": 63
      }
    },
    {
      "type": "Feature",
      "geometry": {
        "type": "LineString",
        "coordinates": [
          [
            4.4967764,
            43.834146
          ],
          [
            4.4979715,
            43.834339
          ],
          [
            4.4980648,
            43.8346828
          ]
        ]
      },
      "properties": {
        "highway": "residential",
        "color_key": "light",
        "name": "Lotissement le Camargue",
        "length_m": 137
      }
    },
    {
      "type": "Feature",
      "geometry": {
        "type": "LineString",
        "coordinates": [
          [
            4.4967764,
            43.834146
          ],
          [
            4.4965669,
            43.8338839
          ],
          [
            4.4964739,
            43.8337675
          ],
          [
            4.4964519,
            43.8336285
          ]
        ]
      },
      "properties": {
        "highway": "residential",
        "color_key": "light",
        "name": [
          "Rue du 8 Mai 1945",
          "Rue du Mas de Cler"
        ],
        "length_m": 64
      }
    },
    {
      "type": "Feature",
      "geometry": {
        "type": "LineString",
        "coordinates": [
          [
            4.4907861,
            43.8331482
          ],
          [
            4.4915343,
            43.8331088
          ],
          [
            4.4917163,
            43.8330946
          ],
          [
            4.4917962,
            43.8330747
          ],
          [
            4.4918571,
            43.8330336
          ]
        ]
      },
      "properties": {
        "highway": "residential",
        "color_key": "light",
        "name": "Rue des Sports",
        "length_m": 88
      }
    },
    {
      "type": "Feature",
      "geometry": {
        "type": "LineString",
        "coordinates": [
          [
            4.4907861,
            43.8331482
          ],
          [
            4.4907743,
            43.8330466
          ],
          [
            4.4907909,
            43.8329514
          ],
          [
            4.4908419,
            43.8328624
          ],
          [
            4.4909116,
            43.8328314
          ],
          [
            4.4910136,
            43.8327966
          ],
          [
            4.4910619,
            43.8327463
          ],
          [
            4.4910779,
            43.8326805
          ],
          [
            4.4910352,
            43.832181
          ],
          [
            4.4910297,
            43.8321233
          ]
        ]
      },
      "properties": {
        "highway": "residential",
        "color_key": "light",
        "name": "Rue Yves du Manoir",
        "length_m": 125
      }
    },
    {
      "type": "Feature",
      "geometry": {
        "type": "LineString",
        "coordinates": [
          [
            4.4800344,
            43.8273754
          ],
          [
            4.4801767,
            43.8274018
          ],
          [
            4.4802985,
            43.8274609
          ],
          [
            4.480386,
            43.827546
          ]
        ]
      },
      "properties": {
        "highway": "primary",
        "color_key": "dark",
        "name": "",
        "length_m": 35
      }
    },
    {
      "type": "Feature",
      "geometry": {
        "type": "LineString",
        "coordinates": [
          [
            4.4804137,
            43.8277782
          ],
          [
            4.480366,
            43.8278536
          ],
          [
            4.4802925,
            43.8279172
          ]
        ]
      },
      "properties": {
        "highway": "primary",
        "color_key": "dark",
        "name": "",
        "length_m": 18
      }
    },
    {
      "type": "Feature",
      "geometry": {
        "type": "LineString",
        "coordinates": [
          [
            4.479667,
            43.8274864
          ],
          [
            4.4797707,
            43.8274214
          ],
          [
            4.4798975,
            43.8273832
          ],
          [
            4.4800344,
            43.8273754
          ]
        ]
      },
      "properties": {
        "highway": "primary",
        "color_key": "dark",
        "name": "",
        "length_m": 33
      }
    },
    {
      "type": "Feature",
      "geometry": {
        "type": "LineString",
        "coordinates": [
          [
            4.4802925,
            43.8279172
          ],
          [
            4.4803117,
            43.8280215
          ],
          [
            4.480343,
            43.8281005
          ],
          [
            4.4804288,
            43.8281936
          ]
        ]
      },
      "properties": {
        "highway": "unclassified",
        "color_key": "light",
        "name": "",
        "length_m": 33
      }
    },
    {
      "type": "Feature",
      "geometry": {
        "type": "LineString",
        "coordinates": [
          [
            4.4802925,
            43.8279172
          ],
          [
            4.4802145,
            43.8279583
          ],
          [
            4.4801258,
            43.827986
          ],
          [
            4.4800308,
            43.8279988
          ]
        ]
      },
      "properties": {
        "highway": "primary",
        "color_key": "dark",
        "name": "",
        "length_m": 23
      }
    },
    {
      "type": "Feature",
      "geometry": {
        "type": "LineString",
        "coordinates": [
          [
            4.4798411,
            43.827978
          ],
          [
            4.4797892,
            43.8280006
          ],
          [
            4.4797534,
            43.8280232
          ],
          [
            4.4796883,
            43.8280788
          ],
          [
            4.4796285,
            43.8281421
          ],
          [
            4.4794144,
            43.8283757
          ],
          [
            4.4792057,
            43.8285808
          ],
          [
            4.4789918,
            43.828771
          ],
          [
            4.4786682,
            43.8290147
          ],
          [
            4.4784005,
            43.8291847
          ],
          [
            4.4781301,
            43.8293354
          ],
          [
            4.4778673,
            43.8294629
          ],
          [
            4.4776259,
            43.8295711
          ],
          [
            4.477331,
            43.8296829
          ],
          [
            4.4770284,
            43.8297757
          ],
          [
            4.4766937,
            43.8298686
          ],
          [
            4.4763119,
            43.8299458
          ],
          [
            4.4759998,
            43.8299959
          ],
          [
            4.475738,
            43.8300248
          ],
          [
            4.4754815,
            43.8300459
          ],
          [
            4.4751402,
            43.830061
          ],
          [
            4.4748521,
            43.830059
          ],
          [
            4.47458,
            43.8300444
          ],
          [
            4.4743001,
            43.8300244
          ],
          [
            4.474032,
            43.8299974
          ],
          [
            4.4737103,
            43.8299588
          ],
          [
            4.4734047,
            43.8299126
          ],
          [
            4.4725628,
            43.8297781
          ],
          [
            4.4714396,
            43.829602
          ],
          [
            4.4709668,
            43.8295293
          ],
          [
            4.4705148,
            43.8294546
          ],
          [
            4.4697782,
            43.8293232
          ],
          [
            4.4691754,
            43.8292172
          ],
          [
            4.4688551,
            43.8291682
          ],
          [
            4.4685562,
            43.8291231
          ],
          [
            4.468291,
            43.8290949
          ],
          [
            4.4679987,
            43.8290728
          ],
          [
            4.4677198,
            43.8290605
          ],
          [
            4.467467,
            43.8290612
          ],
          [
            4.467323,
            43.8290667
          ],
          [
            4.4671468,
            43.8290779
          ],
          [
            4.4669714,
            43.8290965
          ],
          [
            4.4668754,
            43.829114
          ],
          [
            4.4667737,
            43.8291428
          ]
        ]
      },
      "properties": {
        "highway": "primary",
        "color_key": "dark",
        "name": "",
        "length_m": 1146
      }
    },
    {
      "type": "Feature",
      "geometry": {
        "type": "LineString",
        "coordinates": [
          [
            4.4798411,
            43.827978
          ],
          [
            4.4797227,
            43.8279277
          ],
          [
            4.4796322,
            43.8278531
          ]
        ]
      },
      "properties": {
        "highway": "primary",
        "color_key": "dark",
        "name": "",
        "length_m": 22
      }
    },
    {
      "type": "Feature",
      "geometry": {
        "type": "LineString",
        "coordinates": [
          [
            4.480386,
            43.827546
          ],
          [
            4.4805363,
            43.8275718
          ],
          [
            4.4806539,
            43.8275841
          ],
          [
            4.4808345,
            43.8275959
          ],
          [
            4.4810674,
            43.827604
          ]
        ]
      },
      "properties": {
        "highway": "primary",
        "color_key": "dark",
        "name": "",
        "length_m": 55
      }
    },
    {
      "type": "Feature",
      "geometry": {
        "type": "LineString",
        "coordinates": [
          [
            4.480386,
            43.827546
          ],
          [
            4.4804228,
            43.8276209
          ],
          [
            4.4804322,
            43.8277
          ],
          [
            4.4804137,
            43.8277782
          ]
        ]
      },
      "properties": {
        "highway": "primary",
        "color_key": "dark",
        "name": "",
        "length_m": 26
      }
    },
    {
      "type": "Feature",
      "geometry": {
        "type": "LineString",
        "coordinates": [
          [
            4.4810674,
            43.827604
          ],
          [
            4.4808286,
            43.8276369
          ],
          [
            4.4806597,
            43.827662
          ],
          [
            4.480539,
            43.8277026
          ],
          [
            4.4804719,
            43.8277336
          ],
          [
            4.4804137,
            43.8277782
          ]
        ]
      },
      "properties": {
        "highway": "primary",
        "color_key": "dark",
        "name": "",
        "length_m": 57
      }
    },
    {
      "type": "Feature",
      "geometry": {
        "type": "LineString",
        "coordinates": [
          [
            4.4804288,
            43.8281936
          ],
          [
            4.4802787,
            43.828162
          ],
          [
            4.4801205,
            43.8280752
          ],
          [
            4.4800631,
            43.8280263
          ],
          [
            4.4800308,
            43.8279988
          ]
        ]
      },
      "properties": {
        "highway": "unclassified",
        "color_key": "light",
        "name": "",
        "length_m": 40
      }
    },
    {
      "type": "Feature",
      "geometry": {
        "type": "LineString",
        "coordinates": [
          [
            4.4796322,
            43.8278531
          ],
          [
            4.47958,
            43.8277658
          ],
          [
            4.4795665,
            43.8276713
          ],
          [
            4.4795931,
            43.8275782
          ]
        ]
      },
      "properties": {
        "highway": "primary",
        "color_key": "dark",
        "name": "",
        "length_m": 32
      }
    },
    {
      "type": "Feature",
      "geometry": {
        "type": "LineString",
        "coordinates": [
          [
            4.4712746,
            43.8292235
          ],
          [
            4.4714865,
            43.8291345
          ],
          [
            4.4716984,
            43.828972
          ],
          [
            4.4719344,
            43.8287979
          ],
          [
            4.4721919,
            43.8286585
          ],
          [
            4.4724387,
            43.8285502
          ],
          [
            4.4728115,
            43.8284437
          ],
          [
            4.4729939,
            43.8284128
          ],
          [
            4.473997,
            43.8283205
          ],
          [
            4.474117,
            43.8283076
          ],
          [
            4.4749545,
            43.8282191
          ],
          [
            4.4750856,
            43.8282036
          ],
          [
            4.4752789,
            43.828193
          ]
        ]
      },
      "properties": {
        "highway": "unclassified",
        "color_key": "light",
        "name": "",
        "length_m": 353
      }
    },
    {
      "type": "Feature",
      "geometry": {
        "type": "LineString",
        "coordinates": [
          [
            4.4667982,
            43.8287617
          ],
          [
            4.466843,
            43.8288169
          ]
        ]
      },
      "properties": {
        "highway": "primary",
        "color_key": "dark",
        "name": "",
        "length_m": 7
      }
    },
    {
      "type": "Feature",
      "geometry": {
        "type": "LineString",
        "coordinates": [
          [
            4.4907122,
            43.7974286
          ],
          [
            4.4906362,
            43.7975643
          ],
          [
            4.4902445,
            43.7980245
          ],
          [
            4.4893663,
            43.7989043
          ],
          [
            4.4888362,
            43.7994566
          ],
          [
            4.4887742,
            43.7995362
          ]
        ]
      },
      "properties": {
        "highway": "secondary",
        "color_key": "medium",
        "name": "Route de Bellegarde",
        "length_m": 282
      }
    },
    {
      "type": "Feature",
      "geometry": {
        "type": "LineString",
        "coordinates": [
          [
            4.4887742,
            43.7995362
          ],
          [
            4.4887287,
            43.7995946
          ],
          [
            4.4885465,
            43.7998813
          ],
          [
            4.4883606,
            43.8002653
          ],
          [
            4.4882477,
            43.8005796
          ],
          [
            4.4882117,
            43.800676
          ]
        ]
      },
      "properties": {
        "highway": "secondary",
        "color_key": "medium",
        "name": "Route de Bellegarde",
        "length_m": 135
      }
    },
    {
      "type": "Feature",
      "geometry": {
        "type": "LineString",
        "coordinates": [
          [
            4.4882117,
            43.800676
          ],
          [
            4.4881577,
            43.8013214
          ]
        ]
      },
      "properties": {
        "highway": "secondary",
        "color_key": "medium",
        "name": "Route de Bellegarde",
        "length_m": 72
      }
    },
    {
      "type": "Feature",
      "geometry": {
        "type": "LineString",
        "coordinates": [
          [
            4.4881577,
            43.8013214
          ],
          [
            4.4881001,
            43.8021044
          ],
          [
            4.4880746,
            43.802449
          ],
          [
            4.4880745,
            43.8027597
          ],
          [
            4.4880894,
            43.8030723
          ],
          [
            4.4881255,
            43.8034177
          ],
          [
            4.4881712,
            43.8038689
          ],
          [
            4.4881819,
            43.804197
          ],
          [
            4.4881752,
            43.804438
          ],
          [
            4.4881509,
            43.8046703
          ],
          [
            4.4880889,
            43.8054192
          ],
          [
            4.488037,
            43.8060285
          ],
          [
            4.488004,
            43.8062863
          ],
          [
            4.4879741,
            43.806495
          ],
          [
            4.4879257,
            43.8066952
          ],
          [
            4.487857,
            43.8068907
          ],
          [
            4.487779,
            43.8070441
          ],
          [
            4.4876914,
            43.8071917
          ],
          [
            4.4875514,
            43.8074021
          ],
          [
            4.487229,
            43.8078262
          ],
          [
            4.4871638,
            43.8079166
          ],
          [
            4.486988,
            43.8081896
          ],
          [
            4.4869376,
            43.8082929
          ],
          [
            4.4868219,
            43.8085939
          ],
          [
            4.4868109,
            43.8086277
          ]
        ]
      },
      "properties": {
        "highway": "secondary",
        "color_key": "medium",
        "name": "Route de Bellegarde",
        "length_m": 833
      }
    },
    {
      "type": "Feature",
      "geometry": {
        "type": "LineString",
        "coordinates": [
          [
            4.4881577,
            43.8013214
          ],
          [
            4.4882439,
            43.80133
          ],
          [
            4.4902743,
            43.8015118
          ],
          [
            4.4938381,
            43.8018592
          ],
          [
            4.4945445,
            43.801994
          ],
          [
            4.495375,
            43.8021854
          ],
          [
            4.4961213,
            43.8023657
          ],
          [
            4.4963898,
            43.8024364
          ],
          [
            4.4965893,
            43.8024954
          ],
          [
            4.4967922,
            43.8025612
          ],
          [
            4.4970185,
            43.8026474
          ],
          [
            4.4972284,
            43.8027323
          ],
          [
            4.4976461,
            43.8029155
          ],
          [
            4.4981739,
            43.803163
          ],
          [
            4.4983891,
            43.8032475
          ],
          [
            4.4985135,
            43.8032987
          ]
        ]
      },
      "properties": {
        "highway": "tertiary",
        "color_key": "medium",
        "name": "",
        "length_m": 870
      }
    },
    {
      "type": "Feature",
      "geometry": {
        "type": "LineString",
        "coordinates": [
          [
            4.4865974,
            43.8087268
          ],
          [
            4.4865517,
            43.808719
          ],
          [
            4.4864135,
            43.8086952
          ],
          [
            4.4862296,
            43.8086838
          ],
          [
            4.4860847,
            43.8086864
          ],
          [
            4.4856899,
            43.8087318
          ],
          [
            4.4853109,
            43.8088282
          ],
          [
            4.4851115,
            43.8088851
          ],
          [
            4.4845025,
            43.8090669
          ],
          [
            4.4842089,
            43.8091745
          ],
          [
            4.4838737,
            43.8092804
          ],
          [
            4.4835889,
            43.8093515
          ],
          [
            4.4832581,
            43.8094211
          ],
          [
            4.4829579,
            43.8094685
          ],
          [
            4.4824562,
            43.8095365
          ],
          [
            4.4818361,
            43.8096482
          ],
          [
            4.4813461,
            43.8097319
          ],
          [
            4.480998,
            43.8097722
          ]
        ]
      },
      "properties": {
        "highway": "tertiary",
        "color_key": "medium",
        "name": "Chemin de Saint-Paul",
        "length_m": 469
      }
    },
    {
      "type": "Feature",
      "geometry": {
        "type": "LineString",
        "coordinates": [
          [
            4.4865974,
            43.8087268
          ],
          [
            4.4866296,
            43.8086833
          ],
          [
            4.48668,
            43.8086501
          ],
          [
            4.4867428,
            43.8086308
          ],
          [
            4.4868109,
            43.8086277
          ]
        ]
      },
      "properties": {
        "highway": "secondary",
        "color_key": "medium",
        "name": "",
        "length_m": 22
      }
    },
    {
      "type": "Feature",
      "geometry": {
        "type": "LineString",
        "coordinates": [
          [
            4.480998,
            43.8097722
          ],
          [
            4.4806594,
            43.809833
          ],
          [
            4.4806457,
            43.8098357
          ],
          [
            4.4803053,
            43.809903
          ]
        ]
      },
      "properties": {
        "highway": "tertiary",
        "color_key": "medium",
        "name": "Chemin de Saint-Paul",
        "length_m": 57
      }
    },
    {
      "type": "Feature",
      "geometry": {
        "type": "LineString",
        "coordinates": [
          [
            4.4803053,
            43.809903
          ],
          [
            4.4801008,
            43.809944
          ],
          [
            4.4800524,
            43.8099714
          ],
          [
            4.4799449,
            43.8099988
          ],
          [
            4.4797952,
            43.8100064
          ],
          [
            4.4794201,
            43.8100642
          ]
        ]
      },
      "properties": {
        "highway": "tertiary",
        "color_key": "medium",
        "name": "Chemin de Saint-Paul",
        "length_m": 74
      }
    },
    {
      "type": "Feature",
      "geometry": {
        "type": "LineString",
        "coordinates": [
          [
            4.4794201,
            43.8100642
          ],
          [
            4.4792628,
            43.8100988
          ],
          [
            4.4788349,
            43.8101385
          ],
          [
            4.4787073,
            43.8101503
          ],
          [
            4.4784403,
            43.8101707
          ]
        ]
      },
      "properties": {
        "highway": "tertiary",
        "color_key": "medium",
        "name": "Chemin de Saint-Paul",
        "length_m": 80
      }
    },
    {
      "type": "Feature",
      "geometry": {
        "type": "LineString",
        "coordinates": [
          [
            4.4784403,
            43.8101707
          ],
          [
            4.4781818,
            43.81022
          ],
          [
            4.4779381,
            43.8102659
          ],
          [
            4.4775351,
            43.8103418
          ]
        ]
      },
      "properties": {
        "highway": "tertiary",
        "color_key": "medium",
        "name": "Chemin de Saint-Paul",
        "length_m": 75
      }
    },
    {
      "type": "Feature",
      "geometry": {
        "type": "LineString",
        "coordinates": [
          [
            4.4784403,
            43.8101707
          ],
          [
            4.4784206,
            43.8102213
          ],
          [
            4.4783996,
            43.8102752
          ],
          [
            4.4780495,
            43.8110163
          ]
        ]
      },
      "properties": {
        "highway": "unclassified",
        "color_key": "light",
        "name": "Chemin de la Vieille Fontaine",
        "length_m": 99
      }
    },
    {
      "type": "Feature",
      "geometry": {
        "type": "LineString",
        "coordinates": [
          [
            4.4775351,
            43.8103418
          ],
          [
            4.4768549,
            43.8104649
          ],
          [
            4.4765852,
            43.8105292
          ],
          [
            4.4763379,
            43.8106346
          ],
          [
            4.4759959,
            43.8107847
          ],
          [
            4.475793,
            43.8108738
          ],
          [
            4.4757679,
            43.8108849
          ],
          [
            4.4755233,
            43.8109932
          ]
        ]
      },
      "properties": {
        "highway": "tertiary",
        "color_key": "medium",
        "name": "Chemin de Saint-Paul",
        "length_m": 179
      }
    },
    {
      "type": "Feature",
      "geometry": {
        "type": "LineString",
        "coordinates": [
          [
            4.4755233,
            43.8109932
          ],
          [
            4.475397,
            43.8110561
          ]
        ]
      },
      "properties": {
        "highway": "tertiary",
        "color_key": "medium",
        "name": "Chemin de Saint-Paul",
        "length_m": 12
      }
    },
    {
      "type": "Feature",
      "geometry": {
        "type": "LineString",
        "coordinates": [
          [
            4.475397,
            43.8110561
          ],
          [
            4.474943,
            43.8112475
          ],
          [
            4.4746803,
            43.8113582
          ],
          [
            4.4746477,
            43.811372
          ]
        ]
      },
      "properties": {
        "highway": "tertiary",
        "color_key": "medium",
        "name": "Chemin de Saint-Paul",
        "length_m": 70
      }
    },
    {
      "type": "Feature",
      "geometry": {
        "type": "LineString",
        "coordinates": [
          [
            4.4746477,
            43.811372
          ],
          [
            4.4744327,
            43.8115023
          ],
          [
            4.4742222,
            43.81167
          ],
          [
            4.4740947,
            43.8117716
          ],
          [
            4.4740704,
            43.8117909
          ],
          [
            4.4740211,
            43.8118092
          ],
          [
            4.4739842,
            43.8118229
          ]
        ]
      },
      "properties": {
        "highway": "tertiary",
        "color_key": "medium",
        "name": "Chemin de Saint-Paul",
        "length_m": 74
      }
    },
    {
      "type": "Feature",
      "geometry": {
        "type": "LineString",
        "coordinates": [
          [
            4.473452,
            43.8121829
          ],
          [
            4.4736272,
            43.8120586
          ],
          [
            4.473672,
            43.8120243
          ]
        ]
      },
      "properties": {
        "highway": "tertiary",
        "color_key": "medium",
        "name": "Chemin de Saint-Paul",
        "length_m": 25
      }
    },
    {
      "type": "Feature",
      "geometry": {
        "type": "LineString",
        "coordinates": [
          [
            4.473452,
            43.8121829
          ],
          [
            4.4731574,
            43.8123962
          ],
          [
            4.4724751,
            43.8128943
          ],
          [
            4.4721245,
            43.813167
          ]
        ]
      },
      "properties": {
        "highway": "tertiary",
        "color_key": "medium",
        "name": "Chemin de Saint-Paul",
        "length_m": 153
      }
    },
    {
      "type": "Feature",
      "geometry": {
        "type": "LineString",
        "coordinates": [
          [
            4.4721245,
            43.813167
          ],
          [
            4.4718368,
            43.813406
          ],
          [
            4.4714417,
            43.8137291
          ],
          [
            4.4713552,
            43.8137998
          ]
        ]
      },
      "properties": {
        "highway": "tertiary",
        "color_key": "medium",
        "name": "Chemin de Saint-Paul",
        "length_m": 94
      }
    },
    {
      "type": "Feature",
      "geometry": {
        "type": "LineString",
        "coordinates": [
          [
            4.4713552,
            43.8137998
          ],
          [
            4.4711948,
            43.813939
          ],
          [
            4.4710382,
            43.8140749
          ],
          [
            4.4709736,
            43.8141309
          ],
          [
            4.4708797,
            43.8142124
          ],
          [
            4.4701668,
            43.814831
          ],
          [
            4.4700112,
            43.814966
          ],
          [
            4.4699416,
            43.8150312
          ]
        ]
      },
      "properties": {
        "highway": "tertiary",
        "color_key": "medium",
        "name": "Chemin de Saint-Paul",
        "length_m": 178
      }
    },
    {
      "type": "Feature",
      "geometry": {
        "type": "LineString",
        "coordinates": [
          [
            4.4862551,
            43.8138761
          ],
          [
            4.4870684,
            43.8136636
          ]
        ]
      },
      "properties": {
        "highway": "unclassified",
        "color_key": "light",
        "name": "Chemin du Pont de Claux",
        "length_m": 69
      }
    },
    {
      "type": "Feature",
      "geometry": {
        "type": "LineString",
        "coordinates": [
          [
            4.4862551,
            43.8138761
          ],
          [
            4.4862251,
            43.8138122
          ],
          [
            4.4861551,
            43.8136137
          ],
          [
            4.4861383,
            43.8135544
          ],
          [
            4.4860997,
            43.8133398
          ],
          [
            4.486096,
            43.8131913
          ],
          [
            4.4860487,
            43.8121829
          ],
          [
            4.4859885,
            43.8108235
          ],
          [
            4.4859995,
            43.8105868
          ],
          [
            4.4860341,
            43.810387
          ],
          [
            4.4861598,
            43.8100544
          ],
          [
            4.4863438,
            43.8096205
          ],
          [
            4.486554,
            43.8092167
          ],
          [
            4.4866935,
            43.8089411
          ],
          [
            4.4867062,
            43.8089083
          ]
        ]
      },
      "properties": {
        "highway": "secondary",
        "color_key": "medium",
        "name": "Route de Bellegarde",
        "length_m": 563
      }
    },
    {
      "type": "Feature",
      "geometry": {
        "type": "LineString",
        "coordinates": [
          [
            4.4862551,
            43.8138761
          ],
          [
            4.486379,
            43.8140687
          ],
          [
            4.4865786,
            43.814348
          ]
        ]
      },
      "properties": {
        "highway": "secondary",
        "color_key": "medium",
        "name": "Route de Bellegarde",
        "length_m": 59
      }
    },
    {
      "type": "Feature",
      "geometry": {
        "type": "LineString",
        "coordinates": [
          [
            4.4865786,
            43.814348
          ],
          [
            4.4867186,
            43.8144604
          ],
          [
            4.4867436,
            43.8144801
          ],
          [
            4.486782,
            43.8145103
          ],
          [
            4.4868457,
            43.8145457
          ]
        ]
      },
      "properties": {
        "highway": "secondary",
        "color_key": "medium",
        "name": "Route de Bellegarde",
        "length_m": 31
      }
    },
    {
      "type": "Feature",
      "geometry": {
        "type": "LineString",
        "coordinates": [
          [
            4.4868457,
            43.8145457
          ],
          [
            4.4868807,
            43.8145518
          ]
        ]
      },
      "properties": {
        "highway": "secondary",
        "color_key": "medium",
        "name": "",
        "length_m": 3
      }
    },
    {
      "type": "Feature",
      "geometry": {
        "type": "LineString",
        "coordinates": [
          [
            4.4868807,
            43.8145518
          ],
          [
            4.4869251,
            43.8145675
          ],
          [
            4.4869538,
            43.8145842
          ],
          [
            4.4869777,
            43.8146045
          ],
          [
            4.4870022,
            43.8146395
          ],
          [
            4.4870106,
            43.8146648
          ],
          [
            4.4870125,
            43.8146907
          ]
        ]
      },
      "properties": {
        "highway": "secondary",
        "color_key": "medium",
        "name": "",
        "length_m": 20
      }
    },
    {
      "type": "Feature",
      "geometry": {
        "type": "LineString",
        "coordinates": [
          [
            4.4868807,
            43.8145518
          ],
          [
            4.4869602,
            43.8145467
          ],
          [
            4.4870165,
            43.8145331
          ],
          [
            4.4870943,
            43.8144848
          ],
          [
            4.4871855,
            43.8143919
          ]
        ]
      },
      "properties": {
        "highway": "tertiary",
        "color_key": "medium",
        "name": "Chemin de Campuget",
        "length_m": 32
      }
    },
    {
      "type": "Feature",
      "geometry": {
        "type": "LineString",
        "coordinates": [
          [
            4.4866401,
            43.8146269
          ],
          [
            4.4866477,
            43.8145486
          ],
          [
            4.4866398,
            43.814518
          ],
          [
            4.4866346,
            43.8144981
          ],
          [
            4.4865786,
            43.814348
          ]
        ]
      },
      "properties": {
        "highway": "secondary",
        "color_key": "medium",
        "name": "Route de Bellegarde",
        "length_m": 32
      }
    },
    {
      "type": "Feature",
      "geometry": {
        "type": "LineString",
        "coordinates": [
          [
            4.4866401,
            43.8146269
          ],
          [
            4.4866678,
            43.814595
          ],
          [
            4.4866938,
            43.8145763
          ],
          [
            4.4867242,
            43.8145615
          ],
          [
            4.4867656,
            43.8145493
          ],
          [
            4.4868098,
            43.8145444
          ],
          [
            4.4868457,
            43.8145457
          ]
        ]
      },
      "properties": {
        "highway": "secondary",
        "color_key": "medium",
        "name": "",
        "length_m": 20
      }
    },
    {
      "type": "Feature",
      "geometry": {
        "type": "LineString",
        "coordinates": [
          [
            4.4866238,
            43.8146704
          ],
          [
            4.4866401,
            43.8146269
          ]
        ]
      },
      "properties": {
        "highway": "secondary",
        "color_key": "medium",
        "name": "",
        "length_m": 5
      }
    },
    {
      "type": "Feature",
      "geometry": {
        "type": "LineString",
        "coordinates": [
          [
            4.4870125,
            43.8146907
          ],
          [
            4.4870056,
            43.8147223
          ],
          [
            4.486989,
            43.814752
          ]
        ]
      },
      "properties": {
        "highway": "secondary",
        "color_key": "medium",
        "name": "",
        "length_m": 7
      }
    },
    {
      "type": "Feature",
      "geometry": {
        "type": "LineString",
        "coordinates": [
          [
            4.486989,
            43.814752
          ],
          [
            4.4869538,
            43.8147856
          ],
          [
            4.4869107,
            43.8148085
          ],
          [
            4.4868606,
            43.8148221
          ],
          [
            4.486822,
            43.8148255
          ],
          [
            4.4867833,
            43.8148233
          ]
        ]
      },
      "properties": {
        "highway": "secondary",
        "color_key": "medium",
        "name": "",
        "length_m": 20
      }
    },
    {
      "type": "Feature",
      "geometry": {
        "type": "LineString",
        "coordinates": [
          [
            4.486989,
            43.814752
          ],
          [
            4.4869797,
            43.814828
          ],
          [
            4.486996,
            43.814869
          ],
          [
            4.4870413,
            43.8149828
          ],
          [
            4.4870637,
            43.8150717
          ]
        ]
      },
      "properties": {
        "highway": "secondary",
        "color_key": "medium",
        "name": "Route de Bellegarde",
        "length_m": 36
      }
    },
    {
      "type": "Feature",
      "geometry": {
        "type": "LineString",
        "coordinates": [
          [
            4.4867191,
            43.8148062
          ],
          [
            4.4866782,
            43.8147831
          ],
          [
            4.4866477,
            43.8147537
          ],
          [
            4.4866267,
            43.8147131
          ],
          [
            4.4866238,
            43.8146704
          ]
        ]
      },
      "properties": {
        "highway": "secondary",
        "color_key": "medium",
        "name": "",
        "length_m": 18
      }
    },
    {
      "type": "Feature",
      "geometry": {
        "type": "LineString",
        "coordinates": [
          [
            4.4867191,
            43.8148062
          ],
          [
            4.4865744,
            43.8148316
          ],
          [
            4.4863624,
            43.8149233
          ]
        ]
      },
      "properties": {
        "highway": "tertiary",
        "color_key": "medium",
        "name": "",
        "length_m": 32
      }
    },
    {
      "type": "Feature",
      "geometry": {
        "type": "LineString",
        "coordinates": [
          [
            4.4867833,
            43.8148233
          ],
          [
            4.4867502,
            43.8148168
          ],
          [
            4.4867191,
            43.8148062
          ]
        ]
      },
      "properties": {
        "highway": "secondary",
        "color_key": "medium",
        "name": "",
        "length_m": 6
      }
    },
    {
      "type": "Feature",
      "geometry": {
        "type": "LineString",
        "coordinates": [
          [
            4.4699416,
            43.8150312
          ],
          [
            4.46984,
            43.815142
          ]
        ]
      },
      "properties": {
        "highway": "tertiary",
        "color_key": "medium",
        "name": "Chemin de Saint-Paul",
        "length_m": 15
      }
    },
    {
      "type": "Feature",
      "geometry": {
        "type": "LineString",
        "coordinates": [
          [
            4.4870637,
            43.8150717
          ],
          [
            4.4873139,
            43.8154617
          ],
          [
            4.4875783,
            43.8158289
          ],
          [
            4.4878171,
            43.8161332
          ],
          [
            4.4885217,
            43.8169549
          ],
          [
            4.4887414,
            43.8172144
          ],
          [
            4.4887741,
            43.8172531
          ],
          [
            4.4888051,
            43.8172825
          ],
          [
            4.4889431,
            43.8174259
          ]
        ]
      },
      "properties": {
        "highway": "secondary",
        "color_key": "medium",
        "name": "Route de Bellegarde",
        "length_m": 303
      }
    },
    {
      "type": "Feature",
      "geometry": {
        "type": "LineString",
        "coordinates": [
          [
            4.4870637,
            43.8150717
          ],
          [
            4.4869797,
            43.8149962
          ],
          [
            4.4868818,
            43.8148973
          ],
          [
            4.4868356,
            43.8148628
          ],
          [
            4.4867833,
            43.8148233
          ]
        ]
      },
      "properties": {
        "highway": "secondary",
        "color_key": "medium",
        "name": "Route de Bellegarde",
        "length_m": 36
      }
    },
    {
      "type": "Feature",
      "geometry": {
        "type": "LineString",
        "coordinates": [
          [
            4.46984,
            43.815142
          ],
          [
            4.469609,
            43.8153686
          ],
          [
            4.469498,
            43.8154889
          ]
        ]
      },
      "properties": {
        "highway": "tertiary",
        "color_key": "medium",
        "name": "Chemin de Saint-Paul",
        "length_m": 47
      }
    },
    {
      "type": "Feature",
      "geometry": {
        "type": "LineString",
        "coordinates": [
          [
            4.469498,
            43.8154889
          ],
          [
            4.469524,
            43.8156214
          ]
        ]
      },
      "properties": {
        "highway": "tertiary",
        "color_key": "medium",
        "name": "Rue de Saint-Gilles",
        "length_m": 15
      }
    },
    {
      "type": "Feature",
      "geometry": {
        "type": "LineString",
        "coordinates": [
          [
            4.469498,
            43.8154889
          ],
          [
            4.4693824,
            43.8155467
          ],
          [
            4.4691782,
            43.8156487
          ],
          [
            4.4688278,
            43.8158239
          ],
          [
            4.4686783,
            43.8159006
          ],
          [
            4.4683866,
            43.8160504
          ],
          [
            4.4683507,
            43.8160671
          ],
          [
            4.4681534,
            43.8161592
          ]
        ]
      },
      "properties": {
        "highway": "tertiary",
        "color_key": "medium",
        "name": "Chemin de Saint-Paul",
        "length_m": 131
      }
    },
    {
      "type": "Feature",
      "geometry": {
        "type": "LineString",
        "coordinates": [
          [
            4.4681534,
            43.8161592
          ],
          [
            4.468129,
            43.8161325
          ],
          [
            4.4680725,
            43.8160706
          ],
          [
            4.4674467,
            43.8148151
          ]
        ]
      },
      "properties": {
        "highway": "residential",
        "color_key": "light",
        "name": "Impasse du Languedoc",
        "length_m": 160
      }
    },
    {
      "type": "Feature",
      "geometry": {
        "type": "LineString",
        "coordinates": [
          [
            4.4681534,
            43.8161592
          ],
          [
            4.46791,
            43.816251
          ],
          [
            4.4678446,
            43.8162693
          ],
          [
            4.4675653,
            43.8163474
          ],
          [
            4.4674937,
            43.8163613
          ],
          [
            4.4673847,
            43.8163825
          ],
          [
            4.4672015,
            43.8164087
          ],
          [
            4.4669771,
            43.8164446
          ],
          [
            4.4669406,
            43.8164505
          ],
          [
            4.4669099,
            43.8164554
          ],
          [
            4.4668676,
            43.8164952
          ]
        ]
      },
      "properties": {
        "highway": "tertiary",
        "color_key": "medium",
        "name": "Chemin de Saint-Paul",
        "length_m": 111
      }
    },
    {
      "type": "Feature",
      "geometry": {
        "type": "LineString",
        "coordinates": [
          [
            4.4663315,
            43.8164395
          ],
          [
            4.4663026,
            43.8164686
          ],
          [
            4.4662624,
            43.816505
          ],
          [
            4.4661982,
            43.8165304
          ],
          [
            4.4659655,
            43.8166225
          ]
        ]
      },
      "properties": {
        "highway": "tertiary",
        "color_key": "medium",
        "name": "Chemin de Saint-Paul",
        "length_m": 36
      }
    },
    {
      "type": "Feature",
      "geometry": {
        "type": "LineString",
        "coordinates": [
          [
            4.4663315,
            43.8164395
          ],
          [
            4.4665562,
            43.8165023
          ],
          [
            4.4666019,
            43.8165151
          ],
          [
            4.4667838,
            43.816574
          ]
        ]
      },
      "properties": {
        "highway": "tertiary",
        "color_key": "medium",
        "name": "Route de Bouillargues",
        "length_m": 39
      }
    },
    {
      "type": "Feature",
      "geometry": {
        "type": "LineString",
        "coordinates": [
          [
            4.4659655,
            43.8166225
          ],
          [
            4.4659268,
            43.8166313
          ],
          [
            4.4657433,
            43.8166731
          ],
          [
            4.4656163,
            43.8167021
          ]
        ]
      },
      "properties": {
        "highway": "tertiary",
        "color_key": "medium",
        "name": "Chemin de Saint-Paul",
        "length_m": 29
      }
    },
    {
      "type": "Feature",
      "geometry": {
        "type": "LineString",
        "coordinates": [
          [
            4.4648758,
            43.8168889
          ],
          [
            4.465089,
            43.81683
          ],
          [
            4.4652472,
            43.8167863
          ],
          [
            4.4656163,
            43.8167021
          ]
        ]
      },
      "properties": {
        "highway": "tertiary",
        "color_key": "medium",
        "name": "Chemin de Saint-Paul",
        "length_m": 63
      }
    },
    {
      "type": "Feature",
      "geometry": {
        "type": "LineString",
        "coordinates": [
          [
            4.4648758,
            43.8168889
          ],
          [
            4.4644558,
            43.816992
          ],
          [
            4.4640078,
            43.8171287
          ],
          [
            4.4638034,
            43.8171937
          ]
        ]
      },
      "properties": {
        "highway": "tertiary",
        "color_key": "medium",
        "name": "Chemin de Saint-Paul",
        "length_m": 93
      }
    },
    {
      "type": "Feature",
      "geometry": {
        "type": "LineString",
        "coordinates": [
          [
            4.4638034,
            43.8171937
          ],
          [
            4.463636,
            43.8172718
          ],
          [
            4.46308,
            43.8175197
          ],
          [
            4.4628021,
            43.8176821
          ]
        ]
      },
      "properties": {
        "highway": "tertiary",
        "color_key": "medium",
        "name": "Chemin de Saint-Paul",
        "length_m": 97
      }
    },
    {
      "type": "Feature",
      "geometry": {
        "type": "LineString",
        "coordinates": [
          [
            4.4628021,
            43.8176821
          ],
          [
            4.462439,
            43.8178953
          ],
          [
            4.4620247,
            43.8181827
          ],
          [
            4.4618936,
            43.8182671
          ],
          [
            4.4618433,
            43.8183013
          ],
          [
            4.4613182,
            43.8186156
          ],
          [
            4.4612346,
            43.8186662
          ]
        ]
      },
      "properties": {
        "highway": "tertiary",
        "color_key": "medium",
        "name": "Chemin de Saint-Paul",
        "length_m": 167
      }
    },
    {
      "type": "Feature",
      "geometry": {
        "type": "LineString",
        "coordinates": [
          [
            4.4900472,
            43.8186345
          ],
          [
            4.4900224,
            43.8186072
          ],
          [
            4.4891994,
            43.8177031
          ],
          [
            4.489126,
            43.8176237
          ],
          [
            4.4889431,
            43.8174259
          ]
        ]
      },
      "properties": {
        "highway": "secondary",
        "color_key": "medium",
        "name": "Route de Bellegarde",
        "length_m": 161
      }
    },
    {
      "type": "Feature",
      "geometry": {
        "type": "LineString",
        "coordinates": [
          [
            4.4900472,
            43.8186345
          ],
          [
            4.4905432,
            43.8191936
          ],
          [
            4.4907262,
            43.819404
          ],
          [
            4.4908691,
            43.8195391
          ],
          [
            4.4910121,
            43.8196557
          ],
          [
            4.4913423,
            43.8199125
          ]
        ]
      },
      "properties": {
        "highway": "secondary",
        "color_key": "medium",
        "name": "Route de Bellegarde",
        "length_m": 177
      }
    },
    {
      "type": "Feature",
      "geometry": {
        "type": "LineString",
        "coordinates": [
          [
            4.4900472,
            43.8186345
          ],
          [
            4.4900081,
            43.8186555
          ],
          [
            4.4886735,
            43.8193728
          ]
        ]
      },
      "properties": {
        "highway": "residential",
        "color_key": "light",
        "name": "Chemin de Fumérian",
        "length_m": 137
      }
    },
    {
      "type": "Feature",
      "geometry": {
        "type": "LineString",
        "coordinates": [
          [
            4.4913423,
            43.8199125
          ],
          [
            4.4915668,
            43.8200208
          ],
          [
            4.4917298,
            43.8200683
          ],
          [
            4.4917884,
            43.8200854
          ]
        ]
      },
      "properties": {
        "highway": "secondary",
        "color_key": "medium",
        "name": "Route de Bellegarde",
        "length_m": 41
      }
    },
    {
      "type": "Feature",
      "geometry": {
        "type": "LineString",
        "coordinates": [
          [
            4.4917884,
            43.8200854
          ],
          [
            4.4918863,
            43.8200711
          ],
          [
            4.4919853,
            43.8200808
          ],
          [
            4.4920744,
            43.8201134
          ],
          [
            4.4921424,
            43.8201639
          ],
          [
            4.4921844,
            43.8202275
          ],
          [
            4.4921958,
            43.8202974
          ],
          [
            4.4921756,
            43.8203663
          ]
        ]
      },
      "properties": {
        "highway": "secondary",
        "color_key": "medium",
        "name": "",
        "length_m": 55
      }
    },
    {
      "type": "Feature",
      "geometry": {
        "type": "LineString",
        "coordinates": [
          [
            4.4569925,
            43.8212322
          ],
          [
            4.4567747,
            43.8212706
          ],
          [
            4.4559851,
            43.8214793
          ],
          [
            4.4557479,
            43.8215221
          ],
          [
            4.4556203,
            43.8215451
          ],
          [
            4.4554987,
            43.8215619
          ],
          [
            4.4545528,
            43.8216921
          ],
          [
            4.4543383,
            43.8217347
          ],
          [
            4.4531098,
            43.8220753
          ],
          [
            4.4527927,
            43.8221495
          ],
          [
            4.450046,
            43.8226207
          ],
          [
            4.4494331,
            43.8227763
          ],
          [
            4.4492656,
            43.8228188
          ],
          [
            4.4488459,
            43.8228593
          ],
          [
            4.447022,
            43.8230355
          ],
          [
            4.4464511,
            43.8230705
          ],
          [
            4.4464087,
            43.8230749
          ],
          [
            4.4442854,
            43.8232931
          ],
          [
            4.444115,
            43.8233106
          ],
          [
            4.44401,
            43.8233194
          ]
        ]
      },
      "properties": {
        "highway": "unclassified",
        "color_key": "light",
        "name": "Chemin de Saint-Paul",
        "length_m": 1071
      }
    },
    {
      "type": "Feature",
      "geometry": {
        "type": "LineString",
        "coordinates": [
          [
            4.4569925,
            43.8212322
          ],
          [
            4.456881,
            43.821314
          ],
          [
            4.4564578,
            43.8216717
          ],
          [
            4.4560286,
            43.8220284
          ],
          [
            4.455685,
            43.8223148
          ],
          [
            4.4553813,
            43.822568
          ],
          [
            4.4551599,
            43.8227412
          ],
          [
            4.454688,
            43.823078
          ],
          [
            4.4540084,
            43.8235597
          ],
          [
            4.4534514,
            43.8239493
          ],
          [
            4.452678,
            43.8243966
          ],
          [
            4.4523421,
            43.8246151
          ],
          [
            4.4522113,
            43.8247002
          ],
          [
            4.4520325,
            43.824796
          ]
        ]
      },
      "properties": {
        "highway": "tertiary",
        "color_key": "medium",
        "name": "Chemin de Rodilhan",
        "length_m": 563
      }
    },
    {
      "type": "Feature",
      "geometry": {
        "type": "LineString",
        "coordinates": [
          [
            4.4569925,
            43.8212322
          ],
          [
            4.457159,
            43.8211428
          ],
          [
            4.4577769,
            43.8208081
          ],
          [
            4.4579735,
            43.820766
          ],
          [
            4.4581503,
            43.8207525
          ],
          [
            4.4587267,
            43.8207383
          ],
          [
            4.4588692,
            43.8207323
          ],
          [
            4.4591946,
            43.8207185
          ],
          [
            4.459701,
            43.820661
          ],
          [
            4.460284,
            43.8205592
          ],
          [
            4.4611004,
            43.8204914
          ],
          [
            4.4617715,
            43.8204179
          ],
          [
            4.4620327,
            43.8203597
          ]
        ]
      },
      "properties": {
        "highway": "tertiary",
        "color_key": "medium",
        "name": "Chemin de Rodilhan",
        "length_m": 425
      }
    },
    {
      "type": "Feature",
      "geometry": {
        "type": "LineString",
        "coordinates": [
          [
            4.4520325,
            43.824796
          ],
          [
            4.4518926,
            43.8248648
          ],
          [
            4.4499901,
            43.8256474
          ],
          [
            4.4491052,
            43.8261475
          ],
          [
            4.4481285,
            43.8266511
          ],
          [
            4.4476795,
            43.826923
          ],
          [
            4.4471354,
            43.8272635
          ],
          [
            4.4464898,
            43.827656
          ],
          [
            4.4462109,
            43.8278077
          ],
          [
            4.4460662,
            43.8278761
          ],
          [
            4.4457818,
            43.8279955
          ],
          [
            4.4447355,
            43.8283367
          ],
          [
            4.4441664,
            43.8285222
          ],
          [
            4.4432899,
            43.8288042
          ],
          [
            4.4428721,
            43.8289316
          ],
          [
            4.4423219,
            43.8291045
          ]
        ]
      },
      "properties": {
        "highway": "tertiary",
        "color_key": "medium",
        "name": "",
        "length_m": 920
      }
    },
    {
      "type": "Feature",
      "geometry": {
        "type": "LineString",
        "coordinates": [
          [
            4.4520325,
            43.824796
          ],
          [
            4.4521872,
            43.8248968
          ],
          [
            4.4524273,
            43.8250964
          ],
          [
            4.4525187,
            43.8252338
          ],
          [
            4.4526492,
            43.8254749
          ],
          [
            4.4527406,
            43.8255879
          ],
          [
            4.4528267,
            43.8256707
          ],
          [
            4.4530172,
            43.8257969
          ],
          [
            4.4534349,
            43.8260135
          ],
          [
            4.4535784,
            43.8260775
          ]
        ]
      },
      "properties": {
        "highway": "unclassified",
        "color_key": "light",
        "name": "",
        "length_m": 193
      }
    },
    {
      "type": "Feature",
      "geometry": {
        "type": "LineString",
        "coordinates": [
          [
            4.439513,
            43.8307184
          ],
          [
            4.4395363,
            43.8307388
          ],
          [
            4.4400691,
            43.8312051
          ]
        ]
      },
      "properties": {
        "highway": "tertiary",
        "color_key": "medium",
        "name": "Chemin des Canaux",
        "length_m": 70
      }
    },
    {
      "type": "Feature",
      "geometry": {
        "type": "LineString",
        "coordinates": [
          [
            4.4400691,
            43.8312051
          ],
          [
            4.440227,
            43.83129
          ],
          [
            4.4403972,
            43.8314051
          ],
          [
            4.4404832,
            43.831452
          ],
          [
            4.440522,
            43.8314672
          ],
          [
            4.4405943,
            43.8314955
          ]
        ]
      },
      "properties": {
        "highway": "tertiary",
        "color_key": "medium",
        "name": "Chemin des Canaux",
        "length_m": 53
      }
    },
    {
      "type": "Feature",
      "geometry": {
        "type": "LineString",
        "coordinates": [
          [
            4.4403643,
            43.8316254
          ],
          [
            4.4403586,
            43.8315292
          ],
          [
            4.4403459,
            43.83151
          ],
          [
            4.4403042,
            43.8314469
          ],
          [
            4.4401515,
            43.831314
          ],
          [
            4.4400691,
            43.8312051
          ]
        ]
      },
      "properties": {
        "highway": "tertiary",
        "color_key": "medium",
        "name": "Chemin des Canaux",
        "length_m": 54
      }
    },
    {
      "type": "Feature",
      "geometry": {
        "type": "LineString",
        "coordinates": [
          [
            4.4403643,
            43.8316254
          ],
          [
            4.440393,
            43.831592
          ],
          [
            4.4404626,
            43.8315442
          ],
          [
            4.4405943,
            43.8314955
          ]
        ]
      },
      "properties": {
        "highway": "primary",
        "color_key": "dark",
        "name": "",
        "length_m": 24
      }
    },
    {
      "type": "Feature",
      "geometry": {
        "type": "LineString",
        "coordinates": [
          [
            4.4409906,
            43.8320212
          ],
          [
            4.4409088,
            43.8320638
          ],
          [
            4.440823,
            43.8320866
          ],
          [
            4.440744,
            43.8320954
          ],
          [
            4.4406322,
            43.8320894
          ]
        ]
      },
      "properties": {
        "highway": "primary",
        "color_key": "dark",
        "name": "",
        "length_m": 31
      }
    },
    {
      "type": "Feature",
      "geometry": {
        "type": "LineString",
        "coordinates": [
          [
            4.4409906,
            43.8320212
          ],
          [
            4.4409476,
            43.8320839
          ],
          [
            4.4409132,
            43.8321646
          ],
          [
            4.440915,
            43.8322279
          ],
          [
            4.4409275,
            43.8323207
          ]
        ]
      },
      "properties": {
        "highway": "tertiary",
        "color_key": "medium",
        "name": "Chemin des Canaux",
        "length_m": 35
      }
    },
    {
      "type": "Feature",
      "geometry": {
        "type": "LineString",
        "coordinates": [
          [
            4.4406322,
            43.8320894
          ],
          [
            4.44053,
            43.8320638
          ],
          [
            4.4404477,
            43.8320251
          ],
          [
            4.4403801,
            43.8319742
          ],
          [
            4.4403405,
            43.8319286
          ]
        ]
      },
      "properties": {
        "highway": "primary",
        "color_key": "dark",
        "name": "",
        "length_m": 30
      }
    },
    {
      "type": "Feature",
      "geometry": {
        "type": "LineString",
        "coordinates": [
          [
            4.4409275,
            43.8323207
          ],
          [
            4.4412901,
            43.8326877
          ],
          [
            4.441596,
            43.8329784
          ],
          [
            4.4418732,
            43.8332029
          ],
          [
            4.4420353,
            43.8333147
          ],
          [
            4.4422023,
            43.8334298
          ],
          [
            4.4424547,
            43.833588
          ],
          [
            4.4426969,
            43.8337268
          ],
          [
            4.4430197,
            43.8338865
          ],
          [
            4.4433239,
            43.8340224
          ],
          [
            4.4436322,
            43.8341418
          ],
          [
            4.4439737,
            43.8342538
          ],
          [
            4.4444083,
            43.8343777
          ],
          [
            4.446072,
            43.8347449
          ],
          [
            4.4464673,
            43.8348538
          ],
          [
            4.4466556,
            43.8349255
          ],
          [
            4.446877,
            43.8350255
          ],
          [
            4.4470385,
            43.8351166
          ],
          [
            4.4471833,
            43.8352196
          ],
          [
            4.4473199,
            43.8353255
          ],
          [
            4.4474751,
            43.8354674
          ],
          [
            4.4475744,
            43.8355683
          ]
        ]
      },
      "properties": {
        "highway": "tertiary",
        "color_key": "medium",
        "name": "Chemin des Canaux",
        "length_m": 662
      }
    },
    {
      "type": "Feature",
      "geometry": {
        "type": "LineString",
        "coordinates": [
          [
            4.4409275,
            43.8323207
          ],
          [
            4.4408289,
            43.8322366
          ],
          [
            4.4407291,
            43.8321559
          ],
          [
            4.4407143,
            43.8321456
          ],
          [
            4.4406757,
            43.8321187
          ],
          [
            4.4406322,
            43.8320894
          ]
        ]
      },
      "properties": {
        "highway": "tertiary",
        "color_key": "medium",
        "name": "Chemin des Canaux",
        "length_m": 35
      }
    },
    {
      "type": "Feature",
      "geometry": {
        "type": "LineString",
        "coordinates": [
          [
            4.4475744,
            43.8355683
          ],
          [
            4.4476618,
            43.8356836
          ],
          [
            4.4476782,
            43.8357127
          ],
          [
            4.4477463,
            43.8357968
          ]
        ]
      },
      "properties": {
        "highway": "tertiary",
        "color_key": "medium",
        "name": "Chemin des Canaux",
        "length_m": 29
      }
    },
    {
      "type": "Feature",
      "geometry": {
        "type": "LineString",
        "coordinates": [
          [
            4.4475744,
            43.8355683
          ],
          [
            4.4478826,
            43.8352861
          ],
          [
            4.4481486,
            43.8350154
          ],
          [
            4.4483091,
            43.8347928
          ],
          [
            4.4486739,
            43.8340634
          ],
          [
            4.4489747,
            43.8333611
          ],
          [
            4.4492452,
            43.8325271
          ],
          [
            4.4492801,
            43.8323936
          ],
          [
            4.4493659,
            43.8323239
          ],
          [
            4.4495675,
            43.832324
          ],
          [
            4.4508626,
            43.8325097
          ],
          [
            4.4513132,
            43.8326606
          ],
          [
            4.452893,
            43.8333842
          ],
          [
            4.453148,
            43.8334786
          ]
        ]
      },
      "properties": {
        "highway": "unclassified",
        "color_key": "light",
        "name": "",
        "length_m": 728
      }
    },
    {
      "type": "Feature",
      "geometry": {
        "type": "LineString",
        "coordinates": [
          [
            4.4477463,
            43.8357968
          ],
          [
            4.4481665,
            43.8357
          ],
          [
            4.4483331,
            43.8357192
          ],
          [
            4.4488303,
            43.8358817
          ],
          [
            4.4495672,
            43.8361984
          ],
          [
            4.4500416,
            43.8364155
          ],
          [
            4.4505879,
            43.8366123
          ],
          [
            4.4517305,
            43.8369664
          ],
          [
            4.4525267,
            43.8371872
          ],
          [
            4.4531139,
            43.8373
          ],
          [
            4.4536058,
            43.8374664
          ],
          [
            4.454573,
            43.8379916
          ],
          [
            4.455148,
            43.8382637
          ],
          [
            4.4557074,
            43.8385751
          ],
          [
            4.4557893,
            43.8386151
          ],
          [
            4.4562996,
            43.8388641
          ],
          [
            4.4567501,
            43.8390407
          ],
          [
            4.4571205,
            43.8392005
          ],
          [
            4.4574983,
            43.8393702
          ],
          [
            4.4578384,
            43.8395352
          ],
          [
            4.4584843,
            43.8398549
          ],
          [
            4.4586026,
            43.8399333
          ]
        ]
      },
      "properties": {
        "highway": "unclassified",
        "color_key": "light",
        "name": "",
        "length_m": 1002
      }
    },
    {
      "type": "Feature",
      "geometry": {
        "type": "LineString",
        "coordinates": [
          [
            4.4477463,
            43.8357968
          ],
          [
            4.4477966,
            43.8358627
          ],
          [
            4.4481731,
            43.8364564
          ],
          [
            4.4484098,
            43.8368832
          ],
          [
            4.4485309,
            43.8371956
          ],
          [
            4.4485772,
            43.837373
          ],
          [
            4.448783,
            43.8382332
          ],
          [
            4.4489017,
            43.8388212
          ],
          [
            4.4489196,
            43.8390297
          ],
          [
            4.4489308,
            43.8391599
          ],
          [
            4.4489176,
            43.8393997
          ],
          [
            4.4488569,
            43.839708
          ],
          [
            4.4487947,
            43.8399437
          ],
          [
            4.4485903,
            43.8405092
          ],
          [
            4.4485387,
            43.8406534
          ],
          [
            4.4482695,
            43.8414051
          ],
          [
            4.4481172,
            43.8418134
          ],
          [
            4.4478507,
            43.8425621
          ],
          [
            4.4476984,
            43.8429776
          ],
          [
            4.4475893,
            43.8432415
          ],
          [
            4.4474573,
            43.8435557
          ],
          [
            4.4471934,
            43.8440548
          ],
          [
            4.4469398,
            43.8444726
          ],
          [
            4.4464588,
            43.845302
          ],
          [
            4.4463081,
            43.8455925
          ],
          [
            4.4462952,
            43.8456173
          ],
          [
            4.4462293,
            43.84573
          ],
          [
            4.4461634,
            43.8458691
          ],
          [
            4.4460689,
            43.8461204
          ],
          [
            4.446021,
            43.8463086
          ],
          [
            4.4459707,
            43.8465815
          ],
          [
            4.4458557,
            43.8475591
          ],
          [
            4.4458413,
            43.8479374
          ],
          [
            4.445857,
            43.8480814
          ]
        ]
      },
      "properties": {
        "highway": "tertiary",
        "color_key": "medium",
        "name": "Chemin des Canaux",
        "length_m": 1418
      }
    },
    {
      "type": "Feature",
      "geometry": {
        "type": "LineString",
        "coordinates": [
          [
            4.4462961,
            43.8501989
          ],
          [
            4.446326,
            43.8504548
          ],
          [
            4.4463353,
            43.8506658
          ],
          [
            4.4463272,
            43.8508633
          ],
          [
            4.4462979,
            43.851085
          ],
          [
            4.4462391,
            43.8513196
          ],
          [
            4.4461894,
            43.8514891
          ],
          [
            4.446108,
            43.8517417
          ],
          [
            4.4460125,
            43.851977
          ],
          [
            4.446004,
            43.8519954
          ],
          [
            4.4459238,
            43.8521688
          ],
          [
            4.4457997,
            43.8524869
          ],
          [
            4.4457354,
            43.852741
          ],
          [
            4.4457022,
            43.8529264
          ],
          [
            4.4456556,
            43.8532885
          ],
          [
            4.44561,
            43.8536506
          ],
          [
            4.4455639,
            43.8539911
          ],
          [
            4.4455252,
            43.8542589
          ],
          [
            4.4454278,
            43.855146
          ],
          [
            4.4453883,
            43.855522
          ]
        ]
      },
      "properties": {
        "highway": "tertiary",
        "color_key": "medium",
        "name": "Chemin des Canaux",
        "length_m": 599
      }
    },
    {
      "type": "Feature",
      "geometry": {
        "type": "LineString",
        "coordinates": [
          [
            4.4462961,
            43.8501989
          ],
          [
            4.4462391,
            43.8499104
          ],
          [
            4.4460629,
            43.8491447
          ],
          [
            4.4459736,
            43.8487737
          ],
          [
            4.4458961,
            43.8484095
          ],
          [
            4.4458797,
            43.8482892
          ],
          [
            4.4458713,
            43.8482126
          ],
          [
            4.445857,
            43.8480814
          ]
        ]
      },
      "properties": {
        "highway": "tertiary",
        "color_key": "medium",
        "name": "Chemin des Canaux",
        "length_m": 238
      }
    },
    {
      "type": "Feature",
      "geometry": {
        "type": "LineString",
        "coordinates": [
          [
            4.445383,
            43.8555719
          ],
          [
            4.4453883,
            43.855522
          ]
        ]
      },
      "properties": {
        "highway": "tertiary",
        "color_key": "medium",
        "name": "Chemin des Canaux",
        "length_m": 6
      }
    },
    {
      "type": "Feature",
      "geometry": {
        "type": "LineString",
        "coordinates": [
          [
            4.445383,
            43.8555719
          ],
          [
            4.4453323,
            43.8555697
          ],
          [
            4.4451793,
            43.855533
          ],
          [
            4.4450586,
            43.8554807
          ],
          [
            4.4445816,
            43.8552328
          ],
          [
            4.4437792,
            43.8548154
          ],
          [
            4.4434658,
            43.8546564
          ],
          [
            4.4433581,
            43.8545543
          ],
          [
            4.4433313,
            43.8544421
          ],
          [
            4.4433478,
            43.8542812
          ],
          [
            4.4433903,
            43.8540746
          ],
          [
            4.4434573,
            43.8537458
          ],
          [
            4.4435489,
            43.8533025
          ],
          [
            4.4436616,
            43.8528905
          ],
          [
            4.4437474,
            43.8525559
          ],
          [
            4.4437823,
            43.8523373
          ],
          [
            4.4438037,
            43.8520046
          ],
          [
            4.443806,
            43.8518097
          ],
          [
            4.443785,
            43.8515714
          ],
          [
            4.4437447,
            43.8513934
          ],
          [
            4.4436773,
            43.8512371
          ],
          [
            4.4435083,
            43.8509954
          ],
          [
            4.4433451,
            43.8507532
          ],
          [
            4.4430684,
            43.8503841
          ],
          [
            4.443034,
            43.850316
          ]
        ]
      },
      "properties": {
        "highway": "unclassified",
        "color_key": "light",
        "name": "Chemin de Terre Guirarde",
        "length_m": 688
      }
    },
    {
      "type": "Feature",
      "geometry": {
        "type": "LineString",
        "coordinates": [
          [
            4.4958597,
            43.826611
          ],
          [
            4.495803,
            43.8264199
          ],
          [
            4.4957825,
            43.8263586
          ],
          [
            4.4957181,
            43.8262837
          ]
        ]
      },
      "properties": {
        "highway": "secondary",
        "color_key": "medium",
        "name": "Avenue de la Poste",
        "length_m": 39
      }
    },
    {
      "type": "Feature",
      "geometry": {
        "type": "LineString",
        "coordinates": [
          [
            4.4916019,
            43.8202443
          ],
          [
            4.4915553,
            43.8201446
          ],
          [
            4.4914495,
            43.820026
          ],
          [
            4.4913423,
            43.8199125
          ]
        ]
      },
      "properties": {
        "highway": "secondary",
        "color_key": "medium",
        "name": "Route de Bellegarde",
        "length_m": 43
      }
    },
    {
      "type": "Feature",
      "geometry": {
        "type": "LineString",
        "coordinates": [
          [
            4.4916019,
            43.8202443
          ],
          [
            4.4916378,
            43.8201771
          ],
          [
            4.4917024,
            43.8201221
          ],
          [
            4.4917884,
            43.8200854
          ]
        ]
      },
      "properties": {
        "highway": "secondary",
        "color_key": "medium",
        "name": "",
        "length_m": 24
      }
    },
    {
      "type": "Feature",
      "geometry": {
        "type": "LineString",
        "coordinates": [
          [
            4.4921756,
            43.8203663
          ],
          [
            4.4922058,
            43.8204444
          ],
          [
            4.4922864,
            43.8205634
          ],
          [
            4.4923549,
            43.8206698
          ]
        ]
      },
      "properties": {
        "highway": "secondary",
        "color_key": "medium",
        "name": "Route de Bellegarde",
        "length_m": 37
      }
    },
    {
      "type": "Feature",
      "geometry": {
        "type": "LineString",
        "coordinates": [
          [
            4.4921756,
            43.8203663
          ],
          [
            4.492135,
            43.8204186
          ],
          [
            4.492076,
            43.8204608
          ],
          [
            4.4920033,
            43.8204898
          ]
        ]
      },
      "properties": {
        "highway": "secondary",
        "color_key": "medium",
        "name": "",
        "length_m": 20
      }
    },
    {
      "type": "Feature",
      "geometry": {
        "type": "LineString",
        "coordinates": [
          [
            4.4923549,
            43.8206698
          ],
          [
            4.4926935,
            43.8210123
          ],
          [
            4.4928639,
            43.8212157
          ],
          [
            4.4930241,
            43.8214263
          ],
          [
            4.4933984,
            43.8220112
          ],
          [
            4.4935833,
            43.8223112
          ],
          [
            4.4939503,
            43.8228994
          ]
        ]
      },
      "properties": {
        "highway": "secondary",
        "color_key": "medium",
        "name": "Route de Bellegarde",
        "length_m": 280
      }
    },
    {
      "type": "Feature",
      "geometry": {
        "type": "LineString",
        "coordinates": [
          [
            4.4923549,
            43.8206698
          ],
          [
            4.4922254,
            43.8205934
          ],
          [
            4.4920643,
            43.8205141
          ],
          [
            4.4920033,
            43.8204898
          ]
        ]
      },
      "properties": {
        "highway": "secondary",
        "color_key": "medium",
        "name": "Route de Bellegarde",
        "length_m": 35
      }
    },
    {
      "type": "Feature",
      "geometry": {
        "type": "LineString",
        "coordinates": [
          [
            4.4953692,
            43.8251977
          ],
          [
            4.4955244,
            43.8255328
          ]
        ]
      },
      "properties": {
        "highway": "secondary",
        "color_key": "medium",
        "name": "Route de Bellegarde",
        "length_m": 39
      }
    },
    {
      "type": "Feature",
      "geometry": {
        "type": "LineString",
        "coordinates": [
          [
            4.4953692,
            43.8251977
          ],
          [
            4.4953337,
            43.8250836
          ],
          [
            4.4952101,
            43.8248644
          ],
          [
            4.4949883,
            43.8244993
          ],
          [
            4.4947342,
            43.8241142
          ],
          [
            4.4943009,
            43.8234193
          ],
          [
            4.4941337,
            43.8231566
          ],
          [
            4.4939503,
            43.8228994
          ]
        ]
      },
      "properties": {
        "highway": "secondary",
        "color_key": "medium",
        "name": "Route de Bellegarde",
        "length_m": 280
      }
    },
    {
      "type": "Feature",
      "geometry": {
        "type": "LineString",
        "coordinates": [
          [
            4.4953692,
            43.8251977
          ],
          [
            4.4953181,
            43.8252131
          ],
          [
            4.4950476,
            43.8252945
          ],
          [
            4.4952659,
            43.825698
          ],
          [
            4.4952876,
            43.8257382
          ],
          [
            4.4953899,
            43.8259272
          ]
        ]
      },
      "properties": {
        "highway": "unclassified",
        "color_key": "light",
        "name": "",
        "length_m": 103
      }
    },
    {
      "type": "Feature",
      "geometry": {
        "type": "LineString",
        "coordinates": [
          [
            4.4955244,
            43.8255328
          ],
          [
            4.4956133,
            43.8256362
          ],
          [
            4.4956607,
            43.8256937
          ],
          [
            4.4957291,
            43.8257443
          ],
          [
            4.495824,
            43.8257885
          ],
          [
            4.4958747,
            43.8258325
          ]
        ]
      },
      "properties": {
        "highway": "secondary",
        "color_key": "medium",
        "name": "Route de Bellegarde",
        "length_m": 44
      }
    },
    {
      "type": "Feature",
      "geometry": {
        "type": "LineString",
        "coordinates": [
          [
            4.4938631,
            43.8073763
          ],
          [
            4.4950789,
            43.8063791
          ],
          [
            4.4954275,
            43.8061495
          ],
          [
            4.4960998,
            43.8057238
          ],
          [
            4.4967366,
            43.8053148
          ],
          [
            4.4970429,
            43.80507
          ],
          [
            4.4978999,
            43.8042908
          ],
          [
            4.4982547,
            43.8040043
          ],
          [
            4.4983314,
            43.8039473
          ],
          [
            4.4985651,
            43.8037963
          ],
          [
            4.4986439,
            43.8037324
          ],
          [
            4.4986801,
            43.8036802
          ],
          [
            4.4986965,
            43.8036346
          ],
          [
            4.4987042,
            43.8035776
          ],
          [
            4.4987015,
            43.8035234
          ],
          [
            4.4986845,
            43.803469
          ],
          [
            4.4986492,
            43.8034188
          ],
          [
            4.4985889,
            43.8033588
          ],
          [
            4.4985135,
            43.8032987
          ]
        ]
      },
      "properties": {
        "highway": "unclassified",
        "color_key": "light",
        "name": "Chemin de Campuget",
        "length_m": 613
      }
    },
    {
      "type": "Feature",
      "geometry": {
        "type": "LineString",
        "coordinates": [
          [
            4.4985135,
            43.8032987
          ],
          [
            4.4986492,
            43.8033211
          ],
          [
            4.498841,
            43.8033414
          ],
          [
            4.4989969,
            43.8033481
          ],
          [
            4.4991454,
            43.8033443
          ],
          [
            4.4992769,
            43.8033336
          ],
          [
            4.4994033,
            43.8033162
          ],
          [
            4.4995143,
            43.8032959
          ],
          [
            4.4996001,
            43.8032698
          ],
          [
            4.4997088,
            43.8032295
          ],
          [
            4.4997652,
            43.8032104
          ],
          [
            4.499956,
            43.8031397
          ],
          [
            4.500025,
            43.8031137
          ],
          [
            4.5003323,
            43.8029978
          ],
          [
            4.5005187,
            43.8029407
          ],
          [
            4.5006848,
            43.8028961
          ],
          [
            4.5008916,
            43.8028594
          ],
          [
            4.5011657,
            43.8028169
          ],
          [
            4.5024172,
            43.8026907
          ],
          [
            4.5025503,
            43.8026773
          ],
          [
            4.5045686,
            43.8023956
          ],
          [
            4.505332,
            43.8022227
          ],
          [
            4.5060385,
            43.8020627
          ],
          [
            4.5065964,
            43.8019775
          ],
          [
            4.5090482,
            43.8019099
          ],
          [
            4.5110918,
            43.8018536
          ],
          [
            4.5135954,
            43.8017408
          ],
          [
            4.5137295,
            43.8017118
          ],
          [
            4.5137861,
            43.8016781
          ]
        ]
      },
      "properties": {
        "highway": "tertiary",
        "color_key": "medium",
        "name": "Chemin de Campuget",
        "length_m": 1251
      }
    },
    {
      "type": "Feature",
      "geometry": {
        "type": "LineString",
        "coordinates": [
          [
            4.491409,
            43.8082626
          ],
          [
            4.4913039,
            43.8082917
          ],
          [
            4.4910897,
            43.8083142
          ],
          [
            4.4902027,
            43.8083732
          ],
          [
            4.4887865,
            43.8084738
          ],
          [
            4.4878071,
            43.8085429
          ],
          [
            4.4876898,
            43.8085608
          ],
          [
            4.4875685,
            43.8085991
          ],
          [
            4.4874892,
            43.8086355
          ],
          [
            4.4873066,
            43.8087207
          ],
          [
            4.4872267,
            43.8087516
          ],
          [
            4.4870711,
            43.8087768
          ],
          [
            4.4870432,
            43.8087797
          ],
          [
            4.4869859,
            43.8087857
          ]
        ]
      },
      "properties": {
        "highway": "residential",
        "color_key": "light",
        "name": "",
        "length_m": 363
      }
    },
    {
      "type": "Feature",
      "geometry": {
        "type": "LineString",
        "coordinates": [
          [
            4.5233848,
            43.7964148
          ],
          [
            4.5228859,
            43.7965549
          ],
          [
            4.5217348,
            43.7968279
          ],
          [
            4.5213284,
            43.7969094
          ],
          [
            4.5211554,
            43.7969441
          ],
          [
            4.5204151,
            43.7969828
          ],
          [
            4.5200182,
            43.7970835
          ],
          [
            4.5195783,
            43.797308
          ],
          [
            4.5159734,
            43.7991511
          ],
          [
            4.5150051,
            43.799454
          ],
          [
            4.5149684,
            43.7994726
          ],
          [
            4.5144686,
            43.7997512
          ],
          [
            4.5139671,
            43.7998693
          ],
          [
            4.5138359,
            43.7999328
          ],
          [
            4.5137739,
            43.8000203
          ],
          [
            4.513774,
            43.8002894
          ],
          [
            4.5138438,
            43.8015903
          ],
          [
            4.5137861,
            43.8016781
          ]
        ]
      },
      "properties": {
        "highway": "tertiary",
        "color_key": "medium",
        "name": "",
        "length_m": 1070
      }
    },
    {
      "type": "Feature",
      "geometry": {
        "type": "LineString",
        "coordinates": [
          [
            4.5233848,
            43.7964148
          ],
          [
            4.5234947,
            43.7965471
          ],
          [
            4.5237039,
            43.7966613
          ],
          [
            4.5240607,
            43.7968027
          ],
          [
            4.5268636,
            43.7983669
          ],
          [
            4.5270007,
            43.7983784
          ],
          [
            4.5271192,
            43.7983277
          ],
          [
            4.5272035,
            43.7982079
          ]
        ]
      },
      "properties": {
        "highway": "unclassified",
        "color_key": "light",
        "name": "",
        "length_m": 392
      }
    },
    {
      "type": "Feature",
      "geometry": {
        "type": "LineString",
        "coordinates": [
          [
            4.4927758,
            43.809247
          ],
          [
            4.49267,
            43.8093956
          ],
          [
            4.4920931,
            43.8101265
          ],
          [
            4.4918228,
            43.8104249
          ],
          [
            4.4903529,
            43.811803
          ],
          [
            4.4895913,
            43.8123056
          ],
          [
            4.4879711,
            43.8133747
          ],
          [
            4.4874859,
            43.8138112
          ],
          [
            4.4873679,
            43.8139428
          ],
          [
            4.4872794,
            43.8140551
          ],
          [
            4.4872338,
            43.8141732
          ],
          [
            4.4872096,
            43.8143183
          ],
          [
            4.4871855,
            43.8143919
          ]
        ]
      },
      "properties": {
        "highway": "unclassified",
        "color_key": "light",
        "name": "Chemin de Campuget",
        "length_m": 736
      }
    },
    {
      "type": "Feature",
      "geometry": {
        "type": "LineString",
        "coordinates": [
          [
            4.4871855,
            43.8143919
          ],
          [
            4.4871557,
            43.8144624
          ],
          [
            4.4871077,
            43.8145215
          ],
          [
            4.4870487,
            43.8145835
          ],
          [
            4.4870353,
            43.8146125
          ],
          [
            4.4870125,
            43.8146907
          ]
        ]
      },
      "properties": {
        "highway": "tertiary",
        "color_key": "medium",
        "name": "Chemin de Campuget",
        "length_m": 36
      }
    },
    {
      "type": "Feature",
      "geometry": {
        "type": "LineString",
        "coordinates": [
          [
            4.4863624,
            43.8149233
          ],
          [
            4.4861847,
            43.8150551
          ],
          [
            4.4855403,
            43.8158094
          ],
          [
            4.4853215,
            43.8161855
          ]
        ]
      },
      "properties": {
        "highway": "tertiary",
        "color_key": "medium",
        "name": "",
        "length_m": 164
      }
    },
    {
      "type": "Feature",
      "geometry": {
        "type": "LineString",
        "coordinates": [
          [
            4.4863624,
            43.8149233
          ],
          [
            4.4865338,
            43.8147839
          ],
          [
            4.4865825,
            43.8147355
          ],
          [
            4.4866238,
            43.8146704
          ]
        ]
      },
      "properties": {
        "highway": "tertiary",
        "color_key": "medium",
        "name": "",
        "length_m": 35
      }
    },
    {
      "type": "Feature",
      "geometry": {
        "type": "LineString",
        "coordinates": [
          [
            4.484423,
            43.817986
          ],
          [
            4.4844407,
            43.8179509
          ],
          [
            4.4844966,
            43.8178398
          ],
          [
            4.4845489,
            43.8177488
          ],
          [
            4.484887,
            43.8169629
          ],
          [
            4.4849603,
            43.8167924
          ],
          [
            4.4853215,
            43.8161855
          ]
        ]
      },
      "properties": {
        "highway": "tertiary",
        "color_key": "medium",
        "name": "",
        "length_m": 213
      }
    },
    {
      "type": "Feature",
      "geometry": {
        "type": "LineString",
        "coordinates": [
          [
            4.484423,
            43.817986
          ],
          [
            4.48446,
            43.8180012
          ],
          [
            4.4844856,
            43.8180258
          ],
          [
            4.4844956,
            43.8180557
          ]
        ]
      },
      "properties": {
        "highway": "tertiary",
        "color_key": "medium",
        "name": "",
        "length_m": 10
      }
    },
    {
      "type": "Feature",
      "geometry": {
        "type": "LineString",
        "coordinates": [
          [
            4.4844956,
            43.8180557
          ],
          [
            4.4844853,
            43.8180912
          ],
          [
            4.4844535,
            43.8181192
          ],
          [
            4.4844073,
            43.8181334
          ]
        ]
      },
      "properties": {
        "highway": "tertiary",
        "color_key": "medium",
        "name": "",
        "length_m": 12
      }
    },
    {
      "type": "Feature",
      "geometry": {
        "type": "LineString",
        "coordinates": [
          [
            4.4842891,
            43.8180799
          ],
          [
            4.4842859,
            43.8180472
          ],
          [
            4.4843021,
            43.8180165
          ],
          [
            4.4843348,
            43.8179936
          ],
          [
            4.4843777,
            43.8179827
          ],
          [
            4.484423,
            43.817986
          ]
        ]
      },
      "properties": {
        "highway": "tertiary",
        "color_key": "medium",
        "name": "",
        "length_m": 18
      }
    },
    {
      "type": "Feature",
      "geometry": {
        "type": "LineString",
        "coordinates": [
          [
            4.4853215,
            43.8161855
          ],
          [
            4.4853413,
            43.8161931
          ],
          [
            4.485629,
            43.8163019
          ],
          [
            4.4857146,
            43.8163727
          ]
        ]
      },
      "properties": {
        "highway": "residential",
        "color_key": "light",
        "name": "Rue de Bavière",
        "length_m": 38
      }
    },
    {
      "type": "Feature",
      "geometry": {
        "type": "LineString",
        "coordinates": [
          [
            4.4857146,
            43.8163727
          ],
          [
            4.4865444,
            43.8172928
          ]
        ]
      },
      "properties": {
        "highway": "residential",
        "color_key": "light",
        "name": "Rue de Bavière",
        "length_m": 122
      }
    },
    {
      "type": "Feature",
      "geometry": {
        "type": "LineString",
        "coordinates": [
          [
            4.4427072,
            43.8239698
          ],
          [
            4.4438132,
            43.8234538
          ],
          [
            4.4439179,
            43.8233677
          ]
        ]
      },
      "properties": {
        "highway": "residential",
        "color_key": "light",
        "name": "Rue du Grezet",
        "length_m": 118
      }
    },
    {
      "type": "Feature",
      "geometry": {
        "type": "LineString",
        "coordinates": [
          [
            4.4427072,
            43.8239698
          ],
          [
            4.442673,
            43.8239293
          ],
          [
            4.4425623,
            43.8237985
          ],
          [
            4.4424728,
            43.8236927
          ]
        ]
      },
      "properties": {
        "highway": "residential",
        "color_key": "light",
        "name": "Rue Viognier",
        "length_m": 36
      }
    },
    {
      "type": "Feature",
      "geometry": {
        "type": "LineString",
        "coordinates": [
          [
            4.47276,
            43.8361861
          ],
          [
            4.4731073,
            43.836291
          ],
          [
            4.4734045,
            43.8363759
          ],
          [
            4.473884,
            43.8364888
          ],
          [
            4.4747722,
            43.8366619
          ],
          [
            4.4750663,
            43.8367245
          ],
          [
            4.4751911,
            43.8367532
          ],
          [
            4.4754238,
            43.836815
          ],
          [
            4.47593,
            43.8369552
          ],
          [
            4.4772236,
            43.8375156
          ]
        ]
      },
      "properties": {
        "highway": "unclassified",
        "color_key": "light",
        "name": "",
        "length_m": 390
      }
    },
    {
      "type": "Feature",
      "geometry": {
        "type": "LineString",
        "coordinates": [
          [
            4.47276,
            43.8361861
          ],
          [
            4.4724145,
            43.8360436
          ],
          [
            4.4721405,
            43.8359666
          ],
          [
            4.4714167,
            43.8357606
          ],
          [
            4.470482,
            43.8354784
          ],
          [
            4.4698264,
            43.8352603
          ],
          [
            4.469951,
            43.8346324
          ],
          [
            4.469966,
            43.8345436
          ],
          [
            4.4700681,
            43.8339384
          ],
          [
            4.4700713,
            43.8339195
          ],
          [
            4.4703729,
            43.832884
          ],
          [
            4.4704512,
            43.8326154
          ],
          [
            4.4705531,
            43.83236
          ],
          [
            4.4710305,
            43.8314739
          ],
          [
            4.4712666,
            43.8311836
          ],
          [
            4.4714758,
            43.8309669
          ],
          [
            4.4721568,
            43.8304847
          ],
          [
            4.4722069,
            43.8304196
          ],
          [
            4.4724011,
            43.830237
          ],
          [
            4.4725297,
            43.8300804
          ]
        ]
      },
      "properties": {
        "highway": "unclassified",
        "color_key": "light",
        "name": "",
        "length_m": 888
      }
    },
    {
      "type": "Feature",
      "geometry": {
        "type": "LineString",
        "coordinates": [
          [
            4.47276,
            43.8361861
          ],
          [
            4.4729144,
            43.8361072
          ],
          [
            4.4730221,
            43.8360689
          ],
          [
            4.473154,
            43.8360782
          ],
          [
            4.4733073,
            43.8361211
          ],
          [
            4.4733904,
            43.8361443
          ],
          [
            4.4738518,
            43.8362696
          ],
          [
            4.4741252,
            43.8363194
          ],
          [
            4.4743278,
            43.8363519
          ]
        ]
      },
      "properties": {
        "highway": "unclassified",
        "color_key": "light",
        "name": "",
        "length_m": 135
      }
    },
    {
      "type": "Feature",
      "geometry": {
        "type": "LineString",
        "coordinates": [
          [
            4.4475525,
            43.7942388
          ],
          [
            4.4460211,
            43.793091
          ],
          [
            4.4444349,
            43.7923754
          ],
          [
            4.4433809,
            43.7920741
          ],
          [
            4.4424104,
            43.7918255
          ],
          [
            4.440243,
            43.7908779
          ],
          [
            4.4398824,
            43.790653
          ]
        ]
      },
      "properties": {
        "highway": "unclassified",
        "color_key": "light",
        "name": "",
        "length_m": 743
      }
    },
    {
      "type": "Feature",
      "geometry": {
        "type": "LineString",
        "coordinates": [
          [
            4.445857,
            43.8480814
          ],
          [
            4.4457319,
            43.8481964
          ],
          [
            4.4454234,
            43.8485388
          ],
          [
            4.4452651,
            43.8487303
          ],
          [
            4.4450134,
            43.8490587
          ],
          [
            4.4449336,
            43.8491697
          ],
          [
            4.4448605,
            43.8492715
          ],
          [
            4.4447613,
            43.8494185
          ],
          [
            4.4445839,
            43.8495253
          ],
          [
            4.4443103,
            43.8496588
          ],
          [
            4.4439509,
            43.8498541
          ],
          [
            4.443565,
            43.8500568
          ],
          [
            4.4433317,
            43.850171
          ],
          [
            4.443034,
            43.850316
          ]
        ]
      },
      "properties": {
        "highway": "unclassified",
        "color_key": "light",
        "name": "",
        "length_m": 344
      }
    },
    {
      "type": "Feature",
      "geometry": {
        "type": "LineString",
        "coordinates": [
          [
            4.445857,
            43.8480814
          ],
          [
            4.4460378,
            43.8478793
          ],
          [
            4.4461618,
            43.8477432
          ],
          [
            4.4461967,
            43.8477181
          ],
          [
            4.446306,
            43.8476394
          ],
          [
            4.4465152,
            43.8475292
          ],
          [
            4.4467332,
            43.8474221
          ],
          [
            4.4470892,
            43.8472235
          ],
          [
            4.4474808,
            43.8469933
          ],
          [
            4.4478329,
            43.8467702
          ],
          [
            4.4480504,
            43.8466407
          ],
          [
            4.448211,
            43.8465451
          ],
          [
            4.4483538,
            43.8464563
          ],
          [
            4.4486798,
            43.8462737
          ],
          [
            4.4489835,
            43.8461125
          ],
          [
            4.4490955,
            43.8460629
          ],
          [
            4.4494046,
            43.8459674
          ],
          [
            4.450043,
            43.8457991
          ],
          [
            4.450737,
            43.8456122
          ],
          [
            4.4513432,
            43.8454767
          ],
          [
            4.4516684,
            43.8454103
          ],
          [
            4.4518743,
            43.8453646
          ],
          [
            4.4520245,
            43.8452852
          ],
          [
            4.4521566,
            43.8451704
          ],
          [
            4.4522444,
            43.8450376
          ],
          [
            4.4522907,
            43.8448841
          ],
          [
            4.4523034,
            43.8446759
          ],
          [
            4.4523222,
            43.8445676
          ],
          [
            4.4523678,
            43.8444457
          ],
          [
            4.4523866,
            43.844349
          ],
          [
            4.4523551,
            43.8442477
          ],
          [
            4.4522525,
            43.8441555
          ],
          [
            4.4521237,
            43.8440549
          ],
          [
            4.452062,
            43.8439911
          ],
          [
            4.4520191,
            43.843906
          ],
          [
            4.4520191,
            43.8438383
          ],
          [
            4.4520701,
            43.8437125
          ],
          [
            4.4521166,
            43.8435937
          ],
          [
            4.4521271,
            43.8435668
          ],
          [
            4.4522344,
            43.8431663
          ],
          [
            4.4523417,
            43.8428065
          ],
          [
            4.4524429,
            43.842488
          ],
          [
            4.4525046,
            43.8422636
          ],
          [
            4.4525743,
            43.8420101
          ],
          [
            4.4526146,
            43.8419057
          ],
          [
            4.4526789,
            43.8418186
          ],
          [
            4.4527889,
            43.8417703
          ],
          [
            4.4529472,
            43.8417761
          ],
          [
            4.453495,
            43.8418682
          ],
          [
            4.4540898,
            43.8419908
          ],
          [
            4.4542326,
            43.842023
          ],
          [
            4.4543265,
            43.8420327
          ],
          [
            4.4544063,
            43.8419985
          ]
        ]
      },
      "properties": {
        "highway": "unclassified",
        "color_key": "light",
        "name": "",
        "length_m": 1150
      }
    },
    {
      "type": "Feature",
      "geometry": {
        "type": "LineString",
        "coordinates": [
          [
            4.443034,
            43.850316
          ],
          [
            4.44297,
            43.8501495
          ],
          [
            4.4428842,
            43.8498207
          ],
          [
            4.4428171,
            43.8494802
          ],
          [
            4.4428071,
            43.8494112
          ],
          [
            4.4427581,
            43.8490721
          ],
          [
            4.4427554,
            43.8487916
          ],
          [
            4.4427984,
            43.8485788
          ],
          [
            4.4428414,
            43.8484355
          ]
        ]
      },
      "properties": {
        "highway": "unclassified",
        "color_key": "light",
        "name": "",
        "length_m": 212
      }
    },
    {
      "type": "Feature",
      "geometry": {
        "type": "LineString",
        "coordinates": [
          [
            4.4912804,
            43.8347991
          ],
          [
            4.4916922,
            43.8348068
          ]
        ]
      },
      "properties": {
        "highway": "residential",
        "color_key": "light",
        "name": "Impasse des Violettes",
        "length_m": 33
      }
    },
    {
      "type": "Feature",
      "geometry": {
        "type": "LineString",
        "coordinates": [
          [
            4.5048109,
            43.8287178
          ],
          [
            4.5055833,
            43.8286288
          ],
          [
            4.5053411,
            43.8276869
          ]
        ]
      },
      "properties": {
        "highway": "residential",
        "color_key": "light",
        "name": "Lotissement Le Bondavin",
        "length_m": 169
      }
    },
    {
      "type": "Feature",
      "geometry": {
        "type": "LineString",
        "coordinates": [
          [
            4.4986649,
            43.8275878
          ],
          [
            4.4986201,
            43.8275858
          ],
          [
            4.4985785,
            43.8275735
          ],
          [
            4.4985447,
            43.8275522
          ],
          [
            4.4985222,
            43.8275242
          ],
          [
            4.4985134,
            43.8274925
          ]
        ]
      },
      "properties": {
        "highway": "residential",
        "color_key": "light",
        "name": "",
        "length_m": 18
      }
    },
    {
      "type": "Feature",
      "geometry": {
        "type": "LineString",
        "coordinates": [
          [
            4.4986649,
            43.8275878
          ],
          [
            4.4986707,
            43.8276288
          ],
          [
            4.4987304,
            43.8280443
          ]
        ]
      },
      "properties": {
        "highway": "residential",
        "color_key": "light",
        "name": "Rue Émile Zola",
        "length_m": 51
      }
    },
    {
      "type": "Feature",
      "geometry": {
        "type": "LineString",
        "coordinates": [
          [
            4.4987304,
            43.8280443
          ],
          [
            4.4994089,
            43.8279941
          ]
        ]
      },
      "properties": {
        "highway": "residential",
        "color_key": "light",
        "name": "Impasse Camille Claudel",
        "length_m": 55
      }
    },
    {
      "type": "Feature",
      "geometry": {
        "type": "LineString",
        "coordinates": [
          [
            4.4987304,
            43.8280443
          ],
          [
            4.4987807,
            43.8284435
          ],
          [
            4.4987751,
            43.8285101
          ]
        ]
      },
      "properties": {
        "highway": "residential",
        "color_key": "light",
        "name": "Rue Émile Zola",
        "length_m": 52
      }
    },
    {
      "type": "Feature",
      "geometry": {
        "type": "LineString",
        "coordinates": [
          [
            4.4912067,
            43.8309507
          ],
          [
            4.4908312,
            43.8317905
          ],
          [
            4.4908419,
            43.8319994
          ],
          [
            4.4909385,
            43.8320962
          ],
          [
            4.4910297,
            43.8321233
          ]
        ]
      },
      "properties": {
        "highway": "residential",
        "color_key": "light",
        "name": "Rue Yves du Manoir",
        "length_m": 143
      }
    },
    {
      "type": "Feature",
      "geometry": {
        "type": "LineString",
        "coordinates": [
          [
            4.4918571,
            43.8330336
          ],
          [
            4.4918718,
            43.8329891
          ],
          [
            4.4918719,
            43.8329669
          ],
          [
            4.4918451,
            43.8329049
          ],
          [
            4.4917914,
            43.8328276
          ],
          [
            4.4917804,
            43.8327327
          ],
          [
            4.4917324,
            43.8322161
          ],
          [
            4.4917056,
            43.8321504
          ],
          [
            4.4916519,
            43.8321078
          ],
          [
            4.4915822,
            43.8320807
          ],
          [
            4.4910297,
            43.8321233
          ]
        ]
      },
      "properties": {
        "highway": "residential",
        "color_key": "light",
        "name": "Rue des Sports",
        "length_m": 157
      }
    },
    {
      "type": "Feature",
      "geometry": {
        "type": "LineString",
        "coordinates": [
          [
            4.4916922,
            43.8348068
          ],
          [
            4.4916871,
            43.8345917
          ],
          [
            4.4916627,
            43.8340233
          ],
          [
            4.4918002,
            43.833808
          ],
          [
            4.4918056,
            43.8337683
          ],
          [
            4.4918093,
            43.8337417
          ]
        ]
      },
      "properties": {
        "highway": "residential",
        "color_key": "light",
        "name": "Rue des Tournesols",
        "length_m": 121
      }
    },
    {
      "type": "Feature",
      "geometry": {
        "type": "LineString",
        "coordinates": [
          [
            4.498787,
            43.8274745
          ],
          [
            4.4987864,
            43.8275064
          ],
          [
            4.4987717,
            43.8275366
          ],
          [
            4.4987445,
            43.8275618
          ],
          [
            4.4987076,
            43.8275795
          ],
          [
            4.4986649,
            43.8275878
          ]
        ]
      },
      "properties": {
        "highway": "residential",
        "color_key": "light",
        "name": "",
        "length_m": 18
      }
    },
    {
      "type": "Feature",
      "geometry": {
        "type": "LineString",
        "coordinates": [
          [
            4.4986324,
            43.8273907
          ],
          [
            4.4986751,
            43.8273913
          ],
          [
            4.4987154,
            43.8274014
          ],
          [
            4.4987496,
            43.8274199
          ],
          [
            4.4987742,
            43.8274451
          ],
          [
            4.498787,
            43.8274745
          ]
        ]
      },
      "properties": {
        "highway": "residential",
        "color_key": "light",
        "name": "",
        "length_m": 17
      }
    },
    {
      "type": "Feature",
      "geometry": {
        "type": "LineString",
        "coordinates": [
          [
            4.4931821,
            43.8319114
          ],
          [
            4.4934932,
            43.8322477
          ],
          [
            4.4935889,
            43.8323368
          ],
          [
            4.4936854,
            43.8324266
          ]
        ]
      },
      "properties": {
        "highway": "residential",
        "color_key": "light",
        "name": "Chemin de Tavernolle",
        "length_m": 70
      }
    },
    {
      "type": "Feature",
      "geometry": {
        "type": "LineString",
        "coordinates": [
          [
            4.4974532,
            43.8275183
          ],
          [
            4.4984587,
            43.8274965
          ],
          [
            4.4985134,
            43.8274925
          ]
        ]
      },
      "properties": {
        "highway": "residential",
        "color_key": "light",
        "name": "Rue George Sand",
        "length_m": 85
      }
    },
    {
      "type": "Feature",
      "geometry": {
        "type": "LineString",
        "coordinates": [
          [
            4.4974532,
            43.8275183
          ],
          [
            4.4974587,
            43.8275689
          ],
          [
            4.4975206,
            43.8281334
          ],
          [
            4.4980302,
            43.8281102
          ],
          [
            4.4981658,
            43.8280974
          ]
        ]
      },
      "properties": {
        "highway": "residential",
        "color_key": "light",
        "name": "Impasse Colette",
        "length_m": 121
      }
    },
    {
      "type": "Feature",
      "geometry": {
        "type": "LineString",
        "coordinates": [
          [
            4.4985134,
            43.8274925
          ],
          [
            4.4985179,
            43.8274636
          ],
          [
            4.4985338,
            43.8274369
          ],
          [
            4.4985598,
            43.8274146
          ],
          [
            4.4985936,
            43.8273988
          ],
          [
            4.4986324,
            43.8273907
          ]
        ]
      },
      "properties": {
        "highway": "residential",
        "color_key": "light",
        "name": "",
        "length_m": 16
      }
    },
    {
      "type": "Feature",
      "geometry": {
        "type": "LineString",
        "coordinates": [
          [
            4.5002055,
            43.8346008
          ],
          [
            4.5000965,
            43.8344282
          ],
          [
            4.5000629,
            43.834375
          ],
          [
            4.4999714,
            43.8342651
          ],
          [
            4.4999347,
            43.8342349
          ]
        ]
      },
      "properties": {
        "highway": "tertiary",
        "color_key": "medium",
        "name": "Rue du Parc",
        "length_m": 46
      }
    },
    {
      "type": "Feature",
      "geometry": {
        "type": "LineString",
        "coordinates": [
          [
            4.5002055,
            43.8346008
          ],
          [
            4.5002601,
            43.8345826
          ],
          [
            4.5006386,
            43.8345269
          ],
          [
            4.5007721,
            43.8345469
          ],
          [
            4.5010392,
            43.8345123
          ],
          [
            4.5011676,
            43.8345588
          ]
        ]
      },
      "properties": {
        "highway": "residential",
        "color_key": "light",
        "name": "Rue du Parc",
        "length_m": 80
      }
    },
    {
      "type": "Feature",
      "geometry": {
        "type": "LineString",
        "coordinates": [
          [
            4.5133558,
            43.8204266
          ],
          [
            4.513587,
            43.8202942
          ],
          [
            4.5136272,
            43.8202698
          ],
          [
            4.5137315,
            43.8202097
          ],
          [
            4.5142155,
            43.8198945
          ],
          [
            4.5149252,
            43.8194522
          ],
          [
            4.5153799,
            43.8191968
          ],
          [
            4.5155061,
            43.8191311
          ],
          [
            4.5157618,
            43.8190383
          ],
          [
            4.5158935,
            43.8189671
          ],
          [
            4.5160228,
            43.8188864
          ],
          [
            4.5161511,
            43.8187882
          ],
          [
            4.5162437,
            43.8187081
          ],
          [
            4.5163365,
            43.8186188
          ],
          [
            4.5164899,
            43.8184467
          ],
          [
            4.5175146,
            43.8172458
          ],
          [
            4.5182194,
            43.8165044
          ],
          [
            4.5185166,
            43.8161919
          ],
          [
            4.5188393,
            43.8159856
          ],
          [
            4.519312,
            43.8156976
          ],
          [
            4.5197507,
            43.8153627
          ],
          [
            4.5200904,
            43.815089
          ],
          [
            4.5203904,
            43.8148847
          ],
          [
            4.5213868,
            43.8143496
          ],
          [
            4.5216897,
            43.8141637
          ],
          [
            4.5220293,
            43.8139043
          ],
          [
            4.5223973,
            43.8135775
          ],
          [
            4.5225643,
            43.813363
          ],
          [
            4.523105,
            43.8124582
          ],
          [
            4.5241189,
            43.8108936
          ]
        ]
      },
      "properties": {
        "highway": "unclassified",
        "color_key": "light",
        "name": "Chemin du Mas Mistral",
        "length_m": 1392
      }
    },
    {
      "type": "Feature",
      "geometry": {
        "type": "LineString",
        "coordinates": [
          [
            4.5133558,
            43.8204266
          ],
          [
            4.5132288,
            43.8203449
          ],
          [
            4.5125184,
            43.8198684
          ],
          [
            4.5124943,
            43.8198512
          ],
          [
            4.5124765,
            43.8198326
          ],
          [
            4.5124669,
            43.8198094
          ],
          [
            4.5124617,
            43.8197855
          ],
          [
            4.5124634,
            43.8197268
          ],
          [
            4.5124722,
            43.8196395
          ],
          [
            4.5124712,
            43.8196014
          ],
          [
            4.5124607,
            43.8195585
          ],
          [
            4.5124315,
            43.8195193
          ],
          [
            4.5124045,
            43.8194882
          ],
          [
            4.5123713,
            43.8194615
          ],
          [
            4.5115095,
            43.8188757
          ],
          [
            4.511465,
            43.8188447
          ],
          [
            4.5114004,
            43.8188109
          ],
          [
            4.5110653,
            43.8186785
          ],
          [
            4.5109429,
            43.818611
          ],
          [
            4.5108375,
            43.8185423
          ],
          [
            4.5105061,
            43.8182919
          ],
          [
            4.5098754,
            43.8178341
          ],
          [
            4.5094703,
            43.8175402
          ],
          [
            4.5093103,
            43.8173585
          ],
          [
            4.5091061,
            43.8171853
          ],
          [
            4.5090694,
            43.817141
          ],
          [
            4.5089352,
            43.8168763
          ],
          [
            4.508805,
            43.816652
          ]
        ]
      },
      "properties": {
        "highway": "unclassified",
        "color_key": "light",
        "name": "",
        "length_m": 571
      }
    },
    {
      "type": "Feature",
      "geometry": {
        "type": "LineString",
        "coordinates": [
          [
            4.4663649,
            43.8152106
          ],
          [
            4.4664293,
            43.8153809
          ],
          [
            4.4665473,
            43.815497
          ],
          [
            4.466825,
            43.8164248
          ],
          [
            4.4668299,
            43.816441
          ],
          [
            4.4668676,
            43.8164952
          ]
        ]
      },
      "properties": {
        "highway": "residential",
        "color_key": "light",
        "name": "Rue des Orchidées",
        "length_m": 150
      }
    },
    {
      "type": "Feature",
      "geometry": {
        "type": "LineString",
        "coordinates": [
          [
            4.467548,
            43.8122659
          ],
          [
            4.4677208,
            43.8127063
          ]
        ]
      },
      "properties": {
        "highway": "residential",
        "color_key": "light",
        "name": "",
        "length_m": 51
      }
    },
    {
      "type": "Feature",
      "geometry": {
        "type": "LineString",
        "coordinates": [
          [
            4.4631516,
            43.8192748
          ],
          [
            4.4627766,
            43.8193703
          ]
        ]
      },
      "properties": {
        "highway": "residential",
        "color_key": "light",
        "name": "",
        "length_m": 32
      }
    },
    {
      "type": "Feature",
      "geometry": {
        "type": "LineString",
        "coordinates": [
          [
            4.4667838,
            43.816574
          ],
          [
            4.4668257,
            43.8165346
          ],
          [
            4.4668676,
            43.8164952
          ]
        ]
      },
      "properties": {
        "highway": "tertiary",
        "color_key": "medium",
        "name": "Chemin de Saint-Paul",
        "length_m": 11
      }
    },
    {
      "type": "Feature",
      "geometry": {
        "type": "LineString",
        "coordinates": [
          [
            4.4652454,
            43.8195405
          ],
          [
            4.4652085,
            43.8195604
          ],
          [
            4.4651649,
            43.8195711
          ],
          [
            4.4651189,
            43.8195716
          ],
          [
            4.4650749,
            43.8195618
          ],
          [
            4.4650372,
            43.8195427
          ],
          [
            4.4650095,
            43.8195162
          ]
        ]
      },
      "properties": {
        "highway": "tertiary",
        "color_key": "medium",
        "name": "",
        "length_m": 22
      }
    },
    {
      "type": "Feature",
      "geometry": {
        "type": "LineString",
        "coordinates": [
          [
            4.4598793,
            43.8235362
          ],
          [
            4.460684,
            43.8226692
          ],
          [
            4.46092,
            43.8224641
          ],
          [
            4.4610434,
            43.8224215
          ],
          [
            4.461655,
            43.8224293
          ],
          [
            4.4617247,
            43.8223983
          ],
          [
            4.4619125,
            43.8222125
          ],
          [
            4.4621949,
            43.822117
          ],
          [
            4.4625367,
            43.8218295
          ],
          [
            4.4627024,
            43.8215844
          ],
          [
            4.462809,
            43.8215122
          ],
          [
            4.4629111,
            43.8214869
          ]
        ]
      },
      "properties": {
        "highway": "residential",
        "color_key": "light",
        "name": "Chemin de la Treille",
        "length_m": 356
      }
    },
    {
      "type": "Feature",
      "geometry": {
        "type": "LineString",
        "coordinates": [
          [
            4.468298,
            43.8122732
          ],
          [
            4.4683335,
            43.8122669
          ],
          [
            4.4692188,
            43.81211
          ],
          [
            4.4691652,
            43.8119396
          ]
        ]
      },
      "properties": {
        "highway": "residential",
        "color_key": "light",
        "name": "",
        "length_m": 96
      }
    },
    {
      "type": "Feature",
      "geometry": {
        "type": "LineString",
        "coordinates": [
          [
            4.4662255,
            43.8201341
          ],
          [
            4.4660068,
            43.8193396
          ],
          [
            4.4659491,
            43.8192255
          ],
          [
            4.4659344,
            43.8191991
          ]
        ]
      },
      "properties": {
        "highway": "residential",
        "color_key": "light",
        "name": "Impasse des Garriguettes",
        "length_m": 107
      }
    },
    {
      "type": "Feature",
      "geometry": {
        "type": "LineString",
        "coordinates": [
          [
            4.4629111,
            43.8214869
          ],
          [
            4.4628673,
            43.821601
          ],
          [
            4.4626957,
            43.8218216
          ],
          [
            4.462524,
            43.8219648
          ],
          [
            4.4624114,
            43.8220925
          ],
          [
            4.4623738,
            43.8221815
          ],
          [
            4.4623577,
            43.8225376
          ],
          [
            4.4623792,
            43.8226383
          ],
          [
            4.4624167,
            43.8226847
          ],
          [
            4.4628941,
            43.8229788
          ],
          [
            4.4629532,
            43.8229943
          ],
          [
            4.4633394,
            43.8230098
          ]
        ]
      },
      "properties": {
        "highway": "unclassified",
        "color_key": "light",
        "name": "",
        "length_m": 233
      }
    },
    {
      "type": "Feature",
      "geometry": {
        "type": "LineString",
        "coordinates": [
          [
            4.4886735,
            43.8193728
          ],
          [
            4.4886927,
            43.8194029
          ],
          [
            4.4886979,
            43.8194358
          ],
          [
            4.4886887,
            43.8194683
          ],
          [
            4.4886661,
            43.819497
          ]
        ]
      },
      "properties": {
        "highway": "residential",
        "color_key": "light",
        "name": "",
        "length_m": 15
      }
    },
    {
      "type": "Feature",
      "geometry": {
        "type": "LineString",
        "coordinates": [
          [
            4.4882962,
            43.819294
          ],
          [
            4.4884974,
            43.8193337
          ]
        ]
      },
      "properties": {
        "highway": "residential",
        "color_key": "light",
        "name": "Avenue André Mazoyer",
        "length_m": 17
      }
    },
    {
      "type": "Feature",
      "geometry": {
        "type": "LineString",
        "coordinates": [
          [
            4.4864825,
            43.8194685
          ],
          [
            4.4865915,
            43.8194417
          ],
          [
            4.4868462,
            43.8193793
          ]
        ]
      },
      "properties": {
        "highway": "residential",
        "color_key": "light",
        "name": "Rue de Lisbonne",
        "length_m": 31
      }
    },
    {
      "type": "Feature",
      "geometry": {
        "type": "LineString",
        "coordinates": [
          [
            4.4864825,
            43.8194685
          ],
          [
            4.4861597,
            43.8195393
          ],
          [
            4.4856595,
            43.8196513
          ],
          [
            4.4853964,
            43.819709
          ],
          [
            4.4853659,
            43.8197178
          ],
          [
            4.4853282,
            43.8197299
          ]
        ]
      },
      "properties": {
        "highway": "residential",
        "color_key": "light",
        "name": "Rue de Lisbonne",
        "length_m": 97
      }
    },
    {
      "type": "Feature",
      "geometry": {
        "type": "LineString",
        "coordinates": [
          [
            4.4864825,
            43.8194685
          ],
          [
            4.48677,
            43.8198146
          ],
          [
            4.4867968,
            43.8198649
          ],
          [
            4.4867861,
            43.8199017
          ],
          [
            4.4867244,
            43.8199404
          ],
          [
            4.4857237,
            43.8203044
          ],
          [
            4.4856889,
            43.8203181
          ],
          [
            4.4856635,
            43.8203274
          ]
        ]
      },
      "properties": {
        "highway": "residential",
        "color_key": "light",
        "name": "Rue de Lisbonne",
        "length_m": 157
      }
    },
    {
      "type": "Feature",
      "geometry": {
        "type": "LineString",
        "coordinates": [
          [
            4.4884636,
            43.8195149
          ],
          [
            4.4884287,
            43.8194873
          ],
          [
            4.4884094,
            43.8194526
          ],
          [
            4.488408,
            43.8194153
          ]
        ]
      },
      "properties": {
        "highway": "residential",
        "color_key": "light",
        "name": "",
        "length_m": 12
      }
    },
    {
      "type": "Feature",
      "geometry": {
        "type": "LineString",
        "coordinates": [
          [
            4.4884636,
            43.8195149
          ],
          [
            4.4879033,
            43.819851
          ],
          [
            4.4877383,
            43.81995
          ],
          [
            4.4874486,
            43.8200603
          ],
          [
            4.4859044,
            43.8206258
          ],
          [
            4.4858473,
            43.8206467
          ]
        ]
      },
      "properties": {
        "highway": "residential",
        "color_key": "light",
        "name": "Chemin de Fumérian",
        "length_m": 246
      }
    },
    {
      "type": "Feature",
      "geometry": {
        "type": "LineString",
        "coordinates": [
          [
            4.4886661,
            43.819497
          ],
          [
            4.4886329,
            43.8195189
          ],
          [
            4.488592,
            43.8195325
          ],
          [
            4.4885474,
            43.8195365
          ],
          [
            4.4885032,
            43.8195304
          ],
          [
            4.4884636,
            43.8195149
          ]
        ]
      },
      "properties": {
        "highway": "residential",
        "color_key": "light",
        "name": "",
        "length_m": 18
      }
    },
    {
      "type": "Feature",
      "geometry": {
        "type": "LineString",
        "coordinates": [
          [
            4.4886661,
            43.819497
          ],
          [
            4.4887856,
            43.8195965
          ],
          [
            4.4888713,
            43.8197218
          ],
          [
            4.4889896,
            43.8199114
          ]
        ]
      },
      "properties": {
        "highway": "residential",
        "color_key": "light",
        "name": "Rue de Fumérian",
        "length_m": 53
      }
    },
    {
      "type": "Feature",
      "geometry": {
        "type": "LineString",
        "coordinates": [
          [
            4.4884974,
            43.8193337
          ],
          [
            4.4885625,
            43.8193263
          ],
          [
            4.4886255,
            43.8193403
          ],
          [
            4.4886735,
            43.8193728
          ]
        ]
      },
      "properties": {
        "highway": "residential",
        "color_key": "light",
        "name": "",
        "length_m": 16
      }
    },
    {
      "type": "Feature",
      "geometry": {
        "type": "LineString",
        "coordinates": [
          [
            4.488408,
            43.8194153
          ],
          [
            4.4882962,
            43.819294
          ]
        ]
      },
      "properties": {
        "highway": "residential",
        "color_key": "light",
        "name": "Avenue André Mazoyer",
        "length_m": 16
      }
    },
    {
      "type": "Feature",
      "geometry": {
        "type": "LineString",
        "coordinates": [
          [
            4.488408,
            43.8194153
          ],
          [
            4.488424,
            43.8193811
          ],
          [
            4.488455,
            43.8193528
          ],
          [
            4.4884974,
            43.8193337
          ]
        ]
      },
      "properties": {
        "highway": "residential",
        "color_key": "light",
        "name": "",
        "length_m": 12
      }
    },
    {
      "type": "Feature",
      "geometry": {
        "type": "LineString",
        "coordinates": [
          [
            4.4858473,
            43.8206467
          ],
          [
            4.485768,
            43.8206687
          ],
          [
            4.4847234,
            43.8209583
          ]
        ]
      },
      "properties": {
        "highway": "residential",
        "color_key": "light",
        "name": "Chemin de Fumérian",
        "length_m": 97
      }
    },
    {
      "type": "Feature",
      "geometry": {
        "type": "LineString",
        "coordinates": [
          [
            4.4858473,
            43.8206467
          ],
          [
            4.4857109,
            43.8204098
          ],
          [
            4.4856635,
            43.8203274
          ]
        ]
      },
      "properties": {
        "highway": "residential",
        "color_key": "light",
        "name": "Avenue de Catalogne",
        "length_m": 38
      }
    },
    {
      "type": "Feature",
      "geometry": {
        "type": "LineString",
        "coordinates": [
          [
            4.4848831,
            43.8189069
          ],
          [
            4.4847772,
            43.8186935
          ],
          [
            4.4847556,
            43.8186567
          ]
        ]
      },
      "properties": {
        "highway": "residential",
        "color_key": "light",
        "name": "Avenue de Catalogne",
        "length_m": 30
      }
    },
    {
      "type": "Feature",
      "geometry": {
        "type": "LineString",
        "coordinates": [
          [
            4.4848831,
            43.8189069
          ],
          [
            4.4850918,
            43.8192911
          ],
          [
            4.4853109,
            43.8196946
          ]
        ]
      },
      "properties": {
        "highway": "residential",
        "color_key": "light",
        "name": "Avenue de Catalogne",
        "length_m": 94
      }
    },
    {
      "type": "Feature",
      "geometry": {
        "type": "LineString",
        "coordinates": [
          [
            4.4848831,
            43.8189069
          ],
          [
            4.4849215,
            43.8188988
          ],
          [
            4.4849552,
            43.8188916
          ],
          [
            4.4852966,
            43.8188172
          ],
          [
            4.4854986,
            43.8187376
          ]
        ]
      },
      "properties": {
        "highway": "residential",
        "color_key": "light",
        "name": "",
        "length_m": 53
      }
    },
    {
      "type": "Feature",
      "geometry": {
        "type": "LineString",
        "coordinates": [
          [
            4.4853109,
            43.8196946
          ],
          [
            4.4853282,
            43.8197299
          ]
        ]
      },
      "properties": {
        "highway": "residential",
        "color_key": "light",
        "name": "Avenue de Catalogne",
        "length_m": 4
      }
    },
    {
      "type": "Feature",
      "geometry": {
        "type": "LineString",
        "coordinates": [
          [
            4.4853658,
            43.8198068
          ],
          [
            4.4853282,
            43.8197299
          ]
        ]
      },
      "properties": {
        "highway": "residential",
        "color_key": "light",
        "name": "Avenue de Catalogne",
        "length_m": 9
      }
    },
    {
      "type": "Feature",
      "geometry": {
        "type": "LineString",
        "coordinates": [
          [
            4.4853658,
            43.8198068
          ],
          [
            4.4856635,
            43.8203274
          ]
        ]
      },
      "properties": {
        "highway": "residential",
        "color_key": "light",
        "name": "Avenue de Catalogne",
        "length_m": 63
      }
    },
    {
      "type": "Feature",
      "geometry": {
        "type": "LineString",
        "coordinates": [
          [
            4.4853658,
            43.8198068
          ],
          [
            4.48531,
            43.8198195
          ],
          [
            4.485058,
            43.8198762
          ],
          [
            4.4845588,
            43.8199887
          ],
          [
            4.4841374,
            43.8200836
          ],
          [
            4.4840865,
            43.8200855
          ],
          [
            4.4840462,
            43.8200681
          ],
          [
            4.4840274,
            43.820041
          ],
          [
            4.4840274,
            43.8200081
          ],
          [
            4.4840704,
            43.8199771
          ],
          [
            4.4841884,
            43.8199472
          ],
          [
            4.4845991,
            43.8198549
          ],
          [
            4.4850145,
            43.8197616
          ],
          [
            4.4852502,
            43.8197086
          ],
          [
            4.4852706,
            43.8197039
          ],
          [
            4.4853109,
            43.8196946
          ]
        ]
      },
      "properties": {
        "highway": "residential",
        "color_key": "light",
        "name": "Rue du Tyrol",
        "length_m": 227
      }
    },
    {
      "type": "Feature",
      "geometry": {
        "type": "LineString",
        "coordinates": [
          [
            4.4844073,
            43.8181334
          ],
          [
            4.4843571,
            43.8181305
          ],
          [
            4.4843145,
            43.8181112
          ],
          [
            4.4842891,
            43.8180799
          ]
        ]
      },
      "properties": {
        "highway": "tertiary",
        "color_key": "medium",
        "name": "",
        "length_m": 12
      }
    },
    {
      "type": "Feature",
      "geometry": {
        "type": "LineString",
        "coordinates": [
          [
            4.4844073,
            43.8181334
          ],
          [
            4.4844247,
            43.818174
          ],
          [
            4.484442,
            43.8182147
          ],
          [
            4.484454,
            43.8182427
          ],
          [
            4.4845677,
            43.8183791
          ],
          [
            4.4846671,
            43.8185063
          ],
          [
            4.4847556,
            43.8186567
          ]
        ]
      },
      "properties": {
        "highway": "residential",
        "color_key": "light",
        "name": "Avenue de Catalogne",
        "length_m": 65
      }
    },
    {
      "type": "Feature",
      "geometry": {
        "type": "LineString",
        "coordinates": [
          [
            4.4889896,
            43.8199114
          ],
          [
            4.4890206,
            43.8199025
          ],
          [
            4.4891427,
            43.8198674
          ],
          [
            4.4901053,
            43.8195791
          ],
          [
            4.4901911,
            43.8195869
          ],
          [
            4.490277,
            43.8196488
          ],
          [
            4.4908996,
            43.8206364
          ]
        ]
      },
      "properties": {
        "highway": "residential",
        "color_key": "light",
        "name": "Rue de Fumérian",
        "length_m": 234
      }
    },
    {
      "type": "Feature",
      "geometry": {
        "type": "LineString",
        "coordinates": [
          [
            4.4790868,
            43.8243397
          ],
          [
            4.4791246,
            43.8248631
          ]
        ]
      },
      "properties": {
        "highway": "residential",
        "color_key": "light",
        "name": "",
        "length_m": 58
      }
    },
    {
      "type": "Feature",
      "geometry": {
        "type": "LineString",
        "coordinates": [
          [
            4.4908996,
            43.8206364
          ],
          [
            4.4915807,
            43.8204061
          ],
          [
            4.4916281,
            43.8203852
          ]
        ]
      },
      "properties": {
        "highway": "residential",
        "color_key": "light",
        "name": "Rue de Fumérian",
        "length_m": 65
      }
    },
    {
      "type": "Feature",
      "geometry": {
        "type": "LineString",
        "coordinates": [
          [
            4.4798557,
            43.8224546
          ],
          [
            4.4796876,
            43.8225091
          ],
          [
            4.4795696,
            43.8225478
          ],
          [
            4.4793014,
            43.8226755
          ],
          [
            4.4791458,
            43.8228032
          ],
          [
            4.4789419,
            43.8230083
          ],
          [
            4.4789019,
            43.8230491
          ]
        ]
      },
      "properties": {
        "highway": "residential",
        "color_key": "light",
        "name": "Impasse du Jardin",
        "length_m": 103
      }
    },
    {
      "type": "Feature",
      "geometry": {
        "type": "LineString",
        "coordinates": [
          [
            4.4620327,
            43.8203597
          ],
          [
            4.4620051,
            43.8203253
          ],
          [
            4.4619556,
            43.8202602
          ],
          [
            4.4618737,
            43.8201292
          ],
          [
            4.4617245,
            43.8197734
          ]
        ]
      },
      "properties": {
        "highway": "tertiary",
        "color_key": "medium",
        "name": "",
        "length_m": 70
      }
    },
    {
      "type": "Feature",
      "geometry": {
        "type": "LineString",
        "coordinates": [
          [
            4.4612346,
            43.8186662
          ],
          [
            4.461209,
            43.8186693
          ],
          [
            4.4611305,
            43.8186787
          ],
          [
            4.460816,
            43.8187101
          ],
          [
            4.4601447,
            43.8187772
          ],
          [
            4.4595614,
            43.8188355
          ],
          [
            4.4594349,
            43.8188381
          ]
        ]
      },
      "properties": {
        "highway": "residential",
        "color_key": "light",
        "name": "",
        "length_m": 146
      }
    },
    {
      "type": "Feature",
      "geometry": {
        "type": "LineString",
        "coordinates": [
          [
            4.4612346,
            43.8186662
          ],
          [
            4.4615003,
            43.8192563
          ],
          [
            4.4615336,
            43.8193302
          ],
          [
            4.4615762,
            43.8194295
          ],
          [
            4.4616963,
            43.8197097
          ],
          [
            4.4617245,
            43.8197734
          ]
        ]
      },
      "properties": {
        "highway": "tertiary",
        "color_key": "medium",
        "name": "",
        "length_m": 129
      }
    },
    {
      "type": "Feature",
      "geometry": {
        "type": "LineString",
        "coordinates": [
          [
            4.4594349,
            43.8188381
          ],
          [
            4.4595523,
            43.819465
          ],
          [
            4.4596449,
            43.8199506
          ],
          [
            4.4597307,
            43.8199892
          ],
          [
            4.4606859,
            43.8198858
          ],
          [
            4.4617245,
            43.8197734
          ]
        ]
      },
      "properties": {
        "highway": "residential",
        "color_key": "light",
        "name": "Rue des Grenadiers",
        "length_m": 295
      }
    },
    {
      "type": "Feature",
      "geometry": {
        "type": "LineString",
        "coordinates": [
          [
            4.4658849,
            43.8172277
          ],
          [
            4.465634,
            43.8167368
          ],
          [
            4.4656163,
            43.8167021
          ]
        ]
      },
      "properties": {
        "highway": "residential",
        "color_key": "light",
        "name": "Impasse Les Molles",
        "length_m": 62
      }
    },
    {
      "type": "Feature",
      "geometry": {
        "type": "LineString",
        "coordinates": [
          [
            4.4753639,
            43.8130569
          ],
          [
            4.475783,
            43.8130412
          ]
        ]
      },
      "properties": {
        "highway": "residential",
        "color_key": "light",
        "name": "",
        "length_m": 34
      }
    },
    {
      "type": "Feature",
      "geometry": {
        "type": "LineString",
        "coordinates": [
          [
            4.4956145,
            43.8314145
          ],
          [
            4.4953623,
            43.8316067
          ]
        ]
      },
      "properties": {
        "highway": "residential",
        "color_key": "light",
        "name": "Place Mireille",
        "length_m": 29
      }
    },
    {
      "type": "Feature",
      "geometry": {
        "type": "LineString",
        "coordinates": [
          [
            4.4956145,
            43.8314145
          ],
          [
            4.4955038,
            43.8312639
          ],
          [
            4.4944472,
            43.8311753
          ]
        ]
      },
      "properties": {
        "highway": "residential",
        "color_key": "light",
        "name": "Impasse de l'Arlésienne",
        "length_m": 104
      }
    },
    {
      "type": "Feature",
      "geometry": {
        "type": "LineString",
        "coordinates": [
          [
            4.490862,
            43.8351859
          ],
          [
            4.4917739,
            43.8351395
          ],
          [
            4.4925142,
            43.8351163
          ],
          [
            4.4936846,
            43.8351114
          ]
        ]
      },
      "properties": {
        "highway": "residential",
        "color_key": "light",
        "name": "",
        "length_m": 227
      }
    },
    {
      "type": "Feature",
      "geometry": {
        "type": "LineString",
        "coordinates": [
          [
            4.4914442,
            43.8305763
          ],
          [
            4.4915363,
            43.8304098
          ],
          [
            4.4915925,
            43.8303079
          ]
        ]
      },
      "properties": {
        "highway": "residential",
        "color_key": "light",
        "name": "",
        "length_m": 32
      }
    },
    {
      "type": "Feature",
      "geometry": {
        "type": "LineString",
        "coordinates": [
          [
            4.4914442,
            43.8305763
          ],
          [
            4.4916976,
            43.8306951
          ],
          [
            4.4918122,
            43.8307215
          ]
        ]
      },
      "properties": {
        "highway": "residential",
        "color_key": "light",
        "name": "",
        "length_m": 34
      }
    },
    {
      "type": "Feature",
      "geometry": {
        "type": "LineString",
        "coordinates": [
          [
            4.4861466,
            43.830498
          ],
          [
            4.4865444,
            43.8305834
          ],
          [
            4.4875256,
            43.830794
          ],
          [
            4.4876132,
            43.8307918
          ],
          [
            4.4877303,
            43.8307889
          ],
          [
            4.487926,
            43.8307841
          ],
          [
            4.4880761,
            43.8307804
          ]
        ]
      },
      "properties": {
        "highway": "residential",
        "color_key": "light",
        "name": "Chemin du Mas de l'Avocat",
        "length_m": 160
      }
    },
    {
      "type": "Feature",
      "geometry": {
        "type": "LineString",
        "coordinates": [
          [
            4.4992763,
            43.8294615
          ],
          [
            4.4992326,
            43.8294599
          ],
          [
            4.4991705,
            43.8294494
          ],
          [
            4.4991124,
            43.829435
          ],
          [
            4.4989956,
            43.8293919
          ],
          [
            4.4989692,
            43.8293822
          ],
          [
            4.4989108,
            43.8293539
          ],
          [
            4.4988757,
            43.8293132
          ]
        ]
      },
      "properties": {
        "highway": "residential",
        "color_key": "light",
        "name": "Rue Émile Zola",
        "length_m": 37
      }
    },
    {
      "type": "Feature",
      "geometry": {
        "type": "LineString",
        "coordinates": [
          [
            4.4992763,
            43.8294615
          ],
          [
            4.4992924,
            43.8294387
          ],
          [
            4.4993169,
            43.8294201
          ],
          [
            4.4993478,
            43.8294074
          ],
          [
            4.4993793,
            43.8294018
          ],
          [
            4.4994118,
            43.8294023
          ],
          [
            4.4994469,
            43.8294102
          ],
          [
            4.4994772,
            43.8294253
          ],
          [
            4.4995,
            43.8294462
          ],
          [
            4.4995132,
            43.829471
          ],
          [
            4.4995156,
            43.8294975
          ],
          [
            4.4995066,
            43.8295241
          ],
          [
            4.4994868,
            43.8295475
          ],
          [
            4.4994581,
            43.8295654
          ]
        ]
      },
      "properties": {
        "highway": "residential",
        "color_key": "light",
        "name": "",
        "length_m": 38
      }
    },
    {
      "type": "Feature",
      "geometry": {
        "type": "LineString",
        "coordinates": [
          [
            4.4994581,
            43.8295654
          ],
          [
            4.4994857,
            43.8295877
          ],
          [
            4.4995763,
            43.8296689
          ],
          [
            4.4996122,
            43.8297121
          ]
        ]
      },
      "properties": {
        "highway": "residential",
        "color_key": "light",
        "name": "",
        "length_m": 21
      }
    },
    {
      "type": "Feature",
      "geometry": {
        "type": "LineString",
        "coordinates": [
          [
            4.4987751,
            43.8285101
          ],
          [
            4.4987699,
            43.8285809
          ],
          [
            4.498788,
            43.8288435
          ]
        ]
      },
      "properties": {
        "highway": "residential",
        "color_key": "light",
        "name": "Rue Émile Zola",
        "length_m": 37
      }
    },
    {
      "type": "Feature",
      "geometry": {
        "type": "LineString",
        "coordinates": [
          [
            4.4987751,
            43.8285101
          ],
          [
            4.4987107,
            43.828522
          ],
          [
            4.498266,
            43.8286043
          ]
        ]
      },
      "properties": {
        "highway": "residential",
        "color_key": "light",
        "name": "Impasse des Combes",
        "length_m": 42
      }
    },
    {
      "type": "Feature",
      "geometry": {
        "type": "LineString",
        "coordinates": [
          [
            4.4988757,
            43.8293132
          ],
          [
            4.4988397,
            43.8292629
          ],
          [
            4.498788,
            43.8288435
          ]
        ]
      },
      "properties": {
        "highway": "residential",
        "color_key": "light",
        "name": "Rue Émile Zola",
        "length_m": 53
      }
    },
    {
      "type": "Feature",
      "geometry": {
        "type": "LineString",
        "coordinates": [
          [
            4.4996122,
            43.8297121
          ],
          [
            4.4997052,
            43.8296678
          ],
          [
            4.4998964,
            43.8295807
          ],
          [
            4.4999642,
            43.8295569
          ]
        ]
      },
      "properties": {
        "highway": "tertiary",
        "color_key": "medium",
        "name": "Avenue de Provence",
        "length_m": 33
      }
    },
    {
      "type": "Feature",
      "geometry": {
        "type": "LineString",
        "coordinates": [
          [
            4.4924074,
            43.8361023
          ],
          [
            4.4933755,
            43.8359605
          ]
        ]
      },
      "properties": {
        "highway": "residential",
        "color_key": "light",
        "name": "Lotissement les Lavandins",
        "length_m": 79
      }
    },
    {
      "type": "Feature",
      "geometry": {
        "type": "LineString",
        "coordinates": [
          [
            4.4924074,
            43.8361023
          ],
          [
            4.4921064,
            43.8361464
          ],
          [
            4.4921707,
            43.836336
          ],
          [
            4.4924497,
            43.8362935
          ],
          [
            4.4924074,
            43.8361023
          ]
        ]
      },
      "properties": {
        "highway": "residential",
        "color_key": "light",
        "name": "Lotissement les Lavandins",
        "length_m": 91
      }
    },
    {
      "type": "Feature",
      "geometry": {
        "type": "LineString",
        "coordinates": [
          [
            4.4968494,
            43.8310386
          ],
          [
            4.4969207,
            43.8310554
          ]
        ]
      },
      "properties": {
        "highway": "living_street",
        "color_key": "light",
        "name": "Avenue de Provence",
        "length_m": 6
      }
    },
    {
      "type": "Feature",
      "geometry": {
        "type": "LineString",
        "coordinates": [
          [
            4.4968494,
            43.8310386
          ],
          [
            4.4967804,
            43.8310624
          ],
          [
            4.4966732,
            43.8310956
          ],
          [
            4.4964748,
            43.8311449
          ]
        ]
      },
      "properties": {
        "highway": "secondary",
        "color_key": "medium",
        "name": "Avenue de la République",
        "length_m": 32
      }
    },
    {
      "type": "Feature",
      "geometry": {
        "type": "LineString",
        "coordinates": [
          [
            4.499022,
            43.8325956
          ],
          [
            4.4992381,
            43.8328531
          ],
          [
            4.4996023,
            43.8335253
          ]
        ]
      },
      "properties": {
        "highway": "residential",
        "color_key": "light",
        "name": "Rue du Parc",
        "length_m": 114
      }
    },
    {
      "type": "Feature",
      "geometry": {
        "type": "LineString",
        "coordinates": [
          [
            4.493419,
            43.830458
          ],
          [
            4.4932853,
            43.8304613
          ],
          [
            4.4931262,
            43.8304385
          ],
          [
            4.492921,
            43.8304091
          ],
          [
            4.4928877,
            43.8304028
          ],
          [
            4.4924181,
            43.8303147
          ],
          [
            4.4918861,
            43.8302177
          ],
          [
            4.491725,
            43.8302369
          ]
        ]
      },
      "properties": {
        "highway": "residential",
        "color_key": "light",
        "name": [
          "Chemin de la Station",
          "Chemin du Mas de l'Avocat"
        ],
        "length_m": 139
      }
    },
    {
      "type": "Feature",
      "geometry": {
        "type": "LineString",
        "coordinates": [
          [
            4.493419,
            43.830458
          ],
          [
            4.4934168,
            43.8304547
          ],
          [
            4.4934135,
            43.830434
          ],
          [
            4.4934196,
            43.8304137
          ],
          [
            4.4934347,
            43.8303959
          ],
          [
            4.4934569,
            43.8303826
          ],
          [
            4.493484,
            43.8303753
          ],
          [
            4.4934921,
            43.8303752
          ]
        ]
      },
      "properties": {
        "highway": "residential",
        "color_key": "light",
        "name": "",
        "length_m": 13
      }
    },
    {
      "type": "Feature",
      "geometry": {
        "type": "LineString",
        "coordinates": [
          [
            4.4934921,
            43.8303752
          ],
          [
            4.4935128,
            43.8303748
          ],
          [
            4.4935401,
            43.830381
          ],
          [
            4.493563,
            43.8303932
          ],
          [
            4.4935793,
            43.8304101
          ],
          [
            4.4935872,
            43.8304299
          ],
          [
            4.4935857,
            43.8304505
          ],
          [
            4.4935751,
            43.8304696
          ]
        ]
      },
      "properties": {
        "highway": "residential",
        "color_key": "light",
        "name": "",
        "length_m": 15
      }
    },
    {
      "type": "Feature",
      "geometry": {
        "type": "LineString",
        "coordinates": [
          [
            4.4438974,
            43.8474827
          ],
          [
            4.4436667,
            43.847651
          ],
          [
            4.4433777,
            43.847867
          ],
          [
            4.4431759,
            43.8480398
          ],
          [
            4.4430102,
            43.8482074
          ],
          [
            4.4428922,
            43.848339
          ],
          [
            4.4428414,
            43.8484355
          ]
        ]
      },
      "properties": {
        "highway": "unclassified",
        "color_key": "light",
        "name": "",
        "length_m": 137
      }
    },
    {
      "type": "Feature",
      "geometry": {
        "type": "LineString",
        "coordinates": [
          [
            4.4428414,
            43.8484355
          ],
          [
            4.4415236,
            43.8482739
          ],
          [
            4.441478,
            43.8482603
          ],
          [
            4.4414519,
            43.8482268
          ],
          [
            4.4414351,
            43.8480862
          ],
          [
            4.4414137,
            43.8479334
          ],
          [
            4.4413258,
            43.8476503
          ],
          [
            4.4411508,
            43.8472719
          ]
        ]
      },
      "properties": {
        "highway": "unclassified",
        "color_key": "light",
        "name": "",
        "length_m": 225
      }
    },
    {
      "type": "Feature",
      "geometry": {
        "type": "LineString",
        "coordinates": [
          [
            4.498464,
            43.8324481
          ],
          [
            4.4989369,
            43.8325075
          ],
          [
            4.4990287,
            43.8325187
          ]
        ]
      },
      "properties": {
        "highway": "residential",
        "color_key": "light",
        "name": "Rue des Arènes",
        "length_m": 46
      }
    },
    {
      "type": "Feature",
      "geometry": {
        "type": "LineString",
        "coordinates": [
          [
            4.4453883,
            43.855522
          ],
          [
            4.4454202,
            43.855522
          ],
          [
            4.445473,
            43.8555278
          ],
          [
            4.4455962,
            43.8556378
          ]
        ]
      },
      "properties": {
        "highway": "unclassified",
        "color_key": "light",
        "name": "",
        "length_m": 23
      }
    },
    {
      "type": "Feature",
      "geometry": {
        "type": "LineString",
        "coordinates": [
          [
            4.4911156,
            43.8233375
          ],
          [
            4.491496,
            43.8232663
          ],
          [
            4.4916,
            43.8232449
          ],
          [
            4.4918834,
            43.8231866
          ],
          [
            4.4924301,
            43.8231151
          ]
        ]
      },
      "properties": {
        "highway": "unclassified",
        "color_key": "light",
        "name": "Chemin de la Gare",
        "length_m": 108
      }
    },
    {
      "type": "Feature",
      "geometry": {
        "type": "LineString",
        "coordinates": [
          [
            4.4887081,
            43.8256143
          ],
          [
            4.4887645,
            43.8259036
          ],
          [
            4.4888534,
            43.8263593
          ]
        ]
      },
      "properties": {
        "highway": "residential",
        "color_key": "light",
        "name": "Le Clos Antonin",
        "length_m": 84
      }
    },
    {
      "type": "Feature",
      "geometry": {
        "type": "LineString",
        "coordinates": [
          [
            4.4888534,
            43.8263593
          ],
          [
            4.4884619,
            43.8264006
          ]
        ]
      },
      "properties": {
        "highway": "residential",
        "color_key": "light",
        "name": "",
        "length_m": 32
      }
    },
    {
      "type": "Feature",
      "geometry": {
        "type": "LineString",
        "coordinates": [
          [
            4.5041179,
            43.8277962
          ],
          [
            4.5039671,
            43.8278333
          ],
          [
            4.5038121,
            43.8278714
          ]
        ]
      },
      "properties": {
        "highway": "residential",
        "color_key": "light",
        "name": "Le Hameau de Vallauris",
        "length_m": 26
      }
    },
    {
      "type": "Feature",
      "geometry": {
        "type": "LineString",
        "coordinates": [
          [
            4.5005422,
            43.8293521
          ],
          [
            4.5004949,
            43.8293696
          ],
          [
            4.500485,
            43.8293733
          ],
          [
            4.5004419,
            43.8293892
          ],
          [
            4.5004163,
            43.8293982
          ],
          [
            4.4999642,
            43.8295569
          ]
        ]
      },
      "properties": {
        "highway": "tertiary",
        "color_key": "medium",
        "name": "Avenue de Provence",
        "length_m": 52
      }
    },
    {
      "type": "Feature",
      "geometry": {
        "type": "LineString",
        "coordinates": [
          [
            4.4916391,
            43.8301863
          ],
          [
            4.4916597,
            43.8301884
          ],
          [
            4.4916824,
            43.8301951
          ],
          [
            4.4917018,
            43.830206
          ],
          [
            4.4917163,
            43.8302203
          ],
          [
            4.491725,
            43.8302369
          ]
        ]
      },
      "properties": {
        "highway": "residential",
        "color_key": "light",
        "name": "",
        "length_m": 10
      }
    },
    {
      "type": "Feature",
      "geometry": {
        "type": "LineString",
        "coordinates": [
          [
            4.491725,
            43.8302369
          ],
          [
            4.4917267,
            43.8302583
          ],
          [
            4.4917187,
            43.8302788
          ],
          [
            4.4917019,
            43.8302964
          ],
          [
            4.4916782,
            43.8303092
          ],
          [
            4.49165,
            43.8303157
          ],
          [
            4.4916204,
            43.8303152
          ],
          [
            4.4915925,
            43.8303079
          ]
        ]
      },
      "properties": {
        "highway": "residential",
        "color_key": "light",
        "name": "",
        "length_m": 17
      }
    },
    {
      "type": "Feature",
      "geometry": {
        "type": "LineString",
        "coordinates": [
          [
            4.4915477,
            43.8302428
          ],
          [
            4.4915549,
            43.8302246
          ],
          [
            4.491569,
            43.8302086
          ],
          [
            4.491589,
            43.8301963
          ],
          [
            4.491613,
            43.8301886
          ],
          [
            4.4916391,
            43.8301863
          ]
        ]
      },
      "properties": {
        "highway": "residential",
        "color_key": "light",
        "name": "",
        "length_m": 11
      }
    },
    {
      "type": "Feature",
      "geometry": {
        "type": "LineString",
        "coordinates": [
          [
            4.4915925,
            43.8303079
          ],
          [
            4.4915716,
            43.830296
          ],
          [
            4.4915563,
            43.8302803
          ],
          [
            4.4915481,
            43.830262
          ],
          [
            4.4915477,
            43.8302428
          ]
        ]
      },
      "properties": {
        "highway": "residential",
        "color_key": "light",
        "name": "",
        "length_m": 9
      }
    },
    {
      "type": "Feature",
      "geometry": {
        "type": "LineString",
        "coordinates": [
          [
            4.4939602,
            43.8335756
          ],
          [
            4.493954,
            43.8335023
          ],
          [
            4.4941625,
            43.8330381
          ],
          [
            4.4941665,
            43.8329768
          ],
          [
            4.4941484,
            43.8329158
          ],
          [
            4.4940452,
            43.8327613
          ],
          [
            4.49385,
            43.8325797
          ],
          [
            4.4936854,
            43.8324266
          ]
        ]
      },
      "properties": {
        "highway": "residential",
        "color_key": "light",
        "name": "Chemin de Tavernolle",
        "length_m": 142
      }
    },
    {
      "type": "Feature",
      "geometry": {
        "type": "LineString",
        "coordinates": [
          [
            4.4939602,
            43.8335756
          ],
          [
            4.4939807,
            43.8335756
          ],
          [
            4.4940004,
            43.8335795
          ],
          [
            4.4940179,
            43.8335872
          ],
          [
            4.4940319,
            43.833598
          ],
          [
            4.4940413,
            43.8336111
          ]
        ]
      },
      "properties": {
        "highway": "residential",
        "color_key": "light",
        "name": "",
        "length_m": 8
      }
    },
    {
      "type": "Feature",
      "geometry": {
        "type": "LineString",
        "coordinates": [
          [
            4.4964519,
            43.8336285
          ],
          [
            4.4974487,
            43.833797
          ]
        ]
      },
      "properties": {
        "highway": "residential",
        "color_key": "light",
        "name": "Impasse du 8 Mai 1945",
        "length_m": 82
      }
    },
    {
      "type": "Feature",
      "geometry": {
        "type": "LineString",
        "coordinates": [
          [
            4.4940413,
            43.8336111
          ],
          [
            4.4940455,
            43.833629
          ],
          [
            4.4940413,
            43.8336468
          ],
          [
            4.4940291,
            43.8336627
          ],
          [
            4.4940103,
            43.8336747
          ],
          [
            4.4939871,
            43.8336816
          ],
          [
            4.493962,
            43.8336825
          ],
          [
            4.4939379,
            43.8336774
          ]
        ]
      },
      "properties": {
        "highway": "residential",
        "color_key": "light",
        "name": "",
        "length_m": 14
      }
    },
    {
      "type": "Feature",
      "geometry": {
        "type": "LineString",
        "coordinates": [
          [
            4.4939009,
            43.833648
          ],
          [
            4.4938962,
            43.8336324
          ],
          [
            4.4938981,
            43.8336164
          ],
          [
            4.4939065,
            43.8336016
          ],
          [
            4.4939205,
            43.8335891
          ],
          [
            4.4939389,
            43.8335802
          ],
          [
            4.4939602,
            43.8335756
          ]
        ]
      },
      "properties": {
        "highway": "residential",
        "color_key": "light",
        "name": "",
        "length_m": 11
      }
    },
    {
      "type": "Feature",
      "geometry": {
        "type": "LineString",
        "coordinates": [
          [
            4.4939379,
            43.8336774
          ],
          [
            4.4939223,
            43.83367
          ],
          [
            4.4939097,
            43.83366
          ],
          [
            4.4939009,
            43.833648
          ]
        ]
      },
      "properties": {
        "highway": "residential",
        "color_key": "light",
        "name": "",
        "length_m": 5
      }
    },
    {
      "type": "Feature",
      "geometry": {
        "type": "LineString",
        "coordinates": [
          [
            4.4947505,
            43.8341335
          ],
          [
            4.4944695,
            43.8341141
          ],
          [
            4.4944311,
            43.834325
          ]
        ]
      },
      "properties": {
        "highway": "residential",
        "color_key": "light",
        "name": "Lotissement le Square de la Fontaine",
        "length_m": 46
      }
    },
    {
      "type": "Feature",
      "geometry": {
        "type": "LineString",
        "coordinates": [
          [
            4.4933995,
            43.8363843
          ],
          [
            4.4917476,
            43.8366506
          ]
        ]
      },
      "properties": {
        "highway": "residential",
        "color_key": "light",
        "name": "",
        "length_m": 136
      }
    },
    {
      "type": "Feature",
      "geometry": {
        "type": "LineString",
        "coordinates": [
          [
            4.4754244,
            43.8208024
          ],
          [
            4.4753905,
            43.8208099
          ],
          [
            4.474901,
            43.8209098
          ],
          [
            4.4747144,
            43.8209442
          ],
          [
            4.47455,
            43.8210312
          ],
          [
            4.4736866,
            43.8212527
          ],
          [
            4.4736035,
            43.8212187
          ]
        ]
      },
      "properties": {
        "highway": "residential",
        "color_key": "light",
        "name": "Rue des Aguliers",
        "length_m": 157
      }
    },
    {
      "type": "Feature",
      "geometry": {
        "type": "LineString",
        "coordinates": [
          [
            4.4746933,
            43.8216617
          ],
          [
            4.4747956,
            43.8218626
          ]
        ]
      },
      "properties": {
        "highway": "residential",
        "color_key": "light",
        "name": "Rue du Parouzel",
        "length_m": 24
      }
    },
    {
      "type": "Feature",
      "geometry": {
        "type": "LineString",
        "coordinates": [
          [
            4.4746933,
            43.8216617
          ],
          [
            4.4746172,
            43.8216966
          ],
          [
            4.4742697,
            43.8218419
          ]
        ]
      },
      "properties": {
        "highway": "residential",
        "color_key": "light",
        "name": "Rue du Parouzel",
        "length_m": 39
      }
    },
    {
      "type": "Feature",
      "geometry": {
        "type": "LineString",
        "coordinates": [
          [
            4.4742697,
            43.8218419
          ],
          [
            4.4742418,
            43.8219392
          ],
          [
            4.473544,
            43.822122
          ],
          [
            4.4734755,
            43.8221064
          ],
          [
            4.4734365,
            43.8220674
          ],
          [
            4.4734261,
            43.8220205
          ],
          [
            4.4735302,
            43.8219722
          ],
          [
            4.474145,
            43.8218052
          ],
          [
            4.4742697,
            43.8218419
          ]
        ]
      },
      "properties": {
        "highway": "residential",
        "color_key": "light",
        "name": "Rue du Parouzel",
        "length_m": 160
      }
    },
    {
      "type": "Feature",
      "geometry": {
        "type": "LineString",
        "coordinates": [
          [
            4.4601981,
            43.8139927
          ],
          [
            4.460153,
            43.8144666
          ],
          [
            4.4601196,
            43.8144983
          ],
          [
            4.4600887,
            43.8145274
          ],
          [
            4.4599469,
            43.8145466
          ],
          [
            4.4594084,
            43.8145914
          ]
        ]
      },
      "properties": {
        "highway": "unclassified",
        "color_key": "light",
        "name": "Chemin de Couladou",
        "length_m": 116
      }
    },
    {
      "type": "Feature",
      "geometry": {
        "type": "LineString",
        "coordinates": [
          [
            4.469524,
            43.8156214
          ],
          [
            4.469589,
            43.8159527
          ],
          [
            4.4696948,
            43.8164802
          ],
          [
            4.4697773,
            43.8169475
          ],
          [
            4.4697814,
            43.8169643
          ],
          [
            4.4698224,
            43.8171717
          ]
        ]
      },
      "properties": {
        "highway": "tertiary",
        "color_key": "medium",
        "name": "Rue de Saint-Gilles",
        "length_m": 174
      }
    },
    {
      "type": "Feature",
      "geometry": {
        "type": "LineString",
        "coordinates": [
          [
            4.469524,
            43.8156214
          ],
          [
            4.4695486,
            43.8156208
          ],
          [
            4.4695694,
            43.8156203
          ],
          [
            4.4696144,
            43.8156193
          ],
          [
            4.4707763,
            43.8156243
          ]
        ]
      },
      "properties": {
        "highway": "residential",
        "color_key": "light",
        "name": "Impasse des Genêts",
        "length_m": 100
      }
    },
    {
      "type": "Feature",
      "geometry": {
        "type": "LineString",
        "coordinates": [
          [
            4.4763088,
            43.8171522
          ],
          [
            4.4764317,
            43.8173333
          ],
          [
            4.4765996,
            43.8176131
          ],
          [
            4.4767249,
            43.8180585
          ],
          [
            4.4767843,
            43.8185439
          ]
        ]
      },
      "properties": {
        "highway": "residential",
        "color_key": "light",
        "name": "Allée de la Baude",
        "length_m": 161
      }
    },
    {
      "type": "Feature",
      "geometry": {
        "type": "LineString",
        "coordinates": [
          [
            4.4666972,
            43.8280233
          ],
          [
            4.4666749,
            43.8282168
          ]
        ]
      },
      "properties": {
        "highway": "tertiary",
        "color_key": "medium",
        "name": "Rue de la République",
        "length_m": 22
      }
    },
    {
      "type": "Feature",
      "geometry": {
        "type": "LineString",
        "coordinates": [
          [
            4.4666972,
            43.8280233
          ],
          [
            4.4651022,
            43.8279839
          ],
          [
            4.4645938,
            43.8279839
          ],
          [
            4.4644863,
            43.8279521
          ],
          [
            4.4644569,
            43.8279133
          ],
          [
            4.4644374,
            43.8278534
          ],
          [
            4.4644276,
            43.8277723
          ],
          [
            4.4644333,
            43.8272909
          ],
          [
            4.4644022,
            43.8272485
          ],
          [
            4.4643366,
            43.8272186
          ],
          [
            4.464143,
            43.8272186
          ],
          [
            4.4632409,
            43.8271562
          ],
          [
            4.4629298,
            43.8270889
          ],
          [
            4.4621832,
            43.8269044
          ],
          [
            4.4621176,
            43.8268271
          ],
          [
            4.4621003,
            43.8266575
          ],
          [
            4.4620657,
            43.8265877
          ],
          [
            4.4619275,
            43.8265428
          ],
          [
            4.4601993,
            43.8263708
          ],
          [
            4.4593801,
            43.8263159
          ],
          [
            4.4589965,
            43.8263259
          ],
          [
            4.4586854,
            43.8263882
          ],
          [
            4.4581981,
            43.8265004
          ],
          [
            4.4581151,
            43.8265079
          ],
          [
            4.4580639,
            43.8266063
          ],
          [
            4.4580496,
            43.8270598
          ],
          [
            4.4580567,
            43.8288121
          ]
        ]
      },
      "properties": {
        "highway": "unclassified",
        "color_key": "light",
        "name": "Chemin de Pierre Blanche",
        "length_m": 1058
      }
    },
    {
      "type": "Feature",
      "geometry": {
        "type": "LineString",
        "coordinates": [
          [
            4.44931,
            43.8045243
          ],
          [
            4.4489452,
            43.8053681
          ],
          [
            4.4487816,
            43.805763
          ],
          [
            4.4487052,
            43.8059914
          ],
          [
            4.4486368,
            43.8063108
          ],
          [
            4.4486164,
            43.806423
          ],
          [
            4.4485509,
            43.8067841
          ],
          [
            4.4484879,
            43.8071596
          ],
          [
            4.4483927,
            43.8074723
          ],
          [
            4.4482304,
            43.8079687
          ],
          [
            4.4479823,
            43.8086898
          ],
          [
            4.4477449,
            43.809343
          ],
          [
            4.4474673,
            43.8099895
          ],
          [
            4.4474472,
            43.8100853
          ],
          [
            4.4474982,
            43.8102034
          ],
          [
            4.4475516,
            43.8103185
          ]
        ]
      },
      "properties": {
        "highway": "unclassified",
        "color_key": "light",
        "name": "",
        "length_m": 665
      }
    },
    {
      "type": "Feature",
      "geometry": {
        "type": "LineString",
        "coordinates": [
          [
            4.4473493,
            43.8108558
          ],
          [
            4.4473513,
            43.8108005
          ],
          [
            4.4473661,
            43.810757
          ],
          [
            4.4473925,
            43.8106923
          ],
          [
            4.4474009,
            43.8106718
          ],
          [
            4.4474037,
            43.8106327
          ]
        ]
      },
      "properties": {
        "highway": "unclassified",
        "color_key": "light",
        "name": "",
        "length_m": 25
      }
    },
    {
      "type": "Feature",
      "geometry": {
        "type": "LineString",
        "coordinates": [
          [
            4.4781061,
            43.827651
          ],
          [
            4.4780676,
            43.82749
          ],
          [
            4.4780611,
            43.8273563
          ],
          [
            4.4780746,
            43.8272535
          ]
        ]
      },
      "properties": {
        "highway": "unclassified",
        "color_key": "light",
        "name": "",
        "length_m": 45
      }
    },
    {
      "type": "Feature",
      "geometry": {
        "type": "LineString",
        "coordinates": [
          [
            4.4781061,
            43.827651
          ],
          [
            4.4773815,
            43.8277635
          ],
          [
            4.4770355,
            43.827822
          ],
          [
            4.4768079,
            43.8279289
          ],
          [
            4.4766008,
            43.8281866
          ],
          [
            4.4764681,
            43.8283368
          ],
          [
            4.4760832,
            43.8288295
          ],
          [
            4.4759072,
            43.8289826
          ],
          [
            4.4758178,
            43.8290258
          ],
          [
            4.475677,
            43.8290408
          ],
          [
            4.4755179,
            43.8290006
          ],
          [
            4.475175,
            43.8288458
          ],
          [
            4.4750434,
            43.8286931
          ]
        ]
      },
      "properties": {
        "highway": "unclassified",
        "color_key": "light",
        "name": "",
        "length_m": 334
      }
    },
    {
      "type": "Feature",
      "geometry": {
        "type": "LineString",
        "coordinates": [
          [
            4.4795931,
            43.8275782
          ],
          [
            4.4795445,
            43.8275523
          ],
          [
            4.4793671,
            43.8274742
          ]
        ]
      },
      "properties": {
        "highway": "unclassified",
        "color_key": "light",
        "name": "",
        "length_m": 22
      }
    },
    {
      "type": "Feature",
      "geometry": {
        "type": "LineString",
        "coordinates": [
          [
            4.4795931,
            43.8275782
          ],
          [
            4.4796246,
            43.82753
          ],
          [
            4.479667,
            43.8274864
          ]
        ]
      },
      "properties": {
        "highway": "primary",
        "color_key": "dark",
        "name": "",
        "length_m": 12
      }
    },
    {
      "type": "Feature",
      "geometry": {
        "type": "LineString",
        "coordinates": [
          [
            4.5228144,
            43.8048509
          ],
          [
            4.5188582,
            43.8056697
          ],
          [
            4.5187616,
            43.8056677
          ],
          [
            4.5187133,
            43.8056523
          ],
          [
            4.5186865,
            43.8056252
          ],
          [
            4.5174205,
            43.8017574
          ],
          [
            4.5173615,
            43.80168
          ],
          [
            4.5172462,
            43.8016413
          ],
          [
            4.5139068,
            43.8017245
          ],
          [
            4.5137861,
            43.8016781
          ]
        ]
      },
      "properties": {
        "highway": "unclassified",
        "color_key": "light",
        "name": "",
        "length_m": 1087
      }
    },
    {
      "type": "Feature",
      "geometry": {
        "type": "LineString",
        "coordinates": [
          [
            4.4869859,
            43.8087857
          ],
          [
            4.4869806,
            43.8088206
          ],
          [
            4.486933,
            43.8088758
          ],
          [
            4.4868569,
            43.8089106
          ],
          [
            4.4867673,
            43.8089181
          ],
          [
            4.4867062,
            43.8089083
          ]
        ]
      },
      "properties": {
        "highway": "secondary",
        "color_key": "medium",
        "name": "",
        "length_m": 31
      }
    },
    {
      "type": "Feature",
      "geometry": {
        "type": "LineString",
        "coordinates": [
          [
            4.4868109,
            43.8086277
          ],
          [
            4.4868962,
            43.8086489
          ],
          [
            4.4869602,
            43.8086947
          ],
          [
            4.4869903,
            43.8087559
          ],
          [
            4.4869859,
            43.8087857
          ]
        ]
      },
      "properties": {
        "highway": "secondary",
        "color_key": "medium",
        "name": "",
        "length_m": 25
      }
    },
    {
      "type": "Feature",
      "geometry": {
        "type": "LineString",
        "coordinates": [
          [
            4.4867062,
            43.8089083
          ],
          [
            4.4866697,
            43.8088869
          ],
          [
            4.4866319,
            43.8088646
          ],
          [
            4.486599,
            43.8088224
          ],
          [
            4.486587,
            43.8087747
          ],
          [
            4.4865974,
            43.8087268
          ]
        ]
      },
      "properties": {
        "highway": "secondary",
        "color_key": "medium",
        "name": "",
        "length_m": 24
      }
    },
    {
      "type": "Feature",
      "geometry": {
        "type": "LineString",
        "coordinates": [
          [
            4.464081,
            43.799173
          ],
          [
            4.4640742,
            43.7992728
          ],
          [
            4.4640165,
            43.7993783
          ],
          [
            4.4640345,
            43.7999126
          ],
          [
            4.463905,
            43.8000056
          ],
          [
            4.4632511,
            43.8000556
          ],
          [
            4.463228,
            43.799939
          ]
        ]
      },
      "properties": {
        "highway": "unclassified",
        "color_key": "light",
        "name": "",
        "length_m": 164
      }
    },
    {
      "type": "Feature",
      "geometry": {
        "type": "LineString",
        "coordinates": [
          [
            4.464081,
            43.799173
          ],
          [
            4.4634266,
            43.7992739
          ],
          [
            4.4629651,
            43.7993341
          ],
          [
            4.462422,
            43.7993845
          ],
          [
            4.4616532,
            43.7994414
          ],
          [
            4.4612793,
            43.7994557
          ]
        ]
      },
      "properties": {
        "highway": "unclassified",
        "color_key": "light",
        "name": "Chemin des Perrières",
        "length_m": 227
      }
    },
    {
      "type": "Feature",
      "geometry": {
        "type": "LineString",
        "coordinates": [
          [
            4.4642479,
            43.8008542
          ],
          [
            4.4615688,
            43.801069
          ],
          [
            4.4614615,
            43.801069
          ],
          [
            4.4614132,
            43.8009954
          ],
          [
            4.4612793,
            43.7994557
          ]
        ]
      },
      "properties": {
        "highway": "unclassified",
        "color_key": "light",
        "name": "",
        "length_m": 406
      }
    },
    {
      "type": "Feature",
      "geometry": {
        "type": "LineString",
        "coordinates": [
          [
            4.4612793,
            43.7994557
          ],
          [
            4.4607686,
            43.79946
          ],
          [
            4.4589263,
            43.7994219
          ],
          [
            4.4584107,
            43.7994
          ],
          [
            4.4579614,
            43.7993645
          ],
          [
            4.4576061,
            43.7993554
          ],
          [
            4.4572355,
            43.799367
          ],
          [
            4.4568899,
            43.7993903
          ],
          [
            4.4564197,
            43.7994344
          ],
          [
            4.4550182,
            43.7996036
          ],
          [
            4.4539026,
            43.7996243
          ],
          [
            4.4537361,
            43.7996102
          ]
        ]
      },
      "properties": {
        "highway": "unclassified",
        "color_key": "light",
        "name": "Chemin des Perrières",
        "length_m": 608
      }
    },
    {
      "type": "Feature",
      "geometry": {
        "type": "LineString",
        "coordinates": [
          [
            4.4537361,
            43.7996102
          ],
          [
            4.4538135,
            43.7994556
          ],
          [
            4.4541216,
            43.7971517
          ]
        ]
      },
      "properties": {
        "highway": "unclassified",
        "color_key": "light",
        "name": "",
        "length_m": 276
      }
    },
    {
      "type": "Feature",
      "geometry": {
        "type": "LineString",
        "coordinates": [
          [
            4.4750434,
            43.8286931
          ],
          [
            4.4743788,
            43.8288932
          ],
          [
            4.4743549,
            43.8288995
          ],
          [
            4.4733865,
            43.8291541
          ],
          [
            4.4731483,
            43.8292549
          ],
          [
            4.4729761,
            43.8294156
          ],
          [
            4.4728774,
            43.8296501
          ],
          [
            4.4727745,
            43.8299211
          ],
          [
            4.4726952,
            43.8300048
          ],
          [
            4.4725825,
            43.8300654
          ],
          [
            4.4725297,
            43.8300804
          ]
        ]
      },
      "properties": {
        "highway": "unclassified",
        "color_key": "light",
        "name": "",
        "length_m": 273
      }
    },
    {
      "type": "Feature",
      "geometry": {
        "type": "LineString",
        "coordinates": [
          [
            4.4750434,
            43.8286931
          ],
          [
            4.4751587,
            43.8286145
          ],
          [
            4.4752718,
            43.8284979
          ],
          [
            4.4752932,
            43.8284218
          ],
          [
            4.4752789,
            43.828193
          ]
        ]
      },
      "properties": {
        "highway": "unclassified",
        "color_key": "light",
        "name": "",
        "length_m": 63
      }
    },
    {
      "type": "Feature",
      "geometry": {
        "type": "LineString",
        "coordinates": [
          [
            4.4752789,
            43.828193
          ],
          [
            4.4752453,
            43.8278719
          ],
          [
            4.4753316,
            43.8277474
          ],
          [
            4.4755133,
            43.8276523
          ],
          [
            4.4774392,
            43.8271018
          ],
          [
            4.4779695,
            43.8269385
          ],
          [
            4.4795972,
            43.826478
          ],
          [
            4.4795332,
            43.8263229
          ],
          [
            4.4795169,
            43.8262938
          ],
          [
            4.4793924,
            43.826116
          ],
          [
            4.4792299,
            43.8258799
          ],
          [
            4.4791347,
            43.8257417
          ],
          [
            4.4791133,
            43.8257106
          ]
        ]
      },
      "properties": {
        "highway": "unclassified",
        "color_key": "light",
        "name": "Avenue Pierre Mendès France",
        "length_m": 516
      }
    },
    {
      "type": "Feature",
      "geometry": {
        "type": "LineString",
        "coordinates": [
          [
            4.4752789,
            43.828193
          ],
          [
            4.4756297,
            43.8281529
          ],
          [
            4.4758898,
            43.828105
          ],
          [
            4.4758241,
            43.8280371
          ],
          [
            4.4756558,
            43.8278968
          ],
          [
            4.4755621,
            43.8278136
          ],
          [
            4.4755633,
            43.8277572
          ],
          [
            4.4756223,
            43.827708
          ],
          [
            4.4767852,
            43.8274033
          ],
          [
            4.476876,
            43.8274033
          ],
          [
            4.4769623,
            43.8274623
          ]
        ]
      },
      "properties": {
        "highway": "unclassified",
        "color_key": "light",
        "name": "",
        "length_m": 221
      }
    },
    {
      "type": "Feature",
      "geometry": {
        "type": "LineString",
        "coordinates": [
          [
            4.4647046,
            43.8454193
          ],
          [
            4.464907,
            43.8453308
          ],
          [
            4.4652943,
            43.8451934
          ],
          [
            4.4667971,
            43.8447856
          ],
          [
            4.467143,
            43.8446689
          ],
          [
            4.4674722,
            43.8444674
          ],
          [
            4.4676571,
            43.8442041
          ],
          [
            4.4678,
            43.8439677
          ]
        ]
      },
      "properties": {
        "highway": "unclassified",
        "color_key": "light",
        "name": "",
        "length_m": 309
      }
    },
    {
      "type": "Feature",
      "geometry": {
        "type": "LineString",
        "coordinates": [
          [
            4.4586026,
            43.8399333
          ],
          [
            4.4584567,
            43.8402354
          ],
          [
            4.4582112,
            43.8410749
          ],
          [
            4.4581705,
            43.8413919
          ],
          [
            4.4582251,
            43.8415328
          ],
          [
            4.4587429,
            43.8416868
          ],
          [
            4.4588383,
            43.8417654
          ],
          [
            4.4589609,
            43.8422208
          ],
          [
            4.4589246,
            43.8423158
          ],
          [
            4.458543,
            43.842437
          ]
        ]
      },
      "properties": {
        "highway": "unclassified",
        "color_key": "light",
        "name": "",
        "length_m": 335
      }
    },
    {
      "type": "Feature",
      "geometry": {
        "type": "LineString",
        "coordinates": [
          [
            4.4575483,
            43.8438818
          ],
          [
            4.4575846,
            43.8441865
          ],
          [
            4.457496,
            43.8445265
          ],
          [
            4.4574574,
            43.8446746
          ],
          [
            4.4573438,
            43.8450808
          ],
          [
            4.4568487,
            43.8460177
          ],
          [
            4.4566352,
            43.8467515
          ],
          [
            4.4565898,
            43.8468858
          ],
          [
            4.4565853,
            43.8469972
          ],
          [
            4.4565217,
            43.8472429
          ],
          [
            4.4564944,
            43.8475541
          ],
          [
            4.4565175,
            43.847908
          ]
        ]
      },
      "properties": {
        "highway": "unclassified",
        "color_key": "light",
        "name": "",
        "length_m": 460
      }
    },
    {
      "type": "Feature",
      "geometry": {
        "type": "LineString",
        "coordinates": [
          [
            4.4565175,
            43.847908
          ],
          [
            4.4562427,
            43.848114
          ],
          [
            4.4561564,
            43.8482253
          ]
        ]
      },
      "properties": {
        "highway": "unclassified",
        "color_key": "light",
        "name": "",
        "length_m": 46
      }
    },
    {
      "type": "Feature",
      "geometry": {
        "type": "LineString",
        "coordinates": [
          [
            4.4561564,
            43.8482253
          ],
          [
            4.4559857,
            43.8476819
          ],
          [
            4.4558313,
            43.8470857
          ],
          [
            4.4553634,
            43.847066
          ],
          [
            4.4551953,
            43.8469907
          ]
        ]
      },
      "properties": {
        "highway": "unclassified",
        "color_key": "light",
        "name": "",
        "length_m": 183
      }
    },
    {
      "type": "Feature",
      "geometry": {
        "type": "LineString",
        "coordinates": [
          [
            4.4608168,
            43.8486668
          ],
          [
            4.4607128,
            43.8492776
          ],
          [
            4.4606974,
            43.8494968
          ],
          [
            4.4606282,
            43.8495411
          ],
          [
            4.4603321,
            43.8495411
          ],
          [
            4.460159,
            43.8496354
          ],
          [
            4.4597936,
            43.849702
          ],
          [
            4.4595974,
            43.8498268
          ]
        ]
      },
      "properties": {
        "highway": "residential",
        "color_key": "light",
        "name": "",
        "length_m": 193
      }
    },
    {
      "type": "Feature",
      "geometry": {
        "type": "LineString",
        "coordinates": [
          [
            4.4800308,
            43.8279988
          ],
          [
            4.4799343,
            43.8279961
          ],
          [
            4.4798411,
            43.827978
          ]
        ]
      },
      "properties": {
        "highway": "primary",
        "color_key": "dark",
        "name": "",
        "length_m": 15
      }
    },
    {
      "type": "Feature",
      "geometry": {
        "type": "LineString",
        "coordinates": [
          [
            4.4939503,
            43.8228994
          ],
          [
            4.4938799,
            43.8229234
          ],
          [
            4.4934954,
            43.8230842
          ],
          [
            4.4929242,
            43.8233175
          ],
          [
            4.4927585,
            43.8233474
          ],
          [
            4.4926209,
            43.8232982
          ],
          [
            4.4924301,
            43.8231151
          ]
        ]
      },
      "properties": {
        "highway": "unclassified",
        "color_key": "light",
        "name": "Chemin de la Gare",
        "length_m": 146
      }
    },
    {
      "type": "Feature",
      "geometry": {
        "type": "LineString",
        "coordinates": [
          [
            4.4924301,
            43.8231151
          ],
          [
            4.4933549,
            43.8229391
          ],
          [
            4.4934843,
            43.8228902
          ],
          [
            4.4935501,
            43.8228679
          ],
          [
            4.4935685,
            43.822822
          ],
          [
            4.493509,
            43.8227183
          ],
          [
            4.4934268,
            43.8226264
          ],
          [
            4.4932584,
            43.8224382
          ]
        ]
      },
      "properties": {
        "highway": "unclassified",
        "color_key": "light",
        "name": "",
        "length_m": 149
      }
    },
    {
      "type": "Feature",
      "geometry": {
        "type": "LineString",
        "coordinates": [
          [
            4.4848535,
            43.8271218
          ],
          [
            4.4847812,
            43.8271583
          ],
          [
            4.483813,
            43.8272473
          ],
          [
            4.4836453,
            43.8272231
          ],
          [
            4.4835669,
            43.8272119
          ],
          [
            4.4824055,
            43.8268629
          ],
          [
            4.4821441,
            43.8267763
          ],
          [
            4.4812708,
            43.8265116
          ],
          [
            4.4810865,
            43.8268324
          ],
          [
            4.4809543,
            43.8269527
          ],
          [
            4.4808369,
            43.8270134
          ],
          [
            4.4797474,
            43.8271085
          ]
        ]
      },
      "properties": {
        "highway": "unclassified",
        "color_key": "light",
        "name": "Chemin de Gravaison",
        "length_m": 461
      }
    },
    {
      "type": "Feature",
      "geometry": {
        "type": "LineString",
        "coordinates": [
          [
            4.4793671,
            43.8274742
          ],
          [
            4.4795658,
            43.8274845
          ],
          [
            4.479667,
            43.8274864
          ]
        ]
      },
      "properties": {
        "highway": "unclassified",
        "color_key": "light",
        "name": "",
        "length_m": 24
      }
    },
    {
      "type": "Feature",
      "geometry": {
        "type": "LineString",
        "coordinates": [
          [
            4.4705398,
            43.8217714
          ],
          [
            4.4705933,
            43.8217064
          ],
          [
            4.4707033,
            43.8214084
          ],
          [
            4.4707435,
            43.8213571
          ],
          [
            4.4708937,
            43.821271
          ],
          [
            4.4711633,
            43.8212139
          ],
          [
            4.4726586,
            43.8209024
          ],
          [
            4.4727425,
            43.8208869
          ],
          [
            4.4727847,
            43.8208791
          ]
        ]
      },
      "properties": {
        "highway": "unclassified",
        "color_key": "light",
        "name": "",
        "length_m": 222
      }
    },
    {
      "type": "Feature",
      "geometry": {
        "type": "LineString",
        "coordinates": [
          [
            4.4417716,
            43.8272641
          ],
          [
            4.4418655,
            43.827268
          ],
          [
            4.4418024,
            43.8283066
          ],
          [
            4.4417957,
            43.8285398
          ],
          [
            4.4418105,
            43.8285717
          ],
          [
            4.4418628,
            43.8286007
          ],
          [
            4.4419071,
            43.8286027
          ],
          [
            4.442005,
            43.8285959
          ],
          [
            4.4420747,
            43.8286143
          ],
          [
            4.4421203,
            43.8286559
          ],
          [
            4.4421216,
            43.8287497
          ],
          [
            4.4423013,
            43.8290555
          ],
          [
            4.4423219,
            43.8291045
          ]
        ]
      },
      "properties": {
        "highway": "unclassified",
        "color_key": "light",
        "name": "",
        "length_m": 234
      }
    },
    {
      "type": "Feature",
      "geometry": {
        "type": "LineString",
        "coordinates": [
          [
            4.4406559,
            43.8287918
          ],
          [
            4.4403192,
            43.8288431
          ]
        ]
      },
      "properties": {
        "highway": "residential",
        "color_key": "light",
        "name": "Rue des Amadiers",
        "length_m": 28
      }
    },
    {
      "type": "Feature",
      "geometry": {
        "type": "LineString",
        "coordinates": [
          [
            4.4475516,
            43.8103185
          ],
          [
            4.4476794,
            43.8103008
          ],
          [
            4.4478059,
            43.8103228
          ],
          [
            4.4478942,
            43.8103688
          ],
          [
            4.4479547,
            43.8104341
          ],
          [
            4.4479779,
            43.8104936
          ],
          [
            4.4479774,
            43.8105554
          ]
        ]
      },
      "properties": {
        "highway": "tertiary",
        "color_key": "medium",
        "name": "",
        "length_m": 52
      }
    },
    {
      "type": "Feature",
      "geometry": {
        "type": "LineString",
        "coordinates": [
          [
            4.4944285,
            43.828902
          ],
          [
            4.4945442,
            43.828943
          ],
          [
            4.4947204,
            43.8290067
          ],
          [
            4.4947499,
            43.8290718
          ],
          [
            4.4947415,
            43.8291689
          ],
          [
            4.4946868,
            43.8292295
          ],
          [
            4.4942966,
            43.8290902
          ]
        ]
      },
      "properties": {
        "highway": "residential",
        "color_key": "light",
        "name": "Place Voltaire",
        "length_m": 88
      }
    },
    {
      "type": "Feature",
      "geometry": {
        "type": "LineString",
        "coordinates": [
          [
            4.4942966,
            43.8290902
          ],
          [
            4.4941212,
            43.8293374
          ],
          [
            4.4940749,
            43.8294085
          ],
          [
            4.4940665,
            43.8294571
          ]
        ]
      },
      "properties": {
        "highway": "residential",
        "color_key": "light",
        "name": "Rue Pierre de Ronsard",
        "length_m": 45
      }
    },
    {
      "type": "Feature",
      "geometry": {
        "type": "LineString",
        "coordinates": [
          [
            4.491533,
            43.8278073
          ],
          [
            4.4916324,
            43.8277785
          ],
          [
            4.4918648,
            43.827755
          ],
          [
            4.4919123,
            43.8277518
          ]
        ]
      },
      "properties": {
        "highway": "residential",
        "color_key": "light",
        "name": "Rue des Costières",
        "length_m": 31
      }
    },
    {
      "type": "Feature",
      "geometry": {
        "type": "LineString",
        "coordinates": [
          [
            4.4696114,
            43.8100035
          ],
          [
            4.4693754,
            43.8098914
          ],
          [
            4.4693056,
            43.8098583
          ],
          [
            4.4691795,
            43.8098564
          ],
          [
            4.4689623,
            43.8099028
          ],
          [
            4.4684661,
            43.8100963
          ]
        ]
      },
      "properties": {
        "highway": "unclassified",
        "color_key": "light",
        "name": "Avenue des Abricotiers",
        "length_m": 103
      }
    },
    {
      "type": "Feature",
      "geometry": {
        "type": "LineString",
        "coordinates": [
          [
            4.4696114,
            43.8100035
          ],
          [
            4.4699171,
            43.8101409
          ],
          [
            4.4699922,
            43.8101486
          ],
          [
            4.4702708,
            43.8101297
          ]
        ]
      },
      "properties": {
        "highway": "unclassified",
        "color_key": "light",
        "name": "Avenue des Abricotiers",
        "length_m": 57
      }
    },
    {
      "type": "Feature",
      "geometry": {
        "type": "LineString",
        "coordinates": [
          [
            4.4696114,
            43.8100035
          ],
          [
            4.4696006,
            43.8100716
          ],
          [
            4.4696188,
            43.8101499
          ],
          [
            4.4698175,
            43.8110033
          ],
          [
            4.4700237,
            43.8118895
          ],
          [
            4.4703519,
            43.8118456
          ]
        ]
      },
      "properties": {
        "highway": "residential",
        "color_key": "light",
        "name": "Impasse des Jujubiers",
        "length_m": 239
      }
    },
    {
      "type": "Feature",
      "geometry": {
        "type": "LineString",
        "coordinates": [
          [
            4.4684661,
            43.8100963
          ],
          [
            4.4680222,
            43.8102496
          ],
          [
            4.4679782,
            43.8102648
          ]
        ]
      },
      "properties": {
        "highway": "unclassified",
        "color_key": "light",
        "name": "Avenue des Abricotiers",
        "length_m": 43
      }
    },
    {
      "type": "Feature",
      "geometry": {
        "type": "LineString",
        "coordinates": [
          [
            4.4684661,
            43.8100963
          ],
          [
            4.4684689,
            43.8101522
          ],
          [
            4.4685773,
            43.8107287
          ],
          [
            4.4686675,
            43.8108228
          ]
        ]
      },
      "properties": {
        "highway": "residential",
        "color_key": "light",
        "name": "Impasse des Pistachiers",
        "length_m": 84
      }
    },
    {
      "type": "Feature",
      "geometry": {
        "type": "LineString",
        "coordinates": [
          [
            4.4438913,
            43.8232878
          ],
          [
            4.4439129,
            43.8232765
          ],
          [
            4.4439389,
            43.823272
          ],
          [
            4.4439653,
            43.823275
          ],
          [
            4.443988,
            43.8232851
          ],
          [
            4.4440037,
            43.8233007
          ],
          [
            4.44401,
            43.8233194
          ]
        ]
      },
      "properties": {
        "highway": "unclassified",
        "color_key": "light",
        "name": "",
        "length_m": 13
      }
    },
    {
      "type": "Feature",
      "geometry": {
        "type": "LineString",
        "coordinates": [
          [
            4.4439179,
            43.8233677
          ],
          [
            4.4438951,
            43.8233576
          ],
          [
            4.4438794,
            43.823342
          ],
          [
            4.4438732,
            43.8233233
          ],
          [
            4.4438773,
            43.8233043
          ],
          [
            4.4438913,
            43.8232878
          ]
        ]
      },
      "properties": {
        "highway": "unclassified",
        "color_key": "light",
        "name": "",
        "length_m": 11
      }
    },
    {
      "type": "Feature",
      "geometry": {
        "type": "LineString",
        "coordinates": [
          [
            4.44401,
            43.8233194
          ],
          [
            4.4440058,
            43.8233384
          ],
          [
            4.4439918,
            43.8233549
          ],
          [
            4.4439702,
            43.8233662
          ],
          [
            4.4439442,
            43.8233707
          ],
          [
            4.4439179,
            43.8233677
          ]
        ]
      },
      "properties": {
        "highway": "unclassified",
        "color_key": "light",
        "name": "",
        "length_m": 11
      }
    },
    {
      "type": "Feature",
      "geometry": {
        "type": "LineString",
        "coordinates": [
          [
            4.4809471,
            43.8004541
          ],
          [
            4.480834,
            43.8003592
          ],
          [
            4.4807367,
            43.8002326
          ],
          [
            4.4806851,
            43.800123
          ],
          [
            4.4806779,
            43.7999736
          ],
          [
            4.4807421,
            43.7998105
          ],
          [
            4.4810359,
            43.7993189
          ]
        ]
      },
      "properties": {
        "highway": "unclassified",
        "color_key": "light",
        "name": "",
        "length_m": 138
      }
    },
    {
      "type": "Feature",
      "geometry": {
        "type": "LineString",
        "coordinates": [
          [
            4.4736416,
            43.8185173
          ],
          [
            4.4735607,
            43.8186072
          ]
        ]
      },
      "properties": {
        "highway": "tertiary",
        "color_key": "medium",
        "name": "Cours Jean Jaurès",
        "length_m": 12
      }
    },
    {
      "type": "Feature",
      "geometry": {
        "type": "LineString",
        "coordinates": [
          [
            4.4736416,
            43.8185173
          ],
          [
            4.4737471,
            43.818733
          ]
        ]
      },
      "properties": {
        "highway": "tertiary",
        "color_key": "medium",
        "name": "Cours Jean Jaurès",
        "length_m": 25
      }
    },
    {
      "type": "Feature",
      "geometry": {
        "type": "LineString",
        "coordinates": [
          [
            4.4954574,
            43.8309265
          ],
          [
            4.4952166,
            43.8308002
          ]
        ]
      },
      "properties": {
        "highway": "residential",
        "color_key": "light",
        "name": "Rue de l'Horloge",
        "length_m": 24
      }
    },
    {
      "type": "Feature",
      "geometry": {
        "type": "LineString",
        "coordinates": [
          [
            4.4954574,
            43.8309265
          ],
          [
            4.4954748,
            43.8308864
          ],
          [
            4.4955144,
            43.8308539
          ]
        ]
      },
      "properties": {
        "highway": "residential",
        "color_key": "light",
        "name": "Rue de l'Horloge",
        "length_m": 9
      }
    },
    {
      "type": "Feature",
      "geometry": {
        "type": "LineString",
        "coordinates": [
          [
            4.4955144,
            43.8308539
          ],
          [
            4.4961337,
            43.831066
          ],
          [
            4.4962385,
            43.831093
          ],
          [
            4.4963183,
            43.8311031
          ],
          [
            4.4964378,
            43.8311248
          ],
          [
            4.4964748,
            43.8311449
          ]
        ]
      },
      "properties": {
        "highway": "residential",
        "color_key": "light",
        "name": "Rue de Nîmes",
        "length_m": 84
      }
    },
    {
      "type": "Feature",
      "geometry": {
        "type": "LineString",
        "coordinates": [
          [
            4.4702708,
            43.8101297
          ],
          [
            4.470306,
            43.8101273
          ],
          [
            4.470526,
            43.8101196
          ],
          [
            4.470695,
            43.8101351
          ],
          [
            4.4711033,
            43.8101965
          ],
          [
            4.4713897,
            43.8102396
          ],
          [
            4.4722131,
            43.8103557
          ],
          [
            4.4722663,
            43.8103569
          ],
          [
            4.4728981,
            43.810325
          ]
        ]
      },
      "properties": {
        "highway": "unclassified",
        "color_key": "light",
        "name": "Avenue des Abricotiers",
        "length_m": 214
      }
    },
    {
      "type": "Feature",
      "geometry": {
        "type": "LineString",
        "coordinates": [
          [
            4.4702708,
            43.8101297
          ],
          [
            4.4702918,
            43.8102235
          ],
          [
            4.470341,
            43.810444
          ],
          [
            4.4704552,
            43.8105316
          ]
        ]
      },
      "properties": {
        "highway": "residential",
        "color_key": "light",
        "name": "Impasse des Figuiers",
        "length_m": 49
      }
    },
    {
      "type": "Feature",
      "geometry": {
        "type": "LineString",
        "coordinates": [
          [
            4.4686197,
            43.813132
          ],
          [
            4.4684579,
            43.813163
          ],
          [
            4.4678084,
            43.8132873
          ]
        ]
      },
      "properties": {
        "highway": "residential",
        "color_key": "light",
        "name": "",
        "length_m": 67
      }
    },
    {
      "type": "Feature",
      "geometry": {
        "type": "LineString",
        "coordinates": [
          [
            4.4666749,
            43.8282168
          ],
          [
            4.4667827,
            43.8282211
          ],
          [
            4.4669541,
            43.8282684
          ],
          [
            4.4670067,
            43.828336
          ],
          [
            4.4670117,
            43.8284032
          ],
          [
            4.4669932,
            43.8284852
          ],
          [
            4.4669744,
            43.8285957
          ],
          [
            4.466969,
            43.8286558
          ],
          [
            4.4669824,
            43.8287081
          ],
          [
            4.4670147,
            43.8287604
          ],
          [
            4.4670791,
            43.8288089
          ],
          [
            4.4671436,
            43.828836
          ],
          [
            4.4672323,
            43.8288592
          ],
          [
            4.4673639,
            43.8288631
          ],
          [
            4.4675385,
            43.8288457
          ],
          [
            4.4680355,
            43.828774
          ],
          [
            4.4685056,
            43.8287643
          ],
          [
            4.4687662,
            43.8287623
          ],
          [
            4.469059,
            43.8287623
          ],
          [
            4.4695345,
            43.8287449
          ],
          [
            4.4702034,
            43.8286829
          ],
          [
            4.4704496,
            43.8286558
          ],
          [
            4.4707487,
            43.8286228
          ],
          [
            4.4710845,
            43.828586
          ],
          [
            4.4713451,
            43.8285472
          ],
          [
            4.4715293,
            43.8285314
          ],
          [
            4.4716621,
            43.8285201
          ],
          [
            4.4723579,
            43.8283263
          ],
          [
            4.4724468,
            43.8283022
          ],
          [
            4.4737329,
            43.827953
          ],
          [
            4.4738501,
            43.827921
          ],
          [
            4.4738703,
            43.8279154
          ],
          [
            4.4741604,
            43.827805
          ],
          [
            4.474781,
            43.8275937
          ],
          [
            4.4748758,
            43.8275677
          ],
          [
            4.4749272,
            43.8274924
          ],
          [
            4.4749689,
            43.8274634
          ],
          [
            4.4750407,
            43.8274394
          ],
          [
            4.4751188,
            43.8273764
          ],
          [
            4.4756337,
            43.8269612
          ],
          [
            4.4757413,
            43.8268346
          ],
          [
            4.475787,
            43.8267166
          ],
          [
            4.4757657,
            43.8262904
          ],
          [
            4.4757613,
            43.8262427
          ]
        ]
      },
      "properties": {
        "highway": "unclassified",
        "color_key": "light",
        "name": "Chemin Bas",
        "length_m": 913
      }
    },
    {
      "type": "Feature",
      "geometry": {
        "type": "LineString",
        "coordinates": [
          [
            4.4780495,
            43.8110163
          ],
          [
            4.4787434,
            43.8110698
          ]
        ]
      },
      "properties": {
        "highway": "residential",
        "color_key": "light",
        "name": "Impasse Caroline",
        "length_m": 56
      }
    },
    {
      "type": "Feature",
      "geometry": {
        "type": "LineString",
        "coordinates": [
          [
            4.4880761,
            43.8307804
          ],
          [
            4.4879757,
            43.830698
          ],
          [
            4.4878753,
            43.8306186
          ],
          [
            4.4876525,
            43.8302564
          ]
        ]
      },
      "properties": {
        "highway": "residential",
        "color_key": "light",
        "name": "",
        "length_m": 68
      }
    },
    {
      "type": "Feature",
      "geometry": {
        "type": "LineString",
        "coordinates": [
          [
            4.4927608,
            43.8218867
          ],
          [
            4.4923051,
            43.821342
          ],
          [
            4.4917882,
            43.8207444
          ]
        ]
      },
      "properties": {
        "highway": "unclassified",
        "color_key": "light",
        "name": "",
        "length_m": 149
      }
    },
    {
      "type": "Feature",
      "geometry": {
        "type": "LineString",
        "coordinates": [
          [
            4.4917882,
            43.8207444
          ],
          [
            4.4917048,
            43.8206601
          ],
          [
            4.4917009,
            43.820593
          ],
          [
            4.4916959,
            43.8205102
          ],
          [
            4.4916987,
            43.8204956
          ],
          [
            4.4917063,
            43.8204554
          ]
        ]
      },
      "properties": {
        "highway": "unclassified",
        "color_key": "light",
        "name": "",
        "length_m": 34
      }
    },
    {
      "type": "Feature",
      "geometry": {
        "type": "LineString",
        "coordinates": [
          [
            4.4986538,
            43.8122173
          ],
          [
            4.4993788,
            43.8136177
          ],
          [
            4.499411,
            43.8137372
          ],
          [
            4.4994298,
            43.8138887
          ],
          [
            4.4994351,
            43.8143841
          ],
          [
            4.4994308,
            43.81443
          ],
          [
            4.4994056,
            43.8147015
          ],
          [
            4.4993493,
            43.814959
          ],
          [
            4.4990462,
            43.8160827
          ],
          [
            4.4990363,
            43.8161585
          ],
          [
            4.4990463,
            43.816221
          ],
          [
            4.4990974,
            43.8162857
          ],
          [
            4.4991469,
            43.8163252
          ],
          [
            4.4992098,
            43.8163602
          ],
          [
            4.4993334,
            43.8164237
          ],
          [
            4.4993868,
            43.8164763
          ],
          [
            4.4994137,
            43.8165236
          ],
          [
            4.4994244,
            43.8165944
          ],
          [
            4.4994048,
            43.8167102
          ],
          [
            4.4994003,
            43.816737
          ],
          [
            4.4993908,
            43.8167936
          ]
        ]
      },
      "properties": {
        "highway": "unclassified",
        "color_key": "light",
        "name": "",
        "length_m": 535
      }
    },
    {
      "type": "Feature",
      "geometry": {
        "type": "LineString",
        "coordinates": [
          [
            4.4993908,
            43.8167936
          ],
          [
            4.4990504,
            43.8167483
          ],
          [
            4.4977658,
            43.8165756
          ],
          [
            4.4976529,
            43.8165682
          ],
          [
            4.4975868,
            43.8165722
          ],
          [
            4.4975202,
            43.8165824
          ],
          [
            4.4974087,
            43.8166092
          ]
        ]
      },
      "properties": {
        "highway": "secondary",
        "color_key": "medium",
        "name": "",
        "length_m": 162
      }
    },
    {
      "type": "Feature",
      "geometry": {
        "type": "LineString",
        "coordinates": [
          [
            4.4993908,
            43.8167936
          ],
          [
            4.5000766,
            43.8168874
          ],
          [
            4.5004336,
            43.8169391
          ],
          [
            4.5005482,
            43.8169499
          ],
          [
            4.5006951,
            43.816953
          ],
          [
            4.5008375,
            43.8169519
          ],
          [
            4.501072,
            43.8169522
          ],
          [
            4.5019191,
            43.8169433
          ],
          [
            4.5034237,
            43.8169211
          ],
          [
            4.5034712,
            43.8169209
          ],
          [
            4.5035033,
            43.8169203
          ],
          [
            4.5035612,
            43.81692
          ]
        ]
      },
      "properties": {
        "highway": "secondary",
        "color_key": "medium",
        "name": "",
        "length_m": 336
      }
    },
    {
      "type": "Feature",
      "geometry": {
        "type": "LineString",
        "coordinates": [
          [
            4.4894509,
            43.8299646
          ],
          [
            4.4894446,
            43.830153
          ],
          [
            4.4894312,
            43.8301801
          ],
          [
            4.4893386,
            43.8302101
          ]
        ]
      },
      "properties": {
        "highway": "residential",
        "color_key": "light",
        "name": "Impasse Edouard Manet",
        "length_m": 32
      }
    },
    {
      "type": "Feature",
      "geometry": {
        "type": "LineString",
        "coordinates": [
          [
            4.4466129,
            43.8102465
          ],
          [
            4.4471253,
            43.8103796
          ],
          [
            4.4472849,
            43.8104067
          ],
          [
            4.4473447,
            43.8104097
          ],
          [
            4.4474046,
            43.8104127
          ]
        ]
      },
      "properties": {
        "highway": "tertiary",
        "color_key": "medium",
        "name": "Route de Manduel",
        "length_m": 66
      }
    },
    {
      "type": "Feature",
      "geometry": {
        "type": "LineString",
        "coordinates": [
          [
            4.4474037,
            43.8106327
          ],
          [
            4.4473731,
            43.8105772
          ]
        ]
      },
      "properties": {
        "highway": "tertiary",
        "color_key": "medium",
        "name": "",
        "length_m": 7
      }
    },
    {
      "type": "Feature",
      "geometry": {
        "type": "LineString",
        "coordinates": [
          [
            4.5035612,
            43.81692
          ],
          [
            4.5035634,
            43.8168984
          ],
          [
            4.5035724,
            43.8168778
          ],
          [
            4.5035876,
            43.8168592
          ],
          [
            4.5036083,
            43.8168436
          ],
          [
            4.5036333,
            43.8168318
          ],
          [
            4.5036615,
            43.8168243
          ],
          [
            4.5036912,
            43.8168217
          ],
          [
            4.503732,
            43.8168262
          ],
          [
            4.5037688,
            43.8168396
          ],
          [
            4.5037981,
            43.8168606
          ],
          [
            4.5038168,
            43.8168871
          ],
          [
            4.5038232,
            43.8169166
          ]
        ]
      },
      "properties": {
        "highway": "secondary",
        "color_key": "medium",
        "name": "",
        "length_m": 33
      }
    },
    {
      "type": "Feature",
      "geometry": {
        "type": "LineString",
        "coordinates": [
          [
            4.4797474,
            43.8271085
          ],
          [
            4.479779,
            43.8271805
          ],
          [
            4.4798276,
            43.8272384
          ],
          [
            4.4799188,
            43.827325
          ],
          [
            4.4800344,
            43.8273754
          ]
        ]
      },
      "properties": {
        "highway": "unclassified",
        "color_key": "light",
        "name": "Avenue Pierre Mendès France",
        "length_m": 39
      }
    },
    {
      "type": "Feature",
      "geometry": {
        "type": "LineString",
        "coordinates": [
          [
            4.4813526,
            43.8183899
          ],
          [
            4.481448,
            43.8185823
          ]
        ]
      },
      "properties": {
        "highway": "residential",
        "color_key": "light",
        "name": "Rue du Hameau de Vincent",
        "length_m": 23
      }
    },
    {
      "type": "Feature",
      "geometry": {
        "type": "LineString",
        "coordinates": [
          [
            4.4735259,
            43.8260765
          ],
          [
            4.4740356,
            43.8261144
          ],
          [
            4.4757613,
            43.8262427
          ]
        ]
      },
      "properties": {
        "highway": "unclassified",
        "color_key": "light",
        "name": "",
        "length_m": 180
      }
    },
    {
      "type": "Feature",
      "geometry": {
        "type": "LineString",
        "coordinates": [
          [
            4.453148,
            43.8334786
          ],
          [
            4.4532014,
            43.8334984
          ],
          [
            4.4536364,
            43.8335836
          ],
          [
            4.4538559,
            43.8336009
          ]
        ]
      },
      "properties": {
        "highway": "unclassified",
        "color_key": "light",
        "name": "",
        "length_m": 59
      }
    },
    {
      "type": "Feature",
      "geometry": {
        "type": "LineString",
        "coordinates": [
          [
            4.4665303,
            43.8292398
          ],
          [
            4.4663647,
            43.8292361
          ],
          [
            4.4662141,
            43.8291864
          ]
        ]
      },
      "properties": {
        "highway": "primary",
        "color_key": "dark",
        "name": "",
        "length_m": 27
      }
    },
    {
      "type": "Feature",
      "geometry": {
        "type": "LineString",
        "coordinates": [
          [
            4.4665303,
            43.8292398
          ],
          [
            4.4665221,
            43.8292893
          ],
          [
            4.4664331,
            43.8298252
          ],
          [
            4.4663848,
            43.8299258
          ],
          [
            4.4661807,
            43.8300814
          ],
          [
            4.4650812,
            43.8304328
          ]
        ]
      },
      "properties": {
        "highway": "unclassified",
        "color_key": "light",
        "name": "",
        "length_m": 198
      }
    },
    {
      "type": "Feature",
      "geometry": {
        "type": "LineString",
        "coordinates": [
          [
            4.5037851,
            43.816983
          ],
          [
            4.5037578,
            43.8169981
          ],
          [
            4.503726,
            43.8170077
          ],
          [
            4.5036918,
            43.8170109
          ],
          [
            4.5036588,
            43.8170078
          ],
          [
            4.5036279,
            43.8169987
          ],
          [
            4.5036012,
            43.8169844
          ],
          [
            4.5035803,
            43.8169656
          ],
          [
            4.5035667,
            43.8169437
          ],
          [
            4.5035612,
            43.81692
          ]
        ]
      },
      "properties": {
        "highway": "secondary",
        "color_key": "medium",
        "name": "",
        "length_m": 24
      }
    },
    {
      "type": "Feature",
      "geometry": {
        "type": "LineString",
        "coordinates": [
          [
            4.4974087,
            43.8166092
          ],
          [
            4.4966187,
            43.8168537
          ],
          [
            4.4962249,
            43.8169785
          ],
          [
            4.496137,
            43.8170013
          ],
          [
            4.4960505,
            43.8170143
          ],
          [
            4.4959737,
            43.8170198
          ],
          [
            4.4954789,
            43.8170289
          ]
        ]
      },
      "properties": {
        "highway": "secondary",
        "color_key": "medium",
        "name": "",
        "length_m": 164
      }
    },
    {
      "type": "Feature",
      "geometry": {
        "type": "LineString",
        "coordinates": [
          [
            4.4974087,
            43.8166092
          ],
          [
            4.4974585,
            43.8166815
          ],
          [
            4.4974667,
            43.8166934
          ]
        ]
      },
      "properties": {
        "highway": "unclassified",
        "color_key": "light",
        "name": "",
        "length_m": 10
      }
    },
    {
      "type": "Feature",
      "geometry": {
        "type": "LineString",
        "coordinates": [
          [
            4.492294,
            43.8170697
          ],
          [
            4.4908652,
            43.8170843
          ],
          [
            4.489833,
            43.8170933
          ],
          [
            4.4896604,
            43.8171071
          ],
          [
            4.4895254,
            43.8171523
          ],
          [
            4.4893068,
            43.8172516
          ],
          [
            4.4892144,
            43.8172935
          ],
          [
            4.4891799,
            43.8173092
          ],
          [
            4.4889431,
            43.8174259
          ]
        ]
      },
      "properties": {
        "highway": "secondary",
        "color_key": "medium",
        "name": "",
        "length_m": 279
      }
    },
    {
      "type": "Feature",
      "geometry": {
        "type": "LineString",
        "coordinates": [
          [
            4.492294,
            43.8170697
          ],
          [
            4.4924975,
            43.8170695
          ],
          [
            4.4927205,
            43.8170667
          ],
          [
            4.4952732,
            43.8170347
          ],
          [
            4.4954789,
            43.8170289
          ]
        ]
      },
      "properties": {
        "highway": "secondary",
        "color_key": "medium",
        "name": "",
        "length_m": 256
      }
    },
    {
      "type": "Feature",
      "geometry": {
        "type": "LineString",
        "coordinates": [
          [
            4.492294,
            43.8170697
          ],
          [
            4.4922412,
            43.8170152
          ],
          [
            4.4922239,
            43.8169896
          ],
          [
            4.4920979,
            43.8168384
          ]
        ]
      },
      "properties": {
        "highway": "residential",
        "color_key": "light",
        "name": "",
        "length_m": 30
      }
    },
    {
      "type": "Feature",
      "geometry": {
        "type": "LineString",
        "coordinates": [
          [
            4.492294,
            43.8170697
          ],
          [
            4.4923878,
            43.8171692
          ],
          [
            4.4925075,
            43.8172963
          ]
        ]
      },
      "properties": {
        "highway": "residential",
        "color_key": "light",
        "name": "",
        "length_m": 30
      }
    },
    {
      "type": "Feature",
      "geometry": {
        "type": "LineString",
        "coordinates": [
          [
            4.5002945,
            43.8335125
          ],
          [
            4.5001691,
            43.833479
          ],
          [
            4.4996023,
            43.8335253
          ]
        ]
      },
      "properties": {
        "highway": "residential",
        "color_key": "light",
        "name": "Impasse du Levant",
        "length_m": 56
      }
    },
    {
      "type": "Feature",
      "geometry": {
        "type": "LineString",
        "coordinates": [
          [
            4.4996023,
            43.8335253
          ],
          [
            4.4996268,
            43.8335705
          ],
          [
            4.4997899,
            43.833891
          ],
          [
            4.4998616,
            43.834029
          ],
          [
            4.4998616,
            43.834073
          ],
          [
            4.4998452,
            43.8341171
          ],
          [
            4.4998207,
            43.8341437
          ]
        ]
      },
      "properties": {
        "highway": "residential",
        "color_key": "light",
        "name": "Rue du Parc",
        "length_m": 73
      }
    },
    {
      "type": "Feature",
      "geometry": {
        "type": "LineString",
        "coordinates": [
          [
            4.4961522,
            43.8324414
          ],
          [
            4.4962575,
            43.8324595
          ]
        ]
      },
      "properties": {
        "highway": "residential",
        "color_key": "light",
        "name": "Place de la Libération",
        "length_m": 9
      }
    },
    {
      "type": "Feature",
      "geometry": {
        "type": "LineString",
        "coordinates": [
          [
            4.4961522,
            43.8324414
          ],
          [
            4.4961705,
            43.8324056
          ],
          [
            4.4962492,
            43.832317
          ]
        ]
      },
      "properties": {
        "highway": "secondary",
        "color_key": "medium",
        "name": "Place de la Libération",
        "length_m": 16
      }
    },
    {
      "type": "Feature",
      "geometry": {
        "type": "LineString",
        "coordinates": [
          [
            4.4962492,
            43.832317
          ],
          [
            4.4962575,
            43.8324595
          ]
        ]
      },
      "properties": {
        "highway": "residential",
        "color_key": "light",
        "name": "Place de la Libération",
        "length_m": 16
      }
    },
    {
      "type": "Feature",
      "geometry": {
        "type": "LineString",
        "coordinates": [
          [
            4.4743278,
            43.8363519
          ],
          [
            4.4743855,
            43.836301
          ],
          [
            4.4744583,
            43.8362203
          ],
          [
            4.474474,
            43.8360364
          ],
          [
            4.4744557,
            43.8358675
          ],
          [
            4.4742866,
            43.8353045
          ]
        ]
      },
      "properties": {
        "highway": "unclassified",
        "color_key": "light",
        "name": "",
        "length_m": 121
      }
    },
    {
      "type": "Feature",
      "geometry": {
        "type": "LineString",
        "coordinates": [
          [
            4.4743278,
            43.8363519
          ],
          [
            4.4744766,
            43.8363479
          ],
          [
            4.4745546,
            43.8363198
          ],
          [
            4.4746457,
            43.8362391
          ]
        ]
      },
      "properties": {
        "highway": "unclassified",
        "color_key": "light",
        "name": "",
        "length_m": 31
      }
    },
    {
      "type": "Feature",
      "geometry": {
        "type": "LineString",
        "coordinates": [
          [
            4.4751298,
            43.8355639
          ],
          [
            4.4750611,
            43.8357991
          ],
          [
            4.4750251,
            43.8359638
          ],
          [
            4.4750903,
            43.8360864
          ],
          [
            4.4751332,
            43.8361681
          ],
          [
            4.4751041,
            43.8362981
          ],
          [
            4.4750714,
            43.8364294
          ],
          [
            4.4750938,
            43.8364752
          ]
        ]
      },
      "properties": {
        "highway": "unclassified",
        "color_key": "light",
        "name": "",
        "length_m": 104
      }
    },
    {
      "type": "Feature",
      "geometry": {
        "type": "LineString",
        "coordinates": [
          [
            4.4772236,
            43.8375156
          ],
          [
            4.4772136,
            43.8374583
          ],
          [
            4.4771192,
            43.8374087
          ],
          [
            4.4769201,
            43.8373307
          ],
          [
            4.4767622,
            43.8372602
          ],
          [
            4.4766352,
            43.8371735
          ],
          [
            4.4765974,
            43.8370484
          ],
          [
            4.4765734,
            43.8369766
          ],
          [
            4.4764979,
            43.8369259
          ],
          [
            4.4763485,
            43.8368776
          ],
          [
            4.4761837,
            43.8368677
          ],
          [
            4.4759108,
            43.8367798
          ],
          [
            4.4754422,
            43.8366089
          ],
          [
            4.4750938,
            43.8364752
          ]
        ]
      },
      "properties": {
        "highway": "unclassified",
        "color_key": "light",
        "name": "",
        "length_m": 218
      }
    },
    {
      "type": "Feature",
      "geometry": {
        "type": "LineString",
        "coordinates": [
          [
            4.4750938,
            43.8364752
          ],
          [
            4.4750203,
            43.8364455
          ],
          [
            4.4749709,
            43.8363461
          ],
          [
            4.474911,
            43.8361434
          ]
        ]
      },
      "properties": {
        "highway": "unclassified",
        "color_key": "light",
        "name": "",
        "length_m": 42
      }
    },
    {
      "type": "Feature",
      "geometry": {
        "type": "LineString",
        "coordinates": [
          [
            4.4672599,
            43.8188544
          ],
          [
            4.467313,
            43.818669
          ]
        ]
      },
      "properties": {
        "highway": "residential",
        "color_key": "light",
        "name": "Rue de l'Écureuil",
        "length_m": 21
      }
    },
    {
      "type": "Feature",
      "geometry": {
        "type": "LineString",
        "coordinates": [
          [
            4.4672599,
            43.8188544
          ],
          [
            4.4674343,
            43.8188282
          ]
        ]
      },
      "properties": {
        "highway": "tertiary",
        "color_key": "medium",
        "name": "Chemin de Rodilhan",
        "length_m": 14
      }
    },
    {
      "type": "Feature",
      "geometry": {
        "type": "LineString",
        "coordinates": [
          [
            4.467313,
            43.818669
          ],
          [
            4.4674045,
            43.8187891
          ],
          [
            4.4674343,
            43.8188282
          ]
        ]
      },
      "properties": {
        "highway": "residential",
        "color_key": "light",
        "name": "",
        "length_m": 20
      }
    },
    {
      "type": "Feature",
      "geometry": {
        "type": "LineString",
        "coordinates": [
          [
            4.4634293,
            43.8143952
          ],
          [
            4.4630329,
            43.8139317
          ]
        ]
      },
      "properties": {
        "highway": "unclassified",
        "color_key": "light",
        "name": "Chemin de Garons",
        "length_m": 61
      }
    },
    {
      "type": "Feature",
      "geometry": {
        "type": "LineString",
        "coordinates": [
          [
            4.4634293,
            43.8143952
          ],
          [
            4.4635093,
            43.8144987
          ],
          [
            4.4634988,
            43.8146015
          ],
          [
            4.4634947,
            43.8146423
          ]
        ]
      },
      "properties": {
        "highway": "unclassified",
        "color_key": "light",
        "name": "Chemin de Garons",
        "length_m": 29
      }
    },
    {
      "type": "Feature",
      "geometry": {
        "type": "LineString",
        "coordinates": [
          [
            4.4633179,
            43.8145455
          ],
          [
            4.4634293,
            43.8143952
          ]
        ]
      },
      "properties": {
        "highway": "unclassified",
        "color_key": "light",
        "name": "Chemin de Garons",
        "length_m": 19
      }
    },
    {
      "type": "Feature",
      "geometry": {
        "type": "LineString",
        "coordinates": [
          [
            4.4633179,
            43.8145455
          ],
          [
            4.463354,
            43.8145607
          ],
          [
            4.4634947,
            43.8146423
          ]
        ]
      },
      "properties": {
        "highway": "tertiary",
        "color_key": "medium",
        "name": "Route de Bouillargues",
        "length_m": 18
      }
    },
    {
      "type": "Feature",
      "geometry": {
        "type": "LineString",
        "coordinates": [
          [
            4.5046183,
            43.8169048
          ],
          [
            4.5046755,
            43.8169209
          ],
          [
            4.5047254,
            43.816921
          ],
          [
            4.5048452,
            43.8169192
          ],
          [
            4.5048941,
            43.8169215
          ],
          [
            4.5049598,
            43.8169271
          ],
          [
            4.5050512,
            43.8169374
          ],
          [
            4.505118,
            43.8169396
          ],
          [
            4.5051834,
            43.8169355
          ],
          [
            4.5052624,
            43.8169255
          ],
          [
            4.5053395,
            43.8169074
          ],
          [
            4.5054223,
            43.8168797
          ],
          [
            4.5054886,
            43.8168575
          ],
          [
            4.5055479,
            43.8168481
          ],
          [
            4.5056165,
            43.8168461
          ],
          [
            4.5056903,
            43.8168524
          ],
          [
            4.5057478,
            43.816869
          ],
          [
            4.505813,
            43.8168928
          ],
          [
            4.5058648,
            43.8169273
          ],
          [
            4.5059439,
            43.8170115
          ],
          [
            4.5059726,
            43.8170742
          ],
          [
            4.5060572,
            43.8171833
          ]
        ]
      },
      "properties": {
        "highway": "unclassified",
        "color_key": "light",
        "name": "",
        "length_m": 137
      }
    },
    {
      "type": "Feature",
      "geometry": {
        "type": "LineString",
        "coordinates": [
          [
            4.5046183,
            43.8169048
          ],
          [
            4.5046753,
            43.8168838
          ],
          [
            4.5047839,
            43.8168821
          ],
          [
            4.5048817,
            43.8168836
          ],
          [
            4.5049649,
            43.8168938
          ],
          [
            4.5050859,
            43.8169021
          ],
          [
            4.5051811,
            43.8169006
          ],
          [
            4.5052643,
            43.8168895
          ],
          [
            4.5053213,
            43.8168747
          ],
          [
            4.5053688,
            43.8168599
          ],
          [
            4.505464,
            43.8168268
          ],
          [
            4.5055455,
            43.8168096
          ],
          [
            4.5056377,
            43.8168044
          ],
          [
            4.5057208,
            43.816811
          ],
          [
            4.5057871,
            43.8168298
          ],
          [
            4.5058442,
            43.8168477
          ],
          [
            4.5059301,
            43.8168755
          ],
          [
            4.505969,
            43.8168885
          ],
          [
            4.5060092,
            43.8168929
          ],
          [
            4.5060499,
            43.8168866
          ],
          [
            4.5064228,
            43.8166859
          ],
          [
            4.5064522,
            43.8166677
          ],
          [
            4.5064699,
            43.8166495
          ],
          [
            4.506473,
            43.8166309
          ],
          [
            4.5064689,
            43.8166121
          ],
          [
            4.5064585,
            43.8165939
          ],
          [
            4.5063557,
            43.8165129
          ]
        ]
      },
      "properties": {
        "highway": "unclassified",
        "color_key": "light",
        "name": "",
        "length_m": 181
      }
    },
    {
      "type": "Feature",
      "geometry": {
        "type": "LineString",
        "coordinates": [
          [
            4.5038232,
            43.8169166
          ],
          [
            4.5039117,
            43.8169147
          ],
          [
            4.5039612,
            43.816913
          ],
          [
            4.5041051,
            43.8169112
          ],
          [
            4.5044639,
            43.8169058
          ],
          [
            4.5045104,
            43.8169053
          ],
          [
            4.5045587,
            43.8169044
          ],
          [
            4.5046183,
            43.8169048
          ]
        ]
      },
      "properties": {
        "highway": "unclassified",
        "color_key": "light",
        "name": "",
        "length_m": 64
      }
    },
    {
      "type": "Feature",
      "geometry": {
        "type": "LineString",
        "coordinates": [
          [
            4.5038232,
            43.8169166
          ],
          [
            4.5038187,
            43.8169408
          ],
          [
            4.5038057,
            43.8169635
          ],
          [
            4.5037851,
            43.816983
          ]
        ]
      },
      "properties": {
        "highway": "secondary",
        "color_key": "medium",
        "name": "",
        "length_m": 8
      }
    },
    {
      "type": "Feature",
      "geometry": {
        "type": "LineString",
        "coordinates": [
          [
            4.495589,
            43.817149
          ],
          [
            4.4955663,
            43.8171241
          ],
          [
            4.4954789,
            43.8170289
          ]
        ]
      },
      "properties": {
        "highway": "residential",
        "color_key": "light",
        "name": "",
        "length_m": 16
      }
    },
    {
      "type": "Feature",
      "geometry": {
        "type": "LineString",
        "coordinates": [
          [
            4.47243,
            43.8186715
          ],
          [
            4.4721882,
            43.8186497
          ]
        ]
      },
      "properties": {
        "highway": "tertiary",
        "color_key": "medium",
        "name": "Cours Jean Jaurès",
        "length_m": 20
      }
    },
    {
      "type": "Feature",
      "geometry": {
        "type": "LineString",
        "coordinates": [
          [
            4.47243,
            43.8186715
          ],
          [
            4.4724051,
            43.8186274
          ],
          [
            4.4724065,
            43.8186023
          ],
          [
            4.4724102,
            43.818564
          ]
        ]
      },
      "properties": {
        "highway": "residential",
        "color_key": "light",
        "name": "",
        "length_m": 12
      }
    },
    {
      "type": "Feature",
      "geometry": {
        "type": "LineString",
        "coordinates": [
          [
            4.4724102,
            43.818564
          ],
          [
            4.4725011,
            43.8185377
          ],
          [
            4.4726217,
            43.8185276
          ],
          [
            4.4732836,
            43.8184756
          ],
          [
            4.4733559,
            43.8184699
          ]
        ]
      },
      "properties": {
        "highway": "tertiary",
        "color_key": "medium",
        "name": "Cours Jean Jaurès",
        "length_m": 77
      }
    },
    {
      "type": "Feature",
      "geometry": {
        "type": "LineString",
        "coordinates": [
          [
            4.5060572,
            43.8171833
          ],
          [
            4.5061256,
            43.8172728
          ],
          [
            4.505994,
            43.8173474
          ],
          [
            4.5058699,
            43.8174147
          ],
          [
            4.5056305,
            43.8175446
          ],
          [
            4.5055109,
            43.817611
          ]
        ]
      },
      "properties": {
        "highway": "unclassified",
        "color_key": "light",
        "name": "",
        "length_m": 73
      }
    },
    {
      "type": "Feature",
      "geometry": {
        "type": "LineString",
        "coordinates": [
          [
            4.5055109,
            43.817611
          ],
          [
            4.5054078,
            43.8176739
          ],
          [
            4.5053718,
            43.817692
          ],
          [
            4.5053252,
            43.8177101
          ],
          [
            4.5052535,
            43.8177216
          ],
          [
            4.5050922,
            43.8177072
          ],
          [
            4.5049567,
            43.8176943
          ],
          [
            4.5047523,
            43.8176674
          ],
          [
            4.50443,
            43.8176292
          ],
          [
            4.5041169,
            43.8175852
          ],
          [
            4.504045,
            43.8175615
          ],
          [
            4.5039896,
            43.8175361
          ],
          [
            4.5039657,
            43.8175144
          ],
          [
            4.5039499,
            43.8174898
          ],
          [
            4.5039383,
            43.8174578
          ],
          [
            4.5039311,
            43.8174172
          ],
          [
            4.5039267,
            43.8173421
          ],
          [
            4.5039232,
            43.8171074
          ],
          [
            4.5039209,
            43.817073
          ],
          [
            4.5039178,
            43.8170579
          ],
          [
            4.5039108,
            43.8170413
          ],
          [
            4.5038973,
            43.8170268
          ],
          [
            4.5038801,
            43.8170159
          ],
          [
            4.5038418,
            43.8169992
          ],
          [
            4.5037851,
            43.816983
          ]
        ]
      },
      "properties": {
        "highway": "unclassified",
        "color_key": "light",
        "name": "",
        "length_m": 197
      }
    },
    {
      "type": "Feature",
      "geometry": {
        "type": "LineString",
        "coordinates": [
          [
            4.5006442,
            43.8352009
          ],
          [
            4.5009452,
            43.8356512
          ]
        ]
      },
      "properties": {
        "highway": "tertiary",
        "color_key": "medium",
        "name": "Route de Meynes",
        "length_m": 56
      }
    },
    {
      "type": "Feature",
      "geometry": {
        "type": "LineString",
        "coordinates": [
          [
            4.5006442,
            43.8352009
          ],
          [
            4.4994083,
            43.8354841
          ]
        ]
      },
      "properties": {
        "highway": "residential",
        "color_key": "light",
        "name": "Les Primevères",
        "length_m": 104
      }
    },
    {
      "type": "Feature",
      "geometry": {
        "type": "LineString",
        "coordinates": [
          [
            4.4998207,
            43.8341437
          ],
          [
            4.4998393,
            43.8341565
          ],
          [
            4.4999347,
            43.8342349
          ]
        ]
      },
      "properties": {
        "highway": "tertiary",
        "color_key": "medium",
        "name": "Rue du Parc",
        "length_m": 14
      }
    },
    {
      "type": "Feature",
      "geometry": {
        "type": "LineString",
        "coordinates": [
          [
            4.4970717,
            43.8284399
          ],
          [
            4.4970756,
            43.8284809
          ],
          [
            4.4960565,
            43.8285555
          ]
        ]
      },
      "properties": {
        "highway": "unclassified",
        "color_key": "light",
        "name": "",
        "length_m": 87
      }
    },
    {
      "type": "Feature",
      "geometry": {
        "type": "LineString",
        "coordinates": [
          [
            4.4960565,
            43.8285555
          ],
          [
            4.4960628,
            43.8286129
          ]
        ]
      },
      "properties": {
        "highway": "secondary",
        "color_key": "medium",
        "name": "Avenue de la Poste",
        "length_m": 6
      }
    },
    {
      "type": "Feature",
      "geometry": {
        "type": "LineString",
        "coordinates": [
          [
            4.4969989,
            43.8287872
          ],
          [
            4.4969262,
            43.8287433
          ],
          [
            4.4966696,
            43.8287662
          ],
          [
            4.4966326,
            43.8285715
          ],
          [
            4.4960628,
            43.8286129
          ]
        ]
      },
      "properties": {
        "highway": "unclassified",
        "color_key": "light",
        "name": "",
        "length_m": 96
      }
    },
    {
      "type": "Feature",
      "geometry": {
        "type": "LineString",
        "coordinates": [
          [
            4.4960628,
            43.8286129
          ],
          [
            4.4960698,
            43.8286761
          ],
          [
            4.4961115,
            43.8288915
          ],
          [
            4.4961598,
            43.8291406
          ],
          [
            4.4962197,
            43.82945
          ],
          [
            4.4964185,
            43.830054
          ]
        ]
      },
      "properties": {
        "highway": "secondary",
        "color_key": "medium",
        "name": "Avenue de la Poste",
        "length_m": 163
      }
    },
    {
      "type": "Feature",
      "geometry": {
        "type": "LineString",
        "coordinates": [
          [
            4.4964876,
            43.8302627
          ],
          [
            4.4971985,
            43.8301813
          ]
        ]
      },
      "properties": {
        "highway": "unclassified",
        "color_key": "light",
        "name": "Avenue de la Poste",
        "length_m": 58
      }
    },
    {
      "type": "Feature",
      "geometry": {
        "type": "LineString",
        "coordinates": [
          [
            4.4964876,
            43.8302627
          ],
          [
            4.4965035,
            43.8303098
          ],
          [
            4.4965621,
            43.8304325
          ]
        ]
      },
      "properties": {
        "highway": "secondary",
        "color_key": "medium",
        "name": "Avenue de la Poste",
        "length_m": 20
      }
    },
    {
      "type": "Feature",
      "geometry": {
        "type": "LineString",
        "coordinates": [
          [
            4.4964876,
            43.8302627
          ],
          [
            4.4964699,
            43.8302102
          ],
          [
            4.4964537,
            43.830161
          ],
          [
            4.4964185,
            43.830054
          ]
        ]
      },
      "properties": {
        "highway": "secondary",
        "color_key": "medium",
        "name": "Avenue de la Poste",
        "length_m": 24
      }
    },
    {
      "type": "Feature",
      "geometry": {
        "type": "LineString",
        "coordinates": [
          [
            4.4781501,
            43.824303
          ],
          [
            4.4777153,
            43.8236761
          ],
          [
            4.4776922,
            43.8236428
          ],
          [
            4.4776688,
            43.8236092
          ],
          [
            4.4776117,
            43.8235267
          ]
        ]
      },
      "properties": {
        "highway": "tertiary",
        "color_key": "medium",
        "name": "Avenue Pierre Mendès France",
        "length_m": 97
      }
    },
    {
      "type": "Feature",
      "geometry": {
        "type": "LineString",
        "coordinates": [
          [
            4.4781501,
            43.824303
          ],
          [
            4.4781606,
            43.8242992
          ],
          [
            4.4781827,
            43.8242913
          ],
          [
            4.4782153,
            43.8242797
          ],
          [
            4.4782804,
            43.8242564
          ],
          [
            4.4782241,
            43.8240581
          ]
        ]
      },
      "properties": {
        "highway": "residential",
        "color_key": "light",
        "name": "",
        "length_m": 34
      }
    },
    {
      "type": "Feature",
      "geometry": {
        "type": "LineString",
        "coordinates": [
          [
            4.4776117,
            43.8235267
          ],
          [
            4.4776327,
            43.8235183
          ],
          [
            4.4776403,
            43.8235152
          ],
          [
            4.4776689,
            43.8235037
          ],
          [
            4.4781518,
            43.8234536
          ],
          [
            4.4782241,
            43.8234795
          ]
        ]
      },
      "properties": {
        "highway": "residential",
        "color_key": "light",
        "name": "",
        "length_m": 51
      }
    },
    {
      "type": "Feature",
      "geometry": {
        "type": "LineString",
        "coordinates": [
          [
            4.4789019,
            43.8230491
          ],
          [
            4.478233,
            43.8231239
          ]
        ]
      },
      "properties": {
        "highway": "residential",
        "color_key": "light",
        "name": "",
        "length_m": 54
      }
    },
    {
      "type": "Feature",
      "geometry": {
        "type": "LineString",
        "coordinates": [
          [
            4.4739075,
            43.8119352
          ],
          [
            4.4738749,
            43.8119345
          ],
          [
            4.4738443,
            43.8119265
          ],
          [
            4.4738186,
            43.8119121
          ]
        ]
      },
      "properties": {
        "highway": "tertiary",
        "color_key": "medium",
        "name": "",
        "length_m": 8
      }
    },
    {
      "type": "Feature",
      "geometry": {
        "type": "LineString",
        "coordinates": [
          [
            4.4738236,
            43.811806
          ],
          [
            4.4738491,
            43.8117933
          ],
          [
            4.4738786,
            43.8117867
          ],
          [
            4.4739095,
            43.8117866
          ],
          [
            4.4739391,
            43.8117931
          ],
          [
            4.4739648,
            43.8118055
          ],
          [
            4.4739842,
            43.8118229
          ]
        ]
      },
      "properties": {
        "highway": "tertiary",
        "color_key": "medium",
        "name": "",
        "length_m": 15
      }
    },
    {
      "type": "Feature",
      "geometry": {
        "type": "LineString",
        "coordinates": [
          [
            4.4738186,
            43.8119121
          ],
          [
            4.4738003,
            43.8118926
          ],
          [
            4.4737913,
            43.8118701
          ],
          [
            4.4737924,
            43.8118466
          ],
          [
            4.4738035,
            43.8118245
          ],
          [
            4.4738236,
            43.811806
          ]
        ]
      },
      "properties": {
        "highway": "tertiary",
        "color_key": "medium",
        "name": "",
        "length_m": 13
      }
    },
    {
      "type": "Feature",
      "geometry": {
        "type": "LineString",
        "coordinates": [
          [
            4.4738186,
            43.8119121
          ],
          [
            4.4737809,
            43.8119409
          ],
          [
            4.473672,
            43.8120243
          ]
        ]
      },
      "properties": {
        "highway": "tertiary",
        "color_key": "medium",
        "name": "Chemin de Saint-Paul",
        "length_m": 17
      }
    },
    {
      "type": "Feature",
      "geometry": {
        "type": "LineString",
        "coordinates": [
          [
            4.4739842,
            43.8118229
          ],
          [
            4.4739964,
            43.8118459
          ],
          [
            4.4739976,
            43.8118704
          ],
          [
            4.4739877,
            43.811894
          ],
          [
            4.4739679,
            43.8119139
          ],
          [
            4.4739401,
            43.8119282
          ],
          [
            4.4739075,
            43.8119352
          ]
        ]
      },
      "properties": {
        "highway": "tertiary",
        "color_key": "medium",
        "name": "",
        "length_m": 16
      }
    },
    {
      "type": "Feature",
      "geometry": {
        "type": "LineString",
        "coordinates": [
          [
            4.4728981,
            43.810325
          ],
          [
            4.4728999,
            43.8102609
          ],
          [
            4.4729188,
            43.8095801
          ]
        ]
      },
      "properties": {
        "highway": "residential",
        "color_key": "light",
        "name": "",
        "length_m": 83
      }
    },
    {
      "type": "Feature",
      "geometry": {
        "type": "LineString",
        "coordinates": [
          [
            4.4734472,
            43.8088637
          ],
          [
            4.4734591,
            43.8093459
          ],
          [
            4.4734482,
            43.8095955
          ]
        ]
      },
      "properties": {
        "highway": "unclassified",
        "color_key": "light",
        "name": "Chemin du Bois des Roziers",
        "length_m": 81
      }
    },
    {
      "type": "Feature",
      "geometry": {
        "type": "LineString",
        "coordinates": [
          [
            4.4734472,
            43.8088637
          ],
          [
            4.4729392,
            43.8088484
          ],
          [
            4.4729188,
            43.8095801
          ]
        ]
      },
      "properties": {
        "highway": "residential",
        "color_key": "light",
        "name": "",
        "length_m": 122
      }
    },
    {
      "type": "Feature",
      "geometry": {
        "type": "LineString",
        "coordinates": [
          [
            4.4729188,
            43.8095801
          ],
          [
            4.4731076,
            43.8095856
          ]
        ]
      },
      "properties": {
        "highway": "residential",
        "color_key": "light",
        "name": "",
        "length_m": 15
      }
    },
    {
      "type": "Feature",
      "geometry": {
        "type": "LineString",
        "coordinates": [
          [
            4.4734482,
            43.8095955
          ],
          [
            4.4731076,
            43.8095856
          ]
        ]
      },
      "properties": {
        "highway": "residential",
        "color_key": "light",
        "name": "",
        "length_m": 27
      }
    },
    {
      "type": "Feature",
      "geometry": {
        "type": "LineString",
        "coordinates": [
          [
            4.4731076,
            43.8095856
          ],
          [
            4.4731136,
            43.8093111
          ]
        ]
      },
      "properties": {
        "highway": "residential",
        "color_key": "light",
        "name": "",
        "length_m": 31
      }
    },
    {
      "type": "Feature",
      "geometry": {
        "type": "LineString",
        "coordinates": [
          [
            4.4916281,
            43.8203852
          ],
          [
            4.4915985,
            43.8203164
          ],
          [
            4.4916019,
            43.8202443
          ]
        ]
      },
      "properties": {
        "highway": "secondary",
        "color_key": "medium",
        "name": "",
        "length_m": 16
      }
    },
    {
      "type": "Feature",
      "geometry": {
        "type": "LineString",
        "coordinates": [
          [
            4.4920033,
            43.8204898
          ],
          [
            4.4919653,
            43.8204983
          ],
          [
            4.491926,
            43.820503
          ]
        ]
      },
      "properties": {
        "highway": "secondary",
        "color_key": "medium",
        "name": "",
        "length_m": 6
      }
    },
    {
      "type": "Feature",
      "geometry": {
        "type": "LineString",
        "coordinates": [
          [
            4.4917063,
            43.8204554
          ],
          [
            4.491662,
            43.8204233
          ],
          [
            4.4916281,
            43.8203852
          ]
        ]
      },
      "properties": {
        "highway": "secondary",
        "color_key": "medium",
        "name": "",
        "length_m": 10
      }
    },
    {
      "type": "Feature",
      "geometry": {
        "type": "LineString",
        "coordinates": [
          [
            4.491926,
            43.820503
          ],
          [
            4.4918478,
            43.8205013
          ],
          [
            4.4917729,
            43.8204851
          ],
          [
            4.4917063,
            43.8204554
          ]
        ]
      },
      "properties": {
        "highway": "secondary",
        "color_key": "medium",
        "name": "",
        "length_m": 19
      }
    },
    {
      "type": "Feature",
      "geometry": {
        "type": "LineString",
        "coordinates": [
          [
            4.491926,
            43.820503
          ],
          [
            4.4918428,
            43.8205635
          ],
          [
            4.4917622,
            43.8206471
          ],
          [
            4.4917882,
            43.8207444
          ]
        ]
      },
      "properties": {
        "highway": "unclassified",
        "color_key": "light",
        "name": "",
        "length_m": 32
      }
    },
    {
      "type": "Feature",
      "geometry": {
        "type": "LineString",
        "coordinates": [
          [
            4.4962575,
            43.8324595
          ],
          [
            4.4963096,
            43.8326787
          ]
        ]
      },
      "properties": {
        "highway": "residential",
        "color_key": "light",
        "name": "Rue du 8 Mai 1945",
        "length_m": 25
      }
    },
    {
      "type": "Feature",
      "geometry": {
        "type": "LineString",
        "coordinates": [
          [
            4.4961524,
            43.8259324
          ],
          [
            4.4963397,
            43.8259541
          ],
          [
            4.4963836,
            43.8259632
          ],
          [
            4.4965409,
            43.8259971
          ],
          [
            4.4968311,
            43.8260252
          ]
        ]
      },
      "properties": {
        "highway": "primary",
        "color_key": "dark",
        "name": "Route de Beaucaire",
        "length_m": 56
      }
    },
    {
      "type": "Feature",
      "geometry": {
        "type": "LineString",
        "coordinates": [
          [
            4.4961524,
            43.8259324
          ],
          [
            4.496194,
            43.8259881
          ],
          [
            4.496214,
            43.8260498
          ],
          [
            4.4962111,
            43.8261131
          ],
          [
            4.4961854,
            43.8261737
          ]
        ]
      },
      "properties": {
        "highway": "primary",
        "color_key": "dark",
        "name": "",
        "length_m": 28
      }
    },
    {
      "type": "Feature",
      "geometry": {
        "type": "LineString",
        "coordinates": [
          [
            4.4958747,
            43.8258325
          ],
          [
            4.4959359,
            43.8258356
          ],
          [
            4.4960058,
            43.8258497
          ],
          [
            4.4960698,
            43.8258743
          ],
          [
            4.4961249,
            43.8259083
          ],
          [
            4.4961524,
            43.8259324
          ]
        ]
      },
      "properties": {
        "highway": "primary",
        "color_key": "dark",
        "name": "",
        "length_m": 26
      }
    },
    {
      "type": "Feature",
      "geometry": {
        "type": "LineString",
        "coordinates": [
          [
            4.4956667,
            43.826258
          ],
          [
            4.4956042,
            43.8262371
          ],
          [
            4.4955256,
            43.826223
          ],
          [
            4.4954607,
            43.8262183
          ],
          [
            4.495259,
            43.8262119
          ]
        ]
      },
      "properties": {
        "highway": "primary",
        "color_key": "dark",
        "name": "Route de Beaucaire",
        "length_m": 33
      }
    },
    {
      "type": "Feature",
      "geometry": {
        "type": "LineString",
        "coordinates": [
          [
            4.4956667,
            43.826258
          ],
          [
            4.4956088,
            43.8262126
          ],
          [
            4.4955687,
            43.826158
          ],
          [
            4.4955492,
            43.8260979
          ],
          [
            4.4955515,
            43.8260362
          ]
        ]
      },
      "properties": {
        "highway": "primary",
        "color_key": "dark",
        "name": "",
        "length_m": 27
      }
    },
    {
      "type": "Feature",
      "geometry": {
        "type": "LineString",
        "coordinates": [
          [
            4.4955515,
            43.8260362
          ],
          [
            4.4955692,
            43.825988
          ],
          [
            4.4956002,
            43.8259435
          ]
        ]
      },
      "properties": {
        "highway": "primary",
        "color_key": "dark",
        "name": "",
        "length_m": 11
      }
    },
    {
      "type": "Feature",
      "geometry": {
        "type": "LineString",
        "coordinates": [
          [
            4.4956002,
            43.8259435
          ],
          [
            4.4955821,
            43.8258512
          ],
          [
            4.4955677,
            43.8258097
          ],
          [
            4.4955382,
            43.8256445
          ],
          [
            4.4955244,
            43.8255328
          ]
        ]
      },
      "properties": {
        "highway": "secondary",
        "color_key": "medium",
        "name": "Route de Bellegarde",
        "length_m": 46
      }
    },
    {
      "type": "Feature",
      "geometry": {
        "type": "LineString",
        "coordinates": [
          [
            4.4956002,
            43.8259435
          ],
          [
            4.4956729,
            43.8258852
          ],
          [
            4.4957678,
            43.8258468
          ],
          [
            4.4958747,
            43.8258325
          ]
        ]
      },
      "properties": {
        "highway": "primary",
        "color_key": "dark",
        "name": "",
        "length_m": 26
      }
    },
    {
      "type": "Feature",
      "geometry": {
        "type": "LineString",
        "coordinates": [
          [
            4.4961854,
            43.8261737
          ],
          [
            4.496151,
            43.8262159
          ],
          [
            4.4961054,
            43.8262523
          ],
          [
            4.4960506,
            43.8262813
          ]
        ]
      },
      "properties": {
        "highway": "primary",
        "color_key": "dark",
        "name": "",
        "length_m": 16
      }
    },
    {
      "type": "Feature",
      "geometry": {
        "type": "LineString",
        "coordinates": [
          [
            4.4628992,
            43.8137728
          ],
          [
            4.4630208,
            43.8139175
          ],
          [
            4.4630329,
            43.8139317
          ]
        ]
      },
      "properties": {
        "highway": "unclassified",
        "color_key": "light",
        "name": "Chemin de Garons",
        "length_m": 21
      }
    },
    {
      "type": "Feature",
      "geometry": {
        "type": "LineString",
        "coordinates": [
          [
            4.4628992,
            43.8137728
          ],
          [
            4.4632179,
            43.8137098
          ],
          [
            4.4637144,
            43.8136071
          ],
          [
            4.4642671,
            43.8135068
          ],
          [
            4.464487,
            43.8134965
          ]
        ]
      },
      "properties": {
        "highway": "residential",
        "color_key": "light",
        "name": "Place du Mail",
        "length_m": 131
      }
    },
    {
      "type": "Feature",
      "geometry": {
        "type": "LineString",
        "coordinates": [
          [
            4.4634721,
            43.8138012
          ],
          [
            4.4631098,
            43.8138821
          ],
          [
            4.4630329,
            43.8139317
          ]
        ]
      },
      "properties": {
        "highway": "residential",
        "color_key": "light",
        "name": "Place du Mail",
        "length_m": 39
      }
    },
    {
      "type": "Feature",
      "geometry": {
        "type": "LineString",
        "coordinates": [
          [
            4.4656478,
            43.8145335
          ],
          [
            4.4659142,
            43.8144941
          ],
          [
            4.4660165,
            43.8147446
          ],
          [
            4.4657377,
            43.8147897
          ],
          [
            4.4656478,
            43.8145335
          ]
        ]
      },
      "properties": {
        "highway": "residential",
        "color_key": "light",
        "name": "Impasse Jean Moulin",
        "length_m": 103
      }
    },
    {
      "type": "Feature",
      "geometry": {
        "type": "LineString",
        "coordinates": [
          [
            4.4674467,
            43.8148151
          ],
          [
            4.4668273,
            43.814942
          ]
        ]
      },
      "properties": {
        "highway": "residential",
        "color_key": "light",
        "name": "",
        "length_m": 52
      }
    },
    {
      "type": "Feature",
      "geometry": {
        "type": "LineString",
        "coordinates": [
          [
            4.474719,
            43.8178267
          ],
          [
            4.4746423,
            43.8176005
          ],
          [
            4.4745419,
            43.8172582
          ]
        ]
      },
      "properties": {
        "highway": "residential",
        "color_key": "light",
        "name": "Impasse Victor Hugo",
        "length_m": 65
      }
    },
    {
      "type": "Feature",
      "geometry": {
        "type": "LineString",
        "coordinates": [
          [
            4.4884213,
            43.8303412
          ],
          [
            4.4884273,
            43.8302899
          ],
          [
            4.4884428,
            43.830273
          ],
          [
            4.4885179,
            43.8302638
          ],
          [
            4.4887749,
            43.8302725
          ]
        ]
      },
      "properties": {
        "highway": "residential",
        "color_key": "light",
        "name": "Impasse Pierre Auguste Renoir",
        "length_m": 35
      }
    },
    {
      "type": "Feature",
      "geometry": {
        "type": "LineString",
        "coordinates": [
          [
            4.4945307,
            43.832337
          ],
          [
            4.494243,
            43.8323341
          ],
          [
            4.4938125,
            43.8323932
          ],
          [
            4.4936854,
            43.8324266
          ]
        ]
      },
      "properties": {
        "highway": "residential",
        "color_key": "light",
        "name": "",
        "length_m": 69
      }
    },
    {
      "type": "Feature",
      "geometry": {
        "type": "LineString",
        "coordinates": [
          [
            4.4977896,
            43.8290549
          ],
          [
            4.4979914,
            43.8297244
          ],
          [
            4.498033,
            43.8297893
          ],
          [
            4.4981457,
            43.8298265
          ],
          [
            4.4982221,
            43.8300195
          ],
          [
            4.4983507,
            43.8303464
          ]
        ]
      },
      "properties": {
        "highway": "residential",
        "color_key": "light",
        "name": "",
        "length_m": 154
      }
    },
    {
      "type": "Feature",
      "geometry": {
        "type": "LineString",
        "coordinates": [
          [
            4.4983507,
            43.8303464
          ],
          [
            4.4984757,
            43.8302633
          ],
          [
            4.4986372,
            43.8301559
          ],
          [
            4.4988393,
            43.8300412
          ],
          [
            4.498947,
            43.8300023
          ],
          [
            4.499023,
            43.8299749
          ]
        ]
      },
      "properties": {
        "highway": "tertiary",
        "color_key": "medium",
        "name": "Avenue de Provence",
        "length_m": 68
      }
    },
    {
      "type": "Feature",
      "geometry": {
        "type": "LineString",
        "coordinates": [
          [
            4.4953067,
            43.8168421
          ],
          [
            4.4954003,
            43.8169436
          ],
          [
            4.4954297,
            43.8169755
          ],
          [
            4.4954789,
            43.8170289
          ]
        ]
      },
      "properties": {
        "highway": "residential",
        "color_key": "light",
        "name": "",
        "length_m": 25
      }
    },
    {
      "type": "Feature",
      "geometry": {
        "type": "LineString",
        "coordinates": [
          [
            4.4894097,
            43.8267769
          ],
          [
            4.4893565,
            43.8265265
          ],
          [
            4.4894981,
            43.8261271
          ]
        ]
      },
      "properties": {
        "highway": "residential",
        "color_key": "light",
        "name": "",
        "length_m": 74
      }
    },
    {
      "type": "Feature",
      "geometry": {
        "type": "LineString",
        "coordinates": [
          [
            4.4894981,
            43.8261271
          ],
          [
            4.4893894,
            43.8261344
          ]
        ]
      },
      "properties": {
        "highway": "residential",
        "color_key": "light",
        "name": "",
        "length_m": 9
      }
    },
    {
      "type": "Feature",
      "geometry": {
        "type": "LineString",
        "coordinates": [
          [
            4.4894981,
            43.8261271
          ],
          [
            4.4895941,
            43.8261198
          ]
        ]
      },
      "properties": {
        "highway": "residential",
        "color_key": "light",
        "name": "",
        "length_m": 8
      }
    },
    {
      "type": "Feature",
      "geometry": {
        "type": "LineString",
        "coordinates": [
          [
            4.4999112,
            43.8358467
          ],
          [
            4.5009452,
            43.8356512
          ]
        ]
      },
      "properties": {
        "highway": "residential",
        "color_key": "light",
        "name": "Lotissement les Jacinthes",
        "length_m": 86
      }
    },
    {
      "type": "Feature",
      "geometry": {
        "type": "LineString",
        "coordinates": [
          [
            4.4962734,
            43.8360815
          ],
          [
            4.4964152,
            43.8361015
          ],
          [
            4.4965766,
            43.8360902
          ]
        ]
      },
      "properties": {
        "highway": "residential",
        "color_key": "light",
        "name": "Impasse des Epis",
        "length_m": 25
      }
    },
    {
      "type": "Feature",
      "geometry": {
        "type": "LineString",
        "coordinates": [
          [
            4.5003351,
            43.8305244
          ],
          [
            4.4999642,
            43.8295569
          ]
        ]
      },
      "properties": {
        "highway": "residential",
        "color_key": "light",
        "name": "",
        "length_m": 112
      }
    },
    {
      "type": "Feature",
      "geometry": {
        "type": "LineString",
        "coordinates": [
          [
            4.4825925,
            43.8185678
          ],
          [
            4.4825673,
            43.8185032
          ],
          [
            4.4824516,
            43.8171982
          ],
          [
            4.4825478,
            43.8171596
          ],
          [
            4.4830649,
            43.8171198
          ]
        ]
      },
      "properties": {
        "highway": "residential",
        "color_key": "light",
        "name": "",
        "length_m": 203
      }
    },
    {
      "type": "Feature",
      "geometry": {
        "type": "LineString",
        "coordinates": [
          [
            4.4847556,
            43.8186567
          ],
          [
            4.4846927,
            43.8186767
          ],
          [
            4.4846063,
            43.8187042
          ],
          [
            4.4843769,
            43.8187154
          ],
          [
            4.4841929,
            43.8187032
          ],
          [
            4.484006,
            43.8186613
          ],
          [
            4.4838248,
            43.8185867
          ],
          [
            4.483679,
            43.818507
          ]
        ]
      },
      "properties": {
        "highway": "residential",
        "color_key": "light",
        "name": "",
        "length_m": 93
      }
    },
    {
      "type": "Feature",
      "geometry": {
        "type": "LineString",
        "coordinates": [
          [
            4.4674614,
            43.8130684
          ],
          [
            4.4685182,
            43.812858
          ]
        ]
      },
      "properties": {
        "highway": "residential",
        "color_key": "light",
        "name": "",
        "length_m": 88
      }
    },
    {
      "type": "Feature",
      "geometry": {
        "type": "LineString",
        "coordinates": [
          [
            4.4965621,
            43.8304325
          ],
          [
            4.4969147,
            43.8303894
          ]
        ]
      },
      "properties": {
        "highway": "residential",
        "color_key": "light",
        "name": "Avenue de la Poste",
        "length_m": 29
      }
    },
    {
      "type": "Feature",
      "geometry": {
        "type": "LineString",
        "coordinates": [
          [
            4.4964185,
            43.830054
          ],
          [
            4.4967533,
            43.8300208
          ],
          [
            4.4972231,
            43.8299678
          ],
          [
            4.4972355,
            43.8299461
          ],
          [
            4.4972108,
            43.8297234
          ]
        ]
      },
      "properties": {
        "highway": "residential",
        "color_key": "light",
        "name": "",
        "length_m": 93
      }
    }
  ]
}