{"type": "FeatureCollection", "features": [{"type": "Feature", "id": "equipement_de_transport.6553", "geometry": {"type": "MultiPolygon", "coordinates": [[[[4.32691471, 43.80557368, 32.6], [4.32722299, 43.80525582, 32.8], [4.32727373, 43.80519311, 32.9], [4.32729136, 43.80514969, 32.9], [4.32729069, 43.8051209, 32.9], [4.3272787, 43.80508594, 32.8], [4.32725175, 43.80504937, 32.8], [4.32721095, 43.80500487, 32.9], [4.32686648, 43.80531596, 32.7], [4.3267443, 43.80524545, 32.8], [4.32608129, 43.80580703, 32.8], [4.32582527, 43.80564544, 32.2], [4.32542927, 43.80598596, 32.2], [4.32592191, 43.80627607, 33.2], [4.32609972, 43.80628021, 33.3], [4.32673699, 43.80568025, 33], [4.32667524, 43.8056432, 33], [4.32672387, 43.8055967, 32.8], [4.3268347, 43.80566016, 33], [4.32691471, 43.80557368, 32.6]]]]}, "geometry_name": "geometrie", "properties": {"cleabs": "EQ_RESEA0000000027764980", "nature": "Parking", "nature_detaillee": null, "toponyme": null, "statut_du_toponyme": null, "importance": "5", "numero": null, "fictif": false, "adresse_postale": null, "etat_de_l_objet": "En service", "date_creation": "2006-09-28T13:44:41.164Z", "date_modification": null, "date_d_apparition": null, "date_de_confirmation": null, "sources": null, "identifiants_sources": null, "methode_d_acquisition_planimetrique": "Photogrammétrie", "precision_planimetrique": 2.5, "methode_d_acquisition_altimetrique": "Photogrammétrie", "precision_altimetrique": 1.5, "insee_commune": "30189", "commune": "NIMES", "identifiant_voie_ban": null, "id_ban_odonyme": null, "source": "bdtopo"}}, {"type": "Feature", "id": "equipement_de_transport.6560", "geometry": {"type": "MultiPolygon", "coordinates": [[[[4.40018975, 43.78632915, 63.7], [4.40021176, 43.78636577, 63.6], [4.39961651, 43.78691703, 61.8], [4.39956124, 43.78694294, 61.8], [4.39919433, 43.78697645, 61.5], [4.39912273, 43.78699537, 61.4], [4.39906413, 43.78703752, 61.2], [4.39904267, 43.7870234, 61.2], [4.39903256, 43.78701633, 61.1], [4.39962316, 43.78642733, 63.3], [4.39967551, 43.78638346, 63.3], [4.3997316, 43.78634044, 63.4], [4.39979796, 43.78631079, 63.4], [4.39991599, 43.78631107, 63.6], [4.40001291, 43.78631163, 63.8], [4.40017028, 43.7862952, 63.9], [4.40018975, 43.78632915, 63.7]]]]}, "geometry_name": "geometrie", "properties": {"cleabs": "EQ_RESEA0000000027764981", "nature": "Parking", "nature_detaillee": null, "toponyme": null, "statut_du_toponyme": null, "importance": "5", "numero": null, "fictif": false, "adresse_postale": null, "etat_de_l_objet": "En service", "date_creation": "2006-09-28T13:44:41.164Z", "date_modification": null, "date_d_apparition": null, "date_de_confirmation": null, "sources": null, "identifiants_sources": null, "methode_d_acquisition_planimetrique": "BDTopo", "precision_planimetrique": 2.5, "methode_d_acquisition_altimetrique": "BDTopo", "precision_altimetrique": 1.5, "insee_commune": "30060", "commune": "CAISSARGUES", "identifiant_voie_ban": null, "id_ban_odonyme": null, "source": "bdtopo"}}, {"type": "Feature", "id": "equipement_de_transport.6588", "geometry": {"type": "MultiPolygon", "coordinates": [[[[4.40206813, 43.78855865, 61.3], [4.40210438, 43.78861848, 60.1], [4.40184324, 43.78886215, 59.6], [4.40179665, 43.78883665, 59.6], [4.4016863, 43.78894697, 58.2], [4.40162845, 43.78896931, 59.3], [4.40159326, 43.78895266, 59.3], [4.40159939, 43.78889858, 59.3], [4.40144609, 43.78862515, 58.5], [4.4014344, 43.7886046, 58.6], [4.40186574, 43.78820844, 61.1], [4.40189321, 43.78821439, 61.1], [4.40192152, 43.78830493, 60.3], [4.40206813, 43.78855865, 61.3]]]]}, "geometry_name": "geometrie", "properties": {"cleabs": "EQ_RESEA0000000027764982", "nature": "Parking", "nature_detaillee": null, "toponyme": null, "statut_du_toponyme": null, "importance": "5", "numero": null, "fictif": false, "adresse_postale": null, "etat_de_l_objet": "En service", "date_creation": "2006-09-28T13:44:41.164Z", "date_modification": "2012-07-23T08:08:47.435Z", "date_d_apparition": null, "date_de_confirmation": null, "sources": null, "identifiants_sources": null, "methode_d_acquisition_planimetrique": "BDTopo", "precision_planimetrique": 2.5, "methode_d_acquisition_altimetrique": "BDTopo", "precision_altimetrique": 1.5, "insee_commune": "30060", "commune": "CAISSARGUES", "identifiant_voie_ban": null, "id_ban_odonyme": null, "source": "bdtopo"}}, {"type": "Feature", "id": "equipement_de_transport.6596", "geometry": {"type": "MultiPolygon", "coordinates": [[[[4.36978794, 43.81134538, 28], [4.36943613, 43.81212022, 29], [4.37037462, 43.81233254, 28.4], [4.37045484, 43.81215332, 28.4], [4.3706572, 43.81219578, 28.4], [4.37057512, 43.81240112, 28.4], [4.37050145, 43.81238674, 28.4], [4.37047485, 43.81241768, 28.4], [4.37044287, 43.81243158, 28.4], [4.37040454, 43.81244016, 28.4], [4.37037472, 43.81244054, 28.4], [4.37035703, 43.81248036, 28.4], [4.36933465, 43.8122421, 28.4], [4.36934966, 43.81219421, 28.4], [4.36933972, 43.81219434, 28.4], [4.36931572, 43.81217844, 28.2], [4.36930537, 43.81216147, 28.2], [4.36930111, 43.81213902, 28.2], [4.36930547, 43.81211376, 28.2], [4.36905431, 43.81205752, 28.2], [4.36920654, 43.8117712, 28.2], [4.36943022, 43.81182149, 28.2], [4.36947118, 43.81171567, 27.8], [4.36928112, 43.81166766, 28], [4.36938047, 43.8115089, 28], [4.36933533, 43.81149237, 28], [4.36947553, 43.8112746, 28], [4.36978794, 43.81134538, 28]]]]}, "geometry_name": "geometrie", "properties": {"cleabs": "EQ_RESEA0000000027764975", "nature": "Parking", "nature_detaillee": null, "toponyme": null, "statut_du_toponyme": null, "importance": "5", "numero": null, "fictif": false, "adresse_postale": null, "etat_de_l_objet": "En service", "date_creation": "2006-09-28T13:44:41.164Z", "date_modification": "2022-11-03T15:21:01.685Z", "date_d_apparition": null, "date_de_confirmation": "2021-08-11Z", "sources": null, "identifiants_sources": null, "methode_d_acquisition_planimetrique": "Photogrammétrie", "precision_planimetrique": 2.5, "methode_d_acquisition_altimetrique": "Photogrammétrie", "precision_altimetrique": 1.5, "insee_commune": "30189", "commune": "NIMES", "identifiant_voie_ban": null, "id_ban_odonyme": null, "source": "bdtopo"}}, {"type": "Feature", "id": "equipement_de_transport.6608", "geometry": {"type": "MultiPolygon", "coordinates": [[[[4.36831081, 43.81059261, 28.5], [4.36811635, 43.81103606, 29], [4.3676879, 43.81094603, 28.4], [4.36753773, 43.81111082, 28.4], [4.36803135, 43.81122343, 29.3], [4.36784576, 43.81167397, 28.8], [4.36864935, 43.81185919, 28.9], [4.36856348, 43.81206188, 28.8], [4.36734727, 43.81177383, 28.8], [4.36735502, 43.81173413, 28.8], [4.36730249, 43.81172039, 28.6], [4.36727566, 43.81158572, 28.5], [4.36717864, 43.81142673, 28.5], [4.36797201, 43.81050956, 28.2], [4.36808202, 43.81053608, 28.2], [4.36831081, 43.81059261, 28.5]]]]}, "geometry_name": "geometrie", "properties": {"cleabs": "EQ_RESEA0000000027764977", "nature": "Parking", "nature_detaillee": null, "toponyme": null, "statut_du_toponyme": null, "importance": "5", "numero": null, "fictif": false, "adresse_postale": null, "etat_de_l_objet": "En service", "date_creation": "2006-09-28T13:44:41.164Z", "date_modification": null, "date_d_apparition": null, "date_de_confirmation": null, "sources": null, "identifiants_sources": null, "methode_d_acquisition_planimetrique": "Photogrammétrie", "precision_planimetrique": 2.5, "methode_d_acquisition_altimetrique": "Photogrammétrie", "precision_altimetrique": 1.5, "insee_commune": "30189", "commune": "NIMES", "identifiant_voie_ban": null, "id_ban_odonyme": null, "source": "bdtopo"}}, {"type": "Feature", "id": "equipement_de_transport.6617", "geometry": {"type": "MultiPolygon", "coordinates": [[[[4.50294316, 43.92092408, 201.7], [4.50304867, 43.92195145, 205.3], [4.50319997, 43.92268386, 205.9], [4.50287117, 43.92272979, 204.8], [4.50295154, 43.92303923, 203.2], [4.50270408, 43.92310024, 202.9], [4.50197988, 43.92326412, 200.9], [4.50185182, 43.92284643, 201], [4.50163946, 43.92215896, 200.7], [4.50163172, 43.92195924, 201], [4.50203923, 43.92173401, 201.6], [4.50198611, 43.92099305, 199.2], [4.50219242, 43.92097761, 199.7], [4.50270329, 43.92094178, 200.9], [4.50294316, 43.92092408, 201.7]]]]}, "geometry_name": "geometrie", "properties": {"cleabs": "EQ_RESEA0000000027764948", "nature": "Parking", "nature_detaillee": null, "toponyme": null, "statut_du_toponyme": null, "importance": "5", "numero": null, "fictif": false, "adresse_postale": null, "etat_de_l_objet": "En service", "date_creation": "2006-09-28T13:44:41.164Z", "date_modification": "2016-07-25T13:25:33.706Z", "date_d_apparition": null, "date_de_confirmation": null, "sources": null, "identifiants_sources": null, "methode_d_acquisition_planimetrique": "Photogrammétrie", "precision_planimetrique": 2.5, "methode_d_acquisition_altimetrique": "Photogrammétrie", "precision_altimetrique": 1.5, "insee_commune": "30145", "commune": "LEDENON", "identifiant_voie_ban": null, "id_ban_odonyme": null, "source": "bdtopo"}}, {"type": "Feature", "id": "equipement_de_transport.6618", "geometry": {"type": "MultiPolygon", "coordinates": [[[[4.45195691, 43.87639951, 68.6], [4.45189522, 43.87617532, 68.6], [4.45318756, 43.87669456, 68.6], [4.45325703, 43.87688175, 70], [4.45320996, 43.87693909, 69], [4.45319118, 43.87698344, 69.7], [4.45293977, 43.87702999, 70], [4.45209063, 43.87666686, 69.1], [4.45195691, 43.87639951, 68.6]]]]}, "geometry_name": "geometrie", "properties": {"cleabs": "EQ_RESEA0000000027764951", "nature": "Parking", "nature_detaillee": null, "toponyme": null, "statut_du_toponyme": null, "importance": "5", "numero": null, "fictif": false, "adresse_postale": null, "etat_de_l_objet": "En service", "date_creation": "2006-09-28T13:44:41.164Z", "date_modification": null, "date_d_apparition": null, "date_de_confirmation": null, "sources": null, "identifiants_sources": null, "methode_d_acquisition_planimetrique": "Photogrammétrie", "precision_planimetrique": 2.5, "methode_d_acquisition_altimetrique": "Photogrammétrie", "precision_altimetrique": 1.5, "insee_commune": "30156", "commune": "MARGUERITTES", "identifiant_voie_ban": null, "id_ban_odonyme": null, "source": "bdtopo"}}, {"type": "Feature", "id": "equipement_de_transport.6619", "geometry": {"type": "MultiPolygon", "coordinates": [[[[4.44765751, 43.87427484, 69.3], [4.44677092, 43.87390406, 69.1], [4.44696133, 43.87429847, 69.6], [4.4469968, 43.87437271, 69.6], [4.44706154, 43.87442315, 69.6], [4.4472819, 43.87452644, 69.6], [4.44781503, 43.87474619, 70], [4.44771502, 43.87448199, 69.3], [4.44765751, 43.87427484, 69.3]]]]}, "geometry_name": "geometrie", "properties": {"cleabs": "EQ_RESEA0000000027764952", "nature": "Parking", "nature_detaillee": null, "toponyme": null, "statut_du_toponyme": null, "importance": "5", "numero": null, "fictif": false, "adresse_postale": null, "etat_de_l_objet": "En service", "date_creation": "2006-09-28T13:44:41.164Z", "date_modification": null, "date_d_apparition": null, "date_de_confirmation": null, "sources": null, "identifiants_sources": null, "methode_d_acquisition_planimetrique": "Photogrammétrie", "precision_planimetrique": 2.5, "methode_d_acquisition_altimetrique": "Photogrammétrie", "precision_altimetrique": 1.5, "insee_commune": "30156", "commune": "MARGUERITTES", "identifiant_voie_ban": null, "id_ban_odonyme": null, "source": "bdtopo"}}, {"type": "Feature", "id": "equipement_de_transport.6621", "geometry": {"type": "MultiPolygon", "coordinates": [[[[4.403846, 43.85699712, 62.7], [4.40379641, 43.85720657, 62.5], [4.40367282, 43.85723876, 62.7], [4.40367185, 43.85730088, 62.9], [4.4031442, 43.85734097, 62.6], [4.40299902, 43.85735544, 62.6], [4.40295223, 43.85737494, 62.6], [4.40292816, 43.85740765, 62.6], [4.40292129, 43.85743204, 62.6], [4.40295737, 43.85763499, 62.6], [4.40310255, 43.85838017, 62.6], [4.40313895, 43.85849491, 62.6], [4.40337302, 43.85865571, 63.1], [4.40392839, 43.85857836, 62], [4.40405904, 43.85908611, 63.5], [4.40412079, 43.85911862, 63.6], [4.40409708, 43.85921703, 63.6], [4.40404965, 43.85921044, 63.6], [4.40401592, 43.85925498, 63.7], [4.4033886, 43.85913794, 63.4], [4.40335721, 43.85927785, 64.1], [4.40328961, 43.85946323, 64.2], [4.40324207, 43.85950255, 64.2], [4.40314545, 43.85951909, 64.2], [4.40308718, 43.85952704, 64.2], [4.40300977, 43.85951544, 64.2], [4.40295841, 43.8595008, 64.2], [4.40288593, 43.85933522, 63.9], [4.40301833, 43.85925611, 63.8], [4.40308273, 43.85919408, 63.7], [4.40310981, 43.85913162, 63.7], [4.40306448, 43.85880549, 63.9], [4.40318808, 43.8587733, 63.3], [4.40317208, 43.858679, 63.1], [4.4030781, 43.8586001, 63], [4.40302834, 43.85854944, 63], [4.4029408, 43.85822654, 63.2], [4.4027816, 43.85746714, 62.7], [4.40268595, 43.85701654, 62.3], [4.40262225, 43.85660063, 61.8], [4.40270299, 43.85654559, 61.7], [4.40312714, 43.85659594, 61.4], [4.40355082, 43.85662739, 62.4], [4.40360568, 43.8567338, 62.1], [4.40368086, 43.85700915, 62.5], [4.403846, 43.85699712, 62.7]]]]}, "geometry_name": "geometrie", "properties": {"cleabs": "EQ_RESEA0000000027764955", "nature": "Parking", "nature_detaillee": null, "toponyme": null, "statut_du_toponyme": null, "importance": "5", "numero": null, "fictif": false, "adresse_postale": null, "etat_de_l_objet": "En service", "date_creation": "2006-09-28T13:44:41.164Z", "date_modification": null, "date_d_apparition": null, "date_de_confirmation": null, "sources": null, "identifiants_sources": null, "methode_d_acquisition_planimetrique": "Photogrammétrie", "precision_planimetrique": 2.5, "methode_d_acquisition_altimetrique": "Photogrammétrie", "precision_altimetrique": 1.5, "insee_commune": "30189", "commune": "NIMES", "identifiant_voie_ban": null, "id_ban_odonyme": null, "source": "bdtopo"}}, {"type": "Feature", "id": "equipement_de_transport.6622", "geometry": {"type": "MultiPolygon", "coordinates": [[[[4.39113835, 43.83144103, 34.8], [4.3909988, 43.83214394, 34.6], [4.39107828, 43.83214023, 35], [4.3909446, 43.83293127, 35.2], [4.39082833, 43.83351778, 34.6], [4.39081604, 43.83362594, 34.6], [4.39172228, 43.83356848, 34.6], [4.39173224, 43.83351795, 34.9], [4.39174547, 43.83339717, 33.7], [4.3920088, 43.8330293, 35], [4.39239065, 43.83303522, 35.6], [4.39242975, 43.83290512, 35.4], [4.39260555, 43.83287407, 35.7], [4.39243575, 43.83223271, 35.2], [4.39226322, 43.83224481, 36], [4.39221155, 43.83196106, 35.5], [4.39243907, 43.83190955, 35.3], [4.39239582, 43.8318183, 35.1], [4.39224212, 43.83142965, 34.5], [4.39200571, 43.83147317, 34.6], [4.39196845, 43.83132153, 34.5], [4.39113835, 43.83144103, 34.8]]]]}, "geometry_name": "geometrie", "properties": {"cleabs": "EQ_RESEA0000000027764958", "nature": "Parking", "nature_detaillee": null, "toponyme": null, "statut_du_toponyme": null, "importance": "5", "numero": null, "fictif": false, "adresse_postale": null, "etat_de_l_objet": "En service", "date_creation": "2006-09-28T13:44:41.164Z", "date_modification": "2017-03-17T08:28:07.050Z", "date_d_apparition": null, "date_de_confirmation": "2010-07-01Z", "sources": null, "identifiants_sources": null, "methode_d_acquisition_planimetrique": "Photogrammétrie", "precision_planimetrique": 2.5, "methode_d_acquisition_altimetrique": "Photogrammétrie", "precision_altimetrique": 1.5, "insee_commune": "30189", "commune": "NIMES", "identifiant_voie_ban": null, "id_ban_odonyme": null, "source": "bdtopo"}}, {"type": "Feature", "id": "equipement_de_transport.6623", "geometry": {"type": "MultiPolygon", "coordinates": [[[[4.39000595, 43.83104235, 35], [4.39025297, 43.83112831, 34.2], [4.39070846, 43.83037997, 34.4], [4.39052407, 43.83031301, 34.4], [4.39016223, 43.83051564, 34.9], [4.39006508, 43.83040617, 35.1], [4.38991016, 43.83047745, 34.5], [4.39005335, 43.83069073, 34.4], [4.39000595, 43.83104235, 35]]]]}, "geometry_name": "geometrie", "properties": {"cleabs": "EQ_RESEA0000000027764959", "nature": "Parking", "nature_detaillee": null, "toponyme": null, "statut_du_toponyme": null, "importance": "5", "numero": null, "fictif": false, "adresse_postale": null, "etat_de_l_objet": "En service", "date_creation": "2006-09-28T13:44:41.164Z", "date_modification": null, "date_d_apparition": null, "date_de_confirmation": null, "sources": null, "identifiants_sources": null, "methode_d_acquisition_planimetrique": "Photogrammétrie", "precision_planimetrique": 2.5, "methode_d_acquisition_altimetrique": "Photogrammétrie", "precision_altimetrique": 1.5, "insee_commune": "30189", "commune": "NIMES", "identifiant_voie_ban": null, "id_ban_odonyme": null, "source": "bdtopo"}}, {"type": "Feature", "id": "equipement_de_transport.6624", "geometry": {"type": "MultiPolygon", "coordinates": [[[[4.38775355, 43.81989799, 31.6], [4.38656623, 43.82055571, 31.6], [4.3865445, 43.82063339, 31.6], [4.38654103, 43.82069554, 31.6], [4.38661403, 43.82078371, 31.6], [4.3868641, 43.82099744, 31.6], [4.38784218, 43.82042518, 31.6], [4.38779892, 43.82038433, 31.6], [4.38798122, 43.8202641, 31.6], [4.38799892, 43.82012257, 31.6], [4.38775355, 43.81989799, 31.6]]]]}, "geometry_name": "geometrie", "properties": {"cleabs": "EQ_RESEA0000000027764961", "nature": "Parking", "nature_detaillee": null, "toponyme": null, "statut_du_toponyme": null, "importance": "5", "numero": null, "fictif": false, "adresse_postale": null, "etat_de_l_objet": "En service", "date_creation": "2006-09-28T13:44:41.164Z", "date_modification": null, "date_d_apparition": null, "date_de_confirmation": null, "sources": null, "identifiants_sources": null, "methode_d_acquisition_planimetrique": "Photogrammétrie", "precision_planimetrique": 2.5, "methode_d_acquisition_altimetrique": "Photogrammétrie", "precision_altimetrique": 1.5, "insee_commune": "30189", "commune": "NIMES", "identifiant_voie_ban": null, "id_ban_odonyme": null, "source": "bdtopo"}}, {"type": "Feature", "id": "equipement_de_transport.6625", "geometry": {"type": "MultiPolygon", "coordinates": [[[[4.36499822, 43.82239298, 33.4], [4.36505209, 43.8224103, 33.6], [4.36507977, 43.82237215, 33.5], [4.36582104, 43.82264818, 33.6], [4.36658877, 43.82293917, 33.6], [4.366851, 43.82304029, 33.6], [4.36693536, 43.82308514, 33.6], [4.36733548, 43.82328623, 33.6], [4.36802765, 43.82363936, 33.6], [4.3686759, 43.82397504, 33.3], [4.36894316, 43.82413009, 33.3], [4.36899285, 43.82418076, 33.3], [4.36905562, 43.82425828, 33.4], [4.36908771, 43.82435238, 33.2], [4.36907768, 43.82445241, 33.2], [4.36905054, 43.82451305, 33.2], [4.36896734, 43.824569, 33.2], [4.36885134, 43.82460466, 33.2], [4.36875545, 43.82459776, 33.2], [4.3686814, 43.82456809, 33.2], [4.36854222, 43.82451853, 33.2], [4.36836402, 43.82444877, 33.5], [4.36858526, 43.82413548, 33.9], [4.36854635, 43.82411977, 33.8], [4.36849978, 43.82409605, 33.7], [4.36847696, 43.82407744, 33.8], [4.36845251, 43.82404264, 33.8], [4.36844436, 43.82401394, 33.8], [4.36841144, 43.82393695, 33.8], [4.36836072, 43.82389529, 33.8], [4.36829427, 43.82387182, 33.8], [4.3682667, 43.82391447, 33.8], [4.36751139, 43.82362423, 33.8], [4.36754644, 43.82358239, 33.8], [4.36725792, 43.82347351, 33.8], [4.36722784, 43.82351528, 33.8], [4.36646639, 43.82322782, 33.7], [4.36650007, 43.82318059, 33.7], [4.36574744, 43.82289751, 33.6], [4.36533102, 43.82274252, 34], [4.3652721, 43.82272166, 33.9], [4.36519807, 43.82269288, 33.9], [4.36497473, 43.82260658, 33.2], [4.36497589, 43.82260296, 33.2], [4.36488281, 43.82255733, 33], [4.36499822, 43.82239298, 33.4]]]]}, "geometry_name": "geometrie", "properties": {"cleabs": "EQ_RESEA0000000027764962", "nature": "Parking", "nature_detaillee": null, "toponyme": null, "statut_du_toponyme": null, "importance": "5", "numero": null, "fictif": false, "adresse_postale": null, "etat_de_l_objet": "En service", "date_creation": "2006-09-28T13:44:41.164Z", "date_modification": "2017-03-17T08:28:07.050Z", "date_d_apparition": null, "date_de_confirmation": "2010-07-01Z", "sources": null, "identifiants_sources": null, "methode_d_acquisition_planimetrique": "Photogrammétrie", "precision_planimetrique": 2.5, "methode_d_acquisition_altimetrique": "Photogrammétrie", "precision_altimetrique": 1.5, "insee_commune": "30189", "commune": "NIMES", "identifiant_voie_ban": null, "id_ban_odonyme": null, "source": "bdtopo"}}, {"type": "Feature", "id": "equipement_de_transport.6626", "geometry": {"type": "MultiPolygon", "coordinates": [[[[4.39337371, 43.81751413, 31.6], [4.39349805, 43.81741354, 31.5], [4.39378557, 43.81768438, 31.1], [4.39361286, 43.81778919, 31.1], [4.39356736, 43.81775827, 31.1], [4.39301986, 43.81809197, 31.8], [4.39271536, 43.81783845, 31.5], [4.39266578, 43.81779319, 31.6], [4.39189199, 43.81827738, 31.6], [4.3919497, 43.81829915, 31.7], [4.3920715, 43.8184515, 31.5], [4.39123593, 43.81895178, 31.8], [4.39141653, 43.81911958, 31.8], [4.39096933, 43.8193872, 30.8], [4.39091702, 43.81933206, 31.4], [4.3906393, 43.81905479, 31.1], [4.39044619, 43.81888355, 31.1], [4.39033654, 43.81871934, 31.1], [4.39032533, 43.81866728, 31.1], [4.39031506, 43.81860261, 31.4], [4.39030738, 43.81854241, 31.4], [4.39031073, 43.81847576, 31.4], [4.39033252, 43.81840078, 31.4], [4.39035988, 43.81835003, 31.4], [4.39049196, 43.81826104, 31.4], [4.3906514, 43.81817261, 31.4], [4.39084005, 43.8180586, 31.4], [4.39126284, 43.8178102, 31.4], [4.39163892, 43.81758309, 31.4], [4.39191192, 43.8174113, 31.5], [4.39200756, 43.81735697, 31.5], [4.39212601, 43.81732126, 31.5], [4.39226584, 43.81729518, 31.5], [4.39233509, 43.81728079, 31.5], [4.3924521, 43.8172874, 31.5], [4.39261761, 43.81729518, 31.1], [4.39269881, 43.81731215, 31.1], [4.39292325, 43.81734078, 31.6], [4.393013, 43.81735133, 31.6], [4.3930754, 43.81736134, 31.6], [4.39313012, 43.81736244, 31.6], [4.39321073, 43.81735511, 31.6], [4.39333041, 43.81747148, 31.6], [4.39337371, 43.81751413, 31.6]]]]}, "geometry_name": "geometrie", "properties": {"cleabs": "EQ_RESEA0000000027764964", "nature": "Parking", "nature_detaillee": null, "toponyme": null, "statut_du_toponyme": null, "importance": "5", "numero": null, "fictif": false, "adresse_postale": null, "etat_de_l_objet": "En service", "date_creation": "2006-09-28T13:44:41.164Z", "date_modification": null, "date_d_apparition": null, "date_de_confirmation": null, "sources": null, "identifiants_sources": null, "methode_d_acquisition_planimetrique": "Photogrammétrie", "precision_planimetrique": 2.5, "methode_d_acquisition_altimetrique": "Photogrammétrie", "precision_altimetrique": 1.5, "insee_commune": "30189", "commune": "NIMES", "identifiant_voie_ban": null, "id_ban_odonyme": null, "source": "bdtopo"}}, {"type": "Feature", "id": "equipement_de_transport.6627", "geometry": {"type": "MultiPolygon", "coordinates": [[[[4.39393101, 43.81763391, 31.7], [4.39456278, 43.81723972, 31.5], [4.39475876, 43.81732452, 31.5], [4.39429693, 43.81790825, 31.1], [4.39424855, 43.81791246, 31.1], [4.39393101, 43.81763391, 31.7]]]]}, "geometry_name": "geometrie", "properties": {"cleabs": "EQ_RESEA0000000027764965", "nature": "Parking", "nature_detaillee": null, "toponyme": null, "statut_du_toponyme": null, "importance": "5", "numero": null, "fictif": false, "adresse_postale": null, "etat_de_l_objet": "En service", "date_creation": "2006-09-28T13:44:41.164Z", "date_modification": null, "date_d_apparition": null, "date_de_confirmation": null, "sources": null, "identifiants_sources": null, "methode_d_acquisition_planimetrique": "Photogrammétrie", "precision_planimetrique": 2.5, "methode_d_acquisition_altimetrique": "Photogrammétrie", "precision_altimetrique": 1.5, "insee_commune": "30189", "commune": "NIMES", "identifiant_voie_ban": null, "id_ban_odonyme": null, "source": "bdtopo"}}, {"type": "Feature", "id": "equipement_de_transport.6628", "geometry": {"type": "MultiPolygon", "coordinates": [[[[4.36608517, 43.81383, 30.5], [4.36585134, 43.81408314, 30.6], [4.36609501, 43.81413769, 31], [4.36544463, 43.81480015, 31.7], [4.3657463, 43.81494128, 31.6], [4.36744873, 43.81560036, 32], [4.3671944, 43.81587986, 32.2], [4.3664145, 43.81559623, 32], [4.36536517, 43.81522056, 32.1], [4.3642069, 43.81481025, 32.1], [4.3646683, 43.81435266, 31.6], [4.36468961, 43.81436049, 31.6], [4.36484514, 43.81421094, 30.8], [4.36537413, 43.81366971, 30.4], [4.36608517, 43.81383, 30.5]]]]}, "geometry_name": "geometrie", "properties": {"cleabs": "EQ_RESEA0000000027764969", "nature": "Parking", "nature_detaillee": null, "toponyme": null, "statut_du_toponyme": null, "importance": "5", "numero": null, "fictif": false, "adresse_postale": null, "etat_de_l_objet": "En service", "date_creation": "2006-09-28T13:44:41.164Z", "date_modification": null, "date_d_apparition": null, "date_de_confirmation": null, "sources": null, "identifiants_sources": null, "methode_d_acquisition_planimetrique": "Photogrammétrie", "precision_planimetrique": 2.5, "methode_d_acquisition_altimetrique": "Photogrammétrie", "precision_altimetrique": 1.5, "insee_commune": "30189", "commune": "NIMES", "identifiant_voie_ban": null, "id_ban_odonyme": null, "source": "bdtopo"}}, {"type": "Feature", "id": "equipement_de_transport.6629", "geometry": {"type": "MultiPolygon", "coordinates": [[[[4.35119075, 43.81816921, 34.2], [4.35107666, 43.81854863, 33.7], [4.35066277, 43.81844485, 33.8], [4.35009725, 43.81828895, 33.7], [4.34971909, 43.81817123, 33.4], [4.34919947, 43.81806426, 33.5], [4.34927437, 43.81786713, 33.5], [4.35018395, 43.81801247, 34.3], [4.35088653, 43.81812977, 34.5], [4.35119075, 43.81816921, 34.2]]]]}, "geometry_name": "geometrie", "properties": {"cleabs": "EQ_RESEA0000000027764970", "nature": "Parking", "nature_detaillee": null, "toponyme": null, "statut_du_toponyme": null, "importance": "5", "numero": null, "fictif": false, "adresse_postale": null, "etat_de_l_objet": "En service", "date_creation": "2006-09-28T13:44:41.164Z", "date_modification": null, "date_d_apparition": null, "date_de_confirmation": null, "sources": null, "identifiants_sources": null, "methode_d_acquisition_planimetrique": "Photogrammétrie", "precision_planimetrique": 2.5, "methode_d_acquisition_altimetrique": "Photogrammétrie", "precision_altimetrique": 1.5, "insee_commune": "30189", "commune": "NIMES", "identifiant_voie_ban": null, "id_ban_odonyme": null, "source": "bdtopo"}}, {"type": "Feature", "id": "equipement_de_transport.6630", "geometry": {"type": "MultiPolygon", "coordinates": [[[[4.35057615, 43.81377841, 30.5], [4.35082664, 43.81291218, 30.9], [4.35014552, 43.81280632, 30.9], [4.34952679, 43.81271047, 30.9], [4.34927619, 43.8135731, 30.2], [4.34944834, 43.81359977, 30.2], [4.34945163, 43.81358082, 30.2], [4.34951519, 43.81358814, 30.2], [4.34952784, 43.81354478, 30.4], [4.34964885, 43.81356398, 30.5], [4.34966152, 43.81352153, 30.6], [4.34971889, 43.81352982, 30.8], [4.3497339, 43.81348103, 30.9], [4.34993353, 43.81351366, 30.9], [4.35016684, 43.81355127, 30.9], [4.35013837, 43.81366143, 30.7], [4.35020199, 43.81367144, 30.6], [4.35019635, 43.81369581, 30.5], [4.35032984, 43.81371666, 30.6], [4.35031927, 43.81374289, 30.6], [4.35057615, 43.81377841, 30.5]]]]}, "geometry_name": "geometrie", "properties": {"cleabs": "EQ_RESEA0000000027764971", "nature": "Parking", "nature_detaillee": null, "toponyme": null, "statut_du_toponyme": null, "importance": "5", "numero": null, "fictif": false, "adresse_postale": null, "etat_de_l_objet": "En service", "date_creation": "2006-09-28T13:44:41.164Z", "date_modification": null, "date_d_apparition": null, "date_de_confirmation": null, "sources": null, "identifiants_sources": null, "methode_d_acquisition_planimetrique": "Photogrammétrie", "precision_planimetrique": 2.5, "methode_d_acquisition_altimetrique": "Photogrammétrie", "precision_altimetrique": 1.5, "insee_commune": "30189", "commune": "NIMES", "identifiant_voie_ban": null, "id_ban_odonyme": null, "source": "bdtopo"}}, {"type": "Feature", "id": "equipement_de_transport.6631", "geometry": {"type": "MultiPolygon", "coordinates": [[[[4.34102869, 43.80993347, 30.3], [4.34049156, 43.81045398, 30.7], [4.34047905, 43.81045053, 30.7], [4.34025315, 43.81035701, 30.7], [4.33878559, 43.80962353, 30], [4.3387925, 43.80944074, 30], [4.33867552, 43.80938097, 30.7], [4.33943223, 43.80894957, 29.9], [4.34102164, 43.80973915, 30], [4.34101605, 43.80992462, 30.2], [4.34102869, 43.80993347, 30.3]]]]}, "geometry_name": "geometrie", "properties": {"cleabs": "EQ_RESEA0000000027764978", "nature": "Parking", "nature_detaillee": null, "toponyme": null, "statut_du_toponyme": null, "importance": "5", "numero": null, "fictif": false, "adresse_postale": null, "etat_de_l_objet": "En service", "date_creation": "2006-09-28T13:44:41.164Z", "date_modification": "2025-06-05T06:18:03.751Z", "date_d_apparition": null, "date_de_confirmation": "2024-07-18Z", "sources": null, "identifiants_sources": null, "methode_d_acquisition_planimetrique": "Photogrammétrie", "precision_planimetrique": 2.5, "methode_d_acquisition_altimetrique": "Photogrammétrie", "precision_altimetrique": 1.5, "insee_commune": "30189", "commune": "NIMES", "identifiant_voie_ban": null, "id_ban_odonyme": null, "source": "bdtopo"}}, {"type": "Feature", "id": "equipement_de_transport.6632", "geometry": {"type": "MultiPolygon", "coordinates": [[[[4.4232057, 43.75899103, 90.6], [4.42330532, 43.75910223, 90.3], [4.42332857, 43.75918832, 90.4], [4.42332052, 43.75936393, 90.5], [4.4232798, 43.75992337, 90.5], [4.42301423, 43.76047944, 90.8], [4.42276691, 43.76097047, 91.2], [4.42244291, 43.7608748, 91.5], [4.42243574, 43.7608362, 91.6], [4.42234031, 43.76074384, 91.6], [4.4223839, 43.76059927, 91.3], [4.42288327, 43.76060625, 91.3], [4.42293266, 43.7599459, 91.3], [4.42254254, 43.7599375, 91.7], [4.42254622, 43.75983575, 91.6], [4.42245676, 43.75983331, 91.8], [4.42248118, 43.75911749, 91.4], [4.4225198, 43.75902249, 91.3], [4.42259003, 43.75895047, 90.8], [4.42269445, 43.75890501, 90.7], [4.4232057, 43.75899103, 90.6]]]]}, "geometry_name": "geometrie", "properties": {"cleabs": "EQ_RESEA0000000027764985", "nature": "Parking", "nature_detaillee": null, "toponyme": null, "statut_du_toponyme": null, "importance": "5", "numero": null, "fictif": false, "adresse_postale": null, "etat_de_l_objet": "En service", "date_creation": "2006-09-28T13:44:41.164Z", "date_modification": null, "date_d_apparition": null, "date_de_confirmation": null, "sources": null, "identifiants_sources": null, "methode_d_acquisition_planimetrique": "Photogrammétrie", "precision_planimetrique": 2.5, "methode_d_acquisition_altimetrique": "Photogrammétrie", "precision_altimetrique": 1.5, "insee_commune": "30258", "commune": "SAINT-GILLES", "identifiant_voie_ban": null, "id_ban_odonyme": null, "source": "bdtopo"}}, {"type": "Feature", "id": "equipement_de_transport.6633", "geometry": {"type": "MultiPolygon", "coordinates": [[[[4.24532646, 43.73377211, 16.8], [4.24535499, 43.73382848, 16.8], [4.24506102, 43.73446451, 16.8], [4.24457362, 43.73459607, 16.8], [4.24442151, 43.73433592, 16.8], [4.24441171, 43.73428474, 16.8], [4.24442086, 43.73419194, 16.8], [4.2446362, 43.7336495, 16.8], [4.2446929, 43.73357416, 16.8], [4.24476422, 43.73354365, 16.8], [4.24485092, 43.73353545, 16.8], [4.24493687, 43.73354977, 16.8], [4.24505582, 43.73359791, 16.8], [4.24504672, 43.73363581, 16.8], [4.2450119, 43.73363261, 16.8], [4.24498962, 43.73363556, 16.8], [4.24498123, 43.73364916, 16.8], [4.24500035, 43.73367234, 16.8], [4.24524334, 43.73377396, 16.8], [4.24532646, 43.73377211, 16.8]]]]}, "geometry_name": "geometrie", "properties": {"cleabs": "EQ_RESEA0000000027764986", "nature": "Parking", "nature_detaillee": null, "toponyme": null, "statut_du_toponyme": null, "importance": "5", "numero": null, "fictif": false, "adresse_postale": null, "etat_de_l_objet": "En service", "date_creation": "2006-09-28T13:44:41.164Z", "date_modification": null, "date_d_apparition": null, "date_de_confirmation": null, "sources": null, "identifiants_sources": null, "methode_d_acquisition_planimetrique": "Photogrammétrie", "precision_planimetrique": 2.5, "methode_d_acquisition_altimetrique": "Photogrammétrie", "precision_altimetrique": 1.5, "insee_commune": "30344", "commune": "VERGEZE", "identifiant_voie_ban": null, "id_ban_odonyme": null, "source": "bdtopo"}}, {"type": "Feature", "id": "equipement_de_transport.6634", "geometry": {"type": "MultiPolygon", "coordinates": [[[[4.21690624, 43.73689768, 19.9], [4.21632702, 43.73680065, 19.5], [4.21625736, 43.73702732, 19.5], [4.21685138, 43.73711968, 19.7], [4.2169909, 43.73714332, 19.7], [4.21697145, 43.73722093, 19.8], [4.21692707, 43.73741042, 19.8], [4.21756074, 43.73749963, 20.6], [4.21758361, 43.73740758, 20.6], [4.21769317, 43.73742345, 20.6], [4.21783369, 43.7371438, 20.6], [4.21808386, 43.73688451, 20.6], [4.21741567, 43.73680649, 20.1], [4.21738787, 43.73695799, 19.9], [4.21690624, 43.73689768, 19.9]]]]}, "geometry_name": "geometrie", "properties": {"cleabs": "EQ_RESEA0000000027764987", "nature": "Parking", "nature_detaillee": null, "toponyme": null, "statut_du_toponyme": null, "importance": "5", "numero": null, "fictif": false, "adresse_postale": null, "etat_de_l_objet": "En service", "date_creation": "2006-09-28T13:44:41.164Z", "date_modification": "2015-09-23T17:06:17.120Z", "date_d_apparition": null, "date_de_confirmation": null, "sources": null, "identifiants_sources": null, "methode_d_acquisition_planimetrique": "Photogrammétrie", "precision_planimetrique": 2.5, "methode_d_acquisition_altimetrique": "Photogrammétrie", "precision_altimetrique": 1.5, "insee_commune": "30344", "commune": "VERGEZE", "identifiant_voie_ban": null, "id_ban_odonyme": null, "source": "bdtopo"}}, {"type": "Feature", "id": "equipement_de_transport.6635", "geometry": {"type": "MultiPolygon", "coordinates": [[[[4.24112235, 43.728145, 14.5], [4.24113889, 43.72816371, 14.5], [4.24119993, 43.72823141, 14.8], [4.24100246, 43.72839655, 14.8], [4.24100848, 43.72844508, 14.8], [4.24101211, 43.72849813, 14.8], [4.24100248, 43.72856934, 14.8], [4.24096916, 43.72863542, 14.8], [4.24094019, 43.72867264, 14.8], [4.24070756, 43.72887598, 14.5], [4.2406381, 43.72893527, 14.5], [4.24035849, 43.72874587, 14.5], [4.24034209, 43.72873346, 14.5], [4.24034912, 43.72871448, 14.5], [4.24089006, 43.72824934, 14.9], [4.24104118, 43.72812162, 14.8], [4.24112235, 43.728145, 14.5]]]]}, "geometry_name": "geometrie", "properties": {"cleabs": "EQ_RESEA0000000027764989", "nature": "Parking", "nature_detaillee": null, "toponyme": null, "statut_du_toponyme": null, "importance": "5", "numero": null, "fictif": false, "adresse_postale": null, "etat_de_l_objet": "En service", "date_creation": "2006-09-28T13:44:41.164Z", "date_modification": "2022-11-02T06:47:39.295Z", "date_d_apparition": null, "date_de_confirmation": "2021-08-11Z", "sources": null, "identifiants_sources": null, "methode_d_acquisition_planimetrique": "Photogrammétrie", "precision_planimetrique": 2.5, "methode_d_acquisition_altimetrique": "Photogrammétrie", "precision_altimetrique": 1.5, "insee_commune": "30344", "commune": "VERGEZE", "identifiant_voie_ban": null, "id_ban_odonyme": null, "source": "bdtopo"}}, {"type": "Feature", "id": "equipement_de_transport.6636", "geometry": {"type": "MultiPolygon", "coordinates": [[[[4.24556278, 43.72654997, 15.1], [4.24549968, 43.72655879, 15.1], [4.24544509, 43.72655942, 15.1], [4.24530403, 43.72652143, 15.1], [4.24530476, 43.72649802, 15.1], [4.24528927, 43.7264703, 15.1], [4.24516282, 43.72647625, 15.1], [4.24516451, 43.72689651, 15.1], [4.24512866, 43.72804436, 15.1], [4.24514843, 43.72804053, 15.1], [4.24523198, 43.72817277, 15.1], [4.24527146, 43.72821911, 15.1], [4.24526539, 43.72822548, 15.1], [4.24528809, 43.72824232, 15.1], [4.24530411, 43.72823674, 15.1], [4.24529992, 43.72832948, 15.1], [4.2452804, 43.72834501, 15.1], [4.24524741, 43.72836878, 15.1], [4.24522497, 43.72887751, 15.1], [4.24529054, 43.72892536, 15.1], [4.24540979, 43.7289303, 15.1], [4.2454129, 43.72890236, 15.1], [4.24589483, 43.72892115, 14.6], [4.24590391, 43.72848276, 14.6], [4.24587152, 43.72842014, 14.6], [4.24587224, 43.72833913, 14.4], [4.24583996, 43.7283386, 14.4], [4.2458445, 43.72826206, 14.4], [4.24584599, 43.72815944, 14.4], [4.24589946, 43.72816423, 14.4], [4.2459093, 43.72804623, 14.4], [4.24584106, 43.72804701, 14.4], [4.24585825, 43.72763913, 14.4], [4.24590618, 43.72659104, 14.4], [4.2457641, 43.72656297, 14.4], [4.24570916, 43.7265474, 14.4], [4.24556278, 43.72654997, 15.1]]]]}, "geometry_name": "geometrie", "properties": {"cleabs": "EQ_RESEA0000000027764990", "nature": "Parking", "nature_detaillee": null, "toponyme": null, "statut_du_toponyme": null, "importance": "5", "numero": null, "fictif": false, "adresse_postale": null, "etat_de_l_objet": "En service", "date_creation": "2006-09-28T13:44:41.164Z", "date_modification": "2022-11-03T14:45:35.203Z", "date_d_apparition": null, "date_de_confirmation": "2021-08-11Z", "sources": null, "identifiants_sources": null, "methode_d_acquisition_planimetrique": "Photogrammétrie", "precision_planimetrique": 2.5, "methode_d_acquisition_altimetrique": "Photogrammétrie", "precision_altimetrique": 1.5, "insee_commune": "30344", "commune": "VERGEZE", "identifiant_voie_ban": null, "id_ban_odonyme": null, "source": "bdtopo"}}, {"type": "Feature", "id": "equipement_de_transport.6637", "geometry": {"type": "MultiPolygon", "coordinates": [[[[4.24719876, 43.72650964, 15.8], [4.24721416, 43.72647617, 15.7], [4.24752817, 43.72647797, 15.7], [4.2475313, 43.72633664, 15.7], [4.2465313, 43.7263472, 15.6], [4.24648297, 43.72635045, 15.6], [4.24634246, 43.72645195, 15.6], [4.24633336, 43.72648985, 15.6], [4.24632513, 43.72668164, 15.5], [4.24686407, 43.72669797, 15.8], [4.24719876, 43.72650964, 15.8]]]]}, "geometry_name": "geometrie", "properties": {"cleabs": "EQ_RESEA0000000027764992", "nature": "Parking", "nature_detaillee": null, "toponyme": null, "statut_du_toponyme": null, "importance": "5", "numero": null, "fictif": false, "adresse_postale": null, "etat_de_l_objet": "En service", "date_creation": "2006-09-28T13:44:41.164Z", "date_modification": null, "date_d_apparition": null, "date_de_confirmation": null, "sources": null, "identifiants_sources": null, "methode_d_acquisition_planimetrique": "Photogrammétrie", "precision_planimetrique": 2.5, "methode_d_acquisition_altimetrique": "Photogrammétrie", "precision_altimetrique": 1.5, "insee_commune": "30344", "commune": "VERGEZE", "identifiant_voie_ban": null, "id_ban_odonyme": null, "source": "bdtopo"}}, {"type": "Feature", "id": "equipement_de_transport.6638", "geometry": {"type": "MultiPolygon", "coordinates": [[[[4.20423619, 43.69300546, 8.4], [4.20392833, 43.69322845, 8.6], [4.20351039, 43.69352465, 8.9], [4.20311164, 43.69379004, 9.2], [4.20292894, 43.69389015, 9.6], [4.2028487, 43.69390813, 9.7], [4.20278422, 43.69390885, 9.7], [4.2025968, 43.69378403, 9.2], [4.20260352, 43.69374976, 9.2], [4.20281098, 43.69364757, 9.1], [4.20359737, 43.69323751, 9.1], [4.20325579, 43.69285882, 8.9], [4.20339911, 43.69277354, 8.8], [4.20405141, 43.69282932, 8.4], [4.20423619, 43.69300546, 8.4]]]]}, "geometry_name": "geometrie", "properties": {"cleabs": "EQ_RESEA0000000027764996", "nature": "Parking", "nature_detaillee": null, "toponyme": null, "statut_du_toponyme": null, "importance": "5", "numero": null, "fictif": false, "adresse_postale": null, "etat_de_l_objet": "En service", "date_creation": "2006-09-28T13:44:41.164Z", "date_modification": null, "date_d_apparition": null, "date_de_confirmation": null, "sources": null, "identifiants_sources": null, "methode_d_acquisition_planimetrique": "Photogrammétrie", "precision_planimetrique": 2.5, "methode_d_acquisition_altimetrique": "Photogrammétrie", "precision_altimetrique": 1.5, "insee_commune": "30006", "commune": "AIMARGUES", "identifiant_voie_ban": null, "id_ban_odonyme": null, "source": "bdtopo"}}, {"type": "Feature", "id": "equipement_de_transport.6639", "geometry": {"type": "MultiPolygon", "coordinates": [[[[4.12526494, 43.54708055, 2.1], [4.12567634, 43.54743081, 1.8], [4.12578201, 43.5475206, 1.6], [4.12574164, 43.54754352, 1.9], [4.12588894, 43.54767426, 1.9], [4.12554858, 43.54791894, 1.9], [4.12480061, 43.54787991, 1.9], [4.1247847, 43.54738337, 2.1], [4.12526494, 43.54708055, 2.1]]]]}, "geometry_name": "geometrie", "properties": {"cleabs": "EQ_RESEA0000000027764998", "nature": "Parking", "nature_detaillee": null, "toponyme": null, "statut_du_toponyme": null, "importance": "5", "numero": null, "fictif": false, "adresse_postale": null, "etat_de_l_objet": "En service", "date_creation": "2006-09-28T13:44:41.164Z", "date_modification": "2012-04-06T13:55:34.223Z", "date_d_apparition": null, "date_de_confirmation": null, "sources": null, "identifiants_sources": null, "methode_d_acquisition_planimetrique": "Photogrammétrie", "precision_planimetrique": 2.5, "methode_d_acquisition_altimetrique": "Photogrammétrie", "precision_altimetrique": 1.5, "insee_commune": "30133", "commune": "LE GRAU-DU-ROI", "identifiant_voie_ban": null, "id_ban_odonyme": null, "source": "bdtopo"}}, {"type": "Feature", "id": "equipement_de_transport.6640", "geometry": {"type": "MultiPolygon", "coordinates": [[[[4.14098826, 43.53419026, 1.5], [4.1411829, 43.53477399, 0.4], [4.14107394, 43.53483003, 0.4], [4.14089698, 43.53488768, 0.4], [4.14067501, 43.5349206, 0.3], [4.13972447, 43.53507456, 0.3], [4.13953064, 43.53434414, 1.3], [4.13999032, 43.53426103, 1.1], [4.14009638, 43.53455686, 1.2], [4.14026504, 43.53451729, 1.2], [4.14032746, 43.53442216, 1.2], [4.14027675, 43.53429762, 1.2], [4.14098826, 43.53419026, 1.5]]]]}, "geometry_name": "geometrie", "properties": {"cleabs": "EQ_RESEA0000000027765004", "nature": "Parking", "nature_detaillee": null, "toponyme": null, "statut_du_toponyme": null, "importance": "5", "numero": null, "fictif": false, "adresse_postale": null, "etat_de_l_objet": "En service", "date_creation": "2006-09-28T13:44:41.164Z", "date_modification": null, "date_d_apparition": null, "date_de_confirmation": null, "sources": null, "identifiants_sources": null, "methode_d_acquisition_planimetrique": "Photogrammétrie", "precision_planimetrique": 2.5, "methode_d_acquisition_altimetrique": "Photogrammétrie", "precision_altimetrique": 1.5, "insee_commune": "30133", "commune": "LE GRAU-DU-ROI", "identifiant_voie_ban": null, "id_ban_odonyme": null, "source": "bdtopo"}}, {"type": "Feature", "id": "equipement_de_transport.6641", "geometry": {"type": "MultiPolygon", "coordinates": [[[[4.14258866, 43.53344277, 1.8], [4.14176251, 43.53356844, 1.3], [4.14190593, 43.53406363, 1.2], [4.14187517, 43.53413414, 1.2], [4.14166698, 43.53417592, 1.2], [4.1416034, 43.5341505, 1.2], [4.14143577, 43.53417925, 0.6], [4.14156075, 43.53455586, 1.4], [4.14241232, 43.53402861, 1.5], [4.14258897, 43.53389357, 1.1], [4.14282643, 43.53358244, 1.1], [4.14280283, 43.5335152, 1.1], [4.14262149, 43.5335387, 1.1], [4.14258866, 43.53344277, 1.8]]]]}, "geometry_name": "geometrie", "properties": {"cleabs": "EQ_RESEA0000000027765005", "nature": "Parking", "nature_detaillee": null, "toponyme": null, "statut_du_toponyme": null, "importance": "5", "numero": null, "fictif": false, "adresse_postale": null, "etat_de_l_objet": "En service", "date_creation": "2006-09-28T13:44:41.164Z", "date_modification": null, "date_d_apparition": null, "date_de_confirmation": null, "sources": null, "identifiants_sources": null, "methode_d_acquisition_planimetrique": "Photogrammétrie", "precision_planimetrique": 2.5, "methode_d_acquisition_altimetrique": "Photogrammétrie", "precision_altimetrique": 1.5, "insee_commune": "30133", "commune": "LE GRAU-DU-ROI", "identifiant_voie_ban": null, "id_ban_odonyme": null, "source": "bdtopo"}}, {"type": "Feature", "id": "equipement_de_transport.6642", "geometry": {"type": "MultiPolygon", "coordinates": [[[[4.14365435, 43.52776811, 1.6], [4.14358607, 43.52812786, 1.8], [4.14375251, 43.5281639, 1.8], [4.14363956, 43.52851601, 1.9], [4.14380852, 43.52855472, 1.9], [4.1437082, 43.52885812, 1.9], [4.14399276, 43.5289262, 1.9], [4.14423104, 43.52834691, 1.8], [4.14451923, 43.52841136, 1.8], [4.14466081, 43.52794466, 1.1], [4.1442357, 43.52789786, 1.6], [4.14418896, 43.52803512, 1.6], [4.14392328, 43.52798303, 1.6], [4.14397182, 43.52781246, 1.6], [4.14365435, 43.52776811, 1.6]]]]}, "geometry_name": "geometrie", "properties": {"cleabs": "EQ_RESEA0000000027765007", "nature": "Parking", "nature_detaillee": null, "toponyme": null, "statut_du_toponyme": null, "importance": "5", "numero": null, "fictif": false, "adresse_postale": null, "etat_de_l_objet": "En service", "date_creation": "2006-09-28T13:44:41.164Z", "date_modification": null, "date_d_apparition": null, "date_de_confirmation": null, "sources": null, "identifiants_sources": null, "methode_d_acquisition_planimetrique": "Photogrammétrie", "precision_planimetrique": 2.5, "methode_d_acquisition_altimetrique": "Photogrammétrie", "precision_altimetrique": 1.5, "insee_commune": "30133", "commune": "LE GRAU-DU-ROI", "identifiant_voie_ban": null, "id_ban_odonyme": null, "source": "bdtopo"}}, {"type": "Feature", "id": "equipement_de_transport.6643", "geometry": {"type": "MultiPolygon", "coordinates": [[[[4.14107738, 43.52398274, 3.1], [4.14078554, 43.52416937, 3.1], [4.14156212, 43.52491614, 2.7], [4.14195686, 43.52530251, 2.7], [4.14224895, 43.52512847, 2.7], [4.14233096, 43.52458862, 2.8], [4.14233733, 43.52441129, 2.8], [4.14233934, 43.52420161, 2.8], [4.14160054, 43.52404922, 3.2], [4.14107738, 43.52398274, 3.1]]]]}, "geometry_name": "geometrie", "properties": {"cleabs": "EQ_RESEA0000000027765009", "nature": "Parking", "nature_detaillee": null, "toponyme": null, "statut_du_toponyme": null, "importance": "5", "numero": null, "fictif": false, "adresse_postale": null, "etat_de_l_objet": "En service", "date_creation": "2006-09-28T13:44:41.164Z", "date_modification": null, "date_d_apparition": null, "date_de_confirmation": null, "sources": null, "identifiants_sources": null, "methode_d_acquisition_planimetrique": "Photogrammétrie", "precision_planimetrique": 2.5, "methode_d_acquisition_altimetrique": "Photogrammétrie", "precision_altimetrique": 1.5, "insee_commune": "30133", "commune": "LE GRAU-DU-ROI", "identifiant_voie_ban": null, "id_ban_odonyme": null, "source": "bdtopo"}}, {"type": "Feature", "id": "equipement_de_transport.6644", "geometry": {"type": "MultiPolygon", "coordinates": [[[[4.12863945, 43.51206805, 1.6], [4.12842112, 43.5121567, 1.6], [4.12839485, 43.51207779, 1.6], [4.12808546, 43.51174718, 1.5], [4.12831178, 43.51137321, 1.3], [4.12822917, 43.51119591, 1.4], [4.12857039, 43.51106999, 1.4], [4.128844, 43.51102665, 1.4], [4.12908117, 43.51101608, 1.4], [4.1290438, 43.51156805, 1.5], [4.12901422, 43.51163584, 1.5], [4.12893654, 43.51170953, 1.5], [4.12884967, 43.51175543, 1.7], [4.12875129, 43.51178255, 1.7], [4.12861955, 43.51181001, 1.7], [4.12863945, 43.51206805, 1.6]]]]}, "geometry_name": "geometrie", "properties": {"cleabs": "EQ_RESEA0000000027765014", "nature": "Parking", "nature_detaillee": null, "toponyme": null, "statut_du_toponyme": null, "importance": "5", "numero": null, "fictif": false, "adresse_postale": null, "etat_de_l_objet": "En service", "date_creation": "2006-09-28T13:44:41.164Z", "date_modification": null, "date_d_apparition": null, "date_de_confirmation": null, "sources": null, "identifiants_sources": null, "methode_d_acquisition_planimetrique": "Photogrammétrie", "precision_planimetrique": 2.5, "methode_d_acquisition_altimetrique": "Photogrammétrie", "precision_altimetrique": 1.5, "insee_commune": "30133", "commune": "LE GRAU-DU-ROI", "identifiant_voie_ban": null, "id_ban_odonyme": null, "source": "bdtopo"}}, {"type": "Feature", "id": "equipement_de_transport.9930", "geometry": {"type": "MultiPolygon", "coordinates": [[[[4.13157055, 43.71122398, 38.9], [4.13156006, 43.71119529, 38.9], [4.13133188, 43.71107438, 39.8], [4.13237708, 43.71091592, 36.6], [4.1325688, 43.71107501, 35.6], [4.13265659, 43.71124868, 34.7], [4.13266386, 43.7113026, 35], [4.13264276, 43.71136492, 34.7], [4.132503, 43.71151216, 36.4], [4.13155058, 43.71165705, 38.7], [4.13158594, 43.71156309, 38.7], [4.13158796, 43.71153968, 38.7], [4.1315504, 43.71145997, 38.7], [4.13148803, 43.71144262, 38.7], [4.13083972, 43.71153305, 39.1], [4.13062506, 43.71140569, 38.9], [4.1312412, 43.7113201, 38.9], [4.13157272, 43.71127076, 38.9], [4.13157055, 43.71122398, 38.9]]]]}, "geometry_name": "geometrie", "properties": {"cleabs": "EQ_RESEA0000000044737421", "nature": "Parking", "nature_detaillee": null, "toponyme": null, "statut_du_toponyme": null, "importance": "5", "numero": null, "fictif": false, "adresse_postale": null, "etat_de_l_objet": "En service", "date_creation": "2006-12-12T10:20:44.306Z", "date_modification": null, "date_d_apparition": null, "date_de_confirmation": null, "sources": null, "identifiants_sources": null, "methode_d_acquisition_planimetrique": "Photogrammétrie", "precision_planimetrique": 2.5, "methode_d_acquisition_altimetrique": "Photogrammétrie", "precision_altimetrique": 1.5, "insee_commune": "34340", "commune": "VILLETELLE", "identifiant_voie_ban": null, "id_ban_odonyme": null, "source": "bdtopo"}}, {"type": "Feature", "id": "equipement_de_transport.9932", "geometry": {"type": "MultiPolygon", "coordinates": [[[[4.1531546, 43.68408988, 9.1], [4.15225556, 43.68408951, 9.4], [4.15225302, 43.68365488, 9.4], [4.15251985, 43.68354226, 9.5], [4.15251716, 43.68334701, 9.6], [4.15252449, 43.68309496, 8.5], [4.15252767, 43.68300673, 9.3], [4.15260576, 43.68300501, 9.3], [4.15260661, 43.68292401, 9.9], [4.15260706, 43.68288441, 9.9], [4.15200302, 43.6828773, 9.6], [4.15190889, 43.6828828, 9], [4.15189209, 43.68303416, 8.7], [4.15184259, 43.68303919, 8.6], [4.15178431, 43.6830389, 8.6], [4.15174064, 43.68302587, 8.6], [4.15158484, 43.68292403, 8.6], [4.15157113, 43.682674, 8.6], [4.15127186, 43.68246749, 8.6], [4.15095448, 43.68247084, 8.8], [4.15090341, 43.68208892, 9.4], [4.15090089, 43.68171639, 9.5], [4.1518528, 43.68169641, 9.7], [4.1518839, 43.68170148, 9.6], [4.15190279, 43.68171568, 9.6], [4.15191176, 43.68216194, 9.5], [4.15203327, 43.68216156, 9.4], [4.15265173, 43.68257796, 9.3], [4.15340068, 43.68313157, 9.8], [4.15342733, 43.68316188, 9.8], [4.15344189, 43.68320763, 9.8], [4.15346788, 43.68345123, 9.1], [4.15351083, 43.68453786, 9.1], [4.15317129, 43.68454956, 9.2], [4.1531546, 43.68408988, 9.1]]]]}, "geometry_name": "geometrie", "properties": {"cleabs": "EQ_RESEA0000000044737427", "nature": "Parking", "nature_detaillee": null, "toponyme": null, "statut_du_toponyme": null, "importance": "5", "numero": null, "fictif": false, "adresse_postale": null, "etat_de_l_objet": "En service", "date_creation": "2006-12-12T10:20:44.306Z", "date_modification": "2023-09-07T11:04:52.808Z", "date_d_apparition": null, "date_de_confirmation": "2009-07-01Z", "sources": null, "identifiants_sources": null, "methode_d_acquisition_planimetrique": "Photogrammétrie", "precision_planimetrique": 2.5, "methode_d_acquisition_altimetrique": "Photogrammétrie", "precision_altimetrique": 1.5, "insee_commune": "34145", "commune": "LUNEL", "identifiant_voie_ban": null, "id_ban_odonyme": null, "source": "bdtopo"}}, {"type": "Feature", "id": "equipement_de_transport.9964", "geometry": {"type": "MultiPolygon", "coordinates": [[[[4.07930388, 43.56189398, 1.8], [4.08037449, 43.56230265, 2.1], [4.0807693, 43.56178133, 2.1], [4.08068462, 43.56175247, 2.8], [4.08006245, 43.56150222, 2.7], [4.07978476, 43.56134301, 2.8], [4.07982644, 43.56125621, 2.5], [4.07959081, 43.56109659, 2.8], [4.0790076, 43.56087743, 2.4], [4.07874394, 43.56074058, 2.3], [4.07862355, 43.56065539, 2.3], [4.07855275, 43.56057511, 2.3], [4.07851542, 43.56049809, 2.5], [4.07828096, 43.56046623, 2.3], [4.07788704, 43.56037656, 1.9], [4.07768308, 43.56058554, 2.5], [4.07731908, 43.56103547, 2.3], [4.07729891, 43.56108156, 2.3], [4.07730457, 43.56111929, 2.3], [4.07735466, 43.56115119, 2.3], [4.07754016, 43.56121144, 2.3], [4.07793763, 43.56135776, 1.8], [4.07859203, 43.5616779, 1.5], [4.07922288, 43.56192988, 1.8], [4.07930388, 43.56189398, 1.8]]]]}, "geometry_name": "geometrie", "properties": {"cleabs": "EQ_RESEA0000000044737580", "nature": "Parking", "nature_detaillee": null, "toponyme": null, "statut_du_toponyme": null, "importance": "5", "numero": null, "fictif": false, "adresse_postale": null, "etat_de_l_objet": "En service", "date_creation": "2006-12-12T10:20:44.306Z", "date_modification": null, "date_d_apparition": null, "date_de_confirmation": null, "sources": null, "identifiants_sources": null, "methode_d_acquisition_planimetrique": "Photogrammétrie", "precision_planimetrique": 2.5, "methode_d_acquisition_altimetrique": "Photogrammétrie", "precision_altimetrique": 1.5, "insee_commune": "34344", "commune": "LA GRANDE-MOTTE", "identifiant_voie_ban": null, "id_ban_odonyme": null, "source": "bdtopo"}}, {"type": "Feature", "id": "equipement_de_transport.19107", "geometry": {"type": "MultiPolygon", "coordinates": [[[[4.45153322, 43.87720712, 71.5], [4.45153838, 43.87721425, 71.5], [4.45155241, 43.87722756, 71.5], [4.4515852, 43.87724513, 71.4], [4.45232985, 43.87756015, 70.9], [4.45270963, 43.87771711, 70.8], [4.45278758, 43.87774848, 70.8], [4.45286539, 43.87777444, 70.7], [4.45294407, 43.877786, 70.6], [4.45302242, 43.87778406, 70.5], [4.45309413, 43.877766, 70.4], [4.45315928, 43.87773453, 70.4], [4.45321047, 43.87769244, 70.2], [4.45325406, 43.87764506, 70.1], [4.45328044, 43.87760601, 70], [4.45334198, 43.87753048, 69.7], [4.45336594, 43.87749416, 69.7], [4.45338612, 43.87745609, 69.6], [4.45339878, 43.87741541, 69.5], [4.4534068, 43.8773397, 69.3], [4.45338971, 43.87735253, 69.3], [4.45336135, 43.87736281, 69.3], [4.45323351, 43.87737531, 69.3], [4.45317751, 43.87737516, 69.4], [4.45311764, 43.87736965, 69.5], [4.45305135, 43.87735613, 69.5], [4.45298358, 43.87733363, 69.5], [4.4525798, 43.87716259, 69.8], [4.45220629, 43.87700735, 69.9], [4.45177491, 43.87682677, 70.2], [4.45170693, 43.87679617, 70.2], [4.45165133, 43.87676271, 70.2], [4.45161181, 43.87672543, 70.2], [4.4515822, 43.87668622, 70.1], [4.45156002, 43.87664601, 70], [4.4514996, 43.87652081, 69.8], [4.45147881, 43.87648598, 69.7], [4.45145693, 43.87645747, 69.6], [4.45143782, 43.87643972, 69.6], [4.45113128, 43.87637359, 69.6], [4.45128585, 43.87672707, 70.3], [4.45133137, 43.87680477, 70.5], [4.45140344, 43.87694782, 70.8], [4.45146455, 43.87700191, 71], [4.45150177, 43.87714453, 71.3], [4.45153322, 43.87720712, 71.5]]]]}, "geometry_name": "geometrie", "properties": {"cleabs": "EQ_RESEA0000000118724795", "nature": "Parking", "nature_detaillee": null, "toponyme": null, "statut_du_toponyme": null, "importance": "5", "numero": null, "fictif": false, "adresse_postale": null, "etat_de_l_objet": "En service", "date_creation": "2008-03-12T07:00:44.770Z", "date_modification": "2008-06-13T06:48:33.356Z", "date_d_apparition": null, "date_de_confirmation": null, "sources": null, "identifiants_sources": null, "methode_d_acquisition_planimetrique": "Levé GPS", "precision_planimetrique": 2.5, "methode_d_acquisition_altimetrique": "Levé GPS", "precision_altimetrique": 1.5, "insee_commune": "30156", "commune": "MARGUERITTES", "identifiant_voie_ban": null, "id_ban_odonyme": null, "source": "bdtopo"}}, {"type": "Feature", "id": "equipement_de_transport.19862", "geometry": {"type": "MultiPolygon", "coordinates": [[[[4.13133188, 43.71107438, 39.8], [4.13055107, 43.71117698, 40.7], [4.1303873, 43.71136497, 40.7], [4.13156006, 43.71119529, 38.9], [4.13133188, 43.71107438, 39.8]]]]}, "geometry_name": "geometrie", "properties": {"cleabs": "EQ_RESEA0000000128731347", "nature": "Parking", "nature_detaillee": null, "toponyme": null, "statut_du_toponyme": null, "importance": "5", "numero": null, "fictif": false, "adresse_postale": null, "etat_de_l_objet": "En service", "date_creation": "2008-04-23T05:04:51.086Z", "date_modification": "2017-03-17T08:27:23.006Z", "date_d_apparition": null, "date_de_confirmation": "2007-07-01Z", "sources": null, "identifiants_sources": null, "methode_d_acquisition_planimetrique": "Photogrammétrie", "precision_planimetrique": 2.5, "methode_d_acquisition_altimetrique": "Photogrammétrie", "precision_altimetrique": 1.5, "insee_commune": "34340", "commune": "VILLETELLE", "identifiant_voie_ban": null, "id_ban_odonyme": null, "source": "bdtopo"}}, {"type": "Feature", "id": "equipement_de_transport.19863", "geometry": {"type": "MultiPolygon", "coordinates": [[[[4.13073487, 43.71106078, 40.5], [4.1326265, 43.71079364, 36.4], [4.13240323, 43.71066997, 36.4], [4.13052037, 43.71094152, 40.7], [4.13073487, 43.71106078, 40.5]]]]}, "geometry_name": "geometrie", "properties": {"cleabs": "EQ_RESEA0000000128731348", "nature": "Parking", "nature_detaillee": null, "toponyme": null, "statut_du_toponyme": null, "importance": "5", "numero": null, "fictif": false, "adresse_postale": null, "etat_de_l_objet": "En service", "date_creation": "2008-04-23T05:04:51.086Z", "date_modification": "2017-03-17T08:27:23.006Z", "date_d_apparition": null, "date_de_confirmation": "2007-07-01Z", "sources": null, "identifiants_sources": null, "methode_d_acquisition_planimetrique": "Photogrammétrie", "precision_planimetrique": 2.5, "methode_d_acquisition_altimetrique": "Photogrammétrie", "precision_altimetrique": 1.5, "insee_commune": "34340", "commune": "VILLETELLE", "identifiant_voie_ban": null, "id_ban_odonyme": null, "source": "bdtopo"}}, {"type": "Feature", "id": "equipement_de_transport.27456", "geometry": {"type": "MultiPolygon", "coordinates": [[[[4.14043319, 43.53532446, 0.1], [4.14014024, 43.53570726, 1.1], [4.14009505, 43.53573653, 1.1], [4.14000052, 43.53577172, 1.1], [4.13995451, 43.53582169, 1.1], [4.13985934, 43.53588748, 1.1], [4.1398136, 43.53588886, 1.1], [4.13940689, 43.53571227, 1.1], [4.13918576, 43.5356633, 1.1], [4.13926142, 43.53554913, 1.1], [4.13943109, 43.53537368, 1.1], [4.13947025, 43.53535257, 1.1], [4.13989535, 43.53527162, 1.1], [4.13994964, 43.53526476, 1.1], [4.140104, 43.53525234, 1.1], [4.14019561, 43.53525677, 1.1], [4.14031115, 43.53528255, 1.1], [4.14043319, 43.53532446, 0.1]]]]}, "geometry_name": "geometrie", "properties": {"cleabs": "EQ_RESEA0000000130189801", "nature": "Parking", "nature_detaillee": null, "toponyme": null, "statut_du_toponyme": null, "importance": "5", "numero": null, "fictif": false, "adresse_postale": "", "etat_de_l_objet": "En service", "date_creation": "2008-05-26T07:15:56.138Z", "date_modification": "2016-12-16T14:15:15.232Z", "date_d_apparition": null, "date_de_confirmation": null, "sources": null, "identifiants_sources": null, "methode_d_acquisition_planimetrique": "Photogrammétrie", "precision_planimetrique": 2.5, "methode_d_acquisition_altimetrique": "Photogrammétrie", "precision_altimetrique": 1.5, "insee_commune": "30133", "commune": "LE GRAU-DU-ROI", "identifiant_voie_ban": null, "id_ban_odonyme": null, "source": "bdtopo"}}, {"type": "Feature", "id": "equipement_de_transport.27458", "geometry": {"type": "MultiPolygon", "coordinates": [[[[4.33199112, 43.83106967, -1000], [4.33199007, 43.83102468, -1000], [4.33192793, 43.83102544, -1000], [4.33192898, 43.83107043, -1000], [4.33199112, 43.83106967, -1000]]]]}, "geometry_name": "geometrie", "properties": {"cleabs": "EQ_RESEA0000000130189803", "nature": "Parking", "nature_detaillee": null, "toponyme": null, "statut_du_toponyme": null, "importance": "5", "numero": null, "fictif": true, "adresse_postale": "", "etat_de_l_objet": "En service", "date_creation": "2008-05-26T07:15:56.138Z", "date_modification": "2016-12-16T14:15:15.232Z", "date_d_apparition": null, "date_de_confirmation": null, "sources": null, "identifiants_sources": null, "methode_d_acquisition_planimetrique": "Calculé", "precision_planimetrique": 20, "methode_d_acquisition_altimetrique": "Pas de Z", "precision_altimetrique": 9999, "insee_commune": "30189", "commune": "NIMES", "identifiant_voie_ban": null, "id_ban_odonyme": null, "source": "bdtopo"}}, {"type": "Feature", "id": "equipement_de_transport.27462", "geometry": {"type": "MultiPolygon", "coordinates": [[[[4.37041013, 43.84077854, -1000], [4.37040906, 43.84073355, -1000], [4.3703469, 43.84073433, -1000], [4.37034798, 43.84077932, -1000], [4.37041013, 43.84077854, -1000]]]]}, "geometry_name": "geometrie", "properties": {"cleabs": "EQ_RESEA0000000130189807", "nature": "Parking", "nature_detaillee": null, "toponyme": null, "statut_du_toponyme": null, "importance": "5", "numero": null, "fictif": true, "adresse_postale": "", "etat_de_l_objet": "En service", "date_creation": "2008-05-26T07:15:56.138Z", "date_modification": "2016-12-16T14:15:15.232Z", "date_d_apparition": null, "date_de_confirmation": null, "sources": null, "identifiants_sources": null, "methode_d_acquisition_planimetrique": "Calculé", "precision_planimetrique": 20, "methode_d_acquisition_altimetrique": "Pas de Z", "precision_altimetrique": 9999, "insee_commune": "30189", "commune": "NIMES", "identifiant_voie_ban": null, "id_ban_odonyme": null, "source": "bdtopo"}}, {"type": "Feature", "id": "equipement_de_transport.27464", "geometry": {"type": "MultiPolygon", "coordinates": [[[[4.07940136, 43.5574038, -1000], [4.07866936, 43.55709974, -1000], [4.07874884, 43.55698377, -1000], [4.07886073, 43.55681439, -1000], [4.07877966, 43.5567801, -1000], [4.07920856, 43.55623055, -1000], [4.07927719, 43.55626136, -1000], [4.07932412, 43.55619071, -1000], [4.07955098, 43.55628024, -1000], [4.0801805, 43.55652952, -1000], [4.07976458, 43.55704566, -1000], [4.07986051, 43.5570807, -1000], [4.07969724, 43.55728118, -1000], [4.07965688, 43.55730588, -1000], [4.07952844, 43.55738454, -1000], [4.07940136, 43.5574038, -1000]]]]}, "geometry_name": "geometrie", "properties": {"cleabs": "EQ_RESEA0000000130189811", "nature": "Parking", "nature_detaillee": null, "toponyme": "Parking de la Mer", "statut_du_toponyme": "Collecté", "importance": "5", "numero": null, "fictif": false, "adresse_postale": null, "etat_de_l_objet": "En service", "date_creation": "2008-05-26T07:15:56.138Z", "date_modification": "2025-02-06T17:01:23.495Z", "date_d_apparition": null, "date_de_confirmation": null, "sources": null, "identifiants_sources": null, "methode_d_acquisition_planimetrique": "Calculé", "precision_planimetrique": 20, "methode_d_acquisition_altimetrique": "Pas de Z", "precision_altimetrique": 9999, "insee_commune": "34344", "commune": "LA GRANDE-MOTTE", "identifiant_voie_ban": null, "id_ban_odonyme": null, "source": "bdtopo"}}, {"type": "Feature", "id": "equipement_de_transport.27473", "geometry": {"type": "MultiPolygon", "coordinates": [[[[4.33627496, 43.82828298, -1000], [4.33627391, 43.828238, -1000], [4.33621177, 43.82823876, -1000], [4.33621282, 43.82828375, -1000], [4.33627496, 43.82828298, -1000]]]]}, "geometry_name": "geometrie", "properties": {"cleabs": "EQ_RESEA0000000130189823", "nature": "Parking", "nature_detaillee": null, "toponyme": null, "statut_du_toponyme": null, "importance": "5", "numero": null, "fictif": true, "adresse_postale": "", "etat_de_l_objet": "En service", "date_creation": "2008-05-26T07:15:56.138Z", "date_modification": "2016-12-16T14:15:15.232Z", "date_d_apparition": null, "date_de_confirmation": null, "sources": null, "identifiants_sources": null, "methode_d_acquisition_planimetrique": "Calculé", "precision_planimetrique": 20, "methode_d_acquisition_altimetrique": "Pas de Z", "precision_altimetrique": 9999, "insee_commune": "30189", "commune": "NIMES", "identifiant_voie_ban": null, "id_ban_odonyme": null, "source": "bdtopo"}}, {"type": "Feature", "id": "equipement_de_transport.27475", "geometry": {"type": "MultiPolygon", "coordinates": [[[[4.0778625, 43.55900367, -1000], [4.07786166, 43.55895869, -1000], [4.0777998, 43.5589593, -1000], [4.07780065, 43.55900429, -1000], [4.0778625, 43.55900367, -1000]]]]}, "geometry_name": "geometrie", "properties": {"cleabs": "EQ_RESEA0000000130189825", "nature": "Parking", "nature_detaillee": null, "toponyme": null, "statut_du_toponyme": null, "importance": "5", "numero": null, "fictif": true, "adresse_postale": "", "etat_de_l_objet": "En service", "date_creation": "2008-05-26T07:15:56.138Z", "date_modification": "2016-12-16T14:15:15.232Z", "date_d_apparition": null, "date_de_confirmation": null, "sources": null, "identifiants_sources": null, "methode_d_acquisition_planimetrique": "Calculé", "precision_planimetrique": 20, "methode_d_acquisition_altimetrique": "Pas de Z", "precision_altimetrique": 9999, "insee_commune": "34344", "commune": "LA GRANDE-MOTTE", "identifiant_voie_ban": null, "id_ban_odonyme": null, "source": "bdtopo"}}, {"type": "Feature", "id": "equipement_de_transport.27476", "geometry": {"type": "MultiPolygon", "coordinates": [[[[4.35729185, 43.84012442, -1000], [4.35729078, 43.84007943, -1000], [4.35722863, 43.8400802, -1000], [4.3572297, 43.84012519, -1000], [4.35729185, 43.84012442, -1000]]]]}, "geometry_name": "geometrie", "properties": {"cleabs": "EQ_RESEA0000000130189826", "nature": "Parking", "nature_detaillee": null, "toponyme": null, "statut_du_toponyme": null, "importance": "5", "numero": null, "fictif": true, "adresse_postale": "", "etat_de_l_objet": "En service", "date_creation": "2008-05-26T07:15:56.138Z", "date_modification": "2016-12-16T14:15:15.232Z", "date_d_apparition": null, "date_de_confirmation": null, "sources": null, "identifiants_sources": null, "methode_d_acquisition_planimetrique": "Calculé", "precision_planimetrique": 20, "methode_d_acquisition_altimetrique": "Pas de Z", "precision_altimetrique": 9999, "insee_commune": "30189", "commune": "NIMES", "identifiant_voie_ban": null, "id_ban_odonyme": null, "source": "bdtopo"}}, {"type": "Feature", "id": "equipement_de_transport.27477", "geometry": {"type": "MultiPolygon", "coordinates": [[[[4.35810148, 43.81710683, -1000], [4.35810041, 43.81706184, -1000], [4.35803828, 43.81706261, -1000], [4.35803935, 43.8171076, -1000], [4.35810148, 43.81710683, -1000]]]]}, "geometry_name": "geometrie", "properties": {"cleabs": "EQ_RESEA0000000130189827", "nature": "Parking", "nature_detaillee": null, "toponyme": null, "statut_du_toponyme": null, "importance": "5", "numero": null, "fictif": true, "adresse_postale": "", "etat_de_l_objet": "En service", "date_creation": "2008-05-26T07:15:56.138Z", "date_modification": "2016-12-16T14:15:15.232Z", "date_d_apparition": null, "date_de_confirmation": null, "sources": null, "identifiants_sources": null, "methode_d_acquisition_planimetrique": "Calculé", "precision_planimetrique": 20, "methode_d_acquisition_altimetrique": "Pas de Z", "precision_altimetrique": 9999, "insee_commune": "30189", "commune": "NIMES", "identifiant_voie_ban": null, "id_ban_odonyme": null, "source": "bdtopo"}}, {"type": "Feature", "id": "equipement_de_transport.27478", "geometry": {"type": "MultiPolygon", "coordinates": [[[[4.34279438, 43.81267029, -1000], [4.34279333, 43.8126253, -1000], [4.3427312, 43.81262607, -1000], [4.34273226, 43.81267106, -1000], [4.34279438, 43.81267029, -1000]]]]}, "geometry_name": "geometrie", "properties": {"cleabs": "EQ_RESEA0000000130189828", "nature": "Parking", "nature_detaillee": null, "toponyme": null, "statut_du_toponyme": null, "importance": "5", "numero": null, "fictif": true, "adresse_postale": "", "etat_de_l_objet": "En service", "date_creation": "2008-05-26T07:15:56.138Z", "date_modification": "2016-12-16T14:15:15.232Z", "date_d_apparition": null, "date_de_confirmation": null, "sources": null, "identifiants_sources": null, "methode_d_acquisition_planimetrique": "Calculé", "precision_planimetrique": 20, "methode_d_acquisition_altimetrique": "Pas de Z", "precision_altimetrique": 9999, "insee_commune": "30189", "commune": "NIMES", "identifiant_voie_ban": null, "id_ban_odonyme": null, "source": "bdtopo"}}, {"type": "Feature", "id": "equipement_de_transport.27480", "geometry": {"type": "MultiPolygon", "coordinates": [[[[4.32079394, 43.82153689, -1000], [4.3207929, 43.8214919, -1000], [4.32073076, 43.82149266, -1000], [4.3207318, 43.82153764, -1000], [4.32079394, 43.82153689, -1000]]]]}, "geometry_name": "geometrie", "properties": {"cleabs": "EQ_RESEA0000000130189830", "nature": "Parking", "nature_detaillee": null, "toponyme": null, "statut_du_toponyme": null, "importance": "5", "numero": null, "fictif": true, "adresse_postale": "", "etat_de_l_objet": "En service", "date_creation": "2008-05-26T07:15:56.138Z", "date_modification": "2016-12-16T14:15:15.232Z", "date_d_apparition": null, "date_de_confirmation": null, "sources": null, "identifiants_sources": null, "methode_d_acquisition_planimetrique": "Calculé", "precision_planimetrique": 20, "methode_d_acquisition_altimetrique": "Pas de Z", "precision_altimetrique": 9999, "insee_commune": "30189", "commune": "NIMES", "identifiant_voie_ban": null, "id_ban_odonyme": null, "source": "bdtopo"}}, {"type": "Feature", "id": "equipement_de_transport.27481", "geometry": {"type": "MultiPolygon", "coordinates": [[[[4.3479169, 43.81285369, -1000], [4.34791584, 43.8128087, -1000], [4.34785371, 43.81280947, -1000], [4.34785477, 43.81285446, -1000], [4.3479169, 43.81285369, -1000]]]]}, "geometry_name": "geometrie", "properties": {"cleabs": "EQ_RESEA0000000130189831", "nature": "Parking", "nature_detaillee": null, "toponyme": null, "statut_du_toponyme": null, "importance": "5", "numero": null, "fictif": true, "adresse_postale": "", "etat_de_l_objet": "En service", "date_creation": "2008-05-26T07:15:56.138Z", "date_modification": "2016-12-16T14:15:15.232Z", "date_d_apparition": null, "date_de_confirmation": null, "sources": null, "identifiants_sources": null, "methode_d_acquisition_planimetrique": "Calculé", "precision_planimetrique": 20, "methode_d_acquisition_altimetrique": "Pas de Z", "precision_altimetrique": 9999, "insee_commune": "30189", "commune": "NIMES", "identifiant_voie_ban": null, "id_ban_odonyme": null, "source": "bdtopo"}}, {"type": "Feature", "id": "equipement_de_transport.27484", "geometry": {"type": "MultiPolygon", "coordinates": [[[[4.28727358, 43.76551232, -1000], [4.28727257, 43.76546734, -1000], [4.2872105, 43.76546807, -1000], [4.28721151, 43.76551306, -1000], [4.28727358, 43.76551232, -1000]]]]}, "geometry_name": "geometrie", "properties": {"cleabs": "EQ_RESEA0000000130189838", "nature": "Parking", "nature_detaillee": null, "toponyme": null, "statut_du_toponyme": null, "importance": "5", "numero": null, "fictif": true, "adresse_postale": "", "etat_de_l_objet": "En service", "date_creation": "2008-05-26T07:15:56.138Z", "date_modification": "2016-12-16T14:15:15.232Z", "date_d_apparition": null, "date_de_confirmation": null, "sources": null, "identifiants_sources": null, "methode_d_acquisition_planimetrique": "Calculé", "precision_planimetrique": 20, "methode_d_acquisition_altimetrique": "Pas de Z", "precision_altimetrique": 9999, "insee_commune": "30036", "commune": "BERNIS", "identifiant_voie_ban": null, "id_ban_odonyme": null, "source": "bdtopo"}}, {"type": "Feature", "id": "equipement_de_transport.27485", "geometry": {"type": "MultiPolygon", "coordinates": [[[[4.38590722, 43.76337794, -1000], [4.38590613, 43.76333295, -1000], [4.38584406, 43.76333374, -1000], [4.38584515, 43.76337873, -1000], [4.38590722, 43.76337794, -1000]]]]}, "geometry_name": "geometrie", "properties": {"cleabs": "EQ_RESEA0000000130189839", "nature": "Parking", "nature_detaillee": null, "toponyme": null, "statut_du_toponyme": null, "importance": "5", "numero": null, "fictif": true, "adresse_postale": "", "etat_de_l_objet": "En service", "date_creation": "2008-05-26T07:15:56.138Z", "date_modification": "2016-12-16T14:15:15.232Z", "date_d_apparition": null, "date_de_confirmation": null, "sources": null, "identifiants_sources": null, "methode_d_acquisition_planimetrique": "Calculé", "precision_planimetrique": 20, "methode_d_acquisition_altimetrique": "Pas de Z", "precision_altimetrique": 9999, "insee_commune": "30189", "commune": "NIMES", "identifiant_voie_ban": null, "id_ban_odonyme": null, "source": "bdtopo"}}, {"type": "Feature", "id": "equipement_de_transport.27487", "geometry": {"type": "MultiPolygon", "coordinates": [[[[4.37335042, 43.84861874, -1000], [4.37334934, 43.84857375, -1000], [4.37328717, 43.84857453, -1000], [4.37328825, 43.84861952, -1000], [4.37335042, 43.84861874, -1000]]]]}, "geometry_name": "geometrie", "properties": {"cleabs": "EQ_RESEA0000000130189842", "nature": "Parking", "nature_detaillee": null, "toponyme": null, "statut_du_toponyme": null, "importance": "5", "numero": null, "fictif": true, "adresse_postale": "", "etat_de_l_objet": "En service", "date_creation": "2008-05-26T07:15:56.138Z", "date_modification": "2016-12-16T14:15:15.232Z", "date_d_apparition": null, "date_de_confirmation": null, "sources": null, "identifiants_sources": null, "methode_d_acquisition_planimetrique": "Calculé", "precision_planimetrique": 20, "methode_d_acquisition_altimetrique": "Pas de Z", "precision_altimetrique": 9999, "insee_commune": "30189", "commune": "NIMES", "identifiant_voie_ban": null, "id_ban_odonyme": null, "source": "bdtopo"}}, {"type": "Feature", "id": "equipement_de_transport.27488", "geometry": {"type": "MultiPolygon", "coordinates": [[[[4.08577228, 43.56944833, -1000], [4.08577142, 43.56940335, -1000], [4.08570956, 43.56940397, -1000], [4.08571041, 43.56944895, -1000], [4.08577228, 43.56944833, -1000]]]]}, "geometry_name": "geometrie", "properties": {"cleabs": "EQ_RESEA0000000130189843", "nature": "Parking", "nature_detaillee": null, "toponyme": null, "statut_du_toponyme": null, "importance": "5", "numero": null, "fictif": true, "adresse_postale": "", "etat_de_l_objet": "En service", "date_creation": "2008-05-26T07:15:56.138Z", "date_modification": "2016-12-16T14:15:15.232Z", "date_d_apparition": null, "date_de_confirmation": null, "sources": null, "identifiants_sources": null, "methode_d_acquisition_planimetrique": "Calculé", "precision_planimetrique": 20, "methode_d_acquisition_altimetrique": "Pas de Z", "precision_altimetrique": 9999, "insee_commune": "34344", "commune": "LA GRANDE-MOTTE", "identifiant_voie_ban": null, "id_ban_odonyme": null, "source": "bdtopo"}}, {"type": "Feature", "id": "equipement_de_transport.27489", "geometry": {"type": "MultiPolygon", "coordinates": [[[[4.29030344, 43.76643767, -1000], [4.29030242, 43.76639268, -1000], [4.29024035, 43.76639341, -1000], [4.29024136, 43.7664384, -1000], [4.29030344, 43.76643767, -1000]]]]}, "geometry_name": "geometrie", "properties": {"cleabs": "EQ_RESEA0000000130189844", "nature": "Parking", "nature_detaillee": null, "toponyme": null, "statut_du_toponyme": null, "importance": "5", "numero": null, "fictif": true, "adresse_postale": null, "etat_de_l_objet": "En service", "date_creation": "2008-05-26T07:15:56.138Z", "date_modification": "2020-11-26T13:20:53.253Z", "date_d_apparition": null, "date_de_confirmation": null, "sources": null, "identifiants_sources": null, "methode_d_acquisition_planimetrique": "Calculé", "precision_planimetrique": 20, "methode_d_acquisition_altimetrique": "Pas de Z", "precision_altimetrique": 9999, "insee_commune": "30036", "commune": "BERNIS", "identifiant_voie_ban": null, "id_ban_odonyme": null, "source": "bdtopo"}}, {"type": "Feature", "id": "equipement_de_transport.27490", "geometry": {"type": "MultiPolygon", "coordinates": [[[[4.3208681, 43.80634732, -1000], [4.32086706, 43.80630233, -1000], [4.32080494, 43.80630308, -1000], [4.32080598, 43.80634807, -1000], [4.3208681, 43.80634732, -1000]]]]}, "geometry_name": "geometrie", "properties": {"cleabs": "EQ_RESEA0000000130189845", "nature": "Parking", "nature_detaillee": null, "toponyme": null, "statut_du_toponyme": null, "importance": "5", "numero": null, "fictif": true, "adresse_postale": "", "etat_de_l_objet": "En service", "date_creation": "2008-05-26T07:15:56.138Z", "date_modification": "2016-12-16T14:15:15.232Z", "date_d_apparition": null, "date_de_confirmation": null, "sources": null, "identifiants_sources": null, "methode_d_acquisition_planimetrique": "Calculé", "precision_planimetrique": 20, "methode_d_acquisition_altimetrique": "Pas de Z", "precision_altimetrique": 9999, "insee_commune": "30189", "commune": "NIMES", "identifiant_voie_ban": null, "id_ban_odonyme": null, "source": "bdtopo"}}, {"type": "Feature", "id": "equipement_de_transport.27495", "geometry": {"type": "MultiPolygon", "coordinates": [[[[4.13091758, 43.67237527, -1000], [4.13091669, 43.67233029, -1000], [4.13085472, 43.67233093, -1000], [4.1308556, 43.67237592, -1000], [4.13091758, 43.67237527, -1000]]]]}, "geometry_name": "geometrie", "properties": {"cleabs": "EQ_RESEA0000000130189850", "nature": "Parking", "nature_detaillee": null, "toponyme": "Parking de la Poste", "statut_du_toponyme": "Collecté", "importance": "5", "numero": null, "fictif": true, "adresse_postale": null, "etat_de_l_objet": "En service", "date_creation": "2008-05-26T07:15:56.138Z", "date_modification": "2020-02-07T10:33:23.110Z", "date_d_apparition": null, "date_de_confirmation": null, "sources": null, "identifiants_sources": null, "methode_d_acquisition_planimetrique": "Calculé", "precision_planimetrique": 20, "methode_d_acquisition_altimetrique": "Pas de Z", "precision_altimetrique": 9999, "insee_commune": "34145", "commune": "LUNEL", "identifiant_voie_ban": null, "id_ban_odonyme": null, "source": "bdtopo"}}, {"type": "Feature", "id": "equipement_de_transport.27496", "geometry": {"type": "MultiPolygon", "coordinates": [[[[4.33296504, 43.82495739, -1000], [4.33296399, 43.8249124, -1000], [4.33290185, 43.82491316, -1000], [4.3329029, 43.82495815, -1000], [4.33296504, 43.82495739, -1000]]]]}, "geometry_name": "geometrie", "properties": {"cleabs": "EQ_RESEA0000000130189851", "nature": "Parking", "nature_detaillee": null, "toponyme": null, "statut_du_toponyme": null, "importance": "5", "numero": null, "fictif": true, "adresse_postale": "", "etat_de_l_objet": "En service", "date_creation": "2008-05-26T07:15:56.138Z", "date_modification": "2016-12-16T14:15:15.232Z", "date_d_apparition": null, "date_de_confirmation": null, "sources": null, "identifiants_sources": null, "methode_d_acquisition_planimetrique": "Calculé", "precision_planimetrique": 20, "methode_d_acquisition_altimetrique": "Pas de Z", "precision_altimetrique": 9999, "insee_commune": "30189", "commune": "NIMES", "identifiant_voie_ban": null, "id_ban_odonyme": null, "source": "bdtopo"}}, {"type": "Feature", "id": "equipement_de_transport.27498", "geometry": {"type": "MultiPolygon", "coordinates": [[[[4.35636645, 43.84100446, -1000], [4.35636538, 43.84095947, -1000], [4.35630322, 43.84096025, -1000], [4.35630429, 43.84100524, -1000], [4.35636645, 43.84100446, -1000]]]]}, "geometry_name": "geometrie", "properties": {"cleabs": "EQ_RESEA0000000130189853", "nature": "Parking", "nature_detaillee": null, "toponyme": null, "statut_du_toponyme": null, "importance": "5", "numero": null, "fictif": true, "adresse_postale": "", "etat_de_l_objet": "En service", "date_creation": "2008-05-26T07:15:56.138Z", "date_modification": "2016-12-16T14:15:15.232Z", "date_d_apparition": null, "date_de_confirmation": null, "sources": null, "identifiants_sources": null, "methode_d_acquisition_planimetrique": "Calculé", "precision_planimetrique": 20, "methode_d_acquisition_altimetrique": "Pas de Z", "precision_altimetrique": 9999, "insee_commune": "30189", "commune": "NIMES", "identifiant_voie_ban": null, "id_ban_odonyme": null, "source": "bdtopo"}}, {"type": "Feature", "id": "equipement_de_transport.27499", "geometry": {"type": "MultiPolygon", "coordinates": [[[[4.33798455, 43.83407891, -1000], [4.3379835, 43.83403392, -1000], [4.33792135, 43.83403469, -1000], [4.3379224, 43.83407968, -1000], [4.33798455, 43.83407891, -1000]]]]}, "geometry_name": "geometrie", "properties": {"cleabs": "EQ_RESEA0000000130189854", "nature": "Parking", "nature_detaillee": null, "toponyme": null, "statut_du_toponyme": null, "importance": "5", "numero": null, "fictif": true, "adresse_postale": "", "etat_de_l_objet": "En service", "date_creation": "2008-05-26T07:15:56.138Z", "date_modification": "2016-12-16T14:15:15.232Z", "date_d_apparition": null, "date_de_confirmation": null, "sources": null, "identifiants_sources": null, "methode_d_acquisition_planimetrique": "Calculé", "precision_planimetrique": 20, "methode_d_acquisition_altimetrique": "Pas de Z", "precision_altimetrique": 9999, "insee_commune": "30189", "commune": "NIMES", "identifiant_voie_ban": null, "id_ban_odonyme": null, "source": "bdtopo"}}, {"type": "Feature", "id": "equipement_de_transport.27500", "geometry": {"type": "MultiPolygon", "coordinates": [[[[4.07890643, 43.55957639, 2.2], [4.07909962, 43.55932162, 1.7], [4.08015594, 43.55976283, 1.7], [4.08031294, 43.55982065, 1.7], [4.0816176, 43.56037275, 1.8], [4.08155724, 43.56045254, 1.8], [4.08151616, 43.56043945, 1.8], [4.08138802, 43.5606, 1.8], [4.08119223, 43.56051916, 1.8], [4.08115117, 43.56050697, 1.8], [4.08111026, 43.56050288, 1.8], [4.08107313, 43.56050235, 1.8], [4.08070274, 43.56034857, 1.9], [4.08017776, 43.56013334, 1.9], [4.07979231, 43.559968, 2], [4.07899538, 43.55963489, 2.1], [4.07890643, 43.55957639, 2.2]]]]}, "geometry_name": "geometrie", "properties": {"cleabs": "EQ_RESEA0000000130189855", "nature": "Parking", "nature_detaillee": null, "toponyme": null, "statut_du_toponyme": null, "importance": "5", "numero": null, "fictif": false, "adresse_postale": null, "etat_de_l_objet": "En service", "date_creation": "2008-05-26T07:15:56.138Z", "date_modification": "2024-09-05T14:07:49.211Z", "date_d_apparition": null, "date_de_confirmation": null, "sources": null, "identifiants_sources": null, "methode_d_acquisition_planimetrique": "Photogrammétrie", "precision_planimetrique": 2.5, "methode_d_acquisition_altimetrique": "Photogrammétrie", "precision_altimetrique": 1.5, "insee_commune": "34344", "commune": "LA GRANDE-MOTTE", "identifiant_voie_ban": null, "id_ban_odonyme": null, "source": "bdtopo"}}, {"type": "Feature", "id": "equipement_de_transport.27501", "geometry": {"type": "MultiPolygon", "coordinates": [[[[4.09990516, 43.56266536, -1000], [4.0999043, 43.56262037, -1000], [4.09984244, 43.562621, -1000], [4.0998433, 43.56266598, -1000], [4.09990516, 43.56266536, -1000]]]]}, "geometry_name": "geometrie", "properties": {"cleabs": "EQ_RESEA0000000130189856", "nature": "Parking", "nature_detaillee": null, "toponyme": "Saint-Louis", "statut_du_toponyme": "Collecté", "importance": "5", "numero": null, "fictif": true, "adresse_postale": "", "etat_de_l_objet": "En service", "date_creation": "2008-05-26T07:15:56.138Z", "date_modification": "2018-07-09T13:33:16.936Z", "date_d_apparition": null, "date_de_confirmation": null, "sources": null, "identifiants_sources": null, "methode_d_acquisition_planimetrique": "Calculé", "precision_planimetrique": 20, "methode_d_acquisition_altimetrique": "Pas de Z", "precision_altimetrique": 9999, "insee_commune": "34344", "commune": "LA GRANDE-MOTTE", "identifiant_voie_ban": null, "id_ban_odonyme": null, "source": "bdtopo"}}, {"type": "Feature", "id": "equipement_de_transport.27508", "geometry": {"type": "MultiPolygon", "coordinates": [[[[4.39771866, 43.85694347, -1000], [4.39771756, 43.85689849, -1000], [4.39765539, 43.85689928, -1000], [4.39765649, 43.85694427, -1000], [4.39771866, 43.85694347, -1000]]]]}, "geometry_name": "geometrie", "properties": {"cleabs": "EQ_RESEA0000000130189867", "nature": "Parking", "nature_detaillee": null, "toponyme": null, "statut_du_toponyme": null, "importance": "5", "numero": null, "fictif": true, "adresse_postale": "", "etat_de_l_objet": "En service", "date_creation": "2008-05-26T07:15:56.138Z", "date_modification": "2016-12-16T14:15:15.232Z", "date_d_apparition": null, "date_de_confirmation": null, "sources": null, "identifiants_sources": null, "methode_d_acquisition_planimetrique": "Calculé", "precision_planimetrique": 20, "methode_d_acquisition_altimetrique": "Pas de Z", "precision_altimetrique": 9999, "insee_commune": "30189", "commune": "NIMES", "identifiant_voie_ban": null, "id_ban_odonyme": null, "source": "bdtopo"}}, {"type": "Feature", "id": "equipement_de_transport.27514", "geometry": {"type": "MultiPolygon", "coordinates": [[[[4.26484796, 43.75959215, -1000], [4.26484697, 43.75954716, -1000], [4.2647849, 43.75954788, -1000], [4.26478589, 43.75959287, -1000], [4.26484796, 43.75959215, -1000]]]]}, "geometry_name": "geometrie", "properties": {"cleabs": "EQ_RESEA0000000130189878", "nature": "Parking", "nature_detaillee": null, "toponyme": null, "statut_du_toponyme": null, "importance": "5", "numero": null, "fictif": true, "adresse_postale": null, "etat_de_l_objet": "En service", "date_creation": "2008-05-26T07:15:56.138Z", "date_modification": "2021-02-03T07:53:00.026Z", "date_d_apparition": null, "date_de_confirmation": null, "sources": null, "identifiants_sources": null, "methode_d_acquisition_planimetrique": "Calculé", "precision_planimetrique": 20, "methode_d_acquisition_altimetrique": "Pas de Z", "precision_altimetrique": 9999, "insee_commune": "30333", "commune": "UCHAUD", "identifiant_voie_ban": null, "id_ban_odonyme": null, "source": "bdtopo"}}, {"type": "Feature", "id": "equipement_de_transport.27515", "geometry": {"type": "MultiPolygon", "coordinates": [[[[4.27395897, 43.69530819, -1000], [4.27395797, 43.69526321, -1000], [4.27389597, 43.69526394, -1000], [4.27389697, 43.69530892, -1000], [4.27395897, 43.69530819, -1000]]]]}, "geometry_name": "geometrie", "properties": {"cleabs": "EQ_RESEA0000000130189879", "nature": "Parking", "nature_detaillee": null, "toponyme": "Parking Raymond Erb", "statut_du_toponyme": "Collecté", "importance": "5", "numero": null, "fictif": true, "adresse_postale": null, "etat_de_l_objet": "En service", "date_creation": "2008-05-26T07:15:56.138Z", "date_modification": "2021-02-05T07:12:19.306Z", "date_d_apparition": null, "date_de_confirmation": null, "sources": null, "identifiants_sources": null, "methode_d_acquisition_planimetrique": "Calculé", "precision_planimetrique": 20, "methode_d_acquisition_altimetrique": "Pas de Z", "precision_altimetrique": 9999, "insee_commune": "30341", "commune": "VAUVERT", "identifiant_voie_ban": null, "id_ban_odonyme": null, "source": "bdtopo"}}, {"type": "Feature", "id": "equipement_de_transport.27519", "geometry": {"type": "MultiPolygon", "coordinates": [[[[4.36359675, 43.83889193, -1000], [4.36359568, 43.83884694, -1000], [4.36353352, 43.83884772, -1000], [4.3635346, 43.83889271, -1000], [4.36359675, 43.83889193, -1000]]]]}, "geometry_name": "geometrie", "properties": {"cleabs": "EQ_RESEA0000000130189884", "nature": "Parking", "nature_detaillee": null, "toponyme": null, "statut_du_toponyme": null, "importance": "5", "numero": null, "fictif": true, "adresse_postale": "", "etat_de_l_objet": "En service", "date_creation": "2008-05-26T07:15:56.138Z", "date_modification": "2016-12-16T14:15:15.232Z", "date_d_apparition": null, "date_de_confirmation": null, "sources": null, "identifiants_sources": null, "methode_d_acquisition_planimetrique": "Calculé", "precision_planimetrique": 20, "methode_d_acquisition_altimetrique": "Pas de Z", "precision_altimetrique": 9999, "insee_commune": "30189", "commune": "NIMES", "identifiant_voie_ban": null, "id_ban_odonyme": null, "source": "bdtopo"}}, {"type": "Feature", "id": "equipement_de_transport.27521", "geometry": {"type": "MultiPolygon", "coordinates": [[[[4.37409196, 43.84956255, -1000], [4.37409087, 43.84951756, -1000], [4.37402871, 43.84951835, -1000], [4.37402979, 43.84956334, -1000], [4.37409196, 43.84956255, -1000]]]]}, "geometry_name": "geometrie", "properties": {"cleabs": "EQ_RESEA0000000130189886", "nature": "Parking", "nature_detaillee": null, "toponyme": null, "statut_du_toponyme": null, "importance": "5", "numero": null, "fictif": true, "adresse_postale": "", "etat_de_l_objet": "En service", "date_creation": "2008-05-26T07:15:56.138Z", "date_modification": "2016-12-16T14:15:15.232Z", "date_d_apparition": null, "date_de_confirmation": null, "sources": null, "identifiants_sources": null, "methode_d_acquisition_planimetrique": "Calculé", "precision_planimetrique": 20, "methode_d_acquisition_altimetrique": "Pas de Z", "precision_altimetrique": 9999, "insee_commune": "30189", "commune": "NIMES", "identifiant_voie_ban": null, "id_ban_odonyme": null, "source": "bdtopo"}}, {"type": "Feature", "id": "equipement_de_transport.27524", "geometry": {"type": "MultiPolygon", "coordinates": [[[[4.42982074, 43.67755046, -1000], [4.42981962, 43.67750548, -1000], [4.42975764, 43.67750629, -1000], [4.42975876, 43.67755128, -1000], [4.42982074, 43.67755046, -1000]]]]}, "geometry_name": "geometrie", "properties": {"cleabs": "EQ_RESEA0000000130189890", "nature": "Parking", "nature_detaillee": null, "toponyme": null, "statut_du_toponyme": null, "importance": "5", "numero": null, "fictif": true, "adresse_postale": "", "etat_de_l_objet": "En service", "date_creation": "2008-05-26T07:15:56.138Z", "date_modification": "2016-12-16T14:15:15.232Z", "date_d_apparition": null, "date_de_confirmation": null, "sources": null, "identifiants_sources": null, "methode_d_acquisition_planimetrique": "Calculé", "precision_planimetrique": 20, "methode_d_acquisition_altimetrique": "Pas de Z", "precision_altimetrique": 9999, "insee_commune": "30258", "commune": "SAINT-GILLES", "identifiant_voie_ban": null, "id_ban_odonyme": null, "source": "bdtopo"}}, {"type": "Feature", "id": "equipement_de_transport.27525", "geometry": {"type": "MultiPolygon", "coordinates": [[[[4.13652397, 43.66793973, -1000], [4.13652308, 43.66789474, -1000], [4.1364611, 43.66789539, -1000], [4.136462, 43.66794038, -1000], [4.13652397, 43.66793973, -1000]]]]}, "geometry_name": "geometrie", "properties": {"cleabs": "EQ_RESEA0000000130189891", "nature": "Parking", "nature_detaillee": null, "toponyme": null, "statut_du_toponyme": null, "importance": "5", "numero": null, "fictif": true, "adresse_postale": "", "etat_de_l_objet": "En service", "date_creation": "2008-05-26T07:15:56.138Z", "date_modification": "2016-12-16T14:15:15.232Z", "date_d_apparition": null, "date_de_confirmation": null, "sources": null, "identifiants_sources": null, "methode_d_acquisition_planimetrique": "Calculé", "precision_planimetrique": 20, "methode_d_acquisition_altimetrique": "Pas de Z", "precision_altimetrique": 9999, "insee_commune": "34145", "commune": "LUNEL", "identifiant_voie_ban": null, "id_ban_odonyme": null, "source": "bdtopo"}}, {"type": "Feature", "id": "equipement_de_transport.27526", "geometry": {"type": "MultiPolygon", "coordinates": [[[[4.35451032, 43.8241816, -1000], [4.35450926, 43.82413661, -1000], [4.35444712, 43.82413739, -1000], [4.35444819, 43.82418237, -1000], [4.35451032, 43.8241816, -1000]]]]}, "geometry_name": "geometrie", "properties": {"cleabs": "EQ_RESEA0000000130189893", "nature": "Parking", "nature_detaillee": null, "toponyme": null, "statut_du_toponyme": null, "importance": "5", "numero": null, "fictif": true, "adresse_postale": "", "etat_de_l_objet": "En service", "date_creation": "2008-05-26T07:15:56.138Z", "date_modification": "2016-12-16T14:15:15.232Z", "date_d_apparition": null, "date_de_confirmation": null, "sources": null, "identifiants_sources": null, "methode_d_acquisition_planimetrique": "Calculé", "precision_planimetrique": 20, "methode_d_acquisition_altimetrique": "Pas de Z", "precision_altimetrique": 9999, "insee_commune": "30189", "commune": "NIMES", "identifiant_voie_ban": null, "id_ban_odonyme": null, "source": "bdtopo"}}, {"type": "Feature", "id": "equipement_de_transport.27527", "geometry": {"type": "MultiPolygon", "coordinates": [[[[4.27706532, 43.69884005, -1000], [4.27706432, 43.69879506, -1000], [4.27700231, 43.69879579, -1000], [4.27700332, 43.69884078, -1000], [4.27706532, 43.69884005, -1000]]]]}, "geometry_name": "geometrie", "properties": {"cleabs": "EQ_RESEA0000000130189894", "nature": "Parking", "nature_detaillee": null, "toponyme": null, "statut_du_toponyme": null, "importance": "5", "numero": null, "fictif": true, "adresse_postale": null, "etat_de_l_objet": "En service", "date_creation": "2008-05-26T07:15:56.138Z", "date_modification": "2020-11-13T16:34:45.291Z", "date_d_apparition": null, "date_de_confirmation": null, "sources": null, "identifiants_sources": null, "methode_d_acquisition_planimetrique": "Calculé", "precision_planimetrique": 20, "methode_d_acquisition_altimetrique": "Pas de Z", "precision_altimetrique": 9999, "insee_commune": "30341", "commune": "VAUVERT", "identifiant_voie_ban": null, "id_ban_odonyme": null, "source": "bdtopo"}}, {"type": "Feature", "id": "equipement_de_transport.27528", "geometry": {"type": "MultiPolygon", "coordinates": [[[[4.27220009, 43.69993916, -1000], [4.27219909, 43.69989418, -1000], [4.27213709, 43.6998949, -1000], [4.27213809, 43.69993989, -1000], [4.27220009, 43.69993916, -1000]]]]}, "geometry_name": "geometrie", "properties": {"cleabs": "EQ_RESEA0000000130189896", "nature": "Parking", "nature_detaillee": null, "toponyme": null, "statut_du_toponyme": null, "importance": "5", "numero": null, "fictif": true, "adresse_postale": "", "etat_de_l_objet": "En service", "date_creation": "2008-05-26T07:15:56.138Z", "date_modification": "2016-12-16T14:15:15.232Z", "date_d_apparition": null, "date_de_confirmation": null, "sources": null, "identifiants_sources": null, "methode_d_acquisition_planimetrique": "Calculé", "precision_planimetrique": 20, "methode_d_acquisition_altimetrique": "Pas de Z", "precision_altimetrique": 9999, "insee_commune": "30341", "commune": "VAUVERT", "identifiant_voie_ban": null, "id_ban_odonyme": null, "source": "bdtopo"}}, {"type": "Feature", "id": "equipement_de_transport.27529", "geometry": {"type": "MultiPolygon", "coordinates": [[[[4.33265001, 43.82968098, -1000], [4.33264896, 43.82963599, -1000], [4.33258681, 43.82963675, -1000], [4.33258786, 43.82968174, -1000], [4.33265001, 43.82968098, -1000]]]]}, "geometry_name": "geometrie", "properties": {"cleabs": "EQ_RESEA0000000130189898", "nature": "Parking", "nature_detaillee": null, "toponyme": null, "statut_du_toponyme": null, "importance": "5", "numero": null, "fictif": true, "adresse_postale": "", "etat_de_l_objet": "En service", "date_creation": "2008-05-26T07:15:56.138Z", "date_modification": "2016-12-16T14:15:15.232Z", "date_d_apparition": null, "date_de_confirmation": null, "sources": null, "identifiants_sources": null, "methode_d_acquisition_planimetrique": "Calculé", "precision_planimetrique": 20, "methode_d_acquisition_altimetrique": "Pas de Z", "precision_altimetrique": 9999, "insee_commune": "30189", "commune": "NIMES", "identifiant_voie_ban": null, "id_ban_odonyme": null, "source": "bdtopo"}}, {"type": "Feature", "id": "equipement_de_transport.27530", "geometry": {"type": "MultiPolygon", "coordinates": [[[[4.43312678, 43.67647021, -1000], [4.43312566, 43.67642522, -1000], [4.43306368, 43.67642604, -1000], [4.4330648, 43.67647102, -1000], [4.43312678, 43.67647021, -1000]]]]}, "geometry_name": "geometrie", "properties": {"cleabs": "EQ_RESEA0000000130189899", "nature": "Parking", "nature_detaillee": null, "toponyme": null, "statut_du_toponyme": null, "importance": "5", "numero": null, "fictif": true, "adresse_postale": null, "etat_de_l_objet": "En service", "date_creation": "2008-05-26T07:15:56.138Z", "date_modification": "2020-11-04T16:24:50.606Z", "date_d_apparition": null, "date_de_confirmation": null, "sources": null, "identifiants_sources": null, "methode_d_acquisition_planimetrique": "Calculé", "precision_planimetrique": 20, "methode_d_acquisition_altimetrique": "Pas de Z", "precision_altimetrique": 9999, "insee_commune": "30258", "commune": "SAINT-GILLES", "identifiant_voie_ban": null, "id_ban_odonyme": null, "source": "bdtopo"}}, {"type": "Feature", "id": "equipement_de_transport.27531", "geometry": {"type": "MultiPolygon", "coordinates": [[[[4.26954557, 43.75825864, -1000], [4.26954457, 43.75821365, -1000], [4.2694825, 43.75821438, -1000], [4.2694835, 43.75825936, -1000], [4.26954557, 43.75825864, -1000]]]]}, "geometry_name": "geometrie", "properties": {"cleabs": "EQ_RESEA0000000130189900", "nature": "Parking", "nature_detaillee": null, "toponyme": null, "statut_du_toponyme": null, "importance": "5", "numero": null, "fictif": true, "adresse_postale": "", "etat_de_l_objet": "En service", "date_creation": "2008-05-26T07:15:56.138Z", "date_modification": "2016-12-16T14:15:15.232Z", "date_d_apparition": null, "date_de_confirmation": null, "sources": null, "identifiants_sources": null, "methode_d_acquisition_planimetrique": "Calculé", "precision_planimetrique": 20, "methode_d_acquisition_altimetrique": "Pas de Z", "precision_altimetrique": 9999, "insee_commune": "30333", "commune": "UCHAUD", "identifiant_voie_ban": null, "id_ban_odonyme": null, "source": "bdtopo"}}, {"type": "Feature", "id": "equipement_de_transport.27533", "geometry": {"type": "MultiPolygon", "coordinates": [[[[4.39320717, 43.83480598, -1000], [4.39320607, 43.83476099, -1000], [4.39314392, 43.83476178, -1000], [4.39314502, 43.83480677, -1000], [4.39320717, 43.83480598, -1000]]]]}, "geometry_name": "geometrie", "properties": {"cleabs": "EQ_RESEA0000000130189902", "nature": "Parking", "nature_detaillee": null, "toponyme": null, "statut_du_toponyme": null, "importance": "5", "numero": null, "fictif": true, "adresse_postale": "", "etat_de_l_objet": "En service", "date_creation": "2008-05-26T07:15:56.138Z", "date_modification": "2016-12-16T14:15:15.232Z", "date_d_apparition": null, "date_de_confirmation": null, "sources": null, "identifiants_sources": null, "methode_d_acquisition_planimetrique": "Calculé", "precision_planimetrique": 20, "methode_d_acquisition_altimetrique": "Pas de Z", "precision_altimetrique": 9999, "insee_commune": "30189", "commune": "NIMES", "identifiant_voie_ban": null, "id_ban_odonyme": null, "source": "bdtopo"}}, {"type": "Feature", "id": "equipement_de_transport.27534", "geometry": {"type": "MultiPolygon", "coordinates": [[[[4.36650314, 43.84130187, -1000], [4.36650206, 43.84125688, -1000], [4.3664399, 43.84125766, -1000], [4.36644098, 43.84130265, -1000], [4.36650314, 43.84130187, -1000]]]]}, "geometry_name": "geometrie", "properties": {"cleabs": "EQ_RESEA0000000130189903", "nature": "Parking", "nature_detaillee": null, "toponyme": null, "statut_du_toponyme": null, "importance": "5", "numero": null, "fictif": true, "adresse_postale": "", "etat_de_l_objet": "En service", "date_creation": "2008-05-26T07:15:56.138Z", "date_modification": "2016-12-16T14:15:15.232Z", "date_d_apparition": null, "date_de_confirmation": null, "sources": null, "identifiants_sources": null, "methode_d_acquisition_planimetrique": "Calculé", "precision_planimetrique": 20, "methode_d_acquisition_altimetrique": "Pas de Z", "precision_altimetrique": 9999, "insee_commune": "30189", "commune": "NIMES", "identifiant_voie_ban": null, "id_ban_odonyme": null, "source": "bdtopo"}}, {"type": "Feature", "id": "equipement_de_transport.27537", "geometry": {"type": "MultiPolygon", "coordinates": [[[[4.32855311, 43.82233636, -1000], [4.32855207, 43.82229137, -1000], [4.32848993, 43.82229213, -1000], [4.32849098, 43.82233712, -1000], [4.32855311, 43.82233636, -1000]]]]}, "geometry_name": "geometrie", "properties": {"cleabs": "EQ_RESEA0000000130189906", "nature": "Parking", "nature_detaillee": null, "toponyme": null, "statut_du_toponyme": null, "importance": "5", "numero": null, "fictif": true, "adresse_postale": "", "etat_de_l_objet": "En service", "date_creation": "2008-05-26T07:15:56.138Z", "date_modification": "2016-12-16T14:15:15.232Z", "date_d_apparition": null, "date_de_confirmation": null, "sources": null, "identifiants_sources": null, "methode_d_acquisition_planimetrique": "Calculé", "precision_planimetrique": 20, "methode_d_acquisition_altimetrique": "Pas de Z", "precision_altimetrique": 9999, "insee_commune": "30189", "commune": "NIMES", "identifiant_voie_ban": null, "id_ban_odonyme": null, "source": "bdtopo"}}, {"type": "Feature", "id": "equipement_de_transport.27539", "geometry": {"type": "MultiPolygon", "coordinates": [[[[4.33540547, 43.82256857, -1000], [4.33540442, 43.82252358, -1000], [4.33534229, 43.82252434, -1000], [4.33534334, 43.82256933, -1000], [4.33540547, 43.82256857, -1000]]]]}, "geometry_name": "geometrie", "properties": {"cleabs": "EQ_RESEA0000000130189910", "nature": "Parking", "nature_detaillee": null, "toponyme": null, "statut_du_toponyme": null, "importance": "5", "numero": null, "fictif": true, "adresse_postale": "", "etat_de_l_objet": "En service", "date_creation": "2008-05-26T07:15:56.138Z", "date_modification": "2016-12-16T14:15:15.232Z", "date_d_apparition": null, "date_de_confirmation": null, "sources": null, "identifiants_sources": null, "methode_d_acquisition_planimetrique": "Calculé", "precision_planimetrique": 20, "methode_d_acquisition_altimetrique": "Pas de Z", "precision_altimetrique": 9999, "insee_commune": "30189", "commune": "NIMES", "identifiant_voie_ban": null, "id_ban_odonyme": null, "source": "bdtopo"}}, {"type": "Feature", "id": "equipement_de_transport.27540", "geometry": {"type": "MultiPolygon", "coordinates": [[[[4.35344513, 43.7880141, -1000], [4.35344407, 43.78796911, -1000], [4.35338197, 43.78796988, -1000], [4.35338303, 43.78801487, -1000], [4.35344513, 43.7880141, -1000]]]]}, "geometry_name": "geometrie", "properties": {"cleabs": "EQ_RESEA0000000130189911", "nature": "Parking", "nature_detaillee": null, "toponyme": null, "statut_du_toponyme": null, "importance": "5", "numero": null, "fictif": true, "adresse_postale": "", "etat_de_l_objet": "En service", "date_creation": "2008-05-26T07:15:56.138Z", "date_modification": "2016-12-16T14:15:15.232Z", "date_d_apparition": null, "date_de_confirmation": null, "sources": null, "identifiants_sources": null, "methode_d_acquisition_planimetrique": "Calculé", "precision_planimetrique": 20, "methode_d_acquisition_altimetrique": "Pas de Z", "precision_altimetrique": 9999, "insee_commune": "30189", "commune": "NIMES", "identifiant_voie_ban": null, "id_ban_odonyme": null, "source": "bdtopo"}}, {"type": "Feature", "id": "equipement_de_transport.27541", "geometry": {"type": "MultiPolygon", "coordinates": [[[[4.13773685, 43.68988384, -1000], [4.13773596, 43.68983885, -1000], [4.13767396, 43.6898395, -1000], [4.13767486, 43.68988449, -1000], [4.13773685, 43.68988384, -1000]]]]}, "geometry_name": "geometrie", "properties": {"cleabs": "EQ_RESEA0000000130189913", "nature": "Parking", "nature_detaillee": null, "toponyme": null, "statut_du_toponyme": null, "importance": "5", "numero": null, "fictif": true, "adresse_postale": "", "etat_de_l_objet": "En service", "date_creation": "2008-05-26T07:15:56.138Z", "date_modification": "2016-12-16T14:15:15.232Z", "date_d_apparition": null, "date_de_confirmation": null, "sources": null, "identifiants_sources": null, "methode_d_acquisition_planimetrique": "Calculé", "precision_planimetrique": 20, "methode_d_acquisition_altimetrique": "Pas de Z", "precision_altimetrique": 9999, "insee_commune": "34145", "commune": "LUNEL", "identifiant_voie_ban": null, "id_ban_odonyme": null, "source": "bdtopo"}}, {"type": "Feature", "id": "equipement_de_transport.27543", "geometry": {"type": "MultiPolygon", "coordinates": [[[[4.37433552, 43.8251486, -1000], [4.37433444, 43.82510361, -1000], [4.3742723, 43.8251044, -1000], [4.37427338, 43.82514939, -1000], [4.37433552, 43.8251486, -1000]]]]}, "geometry_name": "geometrie", "properties": {"cleabs": "EQ_RESEA0000000130189915", "nature": "Parking", "nature_detaillee": null, "toponyme": null, "statut_du_toponyme": null, "importance": "5", "numero": null, "fictif": true, "adresse_postale": "", "etat_de_l_objet": "En service", "date_creation": "2008-05-26T07:15:56.138Z", "date_modification": "2016-12-16T14:15:15.232Z", "date_d_apparition": null, "date_de_confirmation": null, "sources": null, "identifiants_sources": null, "methode_d_acquisition_planimetrique": "Calculé", "precision_planimetrique": 20, "methode_d_acquisition_altimetrique": "Pas de Z", "precision_altimetrique": 9999, "insee_commune": "30189", "commune": "NIMES", "identifiant_voie_ban": null, "id_ban_odonyme": null, "source": "bdtopo"}}, {"type": "Feature", "id": "equipement_de_transport.27547", "geometry": {"type": "MultiPolygon", "coordinates": [[[[4.35639879, 43.81601469, -1000], [4.35639772, 43.8159697, -1000], [4.35633559, 43.81597047, -1000], [4.35633666, 43.81601546, -1000], [4.35639879, 43.81601469, -1000]]]]}, "geometry_name": "geometrie", "properties": {"cleabs": "EQ_RESEA0000000130189920", "nature": "Parking", "nature_detaillee": null, "toponyme": null, "statut_du_toponyme": null, "importance": "5", "numero": null, "fictif": true, "adresse_postale": "", "etat_de_l_objet": "En service", "date_creation": "2008-05-26T07:15:56.138Z", "date_modification": "2016-12-16T14:15:15.232Z", "date_d_apparition": null, "date_de_confirmation": null, "sources": null, "identifiants_sources": null, "methode_d_acquisition_planimetrique": "Calculé", "precision_planimetrique": 20, "methode_d_acquisition_altimetrique": "Pas de Z", "precision_altimetrique": 9999, "insee_commune": "30189", "commune": "NIMES", "identifiant_voie_ban": null, "id_ban_odonyme": null, "source": "bdtopo"}}, {"type": "Feature", "id": "equipement_de_transport.27548", "geometry": {"type": "MultiPolygon", "coordinates": [[[[4.26550368, 43.75521696, -1000], [4.26550269, 43.75517197, -1000], [4.26544062, 43.75517269, -1000], [4.26544162, 43.75521768, -1000], [4.26550368, 43.75521696, -1000]]]]}, "geometry_name": "geometrie", "properties": {"cleabs": "EQ_RESEA0000000130189922", "nature": "Parking", "nature_detaillee": null, "toponyme": null, "statut_du_toponyme": null, "importance": "5", "numero": null, "fictif": true, "adresse_postale": null, "etat_de_l_objet": "En service", "date_creation": "2008-05-26T07:15:56.138Z", "date_modification": "2020-11-10T14:28:36.551Z", "date_d_apparition": null, "date_de_confirmation": null, "sources": null, "identifiants_sources": null, "methode_d_acquisition_planimetrique": "Calculé", "precision_planimetrique": 20, "methode_d_acquisition_altimetrique": "Pas de Z", "precision_altimetrique": 9999, "insee_commune": "30333", "commune": "UCHAUD", "identifiant_voie_ban": null, "id_ban_odonyme": null, "source": "bdtopo"}}, {"type": "Feature", "id": "equipement_de_transport.27555", "geometry": {"type": "MultiPolygon", "coordinates": [[[[4.25851929, 43.75113732, -1000], [4.2585183, 43.75109233, -1000], [4.25845624, 43.75109305, -1000], [4.25845723, 43.75113804, -1000], [4.25851929, 43.75113732, -1000]]]]}, "geometry_name": "geometrie", "properties": {"cleabs": "EQ_RESEA0000000130189929", "nature": "Parking", "nature_detaillee": null, "toponyme": null, "statut_du_toponyme": null, "importance": "5", "numero": null, "fictif": true, "adresse_postale": "", "etat_de_l_objet": "En service", "date_creation": "2008-05-26T07:15:56.138Z", "date_modification": "2016-12-16T14:15:15.232Z", "date_d_apparition": null, "date_de_confirmation": null, "sources": null, "identifiants_sources": null, "methode_d_acquisition_planimetrique": "Calculé", "precision_planimetrique": 20, "methode_d_acquisition_altimetrique": "Pas de Z", "precision_altimetrique": 9999, "insee_commune": "30333", "commune": "UCHAUD", "identifiant_voie_ban": null, "id_ban_odonyme": null, "source": "bdtopo"}}, {"type": "Feature", "id": "equipement_de_transport.27556", "geometry": {"type": "MultiPolygon", "coordinates": [[[[4.27530409, 43.69243873, -1000], [4.27530309, 43.69239375, -1000], [4.2752411, 43.69239448, -1000], [4.2752421, 43.69243946, -1000], [4.27530409, 43.69243873, -1000]]]]}, "geometry_name": "geometrie", "properties": {"cleabs": "EQ_RESEA0000000130189930", "nature": "Parking", "nature_detaillee": null, "toponyme": null, "statut_du_toponyme": null, "importance": "5", "numero": null, "fictif": true, "adresse_postale": "", "etat_de_l_objet": "En service", "date_creation": "2008-05-26T07:15:56.138Z", "date_modification": "2016-12-16T14:15:15.232Z", "date_d_apparition": null, "date_de_confirmation": null, "sources": null, "identifiants_sources": null, "methode_d_acquisition_planimetrique": "Calculé", "precision_planimetrique": 20, "methode_d_acquisition_altimetrique": "Pas de Z", "precision_altimetrique": 9999, "insee_commune": "30341", "commune": "VAUVERT", "identifiant_voie_ban": null, "id_ban_odonyme": null, "source": "bdtopo"}}, {"type": "Feature", "id": "equipement_de_transport.27567", "geometry": {"type": "MultiPolygon", "coordinates": [[[[4.39444593, 43.83522847, -1000], [4.39444484, 43.83518348, -1000], [4.39438269, 43.83518428, -1000], [4.39438378, 43.83522926, -1000], [4.39444593, 43.83522847, -1000]]]]}, "geometry_name": "geometrie", "properties": {"cleabs": "EQ_RESEA0000000130189948", "nature": "Parking", "nature_detaillee": null, "toponyme": null, "statut_du_toponyme": null, "importance": "5", "numero": null, "fictif": true, "adresse_postale": "", "etat_de_l_objet": "En service", "date_creation": "2008-05-26T07:15:56.138Z", "date_modification": "2016-12-16T14:15:15.232Z", "date_d_apparition": null, "date_de_confirmation": null, "sources": null, "identifiants_sources": null, "methode_d_acquisition_planimetrique": "Calculé", "precision_planimetrique": 20, "methode_d_acquisition_altimetrique": "Pas de Z", "precision_altimetrique": 9999, "insee_commune": "30189", "commune": "NIMES", "identifiant_voie_ban": null, "id_ban_odonyme": null, "source": "bdtopo"}}, {"type": "Feature", "id": "equipement_de_transport.27569", "geometry": {"type": "MultiPolygon", "coordinates": [[[[4.37054563, 43.84378387, -1000], [4.37054455, 43.84373888, -1000], [4.37048239, 43.84373967, -1000], [4.37048347, 43.84378465, -1000], [4.37054563, 43.84378387, -1000]]]]}, "geometry_name": "geometrie", "properties": {"cleabs": "EQ_RESEA0000000130189950", "nature": "Parking", "nature_detaillee": null, "toponyme": null, "statut_du_toponyme": null, "importance": "5", "numero": null, "fictif": true, "adresse_postale": "", "etat_de_l_objet": "En service", "date_creation": "2008-05-26T07:15:56.138Z", "date_modification": "2016-12-16T14:15:15.232Z", "date_d_apparition": null, "date_de_confirmation": null, "sources": null, "identifiants_sources": null, "methode_d_acquisition_planimetrique": "Calculé", "precision_planimetrique": 20, "methode_d_acquisition_altimetrique": "Pas de Z", "precision_altimetrique": 9999, "insee_commune": "30189", "commune": "NIMES", "identifiant_voie_ban": null, "id_ban_odonyme": null, "source": "bdtopo"}}, {"type": "Feature", "id": "equipement_de_transport.27573", "geometry": {"type": "MultiPolygon", "coordinates": [[[[4.33190737, 43.83083669, -1000], [4.33190632, 43.8307917, -1000], [4.33184417, 43.83079246, -1000], [4.33184522, 43.83083745, -1000], [4.33190737, 43.83083669, -1000]]]]}, "geometry_name": "geometrie", "properties": {"cleabs": "EQ_RESEA0000000130189954", "nature": "Parking", "nature_detaillee": null, "toponyme": null, "statut_du_toponyme": null, "importance": "5", "numero": null, "fictif": true, "adresse_postale": "", "etat_de_l_objet": "En service", "date_creation": "2008-05-26T07:15:56.138Z", "date_modification": "2016-12-16T14:15:15.232Z", "date_d_apparition": null, "date_de_confirmation": null, "sources": null, "identifiants_sources": null, "methode_d_acquisition_planimetrique": "Calculé", "precision_planimetrique": 20, "methode_d_acquisition_altimetrique": "Pas de Z", "precision_altimetrique": 9999, "insee_commune": "30189", "commune": "NIMES", "identifiant_voie_ban": null, "id_ban_odonyme": null, "source": "bdtopo"}}, {"type": "Feature", "id": "equipement_de_transport.27576", "geometry": {"type": "MultiPolygon", "coordinates": [[[[4.29402325, 43.86156883, -1000], [4.29402223, 43.86152384, -1000], [4.29396005, 43.86152458, -1000], [4.29396107, 43.86156957, -1000], [4.29402325, 43.86156883, -1000]]]]}, "geometry_name": "geometrie", "properties": {"cleabs": "EQ_RESEA0000000130189958", "nature": "Parking", "nature_detaillee": null, "toponyme": null, "statut_du_toponyme": null, "importance": "5", "numero": null, "fictif": true, "adresse_postale": "", "etat_de_l_objet": "En service", "date_creation": "2008-05-26T07:15:56.138Z", "date_modification": "2016-12-16T14:15:15.232Z", "date_d_apparition": null, "date_de_confirmation": null, "sources": null, "identifiants_sources": null, "methode_d_acquisition_planimetrique": "Calculé", "precision_planimetrique": 20, "methode_d_acquisition_altimetrique": "Pas de Z", "precision_altimetrique": 9999, "insee_commune": "30189", "commune": "NIMES", "identifiant_voie_ban": null, "id_ban_odonyme": null, "source": "bdtopo"}}, {"type": "Feature", "id": "equipement_de_transport.27593", "geometry": {"type": "MultiPolygon", "coordinates": [[[[4.33913395, 43.8243913, -1000], [4.3391329, 43.82434631, -1000], [4.33907076, 43.82434708, -1000], [4.33907181, 43.82439206, -1000], [4.33913395, 43.8243913, -1000]]]]}, "geometry_name": "geometrie", "properties": {"cleabs": "EQ_RESEA0000000130189979", "nature": "Parking", "nature_detaillee": null, "toponyme": null, "statut_du_toponyme": null, "importance": "5", "numero": null, "fictif": true, "adresse_postale": "", "etat_de_l_objet": "En service", "date_creation": "2008-05-26T07:15:56.138Z", "date_modification": "2016-12-16T14:15:15.232Z", "date_d_apparition": null, "date_de_confirmation": null, "sources": null, "identifiants_sources": null, "methode_d_acquisition_planimetrique": "Calculé", "precision_planimetrique": 20, "methode_d_acquisition_altimetrique": "Pas de Z", "precision_altimetrique": 9999, "insee_commune": "30189", "commune": "NIMES", "identifiant_voie_ban": null, "id_ban_odonyme": null, "source": "bdtopo"}}, {"type": "Feature", "id": "equipement_de_transport.27594", "geometry": {"type": "MultiPolygon", "coordinates": [[[[4.09447804, 43.56144065, -1000], [4.09447718, 43.56139566, -1000], [4.09441533, 43.56139629, -1000], [4.09441618, 43.56144127, -1000], [4.09447804, 43.56144065, -1000]]]]}, "geometry_name": "geometrie", "properties": {"cleabs": "EQ_RESEA0000000130189980", "nature": "Parking", "nature_detaillee": null, "toponyme": null, "statut_du_toponyme": null, "importance": "5", "numero": null, "fictif": true, "adresse_postale": "", "etat_de_l_objet": "En service", "date_creation": "2008-05-26T07:15:56.138Z", "date_modification": "2016-12-16T14:15:15.232Z", "date_d_apparition": null, "date_de_confirmation": null, "sources": null, "identifiants_sources": null, "methode_d_acquisition_planimetrique": "Calculé", "precision_planimetrique": 20, "methode_d_acquisition_altimetrique": "Pas de Z", "precision_altimetrique": 9999, "insee_commune": "34344", "commune": "LA GRANDE-MOTTE", "identifiant_voie_ban": null, "id_ban_odonyme": null, "source": "bdtopo"}}, {"type": "Feature", "id": "equipement_de_transport.27596", "geometry": {"type": "MultiPolygon", "coordinates": [[[[4.39382343, 43.83922272, -1000], [4.39382233, 43.83917773, -1000], [4.39376017, 43.83917853, -1000], [4.39376127, 43.83922351, -1000], [4.39382343, 43.83922272, -1000]]]]}, "geometry_name": "geometrie", "properties": {"cleabs": "EQ_RESEA0000000130189983", "nature": "Parking", "nature_detaillee": null, "toponyme": null, "statut_du_toponyme": null, "importance": "5", "numero": null, "fictif": true, "adresse_postale": "", "etat_de_l_objet": "En service", "date_creation": "2008-05-26T07:15:56.138Z", "date_modification": "2016-12-16T14:15:15.232Z", "date_d_apparition": null, "date_de_confirmation": null, "sources": null, "identifiants_sources": null, "methode_d_acquisition_planimetrique": "Calculé", "precision_planimetrique": 20, "methode_d_acquisition_altimetrique": "Pas de Z", "precision_altimetrique": 9999, "insee_commune": "30189", "commune": "NIMES", "identifiant_voie_ban": null, "id_ban_odonyme": null, "source": "bdtopo"}}, {"type": "Feature", "id": "equipement_de_transport.27600", "geometry": {"type": "MultiPolygon", "coordinates": [[[[4.34067368, 43.84133076, -1000], [4.34067262, 43.84128577, -1000], [4.34061047, 43.84128654, -1000], [4.34061152, 43.84133153, -1000], [4.34067368, 43.84133076, -1000]]]]}, "geometry_name": "geometrie", "properties": {"cleabs": "EQ_RESEA0000000130189987", "nature": "Parking", "nature_detaillee": null, "toponyme": null, "statut_du_toponyme": null, "importance": "5", "numero": null, "fictif": true, "adresse_postale": "", "etat_de_l_objet": "En service", "date_creation": "2008-05-26T07:15:56.138Z", "date_modification": "2016-12-16T14:15:15.232Z", "date_d_apparition": null, "date_de_confirmation": null, "sources": null, "identifiants_sources": null, "methode_d_acquisition_planimetrique": "Calculé", "precision_planimetrique": 20, "methode_d_acquisition_altimetrique": "Pas de Z", "precision_altimetrique": 9999, "insee_commune": "30189", "commune": "NIMES", "identifiant_voie_ban": null, "id_ban_odonyme": null, "source": "bdtopo"}}, {"type": "Feature", "id": "equipement_de_transport.27601", "geometry": {"type": "MultiPolygon", "coordinates": [[[[4.3797843, 43.83802414, -1000], [4.37978321, 43.83797915, -1000], [4.37972106, 43.83797994, -1000], [4.37972214, 43.83802493, -1000], [4.3797843, 43.83802414, -1000]]]]}, "geometry_name": "geometrie", "properties": {"cleabs": "EQ_RESEA0000000130189988", "nature": "Parking", "nature_detaillee": null, "toponyme": null, "statut_du_toponyme": null, "importance": "5", "numero": null, "fictif": true, "adresse_postale": "", "etat_de_l_objet": "En service", "date_creation": "2008-05-26T07:15:56.138Z", "date_modification": "2016-12-16T14:15:15.232Z", "date_d_apparition": null, "date_de_confirmation": null, "sources": null, "identifiants_sources": null, "methode_d_acquisition_planimetrique": "Calculé", "precision_planimetrique": 20, "methode_d_acquisition_altimetrique": "Pas de Z", "precision_altimetrique": 9999, "insee_commune": "30189", "commune": "NIMES", "identifiant_voie_ban": null, "id_ban_odonyme": null, "source": "bdtopo"}}, {"type": "Feature", "id": "equipement_de_transport.27605", "geometry": {"type": "MultiPolygon", "coordinates": [[[[4.34919523, 43.84337679, -1000], [4.34919417, 43.8433318, -1000], [4.34913201, 43.84333257, -1000], [4.34913307, 43.84337756, -1000], [4.34919523, 43.84337679, -1000]]]]}, "geometry_name": "geometrie", "properties": {"cleabs": "EQ_RESEA0000000130189994", "nature": "Parking", "nature_detaillee": null, "toponyme": null, "statut_du_toponyme": null, "importance": "5", "numero": null, "fictif": true, "adresse_postale": "", "etat_de_l_objet": "En service", "date_creation": "2008-05-26T07:15:56.138Z", "date_modification": "2016-12-16T14:15:15.232Z", "date_d_apparition": null, "date_de_confirmation": null, "sources": null, "identifiants_sources": null, "methode_d_acquisition_planimetrique": "Calculé", "precision_planimetrique": 20, "methode_d_acquisition_altimetrique": "Pas de Z", "precision_altimetrique": 9999, "insee_commune": "30189", "commune": "NIMES", "identifiant_voie_ban": null, "id_ban_odonyme": null, "source": "bdtopo"}}, {"type": "Feature", "id": "equipement_de_transport.27607", "geometry": {"type": "MultiPolygon", "coordinates": [[[[4.36244297, 43.83232618, -1000], [4.36244189, 43.83228119, -1000], [4.36237975, 43.83228197, -1000], [4.36238082, 43.83232696, -1000], [4.36244297, 43.83232618, -1000]]]]}, "geometry_name": "geometrie", "properties": {"cleabs": "EQ_RESEA0000000130189996", "nature": "Parking", "nature_detaillee": null, "toponyme": null, "statut_du_toponyme": null, "importance": "5", "numero": null, "fictif": true, "adresse_postale": "", "etat_de_l_objet": "En service", "date_creation": "2008-05-26T07:15:56.138Z", "date_modification": "2016-12-16T14:15:15.232Z", "date_d_apparition": null, "date_de_confirmation": null, "sources": null, "identifiants_sources": null, "methode_d_acquisition_planimetrique": "Calculé", "precision_planimetrique": 20, "methode_d_acquisition_altimetrique": "Pas de Z", "precision_altimetrique": 9999, "insee_commune": "30189", "commune": "NIMES", "identifiant_voie_ban": null, "id_ban_odonyme": null, "source": "bdtopo"}}, {"type": "Feature", "id": "equipement_de_transport.27609", "geometry": {"type": "MultiPolygon", "coordinates": [[[[4.28590147, 43.76441255, -1000], [4.28590046, 43.76436756, -1000], [4.28583838, 43.7643683, -1000], [4.2858394, 43.76441328, -1000], [4.28590147, 43.76441255, -1000]]]]}, "geometry_name": "geometrie", "properties": {"cleabs": "EQ_RESEA0000000130189998", "nature": "Parking", "nature_detaillee": null, "toponyme": null, "statut_du_toponyme": null, "importance": "5", "numero": null, "fictif": true, "adresse_postale": "", "etat_de_l_objet": "En service", "date_creation": "2008-05-26T07:15:56.138Z", "date_modification": "2016-12-16T14:15:15.232Z", "date_d_apparition": null, "date_de_confirmation": null, "sources": null, "identifiants_sources": null, "methode_d_acquisition_planimetrique": "Calculé", "precision_planimetrique": 20, "methode_d_acquisition_altimetrique": "Pas de Z", "precision_altimetrique": 9999, "insee_commune": "30036", "commune": "BERNIS", "identifiant_voie_ban": null, "id_ban_odonyme": null, "source": "bdtopo"}}, {"type": "Feature", "id": "equipement_de_transport.27610", "geometry": {"type": "MultiPolygon", "coordinates": [[[[4.12050691, 43.67376087, -1000], [4.12050603, 43.67371588, -1000], [4.12044405, 43.67371652, -1000], [4.12044493, 43.6737615, -1000], [4.12050691, 43.67376087, -1000]]]]}, "geometry_name": "geometrie", "properties": {"cleabs": "EQ_RESEA0000000130189999", "nature": "Parking", "nature_detaillee": null, "toponyme": null, "statut_du_toponyme": null, "importance": "5", "numero": null, "fictif": true, "adresse_postale": "", "etat_de_l_objet": "En service", "date_creation": "2008-05-26T07:15:56.138Z", "date_modification": "2016-12-16T14:15:15.232Z", "date_d_apparition": null, "date_de_confirmation": null, "sources": null, "identifiants_sources": null, "methode_d_acquisition_planimetrique": "Calculé", "precision_planimetrique": 20, "methode_d_acquisition_altimetrique": "Pas de Z", "precision_altimetrique": 9999, "insee_commune": "34145", "commune": "LUNEL", "identifiant_voie_ban": null, "id_ban_odonyme": null, "source": "bdtopo"}}, {"type": "Feature", "id": "equipement_de_transport.27611", "geometry": {"type": "MultiPolygon", "coordinates": [[[[4.35516476, 43.82147789, -1000], [4.35516369, 43.8214329, -1000], [4.35510156, 43.82143367, -1000], [4.35510262, 43.82147866, -1000], [4.35516476, 43.82147789, -1000]]]]}, "geometry_name": "geometrie", "properties": {"cleabs": "EQ_RESEA0000000130190002", "nature": "Parking", "nature_detaillee": null, "toponyme": null, "statut_du_toponyme": null, "importance": "5", "numero": null, "fictif": true, "adresse_postale": "", "etat_de_l_objet": "En service", "date_creation": "2008-05-26T07:15:56.138Z", "date_modification": "2016-12-16T14:15:15.232Z", "date_d_apparition": null, "date_de_confirmation": null, "sources": null, "identifiants_sources": null, "methode_d_acquisition_planimetrique": "Calculé", "precision_planimetrique": 20, "methode_d_acquisition_altimetrique": "Pas de Z", "precision_altimetrique": 9999, "insee_commune": "30189", "commune": "NIMES", "identifiant_voie_ban": null, "id_ban_odonyme": null, "source": "bdtopo"}}, {"type": "Feature", "id": "equipement_de_transport.27613", "geometry": {"type": "MultiPolygon", "coordinates": [[[[4.32553233, 43.80871624, -1000], [4.32553129, 43.80867126, -1000], [4.32546917, 43.80867201, -1000], [4.32547021, 43.808717, -1000], [4.32553233, 43.80871624, -1000]]]]}, "geometry_name": "geometrie", "properties": {"cleabs": "EQ_RESEA0000000130190004", "nature": "Parking", "nature_detaillee": null, "toponyme": null, "statut_du_toponyme": null, "importance": "5", "numero": null, "fictif": true, "adresse_postale": "", "etat_de_l_objet": "En service", "date_creation": "2008-05-26T07:15:56.138Z", "date_modification": "2016-12-16T14:15:15.232Z", "date_d_apparition": null, "date_de_confirmation": null, "sources": null, "identifiants_sources": null, "methode_d_acquisition_planimetrique": "Calculé", "precision_planimetrique": 20, "methode_d_acquisition_altimetrique": "Pas de Z", "precision_altimetrique": 9999, "insee_commune": "30189", "commune": "NIMES", "identifiant_voie_ban": null, "id_ban_odonyme": null, "source": "bdtopo"}}, {"type": "Feature", "id": "equipement_de_transport.27615", "geometry": {"type": "MultiPolygon", "coordinates": [[[[4.3407368, 43.84062886, -1000], [4.34073574, 43.84058387, -1000], [4.34067358, 43.84058464, -1000], [4.34067464, 43.84062962, -1000], [4.3407368, 43.84062886, -1000]]]]}, "geometry_name": "geometrie", "properties": {"cleabs": "EQ_RESEA0000000130190006", "nature": "Parking", "nature_detaillee": null, "toponyme": null, "statut_du_toponyme": null, "importance": "5", "numero": null, "fictif": true, "adresse_postale": "", "etat_de_l_objet": "En service", "date_creation": "2008-05-26T07:15:56.138Z", "date_modification": "2016-12-16T14:15:15.232Z", "date_d_apparition": null, "date_de_confirmation": null, "sources": null, "identifiants_sources": null, "methode_d_acquisition_planimetrique": "Calculé", "precision_planimetrique": 20, "methode_d_acquisition_altimetrique": "Pas de Z", "precision_altimetrique": 9999, "insee_commune": "30189", "commune": "NIMES", "identifiant_voie_ban": null, "id_ban_odonyme": null, "source": "bdtopo"}}, {"type": "Feature", "id": "equipement_de_transport.27627", "geometry": {"type": "MultiPolygon", "coordinates": [[[[4.13002325, 43.67059197, -1000], [4.12985635, 43.67042722, -1000], [4.12965328, 43.67018816, -1000], [4.12935692, 43.67031092, -1000], [4.12959158, 43.67058025, -1000], [4.12915178, 43.6707846, -1000], [4.12957795, 43.67120942, -1000], [4.1298042, 43.67142935, -1000], [4.13022972, 43.67119186, -1000], [4.1305468, 43.67149093, -1000], [4.13090824, 43.67183903, -1000], [4.13124936, 43.67166, -1000], [4.13084997, 43.6712736, -1000], [4.13072715, 43.67126948, -1000], [4.13052965, 43.67106185, -1000], [4.13038719, 43.67094185, -1000], [4.13002325, 43.67059197, -1000]]]]}, "geometry_name": "geometrie", "properties": {"cleabs": "EQ_RESEA0000000130190021", "nature": "Parking", "nature_detaillee": null, "toponyme": "Parking des Abrivados", "statut_du_toponyme": "Collecté", "importance": "5", "numero": null, "fictif": false, "adresse_postale": null, "etat_de_l_objet": "En service", "date_creation": "2008-05-26T07:15:56.138Z", "date_modification": "2022-11-17T09:02:31.116Z", "date_d_apparition": null, "date_de_confirmation": "2014-07-09Z", "sources": null, "identifiants_sources": null, "methode_d_acquisition_planimetrique": "Calculé", "precision_planimetrique": 20, "methode_d_acquisition_altimetrique": "Pas de Z", "precision_altimetrique": 9999, "insee_commune": "34145", "commune": "LUNEL", "identifiant_voie_ban": null, "id_ban_odonyme": null, "source": "bdtopo"}}, {"type": "Feature", "id": "equipement_de_transport.27628", "geometry": {"type": "MultiPolygon", "coordinates": [[[[4.3353995, 43.82672946, -1000], [4.33539845, 43.82668447, -1000], [4.3353363, 43.82668523, -1000], [4.33533736, 43.82673022, -1000], [4.3353995, 43.82672946, -1000]]]]}, "geometry_name": "geometrie", "properties": {"cleabs": "EQ_RESEA0000000130190023", "nature": "Parking", "nature_detaillee": null, "toponyme": null, "statut_du_toponyme": null, "importance": "5", "numero": null, "fictif": true, "adresse_postale": "", "etat_de_l_objet": "En service", "date_creation": "2008-05-26T07:15:56.138Z", "date_modification": "2016-12-16T14:15:15.232Z", "date_d_apparition": null, "date_de_confirmation": null, "sources": null, "identifiants_sources": null, "methode_d_acquisition_planimetrique": "Calculé", "precision_planimetrique": 20, "methode_d_acquisition_altimetrique": "Pas de Z", "precision_altimetrique": 9999, "insee_commune": "30189", "commune": "NIMES", "identifiant_voie_ban": null, "id_ban_odonyme": null, "source": "bdtopo"}}, {"type": "Feature", "id": "equipement_de_transport.27632", "geometry": {"type": "MultiPolygon", "coordinates": [[[[4.33999308, 43.82869188, -1000], [4.33999202, 43.82864689, -1000], [4.33992988, 43.82864765, -1000], [4.33993093, 43.82869264, -1000], [4.33999308, 43.82869188, -1000]]]]}, "geometry_name": "geometrie", "properties": {"cleabs": "EQ_RESEA0000000130190029", "nature": "Parking", "nature_detaillee": null, "toponyme": null, "statut_du_toponyme": null, "importance": "5", "numero": null, "fictif": true, "adresse_postale": "", "etat_de_l_objet": "En service", "date_creation": "2008-05-26T07:15:56.138Z", "date_modification": "2016-12-16T14:15:15.232Z", "date_d_apparition": null, "date_de_confirmation": null, "sources": null, "identifiants_sources": null, "methode_d_acquisition_planimetrique": "Calculé", "precision_planimetrique": 20, "methode_d_acquisition_altimetrique": "Pas de Z", "precision_altimetrique": 9999, "insee_commune": "30189", "commune": "NIMES", "identifiant_voie_ban": null, "id_ban_odonyme": null, "source": "bdtopo"}}, {"type": "Feature", "id": "equipement_de_transport.27636", "geometry": {"type": "MultiPolygon", "coordinates": [[[[4.33580248, 43.82391825, -1000], [4.33580143, 43.82387326, -1000], [4.33573929, 43.82387402, -1000], [4.33574034, 43.82391901, -1000], [4.33580248, 43.82391825, -1000]]]]}, "geometry_name": "geometrie", "properties": {"cleabs": "EQ_RESEA0000000130190035", "nature": "Parking", "nature_detaillee": null, "toponyme": null, "statut_du_toponyme": null, "importance": "5", "numero": null, "fictif": true, "adresse_postale": null, "etat_de_l_objet": "En service", "date_creation": "2008-05-26T07:15:56.138Z", "date_modification": "2020-04-02T07:23:17.137Z", "date_d_apparition": null, "date_de_confirmation": null, "sources": null, "identifiants_sources": null, "methode_d_acquisition_planimetrique": "Calculé", "precision_planimetrique": 20, "methode_d_acquisition_altimetrique": "Pas de Z", "precision_altimetrique": 9999, "insee_commune": "30189", "commune": "NIMES", "identifiant_voie_ban": null, "id_ban_odonyme": null, "source": "bdtopo"}}, {"type": "Feature", "id": "equipement_de_transport.27641", "geometry": {"type": "MultiPolygon", "coordinates": [[[[4.3945057, 43.84572944, -1000], [4.3945046, 43.84568445, -1000], [4.39444244, 43.84568524, -1000], [4.39444354, 43.84573023, -1000], [4.3945057, 43.84572944, -1000]]]]}, "geometry_name": "geometrie", "properties": {"cleabs": "EQ_RESEA0000000130190042", "nature": "Parking", "nature_detaillee": null, "toponyme": null, "statut_du_toponyme": null, "importance": "5", "numero": null, "fictif": true, "adresse_postale": "", "etat_de_l_objet": "En service", "date_creation": "2008-05-26T07:15:56.138Z", "date_modification": "2016-12-16T14:15:15.232Z", "date_d_apparition": null, "date_de_confirmation": null, "sources": null, "identifiants_sources": null, "methode_d_acquisition_planimetrique": "Calculé", "precision_planimetrique": 20, "methode_d_acquisition_altimetrique": "Pas de Z", "precision_altimetrique": 9999, "insee_commune": "30189", "commune": "NIMES", "identifiant_voie_ban": null, "id_ban_odonyme": null, "source": "bdtopo"}}, {"type": "Feature", "id": "equipement_de_transport.27645", "geometry": {"type": "MultiPolygon", "coordinates": [[[[4.43489268, 43.67613194, -1000], [4.43489156, 43.67608696, -1000], [4.43482958, 43.67608778, -1000], [4.43483071, 43.67613276, -1000], [4.43489268, 43.67613194, -1000]]]]}, "geometry_name": "geometrie", "properties": {"cleabs": "EQ_RESEA0000000130190050", "nature": "Parking", "nature_detaillee": null, "toponyme": null, "statut_du_toponyme": null, "importance": "5", "numero": null, "fictif": true, "adresse_postale": "", "etat_de_l_objet": "En service", "date_creation": "2008-05-26T07:15:56.138Z", "date_modification": "2016-12-16T14:15:15.232Z", "date_d_apparition": null, "date_de_confirmation": null, "sources": null, "identifiants_sources": null, "methode_d_acquisition_planimetrique": "Calculé", "precision_planimetrique": 20, "methode_d_acquisition_altimetrique": "Pas de Z", "precision_altimetrique": 9999, "insee_commune": "30258", "commune": "SAINT-GILLES", "identifiant_voie_ban": null, "id_ban_odonyme": null, "source": "bdtopo"}}, {"type": "Feature", "id": "equipement_de_transport.27647", "geometry": {"type": "MultiPolygon", "coordinates": [[[[4.39436381, 43.83425747, -1000], [4.39436271, 43.83421249, -1000], [4.39430056, 43.83421328, -1000], [4.39430166, 43.83425827, -1000], [4.39436381, 43.83425747, -1000]]]]}, "geometry_name": "geometrie", "properties": {"cleabs": "EQ_RESEA0000000130190052", "nature": "Parking", "nature_detaillee": null, "toponyme": null, "statut_du_toponyme": null, "importance": "5", "numero": null, "fictif": true, "adresse_postale": "", "etat_de_l_objet": "En service", "date_creation": "2008-05-26T07:15:56.138Z", "date_modification": "2016-12-16T14:15:15.232Z", "date_d_apparition": null, "date_de_confirmation": null, "sources": null, "identifiants_sources": null, "methode_d_acquisition_planimetrique": "Calculé", "precision_planimetrique": 20, "methode_d_acquisition_altimetrique": "Pas de Z", "precision_altimetrique": 9999, "insee_commune": "30189", "commune": "NIMES", "identifiant_voie_ban": null, "id_ban_odonyme": null, "source": "bdtopo"}}, {"type": "Feature", "id": "equipement_de_transport.27648", "geometry": {"type": "MultiPolygon", "coordinates": [[[[4.39338235, 43.83561648, -1000], [4.39338126, 43.83557149, -1000], [4.3933191, 43.83557229, -1000], [4.3933202, 43.83561727, -1000], [4.39338235, 43.83561648, -1000]]]]}, "geometry_name": "geometrie", "properties": {"cleabs": "EQ_RESEA0000000130190054", "nature": "Parking", "nature_detaillee": null, "toponyme": null, "statut_du_toponyme": null, "importance": "5", "numero": null, "fictif": true, "adresse_postale": "", "etat_de_l_objet": "En service", "date_creation": "2008-05-26T07:15:56.138Z", "date_modification": "2016-12-16T14:15:15.232Z", "date_d_apparition": null, "date_de_confirmation": null, "sources": null, "identifiants_sources": null, "methode_d_acquisition_planimetrique": "Calculé", "precision_planimetrique": 20, "methode_d_acquisition_altimetrique": "Pas de Z", "precision_altimetrique": 9999, "insee_commune": "30189", "commune": "NIMES", "identifiant_voie_ban": null, "id_ban_odonyme": null, "source": "bdtopo"}}, {"type": "Feature", "id": "equipement_de_transport.27650", "geometry": {"type": "MultiPolygon", "coordinates": [[[[4.34626797, 43.78674218, -1000], [4.34626691, 43.78669719, -1000], [4.34620481, 43.78669796, -1000], [4.34620587, 43.78674295, -1000], [4.34626797, 43.78674218, -1000]]]]}, "geometry_name": "geometrie", "properties": {"cleabs": "EQ_RESEA0000000130190057", "nature": "Parking", "nature_detaillee": null, "toponyme": null, "statut_du_toponyme": null, "importance": "5", "numero": null, "fictif": true, "adresse_postale": "", "etat_de_l_objet": "En service", "date_creation": "2008-05-26T07:15:56.138Z", "date_modification": "2016-12-16T14:15:15.232Z", "date_d_apparition": null, "date_de_confirmation": null, "sources": null, "identifiants_sources": null, "methode_d_acquisition_planimetrique": "Calculé", "precision_planimetrique": 20, "methode_d_acquisition_altimetrique": "Pas de Z", "precision_altimetrique": 9999, "insee_commune": "30189", "commune": "NIMES", "identifiant_voie_ban": null, "id_ban_odonyme": null, "source": "bdtopo"}}, {"type": "Feature", "id": "equipement_de_transport.27652", "geometry": {"type": "MultiPolygon", "coordinates": [[[[4.14132468, 43.52640963, -1000], [4.14132379, 43.52636465, -1000], [4.14126197, 43.5263653, -1000], [4.14126286, 43.52641028, -1000], [4.14132468, 43.52640963, -1000]]]]}, "geometry_name": "geometrie", "properties": {"cleabs": "EQ_RESEA0000000130190059", "nature": "Parking", "nature_detaillee": null, "toponyme": "Parking de Beauduc", "statut_du_toponyme": "Collecté", "importance": "5", "numero": null, "fictif": true, "adresse_postale": "", "etat_de_l_objet": "En service", "date_creation": "2008-05-26T07:15:56.138Z", "date_modification": "2022-02-09T20:19:55.959Z", "date_d_apparition": null, "date_de_confirmation": null, "sources": null, "identifiants_sources": null, "methode_d_acquisition_planimetrique": "Calculé", "precision_planimetrique": 20, "methode_d_acquisition_altimetrique": "Pas de Z", "precision_altimetrique": 9999, "insee_commune": "30133", "commune": "LE GRAU-DU-ROI", "identifiant_voie_ban": null, "id_ban_odonyme": null, "source": "bdtopo"}}, {"type": "Feature", "id": "equipement_de_transport.27656", "geometry": {"type": "MultiPolygon", "coordinates": [[[[4.28495886, 43.76485206, -1000], [4.28495785, 43.76480708, -1000], [4.28489578, 43.76480781, -1000], [4.28489679, 43.7648528, -1000], [4.28495886, 43.76485206, -1000]]]]}, "geometry_name": "geometrie", "properties": {"cleabs": "EQ_RESEA0000000130190064", "nature": "Parking", "nature_detaillee": null, "toponyme": null, "statut_du_toponyme": null, "importance": "5", "numero": null, "fictif": true, "adresse_postale": "", "etat_de_l_objet": "En service", "date_creation": "2008-05-26T07:15:56.138Z", "date_modification": "2016-12-16T14:15:15.232Z", "date_d_apparition": null, "date_de_confirmation": null, "sources": null, "identifiants_sources": null, "methode_d_acquisition_planimetrique": "Calculé", "precision_planimetrique": 20, "methode_d_acquisition_altimetrique": "Pas de Z", "precision_altimetrique": 9999, "insee_commune": "30036", "commune": "BERNIS", "identifiant_voie_ban": null, "id_ban_odonyme": null, "source": "bdtopo"}}, {"type": "Feature", "id": "equipement_de_transport.27657", "geometry": {"type": "MultiPolygon", "coordinates": [[[[4.0879836, 43.55807579, -1000], [4.08798275, 43.5580308, -1000], [4.08792089, 43.55803142, -1000], [4.08792175, 43.55807641, -1000], [4.0879836, 43.55807579, -1000]]]]}, "geometry_name": "geometrie", "properties": {"cleabs": "EQ_RESEA0000000130190065", "nature": "Parking", "nature_detaillee": null, "toponyme": null, "statut_du_toponyme": null, "importance": "5", "numero": null, "fictif": true, "adresse_postale": "", "etat_de_l_objet": "En service", "date_creation": "2008-05-26T07:15:56.138Z", "date_modification": "2016-12-16T14:15:15.232Z", "date_d_apparition": null, "date_de_confirmation": null, "sources": null, "identifiants_sources": null, "methode_d_acquisition_planimetrique": "Calculé", "precision_planimetrique": 20, "methode_d_acquisition_altimetrique": "Pas de Z", "precision_altimetrique": 9999, "insee_commune": "34344", "commune": "LA GRANDE-MOTTE", "identifiant_voie_ban": null, "id_ban_odonyme": null, "source": "bdtopo"}}, {"type": "Feature", "id": "equipement_de_transport.27659", "geometry": {"type": "MultiPolygon", "coordinates": [[[[4.10598276, 43.56848132, -1000], [4.10598189, 43.56843633, -1000], [4.10592003, 43.56843696, -1000], [4.10592089, 43.56848195, -1000], [4.10598276, 43.56848132, -1000]]]]}, "geometry_name": "geometrie", "properties": {"cleabs": "EQ_RESEA0000000130190068", "nature": "Parking", "nature_detaillee": null, "toponyme": null, "statut_du_toponyme": null, "importance": "5", "numero": null, "fictif": true, "adresse_postale": "", "etat_de_l_objet": "En service", "date_creation": "2008-05-26T07:15:56.138Z", "date_modification": "2016-12-16T14:15:15.232Z", "date_d_apparition": null, "date_de_confirmation": null, "sources": null, "identifiants_sources": null, "methode_d_acquisition_planimetrique": "Calculé", "precision_planimetrique": 20, "methode_d_acquisition_altimetrique": "Pas de Z", "precision_altimetrique": 9999, "insee_commune": "34344", "commune": "LA GRANDE-MOTTE", "identifiant_voie_ban": null, "id_ban_odonyme": null, "source": "bdtopo"}}, {"type": "Feature", "id": "equipement_de_transport.27665", "geometry": {"type": "MultiPolygon", "coordinates": [[[[4.36027356, 43.8153031, 33.9], [4.36050321, 43.81450731, 33.1], [4.3616791, 43.81487605, 32.8], [4.36180233, 43.81504011, 32.8], [4.36281047, 43.81525342, 33.1], [4.3622149, 43.81581888, 33.5], [4.36192572, 43.8160979, 33.7], [4.36167183, 43.81634498, 34], [4.36164629, 43.8163687, 34.2], [4.36144696, 43.81634959, 34], [4.36134352, 43.81633828, 34], [4.36129646, 43.81644957, 33.9], [4.36129755, 43.81659986, 34.6], [4.36128879, 43.81664947, 34.5], [4.36115506, 43.81687974, 34.5], [4.36080924, 43.81723417, 34.2], [4.36077391, 43.81726431, 34.2], [4.36074184, 43.81727461, 34.2], [4.36071326, 43.81727497, 34.2], [4.36064457, 43.81726143, 33.9], [4.36118171, 43.81544117, 33.8], [4.36027356, 43.8153031, 33.9]]]]}, "geometry_name": "geometrie", "properties": {"cleabs": "EQ_RESEA0000000130190075", "nature": "Parking", "nature_detaillee": null, "toponyme": null, "statut_du_toponyme": null, "importance": "5", "numero": null, "fictif": false, "adresse_postale": "", "etat_de_l_objet": "En service", "date_creation": "2008-05-26T07:15:56.138Z", "date_modification": "2016-12-16T14:15:15.232Z", "date_d_apparition": null, "date_de_confirmation": null, "sources": null, "identifiants_sources": null, "methode_d_acquisition_planimetrique": "Photogrammétrie", "precision_planimetrique": 2.5, "methode_d_acquisition_altimetrique": "Photogrammétrie", "precision_altimetrique": 1.5, "insee_commune": "30189", "commune": "NIMES", "identifiant_voie_ban": null, "id_ban_odonyme": null, "source": "bdtopo"}}, {"type": "Feature", "id": "equipement_de_transport.27669", "geometry": {"type": "MultiPolygon", "coordinates": [[[[4.36373178, 43.82209201, -1000], [4.36373071, 43.82204702, -1000], [4.36366858, 43.8220478, -1000], [4.36366965, 43.82209279, -1000], [4.36373178, 43.82209201, -1000]]]]}, "geometry_name": "geometrie", "properties": {"cleabs": "EQ_RESEA0000000130190083", "nature": "Parking", "nature_detaillee": null, "toponyme": null, "statut_du_toponyme": null, "importance": "5", "numero": null, "fictif": true, "adresse_postale": "", "etat_de_l_objet": "En service", "date_creation": "2008-05-26T07:15:56.138Z", "date_modification": "2016-12-16T14:15:15.232Z", "date_d_apparition": null, "date_de_confirmation": null, "sources": null, "identifiants_sources": null, "methode_d_acquisition_planimetrique": "Calculé", "precision_planimetrique": 20, "methode_d_acquisition_altimetrique": "Pas de Z", "precision_altimetrique": 9999, "insee_commune": "30189", "commune": "NIMES", "identifiant_voie_ban": null, "id_ban_odonyme": null, "source": "bdtopo"}}, {"type": "Feature", "id": "equipement_de_transport.27670", "geometry": {"type": "MultiPolygon", "coordinates": [[[[4.35316711, 43.81417739, -1000], [4.35316605, 43.81413241, -1000], [4.35310392, 43.81413318, -1000], [4.35310499, 43.81417816, -1000], [4.35316711, 43.81417739, -1000]]]]}, "geometry_name": "geometrie", "properties": {"cleabs": "EQ_RESEA0000000130190085", "nature": "Parking", "nature_detaillee": null, "toponyme": null, "statut_du_toponyme": null, "importance": "5", "numero": null, "fictif": true, "adresse_postale": "", "etat_de_l_objet": "En service", "date_creation": "2008-05-26T07:15:56.138Z", "date_modification": "2016-12-16T14:15:15.232Z", "date_d_apparition": null, "date_de_confirmation": null, "sources": null, "identifiants_sources": null, "methode_d_acquisition_planimetrique": "Calculé", "precision_planimetrique": 20, "methode_d_acquisition_altimetrique": "Pas de Z", "precision_altimetrique": 9999, "insee_commune": "30189", "commune": "NIMES", "identifiant_voie_ban": null, "id_ban_odonyme": null, "source": "bdtopo"}}, {"type": "Feature", "id": "equipement_de_transport.27674", "geometry": {"type": "MultiPolygon", "coordinates": [[[[4.43397343, 43.67675783, -1000], [4.4339723, 43.67671285, -1000], [4.43391032, 43.67671367, -1000], [4.43391145, 43.67675865, -1000], [4.43397343, 43.67675783, -1000]]]]}, "geometry_name": "geometrie", "properties": {"cleabs": "EQ_RESEA0000000130190089", "nature": "Parking", "nature_detaillee": null, "toponyme": null, "statut_du_toponyme": null, "importance": "5", "numero": null, "fictif": true, "adresse_postale": "", "etat_de_l_objet": "En service", "date_creation": "2008-05-26T07:15:56.138Z", "date_modification": "2016-12-16T14:15:15.232Z", "date_d_apparition": null, "date_de_confirmation": null, "sources": null, "identifiants_sources": null, "methode_d_acquisition_planimetrique": "Calculé", "precision_planimetrique": 20, "methode_d_acquisition_altimetrique": "Pas de Z", "precision_altimetrique": 9999, "insee_commune": "30258", "commune": "SAINT-GILLES", "identifiant_voie_ban": null, "id_ban_odonyme": null, "source": "bdtopo"}}, {"type": "Feature", "id": "equipement_de_transport.27677", "geometry": {"type": "MultiPolygon", "coordinates": [[[[4.26597528, 43.75868718, -1000], [4.26597429, 43.75864219, -1000], [4.26591222, 43.75864291, -1000], [4.26591321, 43.7586879, -1000], [4.26597528, 43.75868718, -1000]]]]}, "geometry_name": "geometrie", "properties": {"cleabs": "EQ_RESEA0000000130190092", "nature": "Parking", "nature_detaillee": null, "toponyme": null, "statut_du_toponyme": null, "importance": "5", "numero": null, "fictif": true, "adresse_postale": null, "etat_de_l_objet": "En service", "date_creation": "2008-05-26T07:15:56.138Z", "date_modification": "2020-11-10T14:28:36.551Z", "date_d_apparition": null, "date_de_confirmation": null, "sources": null, "identifiants_sources": null, "methode_d_acquisition_planimetrique": "Calculé", "precision_planimetrique": 20, "methode_d_acquisition_altimetrique": "Pas de Z", "precision_altimetrique": 9999, "insee_commune": "30333", "commune": "UCHAUD", "identifiant_voie_ban": null, "id_ban_odonyme": null, "source": "bdtopo"}}, {"type": "Feature", "id": "equipement_de_transport.27678", "geometry": {"type": "MultiPolygon", "coordinates": [[[[4.35632371, 43.82028984, -1000], [4.35632264, 43.82024486, -1000], [4.35626051, 43.82024563, -1000], [4.35626158, 43.82029062, -1000], [4.35632371, 43.82028984, -1000]]]]}, "geometry_name": "geometrie", "properties": {"cleabs": "EQ_RESEA0000000130190093", "nature": "Parking", "nature_detaillee": null, "toponyme": null, "statut_du_toponyme": null, "importance": "5", "numero": null, "fictif": true, "adresse_postale": "", "etat_de_l_objet": "En service", "date_creation": "2008-05-26T07:15:56.138Z", "date_modification": "2016-12-16T14:15:15.232Z", "date_d_apparition": null, "date_de_confirmation": null, "sources": null, "identifiants_sources": null, "methode_d_acquisition_planimetrique": "Calculé", "precision_planimetrique": 20, "methode_d_acquisition_altimetrique": "Pas de Z", "precision_altimetrique": 9999, "insee_commune": "30189", "commune": "NIMES", "identifiant_voie_ban": null, "id_ban_odonyme": null, "source": "bdtopo"}}, {"type": "Feature", "id": "equipement_de_transport.27686", "geometry": {"type": "MultiPolygon", "coordinates": [[[[4.13949062, 43.51368404, -1000], [4.13948973, 43.51363905, -1000], [4.13942792, 43.5136397, -1000], [4.13942881, 43.51368468, -1000], [4.13949062, 43.51368404, -1000]]]]}, "geometry_name": "geometrie", "properties": {"cleabs": "EQ_RESEA0000000130190103", "nature": "Parking", "nature_detaillee": null, "toponyme": null, "statut_du_toponyme": null, "importance": "5", "numero": null, "fictif": true, "adresse_postale": "", "etat_de_l_objet": "En service", "date_creation": "2008-05-26T07:15:56.138Z", "date_modification": "2016-12-16T14:15:15.232Z", "date_d_apparition": null, "date_de_confirmation": null, "sources": null, "identifiants_sources": null, "methode_d_acquisition_planimetrique": "Calculé", "precision_planimetrique": 20, "methode_d_acquisition_altimetrique": "Pas de Z", "precision_altimetrique": 9999, "insee_commune": "30133", "commune": "LE GRAU-DU-ROI", "identifiant_voie_ban": null, "id_ban_odonyme": null, "source": "bdtopo"}}, {"type": "Feature", "id": "equipement_de_transport.27688", "geometry": {"type": "MultiPolygon", "coordinates": [[[[4.3725927, 43.84239277, -1000], [4.37259162, 43.84234778, -1000], [4.37252946, 43.84234856, -1000], [4.37253054, 43.84239355, -1000], [4.3725927, 43.84239277, -1000]]]]}, "geometry_name": "geometrie", "properties": {"cleabs": "EQ_RESEA0000000130190105", "nature": "Parking", "nature_detaillee": null, "toponyme": null, "statut_du_toponyme": null, "importance": "5", "numero": null, "fictif": true, "adresse_postale": "", "etat_de_l_objet": "En service", "date_creation": "2008-05-26T07:15:56.138Z", "date_modification": "2016-12-16T14:15:15.232Z", "date_d_apparition": null, "date_de_confirmation": null, "sources": null, "identifiants_sources": null, "methode_d_acquisition_planimetrique": "Calculé", "precision_planimetrique": 20, "methode_d_acquisition_altimetrique": "Pas de Z", "precision_altimetrique": 9999, "insee_commune": "30189", "commune": "NIMES", "identifiant_voie_ban": null, "id_ban_odonyme": null, "source": "bdtopo"}}, {"type": "Feature", "id": "equipement_de_transport.27695", "geometry": {"type": "MultiPolygon", "coordinates": [[[[4.33347885, 43.81719381, -1000], [4.3334778, 43.81714883, -1000], [4.33341567, 43.81714959, -1000], [4.33341672, 43.81719457, -1000], [4.33347885, 43.81719381, -1000]]]]}, "geometry_name": "geometrie", "properties": {"cleabs": "EQ_RESEA0000000130190115", "nature": "Parking", "nature_detaillee": null, "toponyme": null, "statut_du_toponyme": null, "importance": "5", "numero": null, "fictif": true, "adresse_postale": "", "etat_de_l_objet": "En service", "date_creation": "2008-05-26T07:15:56.138Z", "date_modification": "2016-12-16T14:15:15.232Z", "date_d_apparition": null, "date_de_confirmation": null, "sources": null, "identifiants_sources": null, "methode_d_acquisition_planimetrique": "Calculé", "precision_planimetrique": 20, "methode_d_acquisition_altimetrique": "Pas de Z", "precision_altimetrique": 9999, "insee_commune": "30189", "commune": "NIMES", "identifiant_voie_ban": null, "id_ban_odonyme": null, "source": "bdtopo"}}, {"type": "Feature", "id": "equipement_de_transport.27696", "geometry": {"type": "MultiPolygon", "coordinates": [[[[4.36604183, 43.84161546, -1000], [4.36604075, 43.84157047, -1000], [4.3659786, 43.84157125, -1000], [4.36597967, 43.84161624, -1000], [4.36604183, 43.84161546, -1000]]]]}, "geometry_name": "geometrie", "properties": {"cleabs": "EQ_RESEA0000000130190116", "nature": "Parking", "nature_detaillee": null, "toponyme": null, "statut_du_toponyme": null, "importance": "5", "numero": null, "fictif": true, "adresse_postale": "", "etat_de_l_objet": "En service", "date_creation": "2008-05-26T07:15:56.138Z", "date_modification": "2016-12-16T14:15:15.232Z", "date_d_apparition": null, "date_de_confirmation": null, "sources": null, "identifiants_sources": null, "methode_d_acquisition_planimetrique": "Calculé", "precision_planimetrique": 20, "methode_d_acquisition_altimetrique": "Pas de Z", "precision_altimetrique": 9999, "insee_commune": "30189", "commune": "NIMES", "identifiant_voie_ban": null, "id_ban_odonyme": null, "source": "bdtopo"}}, {"type": "Feature", "id": "equipement_de_transport.27697", "geometry": {"type": "MultiPolygon", "coordinates": [[[[4.34301515, 43.81466112, -1000], [4.3430141, 43.81461613, -1000], [4.34295197, 43.8146169, -1000], [4.34295302, 43.81466188, -1000], [4.34301515, 43.81466112, -1000]]]]}, "geometry_name": "geometrie", "properties": {"cleabs": "EQ_RESEA0000000130190117", "nature": "Parking", "nature_detaillee": null, "toponyme": null, "statut_du_toponyme": null, "importance": "5", "numero": null, "fictif": true, "adresse_postale": "", "etat_de_l_objet": "En service", "date_creation": "2008-05-26T07:15:56.138Z", "date_modification": "2017-11-17T17:11:07.159Z", "date_d_apparition": null, "date_de_confirmation": null, "sources": null, "identifiants_sources": null, "methode_d_acquisition_planimetrique": "Calculé", "precision_planimetrique": 20, "methode_d_acquisition_altimetrique": "Pas de Z", "precision_altimetrique": 9999, "insee_commune": "30189", "commune": "NIMES", "identifiant_voie_ban": null, "id_ban_odonyme": null, "source": "bdtopo"}}, {"type": "Feature", "id": "equipement_de_transport.27698", "geometry": {"type": "MultiPolygon", "coordinates": [[[[4.13229432, 43.51892155, 1.4], [4.13246296, 43.51869484, 1.5], [4.13199484, 43.51846938, 1.5], [4.13151814, 43.51856163, 1.9], [4.13158551, 43.51878048, 1.9], [4.13102735, 43.51887988, 1.8], [4.13095673, 43.51868446, 1.7], [4.1305577, 43.5187651, 1.7], [4.1301673, 43.51915878, 1.8], [4.13048834, 43.51926162, 1.9], [4.13229432, 43.51892155, 1.4]]]]}, "geometry_name": "geometrie", "properties": {"cleabs": "EQ_RESEA0000000130190119", "nature": "Parking", "nature_detaillee": null, "toponyme": null, "statut_du_toponyme": null, "importance": "5", "numero": null, "fictif": false, "adresse_postale": "", "etat_de_l_objet": "En service", "date_creation": "2008-05-26T07:15:56.138Z", "date_modification": "2016-12-16T14:15:15.232Z", "date_d_apparition": null, "date_de_confirmation": null, "sources": null, "identifiants_sources": null, "methode_d_acquisition_planimetrique": "Photogrammétrie", "precision_planimetrique": 2.5, "methode_d_acquisition_altimetrique": "Photogrammétrie", "precision_altimetrique": 1.5, "insee_commune": "30133", "commune": "LE GRAU-DU-ROI", "identifiant_voie_ban": null, "id_ban_odonyme": null, "source": "bdtopo"}}, {"type": "Feature", "id": "equipement_de_transport.27700", "geometry": {"type": "MultiPolygon", "coordinates": [[[[4.13942245, 43.67611291, -1000], [4.13942156, 43.67606792, -1000], [4.13935958, 43.67606857, -1000], [4.13936047, 43.67611356, -1000], [4.13942245, 43.67611291, -1000]]]]}, "geometry_name": "geometrie", "properties": {"cleabs": "EQ_RESEA0000000130190121", "nature": "Parking", "nature_detaillee": null, "toponyme": null, "statut_du_toponyme": null, "importance": "5", "numero": null, "fictif": true, "adresse_postale": "", "etat_de_l_objet": "En service", "date_creation": "2008-05-26T07:15:56.138Z", "date_modification": "2016-12-16T14:15:15.232Z", "date_d_apparition": null, "date_de_confirmation": null, "sources": null, "identifiants_sources": null, "methode_d_acquisition_planimetrique": "Calculé", "precision_planimetrique": 20, "methode_d_acquisition_altimetrique": "Pas de Z", "precision_altimetrique": 9999, "insee_commune": "34145", "commune": "LUNEL", "identifiant_voie_ban": null, "id_ban_odonyme": null, "source": "bdtopo"}}, {"type": "Feature", "id": "equipement_de_transport.27701", "geometry": {"type": "MultiPolygon", "coordinates": [[[[4.32928758, 43.82270182, -1000], [4.32928653, 43.82265683, -1000], [4.32922439, 43.82265759, -1000], [4.32922544, 43.82270258, -1000], [4.32928758, 43.82270182, -1000]]]]}, "geometry_name": "geometrie", "properties": {"cleabs": "EQ_RESEA0000000130190125", "nature": "Parking", "nature_detaillee": null, "toponyme": null, "statut_du_toponyme": null, "importance": "5", "numero": null, "fictif": true, "adresse_postale": "", "etat_de_l_objet": "En service", "date_creation": "2008-05-26T07:15:56.138Z", "date_modification": "2016-12-16T14:15:15.232Z", "date_d_apparition": null, "date_de_confirmation": null, "sources": null, "identifiants_sources": null, "methode_d_acquisition_planimetrique": "Calculé", "precision_planimetrique": 20, "methode_d_acquisition_altimetrique": "Pas de Z", "precision_altimetrique": 9999, "insee_commune": "30189", "commune": "NIMES", "identifiant_voie_ban": null, "id_ban_odonyme": null, "source": "bdtopo"}}, {"type": "Feature", "id": "equipement_de_transport.27706", "geometry": {"type": "MultiPolygon", "coordinates": [[[[4.31822055, 43.83942363, -1000], [4.31821951, 43.83937864, -1000], [4.31815735, 43.83937939, -1000], [4.31815839, 43.83942438, -1000], [4.31822055, 43.83942363, -1000]]]]}, "geometry_name": "geometrie", "properties": {"cleabs": "EQ_RESEA0000000130190130", "nature": "Parking", "nature_detaillee": null, "toponyme": null, "statut_du_toponyme": null, "importance": "5", "numero": null, "fictif": true, "adresse_postale": "", "etat_de_l_objet": "En service", "date_creation": "2008-05-26T07:15:56.138Z", "date_modification": "2016-12-16T14:15:15.232Z", "date_d_apparition": null, "date_de_confirmation": null, "sources": null, "identifiants_sources": null, "methode_d_acquisition_planimetrique": "Calculé", "precision_planimetrique": 20, "methode_d_acquisition_altimetrique": "Pas de Z", "precision_altimetrique": 9999, "insee_commune": "30189", "commune": "NIMES", "identifiant_voie_ban": null, "id_ban_odonyme": null, "source": "bdtopo"}}, {"type": "Feature", "id": "equipement_de_transport.27714", "geometry": {"type": "MultiPolygon", "coordinates": [[[[4.36022578, 43.840879, -1000], [4.36022471, 43.84083402, -1000], [4.36016255, 43.84083479, -1000], [4.36016362, 43.84087978, -1000], [4.36022578, 43.840879, -1000]]]]}, "geometry_name": "geometrie", "properties": {"cleabs": "EQ_RESEA0000000130190139", "nature": "Parking", "nature_detaillee": null, "toponyme": null, "statut_du_toponyme": null, "importance": "5", "numero": null, "fictif": true, "adresse_postale": "", "etat_de_l_objet": "En service", "date_creation": "2008-05-26T07:15:56.138Z", "date_modification": "2016-12-16T14:15:15.232Z", "date_d_apparition": null, "date_de_confirmation": null, "sources": null, "identifiants_sources": null, "methode_d_acquisition_planimetrique": "Calculé", "precision_planimetrique": 20, "methode_d_acquisition_altimetrique": "Pas de Z", "precision_altimetrique": 9999, "insee_commune": "30189", "commune": "NIMES", "identifiant_voie_ban": null, "id_ban_odonyme": null, "source": "bdtopo"}}, {"type": "Feature", "id": "equipement_de_transport.27716", "geometry": {"type": "MultiPolygon", "coordinates": [[[[4.333283, 43.82627744, -1000], [4.33328195, 43.82623245, -1000], [4.33321981, 43.82623321, -1000], [4.33322086, 43.8262782, -1000], [4.333283, 43.82627744, -1000]]]]}, "geometry_name": "geometrie", "properties": {"cleabs": "EQ_RESEA0000000130190141", "nature": "Parking", "nature_detaillee": null, "toponyme": null, "statut_du_toponyme": null, "importance": "5", "numero": null, "fictif": true, "adresse_postale": null, "etat_de_l_objet": "En service", "date_creation": "2008-05-26T07:15:56.138Z", "date_modification": "2020-04-02T07:23:17.137Z", "date_d_apparition": null, "date_de_confirmation": null, "sources": null, "identifiants_sources": null, "methode_d_acquisition_planimetrique": "Calculé", "precision_planimetrique": 20, "methode_d_acquisition_altimetrique": "Pas de Z", "precision_altimetrique": 9999, "insee_commune": "30189", "commune": "NIMES", "identifiant_voie_ban": null, "id_ban_odonyme": null, "source": "bdtopo"}}, {"type": "Feature", "id": "equipement_de_transport.27721", "geometry": {"type": "MultiPolygon", "coordinates": [[[[4.09050675, 43.56173885, -1000], [4.0905059, 43.56169387, -1000], [4.09044404, 43.56169449, -1000], [4.0904449, 43.56173947, -1000], [4.09050675, 43.56173885, -1000]]]]}, "geometry_name": "geometrie", "properties": {"cleabs": "EQ_RESEA0000000130190147", "nature": "Parking", "nature_detaillee": null, "toponyme": null, "statut_du_toponyme": null, "importance": "5", "numero": null, "fictif": true, "adresse_postale": "", "etat_de_l_objet": "En service", "date_creation": "2008-05-26T07:15:56.138Z", "date_modification": "2016-12-16T14:15:15.232Z", "date_d_apparition": null, "date_de_confirmation": null, "sources": null, "identifiants_sources": null, "methode_d_acquisition_planimetrique": "Calculé", "precision_planimetrique": 20, "methode_d_acquisition_altimetrique": "Pas de Z", "precision_altimetrique": 9999, "insee_commune": "34344", "commune": "LA GRANDE-MOTTE", "identifiant_voie_ban": null, "id_ban_odonyme": null, "source": "bdtopo"}}, {"type": "Feature", "id": "equipement_de_transport.27722", "geometry": {"type": "MultiPolygon", "coordinates": [[[[4.38640296, 43.83258317, -1000], [4.38640187, 43.83253819, -1000], [4.38633972, 43.83253898, -1000], [4.38634081, 43.83258396, -1000], [4.38640296, 43.83258317, -1000]]]]}, "geometry_name": "geometrie", "properties": {"cleabs": "EQ_RESEA0000000130190148", "nature": "Parking", "nature_detaillee": null, "toponyme": null, "statut_du_toponyme": null, "importance": "5", "numero": null, "fictif": true, "adresse_postale": "", "etat_de_l_objet": "En service", "date_creation": "2008-05-26T07:15:56.138Z", "date_modification": "2016-12-16T14:15:15.232Z", "date_d_apparition": null, "date_de_confirmation": null, "sources": null, "identifiants_sources": null, "methode_d_acquisition_planimetrique": "Calculé", "precision_planimetrique": 20, "methode_d_acquisition_altimetrique": "Pas de Z", "precision_altimetrique": 9999, "insee_commune": "30189", "commune": "NIMES", "identifiant_voie_ban": null, "id_ban_odonyme": null, "source": "bdtopo"}}, {"type": "Feature", "id": "equipement_de_transport.27727", "geometry": {"type": "MultiPolygon", "coordinates": [[[[4.37762361, 43.88101097, -1000], [4.37762253, 43.88096598, -1000], [4.37756033, 43.88096677, -1000], [4.37756141, 43.88101176, -1000], [4.37762361, 43.88101097, -1000]]]]}, "geometry_name": "geometrie", "properties": {"cleabs": "EQ_RESEA0000000130190155", "nature": "Parking", "nature_detaillee": null, "toponyme": null, "statut_du_toponyme": null, "importance": "5", "numero": null, "fictif": true, "adresse_postale": "", "etat_de_l_objet": "En service", "date_creation": "2008-05-26T07:15:56.138Z", "date_modification": "2016-12-16T14:15:15.232Z", "date_d_apparition": null, "date_de_confirmation": null, "sources": null, "identifiants_sources": null, "methode_d_acquisition_planimetrique": "Calculé", "precision_planimetrique": 20, "methode_d_acquisition_altimetrique": "Pas de Z", "precision_altimetrique": 9999, "insee_commune": "30189", "commune": "NIMES", "identifiant_voie_ban": null, "id_ban_odonyme": null, "source": "bdtopo"}}, {"type": "Feature", "id": "equipement_de_transport.27728", "geometry": {"type": "MultiPolygon", "coordinates": [[[[4.28646892, 43.77026474, -1000], [4.28584672, 43.77004439, -1000], [4.28593451, 43.76991646, -1000], [4.28656271, 43.77012774, -1000], [4.28646892, 43.77026474, -1000]]]]}, "geometry_name": "geometrie", "properties": {"cleabs": "EQ_RESEA0000000130190158", "nature": "Parking", "nature_detaillee": null, "toponyme": null, "statut_du_toponyme": null, "importance": "5", "numero": null, "fictif": false, "adresse_postale": null, "etat_de_l_objet": "En service", "date_creation": "2008-05-26T07:15:56.138Z", "date_modification": "2025-04-24T06:29:09.172Z", "date_d_apparition": null, "date_de_confirmation": null, "sources": null, "identifiants_sources": null, "methode_d_acquisition_planimetrique": "Calculé", "precision_planimetrique": 20, "methode_d_acquisition_altimetrique": "Pas de Z", "precision_altimetrique": 9999, "insee_commune": "30036", "commune": "BERNIS", "identifiant_voie_ban": null, "id_ban_odonyme": null, "source": "bdtopo"}}, {"type": "Feature", "id": "equipement_de_transport.27729", "geometry": {"type": "MultiPolygon", "coordinates": [[[[4.38570888, 43.84262207, -1000], [4.38570779, 43.84257708, -1000], [4.38564563, 43.84257787, -1000], [4.38564673, 43.84262286, -1000], [4.38570888, 43.84262207, -1000]]]]}, "geometry_name": "geometrie", "properties": {"cleabs": "EQ_RESEA0000000130190159", "nature": "Parking", "nature_detaillee": null, "toponyme": null, "statut_du_toponyme": null, "importance": "5", "numero": null, "fictif": true, "adresse_postale": "", "etat_de_l_objet": "En service", "date_creation": "2008-05-26T07:15:56.138Z", "date_modification": "2016-12-16T14:15:15.232Z", "date_d_apparition": null, "date_de_confirmation": null, "sources": null, "identifiants_sources": null, "methode_d_acquisition_planimetrique": "Calculé", "precision_planimetrique": 20, "methode_d_acquisition_altimetrique": "Pas de Z", "precision_altimetrique": 9999, "insee_commune": "30189", "commune": "NIMES", "identifiant_voie_ban": null, "id_ban_odonyme": null, "source": "bdtopo"}}, {"type": "Feature", "id": "equipement_de_transport.27731", "geometry": {"type": "MultiPolygon", "coordinates": [[[[4.08260979, 43.5632513, -1000], [4.08254793, 43.56325192, -1000], [4.08254709, 43.56320694, -1000], [4.08260894, 43.56320632, -1000], [4.08260979, 43.5632513, -1000]]]]}, "geometry_name": "geometrie", "properties": {"cleabs": "EQ_RESEA0000000130190162", "nature": "Parking", "nature_detaillee": null, "toponyme": null, "statut_du_toponyme": null, "importance": "5", "numero": null, "fictif": true, "adresse_postale": null, "etat_de_l_objet": "En service", "date_creation": "2008-05-26T07:15:56.138Z", "date_modification": "2024-11-19T10:05:47.574Z", "date_d_apparition": null, "date_de_confirmation": null, "sources": null, "identifiants_sources": null, "methode_d_acquisition_planimetrique": "Calculé", "precision_planimetrique": 20, "methode_d_acquisition_altimetrique": "Pas de Z", "precision_altimetrique": 9999, "insee_commune": "34344", "commune": "LA GRANDE-MOTTE", "identifiant_voie_ban": null, "id_ban_odonyme": null, "source": "bdtopo"}}, {"type": "Feature", "id": "equipement_de_transport.27732", "geometry": {"type": "MultiPolygon", "coordinates": [[[[4.383378, 43.84311607, -1000], [4.38337692, 43.84307108, -1000], [4.38331476, 43.84307187, -1000], [4.38331585, 43.84311686, -1000], [4.383378, 43.84311607, -1000]]]]}, "geometry_name": "geometrie", "properties": {"cleabs": "EQ_RESEA0000000130190163", "nature": "Parking", "nature_detaillee": null, "toponyme": null, "statut_du_toponyme": null, "importance": "5", "numero": null, "fictif": true, "adresse_postale": "", "etat_de_l_objet": "En service", "date_creation": "2008-05-26T07:15:56.138Z", "date_modification": "2016-12-16T14:15:15.232Z", "date_d_apparition": null, "date_de_confirmation": null, "sources": null, "identifiants_sources": null, "methode_d_acquisition_planimetrique": "Calculé", "precision_planimetrique": 20, "methode_d_acquisition_altimetrique": "Pas de Z", "precision_altimetrique": 9999, "insee_commune": "30189", "commune": "NIMES", "identifiant_voie_ban": null, "id_ban_odonyme": null, "source": "bdtopo"}}, {"type": "Feature", "id": "equipement_de_transport.27735", "geometry": {"type": "MultiPolygon", "coordinates": [[[[4.3092299, 43.79044601, -1000], [4.30922887, 43.79040102, -1000], [4.30916677, 43.79040176, -1000], [4.3091678, 43.79044675, -1000], [4.3092299, 43.79044601, -1000]]]]}, "geometry_name": "geometrie", "properties": {"cleabs": "EQ_RESEA0000000130190168", "nature": "Parking", "nature_detaillee": null, "toponyme": "Place Frédéric Mistral", "statut_du_toponyme": "Collecté", "importance": "5", "numero": null, "fictif": true, "adresse_postale": "", "etat_de_l_objet": "En service", "date_creation": "2008-05-26T07:15:56.138Z", "date_modification": "2017-12-19T13:57:55.125Z", "date_d_apparition": null, "date_de_confirmation": "2014-05-14Z", "sources": null, "identifiants_sources": null, "methode_d_acquisition_planimetrique": "Calculé", "precision_planimetrique": 20, "methode_d_acquisition_altimetrique": "Pas de Z", "precision_altimetrique": 9999, "insee_commune": "30169", "commune": "MILHAUD", "identifiant_voie_ban": null, "id_ban_odonyme": null, "source": "bdtopo"}}, {"type": "Feature", "id": "equipement_de_transport.27738", "geometry": {"type": "MultiPolygon", "coordinates": [[[[4.31995123, 43.8042596, -1000], [4.31995019, 43.80421461, -1000], [4.31988808, 43.80421536, -1000], [4.31988911, 43.80426035, -1000], [4.31995123, 43.8042596, -1000]]]]}, "geometry_name": "geometrie", "properties": {"cleabs": "EQ_RESEA0000000130190174", "nature": "Parking", "nature_detaillee": null, "toponyme": null, "statut_du_toponyme": null, "importance": "5", "numero": null, "fictif": true, "adresse_postale": "", "etat_de_l_objet": "En service", "date_creation": "2008-05-26T07:15:56.138Z", "date_modification": "2016-12-16T14:15:15.232Z", "date_d_apparition": null, "date_de_confirmation": null, "sources": null, "identifiants_sources": null, "methode_d_acquisition_planimetrique": "Calculé", "precision_planimetrique": 20, "methode_d_acquisition_altimetrique": "Pas de Z", "precision_altimetrique": 9999, "insee_commune": "30189", "commune": "NIMES", "identifiant_voie_ban": null, "id_ban_odonyme": null, "source": "bdtopo"}}, {"type": "Feature", "id": "equipement_de_transport.27739", "geometry": {"type": "MultiPolygon", "coordinates": [[[[4.34981622, 43.78732919, -1000], [4.34981516, 43.78728421, -1000], [4.34975306, 43.78728498, -1000], [4.34975412, 43.78732996, -1000], [4.34981622, 43.78732919, -1000]]]]}, "geometry_name": "geometrie", "properties": {"cleabs": "EQ_RESEA0000000130190177", "nature": "Parking", "nature_detaillee": null, "toponyme": null, "statut_du_toponyme": null, "importance": "5", "numero": null, "fictif": true, "adresse_postale": "", "etat_de_l_objet": "En service", "date_creation": "2008-05-26T07:15:56.138Z", "date_modification": "2016-12-16T14:15:15.232Z", "date_d_apparition": null, "date_de_confirmation": null, "sources": null, "identifiants_sources": null, "methode_d_acquisition_planimetrique": "Calculé", "precision_planimetrique": 20, "methode_d_acquisition_altimetrique": "Pas de Z", "precision_altimetrique": 9999, "insee_commune": "30189", "commune": "NIMES", "identifiant_voie_ban": null, "id_ban_odonyme": null, "source": "bdtopo"}}, {"type": "Feature", "id": "equipement_de_transport.27740", "geometry": {"type": "MultiPolygon", "coordinates": [[[[4.32537139, 43.83110081, -1000], [4.32537035, 43.83105582, -1000], [4.3253082, 43.83105658, -1000], [4.32530924, 43.83110157, -1000], [4.32537139, 43.83110081, -1000]]]]}, "geometry_name": "geometrie", "properties": {"cleabs": "EQ_RESEA0000000130190178", "nature": "Parking", "nature_detaillee": null, "toponyme": "Place Archimède", "statut_du_toponyme": "Collecté", "importance": "5", "numero": null, "fictif": true, "adresse_postale": null, "etat_de_l_objet": "En service", "date_creation": "2008-05-26T07:15:56.138Z", "date_modification": "2025-12-05T11:36:43.898Z", "date_d_apparition": null, "date_de_confirmation": null, "sources": null, "identifiants_sources": null, "methode_d_acquisition_planimetrique": "Calculé", "precision_planimetrique": 20, "methode_d_acquisition_altimetrique": "Pas de Z", "precision_altimetrique": 9999, "insee_commune": "30189", "commune": "NIMES", "identifiant_voie_ban": "30189_0483", "id_ban_odonyme": "bd1fbb17-fd9e-4392-be78-47dceb3833f3", "source": "bdtopo"}}, {"type": "Feature", "id": "equipement_de_transport.27744", "geometry": {"type": "MultiPolygon", "coordinates": [[[[4.35873282, 43.8150631, 33.9], [4.35782712, 43.81492318, 33.7], [4.35735784, 43.81651667, 33.6], [4.35716579, 43.81649026, 33.7], [4.35753352, 43.81522565, 33.5], [4.35759779, 43.81489634, 33.5], [4.35763331, 43.81476989, 33.3], [4.35806503, 43.81384559, 33.1], [4.35808191, 43.81382378, 33.1], [4.35810036, 43.81381545, 33], [4.35812272, 43.81381517, 33], [4.35902006, 43.8140749, 33.2], [4.35873282, 43.8150631, 33.9]]]]}, "geometry_name": "geometrie", "properties": {"cleabs": "EQ_RESEA0000000130190184", "nature": "Parking", "nature_detaillee": null, "toponyme": null, "statut_du_toponyme": null, "importance": "5", "numero": null, "fictif": false, "adresse_postale": "", "etat_de_l_objet": "En service", "date_creation": "2008-05-26T07:15:56.138Z", "date_modification": "2016-12-16T14:15:15.232Z", "date_d_apparition": null, "date_de_confirmation": null, "sources": null, "identifiants_sources": null, "methode_d_acquisition_planimetrique": "Photogrammétrie", "precision_planimetrique": 2.5, "methode_d_acquisition_altimetrique": "Photogrammétrie", "precision_altimetrique": 1.5, "insee_commune": "30189", "commune": "NIMES", "identifiant_voie_ban": null, "id_ban_odonyme": null, "source": "bdtopo"}}, {"type": "Feature", "id": "equipement_de_transport.27746", "geometry": {"type": "MultiPolygon", "coordinates": [[[[4.31984068, 43.82143683, -1000], [4.31983964, 43.82139184, -1000], [4.31977751, 43.82139259, -1000], [4.31977855, 43.82143758, -1000], [4.31984068, 43.82143683, -1000]]]]}, "geometry_name": "geometrie", "properties": {"cleabs": "EQ_RESEA0000000130190186", "nature": "Parking", "nature_detaillee": null, "toponyme": null, "statut_du_toponyme": null, "importance": "5", "numero": null, "fictif": true, "adresse_postale": "", "etat_de_l_objet": "En service", "date_creation": "2008-05-26T07:15:56.138Z", "date_modification": "2016-12-16T14:15:15.232Z", "date_d_apparition": null, "date_de_confirmation": null, "sources": null, "identifiants_sources": null, "methode_d_acquisition_planimetrique": "Calculé", "precision_planimetrique": 20, "methode_d_acquisition_altimetrique": "Pas de Z", "precision_altimetrique": 9999, "insee_commune": "30189", "commune": "NIMES", "identifiant_voie_ban": null, "id_ban_odonyme": null, "source": "bdtopo"}}, {"type": "Feature", "id": "equipement_de_transport.27747", "geometry": {"type": "MultiPolygon", "coordinates": [[[[4.14115513, 43.53661351, 1.2], [4.14157193, 43.53679899, 1.7], [4.14136539, 43.53704861, 1.7], [4.14204623, 43.53738788, 1.7], [4.14216595, 43.53725075, 1.6], [4.14284153, 43.53757387, 1.6], [4.14261429, 43.53783991, 1.6], [4.14250588, 43.53779966, 1.6], [4.14246003, 43.53785773, 1.6], [4.14078886, 43.53704118, 1.9], [4.14115513, 43.53661351, 1.2]]]]}, "geometry_name": "geometrie", "properties": {"cleabs": "EQ_RESEA0000000130190187", "nature": "Parking", "nature_detaillee": null, "toponyme": null, "statut_du_toponyme": null, "importance": "5", "numero": null, "fictif": false, "adresse_postale": "", "etat_de_l_objet": "En service", "date_creation": "2008-05-26T07:15:56.138Z", "date_modification": "2017-10-24T15:42:18.426Z", "date_d_apparition": null, "date_de_confirmation": null, "sources": null, "identifiants_sources": null, "methode_d_acquisition_planimetrique": "Photogrammétrie", "precision_planimetrique": 2.5, "methode_d_acquisition_altimetrique": "Photogrammétrie", "precision_altimetrique": 1.5, "insee_commune": "30133", "commune": "LE GRAU-DU-ROI", "identifiant_voie_ban": null, "id_ban_odonyme": null, "source": "bdtopo"}}, {"type": "Feature", "id": "equipement_de_transport.27753", "geometry": {"type": "MultiPolygon", "coordinates": [[[[4.39296795, 43.84442781, -1000], [4.39296686, 43.84438283, -1000], [4.3929047, 43.84438362, -1000], [4.39290579, 43.84442861, -1000], [4.39296795, 43.84442781, -1000]]]]}, "geometry_name": "geometrie", "properties": {"cleabs": "EQ_RESEA0000000130190198", "nature": "Parking", "nature_detaillee": null, "toponyme": null, "statut_du_toponyme": null, "importance": "5", "numero": null, "fictif": true, "adresse_postale": "", "etat_de_l_objet": "En service", "date_creation": "2008-05-26T07:15:56.138Z", "date_modification": "2016-12-16T14:15:15.232Z", "date_d_apparition": null, "date_de_confirmation": null, "sources": null, "identifiants_sources": null, "methode_d_acquisition_planimetrique": "Calculé", "precision_planimetrique": 20, "methode_d_acquisition_altimetrique": "Pas de Z", "precision_altimetrique": 9999, "insee_commune": "30189", "commune": "NIMES", "identifiant_voie_ban": null, "id_ban_odonyme": null, "source": "bdtopo"}}, {"type": "Feature", "id": "equipement_de_transport.27754", "geometry": {"type": "MultiPolygon", "coordinates": [[[[4.35546159, 43.840707, -1000], [4.35546052, 43.84066201, -1000], [4.35539836, 43.84066278, -1000], [4.35539943, 43.84070777, -1000], [4.35546159, 43.840707, -1000]]]]}, "geometry_name": "geometrie", "properties": {"cleabs": "EQ_RESEA0000000130190199", "nature": "Parking", "nature_detaillee": null, "toponyme": null, "statut_du_toponyme": null, "importance": "5", "numero": null, "fictif": true, "adresse_postale": "", "etat_de_l_objet": "En service", "date_creation": "2008-05-26T07:15:56.138Z", "date_modification": "2016-12-16T14:15:15.232Z", "date_d_apparition": null, "date_de_confirmation": null, "sources": null, "identifiants_sources": null, "methode_d_acquisition_planimetrique": "Calculé", "precision_planimetrique": 20, "methode_d_acquisition_altimetrique": "Pas de Z", "precision_altimetrique": 9999, "insee_commune": "30189", "commune": "NIMES", "identifiant_voie_ban": null, "id_ban_odonyme": null, "source": "bdtopo"}}, {"type": "Feature", "id": "equipement_de_transport.27756", "geometry": {"type": "MultiPolygon", "coordinates": [[[[4.34027297, 43.81051337, -1000], [4.34027192, 43.81046838, -1000], [4.3402098, 43.81046915, -1000], [4.34021085, 43.81051413, -1000], [4.34027297, 43.81051337, -1000]]]]}, "geometry_name": "geometrie", "properties": {"cleabs": "EQ_RESEA0000000130190201", "nature": "Parking", "nature_detaillee": null, "toponyme": null, "statut_du_toponyme": null, "importance": "5", "numero": null, "fictif": true, "adresse_postale": "", "etat_de_l_objet": "En service", "date_creation": "2008-05-26T07:15:56.138Z", "date_modification": "2016-12-16T14:15:15.232Z", "date_d_apparition": null, "date_de_confirmation": null, "sources": null, "identifiants_sources": null, "methode_d_acquisition_planimetrique": "Calculé", "precision_planimetrique": 20, "methode_d_acquisition_altimetrique": "Pas de Z", "precision_altimetrique": 9999, "insee_commune": "30189", "commune": "NIMES", "identifiant_voie_ban": null, "id_ban_odonyme": null, "source": "bdtopo"}}, {"type": "Feature", "id": "equipement_de_transport.27759", "geometry": {"type": "MultiPolygon", "coordinates": [[[[4.39437932, 43.84243598, 41.9], [4.39472013, 43.84249013, 41.9], [4.39468568, 43.84255627, 41.9], [4.3946126, 43.84272101, 41.9], [4.39453086, 43.84298937, 41.9], [4.39463079, 43.84300789, 41.9], [4.39451707, 43.84339277, 41.9], [4.39376286, 43.8432656, 41.9], [4.39414424, 43.84207716, 41.9], [4.39445894, 43.84213165, 41.2], [4.39437932, 43.84243598, 41.9]]]]}, "geometry_name": "geometrie", "properties": {"cleabs": "EQ_RESEA0000000130190205", "nature": "Parking", "nature_detaillee": null, "toponyme": null, "statut_du_toponyme": null, "importance": "5", "numero": null, "fictif": false, "adresse_postale": "", "etat_de_l_objet": "En service", "date_creation": "2008-05-26T07:15:56.138Z", "date_modification": "2016-12-16T14:15:15.232Z", "date_d_apparition": null, "date_de_confirmation": null, "sources": null, "identifiants_sources": null, "methode_d_acquisition_planimetrique": "Photogrammétrie", "precision_planimetrique": 2.5, "methode_d_acquisition_altimetrique": "Photogrammétrie", "precision_altimetrique": 1.5, "insee_commune": "30189", "commune": "NIMES", "identifiant_voie_ban": null, "id_ban_odonyme": null, "source": "bdtopo"}}, {"type": "Feature", "id": "equipement_de_transport.27760", "geometry": {"type": "MultiPolygon", "coordinates": [[[[4.39004217, 43.84510777, -1000], [4.38993244, 43.84484005, -1000], [4.38984991, 43.84461699, -1000], [4.38953697, 43.84453277, -1000], [4.38964844, 43.84487247, -1000], [4.38974472, 43.84514936, -1000], [4.39004217, 43.84510777, -1000]]]]}, "geometry_name": "geometrie", "properties": {"cleabs": "EQ_RESEA0000000130190207", "nature": "Parking", "nature_detaillee": null, "toponyme": "Place du Professeur Pierre Daudet", "statut_du_toponyme": "Collecté", "importance": "5", "numero": null, "fictif": false, "adresse_postale": null, "etat_de_l_objet": "En service", "date_creation": "2008-05-26T07:15:56.138Z", "date_modification": "2025-12-05T11:36:43.898Z", "date_d_apparition": null, "date_de_confirmation": null, "sources": null, "identifiants_sources": null, "methode_d_acquisition_planimetrique": "Géoroute", "precision_planimetrique": 20, "methode_d_acquisition_altimetrique": "Pas de Z", "precision_altimetrique": 9999, "insee_commune": "30189", "commune": "NIMES", "identifiant_voie_ban": "30189_6220", "id_ban_odonyme": "a651e487-bf1c-482e-8ce6-c8a036bd0514", "source": "bdtopo"}}, {"type": "Feature", "id": "equipement_de_transport.27764", "geometry": {"type": "MultiPolygon", "coordinates": [[[[4.34598338, 43.81366329, -1000], [4.34598232, 43.81361831, -1000], [4.3459202, 43.81361907, -1000], [4.34592126, 43.81366406, -1000], [4.34598338, 43.81366329, -1000]]]]}, "geometry_name": "geometrie", "properties": {"cleabs": "EQ_RESEA0000000130190211", "nature": "Parking", "nature_detaillee": null, "toponyme": null, "statut_du_toponyme": null, "importance": "5", "numero": null, "fictif": true, "adresse_postale": "", "etat_de_l_objet": "En service", "date_creation": "2008-05-26T07:15:56.138Z", "date_modification": "2016-12-16T14:15:15.232Z", "date_d_apparition": null, "date_de_confirmation": null, "sources": null, "identifiants_sources": null, "methode_d_acquisition_planimetrique": "Calculé", "precision_planimetrique": 20, "methode_d_acquisition_altimetrique": "Pas de Z", "precision_altimetrique": 9999, "insee_commune": "30189", "commune": "NIMES", "identifiant_voie_ban": null, "id_ban_odonyme": null, "source": "bdtopo"}}, {"type": "Feature", "id": "equipement_de_transport.27767", "geometry": {"type": "MultiPolygon", "coordinates": [[[[4.43105853, 43.67488111, 3], [4.43102804, 43.67490131, 3], [4.43089368, 43.67488328, 2.6], [4.43079098, 43.67489183, 2.6], [4.43072145, 43.67493774, 2.5], [4.43065077, 43.67503677, 2.2], [4.43061955, 43.67512717, 2.2], [4.43065758, 43.67516087, 2.3], [4.4306195, 43.67517487, 2.3], [4.42995073, 43.67510717, 2.2], [4.42995634, 43.67413964, 1.9], [4.43055775, 43.67409213, 1.9], [4.43050883, 43.67397038, 1.8], [4.43055941, 43.67395982, 1.9], [4.43094566, 43.67393584, 1.8], [4.43111386, 43.67406772, 1.8], [4.43134073, 43.67431492, 2.4], [4.43124415, 43.67446919, 2.4], [4.43132922, 43.67454906, 2.8], [4.43105853, 43.67488111, 3]]]]}, "geometry_name": "geometrie", "properties": {"cleabs": "EQ_RESEA0000000130190214", "nature": "Parking", "nature_detaillee": null, "toponyme": "Parking Municipal Charles de Gaulle", "statut_du_toponyme": "Collecté", "importance": "5", "numero": null, "fictif": false, "adresse_postale": "", "etat_de_l_objet": "En service", "date_creation": "2008-05-26T07:15:56.138Z", "date_modification": "2022-02-09T20:19:55.959Z", "date_d_apparition": null, "date_de_confirmation": null, "sources": null, "identifiants_sources": null, "methode_d_acquisition_planimetrique": "Photogrammétrie", "precision_planimetrique": 2.5, "methode_d_acquisition_altimetrique": "Photogrammétrie", "precision_altimetrique": 1.5, "insee_commune": "30258", "commune": "SAINT-GILLES", "identifiant_voie_ban": null, "id_ban_odonyme": null, "source": "bdtopo"}}, {"type": "Feature", "id": "equipement_de_transport.27768", "geometry": {"type": "MultiPolygon", "coordinates": [[[[4.38620179, 43.84894673, -1000], [4.3862007, 43.84890175, -1000], [4.38613854, 43.84890254, -1000], [4.38613963, 43.84894752, -1000], [4.38620179, 43.84894673, -1000]]]]}, "geometry_name": "geometrie", "properties": {"cleabs": "EQ_RESEA0000000130190215", "nature": "Parking", "nature_detaillee": null, "toponyme": null, "statut_du_toponyme": null, "importance": "5", "numero": null, "fictif": true, "adresse_postale": "", "etat_de_l_objet": "En service", "date_creation": "2008-05-26T07:15:56.138Z", "date_modification": "2016-12-16T14:15:15.232Z", "date_d_apparition": null, "date_de_confirmation": null, "sources": null, "identifiants_sources": null, "methode_d_acquisition_planimetrique": "Calculé", "precision_planimetrique": 20, "methode_d_acquisition_altimetrique": "Pas de Z", "precision_altimetrique": 9999, "insee_commune": "30189", "commune": "NIMES", "identifiant_voie_ban": null, "id_ban_odonyme": null, "source": "bdtopo"}}, {"type": "Feature", "id": "equipement_de_transport.27771", "geometry": {"type": "MultiPolygon", "coordinates": [[[[4.32013507, 43.81593685, -1000], [4.32013403, 43.81589186, -1000], [4.3200719, 43.81589262, -1000], [4.32007294, 43.8159376, -1000], [4.32013507, 43.81593685, -1000]]]]}, "geometry_name": "geometrie", "properties": {"cleabs": "EQ_RESEA0000000130190219", "nature": "Parking", "nature_detaillee": null, "toponyme": null, "statut_du_toponyme": null, "importance": "5", "numero": null, "fictif": true, "adresse_postale": "", "etat_de_l_objet": "En service", "date_creation": "2008-05-26T07:15:56.138Z", "date_modification": "2016-12-16T14:15:15.232Z", "date_d_apparition": null, "date_de_confirmation": null, "sources": null, "identifiants_sources": null, "methode_d_acquisition_planimetrique": "Calculé", "precision_planimetrique": 20, "methode_d_acquisition_altimetrique": "Pas de Z", "precision_altimetrique": 9999, "insee_commune": "30189", "commune": "NIMES", "identifiant_voie_ban": null, "id_ban_odonyme": null, "source": "bdtopo"}}, {"type": "Feature", "id": "equipement_de_transport.27780", "geometry": {"type": "MultiPolygon", "coordinates": [[[[4.12748203, 43.66682437, -1000], [4.12759767, 43.66696805, -1000], [4.12745736, 43.66771282, -1000], [4.12743967, 43.66769591, -1000], [4.1270698, 43.66697982, -1000], [4.12727772, 43.66689938, -1000], [4.12748203, 43.66682437, -1000]]]]}, "geometry_name": "geometrie", "properties": {"cleabs": "EQ_RESEA0000000130190229", "nature": "Parking", "nature_detaillee": null, "toponyme": null, "statut_du_toponyme": null, "importance": "5", "numero": null, "fictif": false, "adresse_postale": null, "etat_de_l_objet": "En service", "date_creation": "2008-05-26T07:15:56.138Z", "date_modification": "2025-04-17T08:51:39.674Z", "date_d_apparition": null, "date_de_confirmation": null, "sources": null, "identifiants_sources": null, "methode_d_acquisition_planimetrique": "Calculé", "precision_planimetrique": 20, "methode_d_acquisition_altimetrique": "Pas de Z", "precision_altimetrique": 9999, "insee_commune": "34145", "commune": "LUNEL", "identifiant_voie_ban": null, "id_ban_odonyme": null, "source": "bdtopo"}}, {"type": "Feature", "id": "equipement_de_transport.27781", "geometry": {"type": "MultiPolygon", "coordinates": [[[[4.090989, 43.55774869, -1000], [4.09098814, 43.5577037, -1000], [4.09092629, 43.55770433, -1000], [4.09092715, 43.55774931, -1000], [4.090989, 43.55774869, -1000]]]]}, "geometry_name": "geometrie", "properties": {"cleabs": "EQ_RESEA0000000130190231", "nature": "Parking", "nature_detaillee": null, "toponyme": null, "statut_du_toponyme": null, "importance": "5", "numero": null, "fictif": true, "adresse_postale": "", "etat_de_l_objet": "En service", "date_creation": "2008-05-26T07:15:56.138Z", "date_modification": "2016-12-16T14:15:15.232Z", "date_d_apparition": null, "date_de_confirmation": null, "sources": null, "identifiants_sources": null, "methode_d_acquisition_planimetrique": "Calculé", "precision_planimetrique": 20, "methode_d_acquisition_altimetrique": "Pas de Z", "precision_altimetrique": 9999, "insee_commune": "34344", "commune": "LA GRANDE-MOTTE", "identifiant_voie_ban": null, "id_ban_odonyme": null, "source": "bdtopo"}}, {"type": "Feature", "id": "equipement_de_transport.27786", "geometry": {"type": "MultiPolygon", "coordinates": [[[[4.32669904, 43.81614969, -1000], [4.326698, 43.8161047, -1000], [4.32663587, 43.81610546, -1000], [4.32663691, 43.81615045, -1000], [4.32669904, 43.81614969, -1000]]]]}, "geometry_name": "geometrie", "properties": {"cleabs": "EQ_RESEA0000000130190238", "nature": "Parking", "nature_detaillee": null, "toponyme": null, "statut_du_toponyme": null, "importance": "5", "numero": null, "fictif": true, "adresse_postale": "", "etat_de_l_objet": "En service", "date_creation": "2008-05-26T07:15:56.138Z", "date_modification": "2016-12-16T14:15:15.232Z", "date_d_apparition": null, "date_de_confirmation": null, "sources": null, "identifiants_sources": null, "methode_d_acquisition_planimetrique": "Calculé", "precision_planimetrique": 20, "methode_d_acquisition_altimetrique": "Pas de Z", "precision_altimetrique": 9999, "insee_commune": "30189", "commune": "NIMES", "identifiant_voie_ban": null, "id_ban_odonyme": null, "source": "bdtopo"}}, {"type": "Feature", "id": "equipement_de_transport.27787", "geometry": {"type": "MultiPolygon", "coordinates": [[[[4.38807272, 43.8403122, -1000], [4.38807162, 43.84026721, -1000], [4.38800947, 43.840268, -1000], [4.38801056, 43.84031299, -1000], [4.38807272, 43.8403122, -1000]]]]}, "geometry_name": "geometrie", "properties": {"cleabs": "EQ_RESEA0000000130190239", "nature": "Parking", "nature_detaillee": null, "toponyme": null, "statut_du_toponyme": null, "importance": "5", "numero": null, "fictif": true, "adresse_postale": "", "etat_de_l_objet": "En service", "date_creation": "2008-05-26T07:15:56.138Z", "date_modification": "2016-12-16T14:15:15.232Z", "date_d_apparition": null, "date_de_confirmation": null, "sources": null, "identifiants_sources": null, "methode_d_acquisition_planimetrique": "Calculé", "precision_planimetrique": 20, "methode_d_acquisition_altimetrique": "Pas de Z", "precision_altimetrique": 9999, "insee_commune": "30189", "commune": "NIMES", "identifiant_voie_ban": null, "id_ban_odonyme": null, "source": "bdtopo"}}, {"type": "Feature", "id": "equipement_de_transport.27790", "geometry": {"type": "MultiPolygon", "coordinates": [[[[4.34210432, 43.84029793, -1000], [4.34210327, 43.84025294, -1000], [4.34204111, 43.84025371, -1000], [4.34204217, 43.8402987, -1000], [4.34210432, 43.84029793, -1000]]]]}, "geometry_name": "geometrie", "properties": {"cleabs": "EQ_RESEA0000000130190244", "nature": "Parking", "nature_detaillee": null, "toponyme": null, "statut_du_toponyme": null, "importance": "5", "numero": null, "fictif": true, "adresse_postale": "", "etat_de_l_objet": "En service", "date_creation": "2008-05-26T07:15:56.138Z", "date_modification": "2016-12-16T14:15:15.232Z", "date_d_apparition": null, "date_de_confirmation": null, "sources": null, "identifiants_sources": null, "methode_d_acquisition_planimetrique": "Calculé", "precision_planimetrique": 20, "methode_d_acquisition_altimetrique": "Pas de Z", "precision_altimetrique": 9999, "insee_commune": "30189", "commune": "NIMES", "identifiant_voie_ban": null, "id_ban_odonyme": null, "source": "bdtopo"}}, {"type": "Feature", "id": "equipement_de_transport.27794", "geometry": {"type": "MultiPolygon", "coordinates": [[[[4.3191655, 43.82018947, -1000], [4.31916446, 43.82014448, -1000], [4.31910233, 43.82014524, -1000], [4.31910337, 43.82019022, -1000], [4.3191655, 43.82018947, -1000]]]]}, "geometry_name": "geometrie", "properties": {"cleabs": "EQ_RESEA0000000130190249", "nature": "Parking", "nature_detaillee": null, "toponyme": null, "statut_du_toponyme": null, "importance": "5", "numero": null, "fictif": true, "adresse_postale": "", "etat_de_l_objet": "En service", "date_creation": "2008-05-26T07:15:56.138Z", "date_modification": "2016-12-16T14:15:15.232Z", "date_d_apparition": null, "date_de_confirmation": null, "sources": null, "identifiants_sources": null, "methode_d_acquisition_planimetrique": "Calculé", "precision_planimetrique": 20, "methode_d_acquisition_altimetrique": "Pas de Z", "precision_altimetrique": 9999, "insee_commune": "30189", "commune": "NIMES", "identifiant_voie_ban": null, "id_ban_odonyme": null, "source": "bdtopo"}}, {"type": "Feature", "id": "equipement_de_transport.27797", "geometry": {"type": "MultiPolygon", "coordinates": [[[[4.10361496, 43.57045714, -1000], [4.1036141, 43.57041216, -1000], [4.10355223, 43.57041279, -1000], [4.1035531, 43.57045777, -1000], [4.10361496, 43.57045714, -1000]]]]}, "geometry_name": "geometrie", "properties": {"cleabs": "EQ_RESEA0000000130190253", "nature": "Parking", "nature_detaillee": null, "toponyme": "le Golf", "statut_du_toponyme": "Collecté", "importance": "5", "numero": null, "fictif": true, "adresse_postale": "", "etat_de_l_objet": "En service", "date_creation": "2008-05-26T07:15:56.138Z", "date_modification": "2018-07-09T13:33:12.842Z", "date_d_apparition": null, "date_de_confirmation": null, "sources": null, "identifiants_sources": null, "methode_d_acquisition_planimetrique": "Calculé", "precision_planimetrique": 20, "methode_d_acquisition_altimetrique": "Pas de Z", "precision_altimetrique": 9999, "insee_commune": "34344", "commune": "LA GRANDE-MOTTE", "identifiant_voie_ban": null, "id_ban_odonyme": null, "source": "bdtopo"}}, {"type": "Feature", "id": "equipement_de_transport.27802", "geometry": {"type": "MultiPolygon", "coordinates": [[[[4.35611466, 43.8153549, -1000], [4.35611359, 43.81530992, -1000], [4.35605146, 43.81531069, -1000], [4.35605253, 43.81535568, -1000], [4.35611466, 43.8153549, -1000]]]]}, "geometry_name": "geometrie", "properties": {"cleabs": "EQ_RESEA0000000130190260", "nature": "Parking", "nature_detaillee": null, "toponyme": null, "statut_du_toponyme": null, "importance": "5", "numero": null, "fictif": true, "adresse_postale": "", "etat_de_l_objet": "En service", "date_creation": "2008-05-26T07:15:56.138Z", "date_modification": "2016-12-16T14:15:15.232Z", "date_d_apparition": null, "date_de_confirmation": null, "sources": null, "identifiants_sources": null, "methode_d_acquisition_planimetrique": "Calculé", "precision_planimetrique": 20, "methode_d_acquisition_altimetrique": "Pas de Z", "precision_altimetrique": 9999, "insee_commune": "30189", "commune": "NIMES", "identifiant_voie_ban": null, "id_ban_odonyme": null, "source": "bdtopo"}}, {"type": "Feature", "id": "equipement_de_transport.27805", "geometry": {"type": "MultiPolygon", "coordinates": [[[[4.28678242, 43.76636771, -1000], [4.28678141, 43.76632272, -1000], [4.28671933, 43.76632346, -1000], [4.28672035, 43.76636844, -1000], [4.28678242, 43.76636771, -1000]]]]}, "geometry_name": "geometrie", "properties": {"cleabs": "EQ_RESEA0000000130190265", "nature": "Parking", "nature_detaillee": null, "toponyme": null, "statut_du_toponyme": null, "importance": "5", "numero": null, "fictif": true, "adresse_postale": "", "etat_de_l_objet": "En service", "date_creation": "2008-05-26T07:15:56.138Z", "date_modification": "2016-12-16T14:15:15.232Z", "date_d_apparition": null, "date_de_confirmation": null, "sources": null, "identifiants_sources": null, "methode_d_acquisition_planimetrique": "Calculé", "precision_planimetrique": 20, "methode_d_acquisition_altimetrique": "Pas de Z", "precision_altimetrique": 9999, "insee_commune": "30036", "commune": "BERNIS", "identifiant_voie_ban": null, "id_ban_odonyme": null, "source": "bdtopo"}}, {"type": "Feature", "id": "equipement_de_transport.27808", "geometry": {"type": "MultiPolygon", "coordinates": [[[[4.27862391, 43.69214509, -1000], [4.2786229, 43.69210011, -1000], [4.27856091, 43.69210084, -1000], [4.27856191, 43.69214582, -1000], [4.27862391, 43.69214509, -1000]]]]}, "geometry_name": "geometrie", "properties": {"cleabs": "EQ_RESEA0000000130190269", "nature": "Parking", "nature_detaillee": null, "toponyme": "Place du Jeu de Ballon", "statut_du_toponyme": "Collecté", "importance": "5", "numero": null, "fictif": true, "adresse_postale": null, "etat_de_l_objet": "En service", "date_creation": "2008-05-26T07:15:56.138Z", "date_modification": "2025-12-05T11:36:43.898Z", "date_d_apparition": null, "date_de_confirmation": null, "sources": null, "identifiants_sources": null, "methode_d_acquisition_planimetrique": "Calculé", "precision_planimetrique": 20, "methode_d_acquisition_altimetrique": "Pas de Z", "precision_altimetrique": 9999, "insee_commune": "30341", "commune": "VAUVERT", "identifiant_voie_ban": "30341_0460", "id_ban_odonyme": "790c0672-6f88-42a8-9811-c55044c20c77", "source": "bdtopo"}}, {"type": "Feature", "id": "equipement_de_transport.27809", "geometry": {"type": "MultiPolygon", "coordinates": [[[[4.27133857, 43.69342557, -1000], [4.27133757, 43.69338059, -1000], [4.27127557, 43.69338131, -1000], [4.27127657, 43.6934263, -1000], [4.27133857, 43.69342557, -1000]]]]}, "geometry_name": "geometrie", "properties": {"cleabs": "EQ_RESEA0000000130190270", "nature": "Parking", "nature_detaillee": null, "toponyme": null, "statut_du_toponyme": null, "importance": "5", "numero": null, "fictif": true, "adresse_postale": "", "etat_de_l_objet": "En service", "date_creation": "2008-05-26T07:15:56.138Z", "date_modification": "2016-12-16T14:15:15.232Z", "date_d_apparition": null, "date_de_confirmation": null, "sources": null, "identifiants_sources": null, "methode_d_acquisition_planimetrique": "Calculé", "precision_planimetrique": 20, "methode_d_acquisition_altimetrique": "Pas de Z", "precision_altimetrique": 9999, "insee_commune": "30341", "commune": "VAUVERT", "identifiant_voie_ban": null, "id_ban_odonyme": null, "source": "bdtopo"}}, {"type": "Feature", "id": "equipement_de_transport.27810", "geometry": {"type": "MultiPolygon", "coordinates": [[[[4.28522143, 43.76587135, -1000], [4.28522042, 43.76582636, -1000], [4.28515834, 43.76582709, -1000], [4.28515935, 43.76587208, -1000], [4.28522143, 43.76587135, -1000]]]]}, "geometry_name": "geometrie", "properties": {"cleabs": "EQ_RESEA0000000130190271", "nature": "Parking", "nature_detaillee": null, "toponyme": null, "statut_du_toponyme": null, "importance": "5", "numero": null, "fictif": true, "adresse_postale": "", "etat_de_l_objet": "En service", "date_creation": "2008-05-26T07:15:56.138Z", "date_modification": "2016-12-16T14:15:15.232Z", "date_d_apparition": null, "date_de_confirmation": null, "sources": null, "identifiants_sources": null, "methode_d_acquisition_planimetrique": "Calculé", "precision_planimetrique": 20, "methode_d_acquisition_altimetrique": "Pas de Z", "precision_altimetrique": 9999, "insee_commune": "30036", "commune": "BERNIS", "identifiant_voie_ban": null, "id_ban_odonyme": null, "source": "bdtopo"}}, {"type": "Feature", "id": "equipement_de_transport.27811", "geometry": {"type": "MultiPolygon", "coordinates": [[[[4.34287568, 43.82904344, -1000], [4.34287462, 43.82899845, -1000], [4.34281248, 43.82899921, -1000], [4.34281354, 43.8290442, -1000], [4.34287568, 43.82904344, -1000]]]]}, "geometry_name": "geometrie", "properties": {"cleabs": "EQ_RESEA0000000130190273", "nature": "Parking", "nature_detaillee": null, "toponyme": null, "statut_du_toponyme": null, "importance": "5", "numero": null, "fictif": true, "adresse_postale": "", "etat_de_l_objet": "En service", "date_creation": "2008-05-26T07:15:56.138Z", "date_modification": "2016-12-16T14:15:15.232Z", "date_d_apparition": null, "date_de_confirmation": null, "sources": null, "identifiants_sources": null, "methode_d_acquisition_planimetrique": "Calculé", "precision_planimetrique": 20, "methode_d_acquisition_altimetrique": "Pas de Z", "precision_altimetrique": 9999, "insee_commune": "30189", "commune": "NIMES", "identifiant_voie_ban": null, "id_ban_odonyme": null, "source": "bdtopo"}}, {"type": "Feature", "id": "equipement_de_transport.27813", "geometry": {"type": "MultiPolygon", "coordinates": [[[[4.13864489, 43.53389723, -1000], [4.13864399, 43.53385225, -1000], [4.13858217, 43.5338529, -1000], [4.13858306, 43.53389788, -1000], [4.13864489, 43.53389723, -1000]]]]}, "geometry_name": "geometrie", "properties": {"cleabs": "EQ_RESEA0000000130190275", "nature": "Parking", "nature_detaillee": null, "toponyme": null, "statut_du_toponyme": null, "importance": "5", "numero": null, "fictif": true, "adresse_postale": "", "etat_de_l_objet": "En service", "date_creation": "2008-05-26T07:15:56.138Z", "date_modification": "2016-12-16T14:15:15.232Z", "date_d_apparition": null, "date_de_confirmation": null, "sources": null, "identifiants_sources": null, "methode_d_acquisition_planimetrique": "Calculé", "precision_planimetrique": 20, "methode_d_acquisition_altimetrique": "Pas de Z", "precision_altimetrique": 9999, "insee_commune": "30133", "commune": "LE GRAU-DU-ROI", "identifiant_voie_ban": null, "id_ban_odonyme": null, "source": "bdtopo"}}, {"type": "Feature", "id": "equipement_de_transport.27815", "geometry": {"type": "MultiPolygon", "coordinates": [[[[4.32716233, 43.83187736, -1000], [4.32716129, 43.83183237, -1000], [4.32709914, 43.83183313, -1000], [4.32710019, 43.83187811, -1000], [4.32716233, 43.83187736, -1000]]]]}, "geometry_name": "geometrie", "properties": {"cleabs": "EQ_RESEA0000000130190279", "nature": "Parking", "nature_detaillee": null, "toponyme": null, "statut_du_toponyme": null, "importance": "5", "numero": null, "fictif": true, "adresse_postale": "", "etat_de_l_objet": "En service", "date_creation": "2008-05-26T07:15:56.138Z", "date_modification": "2016-12-16T14:15:15.232Z", "date_d_apparition": null, "date_de_confirmation": null, "sources": null, "identifiants_sources": null, "methode_d_acquisition_planimetrique": "Calculé", "precision_planimetrique": 20, "methode_d_acquisition_altimetrique": "Pas de Z", "precision_altimetrique": 9999, "insee_commune": "30189", "commune": "NIMES", "identifiant_voie_ban": null, "id_ban_odonyme": null, "source": "bdtopo"}}, {"type": "Feature", "id": "equipement_de_transport.27817", "geometry": {"type": "MultiPolygon", "coordinates": [[[[4.09036658, 43.55839741, -1000], [4.09036573, 43.55835243, -1000], [4.09030387, 43.55835305, -1000], [4.09030473, 43.55839803, -1000], [4.09036658, 43.55839741, -1000]]]]}, "geometry_name": "geometrie", "properties": {"cleabs": "EQ_RESEA0000000130190281", "nature": "Parking", "nature_detaillee": null, "toponyme": null, "statut_du_toponyme": null, "importance": "5", "numero": null, "fictif": true, "adresse_postale": "", "etat_de_l_objet": "En service", "date_creation": "2008-05-26T07:15:56.138Z", "date_modification": "2016-12-16T14:15:15.232Z", "date_d_apparition": null, "date_de_confirmation": null, "sources": null, "identifiants_sources": null, "methode_d_acquisition_planimetrique": "Calculé", "precision_planimetrique": 20, "methode_d_acquisition_altimetrique": "Pas de Z", "precision_altimetrique": 9999, "insee_commune": "34344", "commune": "LA GRANDE-MOTTE", "identifiant_voie_ban": null, "id_ban_odonyme": null, "source": "bdtopo"}}, {"type": "Feature", "id": "equipement_de_transport.27818", "geometry": {"type": "MultiPolygon", "coordinates": [[[[4.35122428, 43.83925651, -1000], [4.35122321, 43.83921152, -1000], [4.35116106, 43.83921229, -1000], [4.35116212, 43.83925728, -1000], [4.35122428, 43.83925651, -1000]]]]}, "geometry_name": "geometrie", "properties": {"cleabs": "EQ_RESEA0000000130190282", "nature": "Parking", "nature_detaillee": null, "toponyme": null, "statut_du_toponyme": null, "importance": "5", "numero": null, "fictif": true, "adresse_postale": "", "etat_de_l_objet": "En service", "date_creation": "2008-05-26T07:15:56.138Z", "date_modification": "2016-12-16T14:15:15.232Z", "date_d_apparition": null, "date_de_confirmation": null, "sources": null, "identifiants_sources": null, "methode_d_acquisition_planimetrique": "Calculé", "precision_planimetrique": 20, "methode_d_acquisition_altimetrique": "Pas de Z", "precision_altimetrique": 9999, "insee_commune": "30189", "commune": "NIMES", "identifiant_voie_ban": null, "id_ban_odonyme": null, "source": "bdtopo"}}, {"type": "Feature", "id": "equipement_de_transport.27823", "geometry": {"type": "MultiPolygon", "coordinates": [[[[4.12290106, 43.67015728, -1000], [4.12257491, 43.67002566, -1000], [4.12260018, 43.66998671, -1000], [4.12241656, 43.66991661, -1000], [4.12248765, 43.66981149, -1000], [4.12256174, 43.66979633, -1000], [4.12260627, 43.66979137, -1000], [4.12260223, 43.66977521, -1000], [4.12273213, 43.66976127, -1000], [4.12278054, 43.66976437, -1000], [4.12282291, 43.66977563, -1000], [4.12286286, 43.66978962, -1000], [4.12285078, 43.66980594, -1000], [4.12292238, 43.6698538, -1000], [4.12297571, 43.66991804, -1000], [4.12300379, 43.66995914, -1000], [4.12297668, 43.66996752, -1000], [4.12299332, 43.66999435, -1000], [4.12299017, 43.67002318, -1000], [4.12290106, 43.67015728, -1000]]]]}, "geometry_name": "geometrie", "properties": {"cleabs": "EQ_RESEA0000000130190292", "nature": "Parking", "nature_detaillee": null, "toponyme": null, "statut_du_toponyme": null, "importance": "5", "numero": null, "fictif": false, "adresse_postale": null, "etat_de_l_objet": "En service", "date_creation": "2008-05-26T07:15:56.138Z", "date_modification": "2024-12-03T18:32:41.668Z", "date_d_apparition": null, "date_de_confirmation": null, "sources": null, "identifiants_sources": null, "methode_d_acquisition_planimetrique": "Calculé", "precision_planimetrique": 20, "methode_d_acquisition_altimetrique": "Pas de Z", "precision_altimetrique": 9999, "insee_commune": "34145", "commune": "LUNEL", "identifiant_voie_ban": null, "id_ban_odonyme": null, "source": "bdtopo"}}, {"type": "Feature", "id": "equipement_de_transport.27829", "geometry": {"type": "MultiPolygon", "coordinates": [[[[4.33278775, 43.8297234, -1000], [4.33278671, 43.82967841, -1000], [4.33272456, 43.82967917, -1000], [4.33272561, 43.82972416, -1000], [4.33278775, 43.8297234, -1000]]]]}, "geometry_name": "geometrie", "properties": {"cleabs": "EQ_RESEA0000000130190298", "nature": "Parking", "nature_detaillee": null, "toponyme": null, "statut_du_toponyme": null, "importance": "5", "numero": null, "fictif": true, "adresse_postale": "", "etat_de_l_objet": "En service", "date_creation": "2008-05-26T07:15:56.138Z", "date_modification": "2016-12-16T14:15:15.232Z", "date_d_apparition": null, "date_de_confirmation": null, "sources": null, "identifiants_sources": null, "methode_d_acquisition_planimetrique": "Calculé", "precision_planimetrique": 20, "methode_d_acquisition_altimetrique": "Pas de Z", "precision_altimetrique": 9999, "insee_commune": "30189", "commune": "NIMES", "identifiant_voie_ban": null, "id_ban_odonyme": null, "source": "bdtopo"}}, {"type": "Feature", "id": "equipement_de_transport.27831", "geometry": {"type": "MultiPolygon", "coordinates": [[[[4.09252319, 43.67610627, -1000], [4.09252233, 43.67606129, -1000], [4.09246035, 43.67606191, -1000], [4.09246121, 43.6761069, -1000], [4.09252319, 43.67610627, -1000]]]]}, "geometry_name": "geometrie", "properties": {"cleabs": "EQ_RESEA0000000130190301", "nature": "Parking", "nature_detaillee": null, "toponyme": null, "statut_du_toponyme": null, "importance": "5", "numero": null, "fictif": true, "adresse_postale": "", "etat_de_l_objet": "En service", "date_creation": "2008-05-26T07:15:56.138Z", "date_modification": "2016-12-16T14:15:15.232Z", "date_d_apparition": null, "date_de_confirmation": null, "sources": null, "identifiants_sources": null, "methode_d_acquisition_planimetrique": "Calculé", "precision_planimetrique": 20, "methode_d_acquisition_altimetrique": "Pas de Z", "precision_altimetrique": 9999, "insee_commune": "34146", "commune": "LUNEL-VIEL", "identifiant_voie_ban": null, "id_ban_odonyme": null, "source": "bdtopo"}}, {"type": "Feature", "id": "equipement_de_transport.27832", "geometry": {"type": "MultiPolygon", "coordinates": [[[[4.32053055, 43.82089747, -1000], [4.32052952, 43.82085248, -1000], [4.32046738, 43.82085323, -1000], [4.32046842, 43.82089822, -1000], [4.32053055, 43.82089747, -1000]]]]}, "geometry_name": "geometrie", "properties": {"cleabs": "EQ_RESEA0000000130190302", "nature": "Parking", "nature_detaillee": null, "toponyme": null, "statut_du_toponyme": null, "importance": "5", "numero": null, "fictif": true, "adresse_postale": "", "etat_de_l_objet": "En service", "date_creation": "2008-05-26T07:15:56.138Z", "date_modification": "2016-12-16T14:15:15.232Z", "date_d_apparition": null, "date_de_confirmation": null, "sources": null, "identifiants_sources": null, "methode_d_acquisition_planimetrique": "Calculé", "precision_planimetrique": 20, "methode_d_acquisition_altimetrique": "Pas de Z", "precision_altimetrique": 9999, "insee_commune": "30189", "commune": "NIMES", "identifiant_voie_ban": null, "id_ban_odonyme": null, "source": "bdtopo"}}, {"type": "Feature", "id": "equipement_de_transport.27834", "geometry": {"type": "MultiPolygon", "coordinates": [[[[4.3266052, 43.83106781, -1000], [4.32660415, 43.83102282, -1000], [4.32654201, 43.83102358, -1000], [4.32654305, 43.83106857, -1000], [4.3266052, 43.83106781, -1000]]]]}, "geometry_name": "geometrie", "properties": {"cleabs": "EQ_RESEA0000000130190305", "nature": "Parking", "nature_detaillee": null, "toponyme": null, "statut_du_toponyme": null, "importance": "5", "numero": null, "fictif": true, "adresse_postale": "", "etat_de_l_objet": "En service", "date_creation": "2008-05-26T07:15:56.138Z", "date_modification": "2016-12-16T14:15:15.232Z", "date_d_apparition": null, "date_de_confirmation": null, "sources": null, "identifiants_sources": null, "methode_d_acquisition_planimetrique": "Calculé", "precision_planimetrique": 20, "methode_d_acquisition_altimetrique": "Pas de Z", "precision_altimetrique": 9999, "insee_commune": "30189", "commune": "NIMES", "identifiant_voie_ban": null, "id_ban_odonyme": null, "source": "bdtopo"}}, {"type": "Feature", "id": "equipement_de_transport.27835", "geometry": {"type": "MultiPolygon", "coordinates": [[[[4.32817829, 43.82969143, -1000], [4.32817724, 43.82964644, -1000], [4.3281151, 43.82964719, -1000], [4.32811614, 43.82969218, -1000], [4.32817829, 43.82969143, -1000]]]]}, "geometry_name": "geometrie", "properties": {"cleabs": "EQ_RESEA0000000130190306", "nature": "Parking", "nature_detaillee": null, "toponyme": null, "statut_du_toponyme": null, "importance": "5", "numero": null, "fictif": true, "adresse_postale": "", "etat_de_l_objet": "En service", "date_creation": "2008-05-26T07:15:56.138Z", "date_modification": "2016-12-16T14:15:15.232Z", "date_d_apparition": null, "date_de_confirmation": null, "sources": null, "identifiants_sources": null, "methode_d_acquisition_planimetrique": "Calculé", "precision_planimetrique": 20, "methode_d_acquisition_altimetrique": "Pas de Z", "precision_altimetrique": 9999, "insee_commune": "30189", "commune": "NIMES", "identifiant_voie_ban": null, "id_ban_odonyme": null, "source": "bdtopo"}}, {"type": "Feature", "id": "equipement_de_transport.27838", "geometry": {"type": "MultiPolygon", "coordinates": [[[[4.31988601, 43.82124638, -1000], [4.31988497, 43.82120139, -1000], [4.31982283, 43.82120214, -1000], [4.31982387, 43.82124713, -1000], [4.31988601, 43.82124638, -1000]]]]}, "geometry_name": "geometrie", "properties": {"cleabs": "EQ_RESEA0000000130190312", "nature": "Parking", "nature_detaillee": null, "toponyme": null, "statut_du_toponyme": null, "importance": "5", "numero": null, "fictif": true, "adresse_postale": "", "etat_de_l_objet": "En service", "date_creation": "2008-05-26T07:15:56.138Z", "date_modification": "2016-12-16T14:15:15.232Z", "date_d_apparition": null, "date_de_confirmation": null, "sources": null, "identifiants_sources": null, "methode_d_acquisition_planimetrique": "Calculé", "precision_planimetrique": 20, "methode_d_acquisition_altimetrique": "Pas de Z", "precision_altimetrique": 9999, "insee_commune": "30189", "commune": "NIMES", "identifiant_voie_ban": null, "id_ban_odonyme": null, "source": "bdtopo"}}, {"type": "Feature", "id": "equipement_de_transport.27839", "geometry": {"type": "MultiPolygon", "coordinates": [[[[4.35972576, 43.81735569, -1000], [4.35972469, 43.8173107, -1000], [4.35966256, 43.81731148, -1000], [4.35966363, 43.81735647, -1000], [4.35972576, 43.81735569, -1000]]]]}, "geometry_name": "geometrie", "properties": {"cleabs": "EQ_RESEA0000000130190314", "nature": "Parking", "nature_detaillee": null, "toponyme": null, "statut_du_toponyme": null, "importance": "5", "numero": null, "fictif": true, "adresse_postale": "", "etat_de_l_objet": "En service", "date_creation": "2008-05-26T07:15:56.138Z", "date_modification": "2016-12-16T14:15:15.232Z", "date_d_apparition": null, "date_de_confirmation": null, "sources": null, "identifiants_sources": null, "methode_d_acquisition_planimetrique": "Calculé", "precision_planimetrique": 20, "methode_d_acquisition_altimetrique": "Pas de Z", "precision_altimetrique": 9999, "insee_commune": "30189", "commune": "NIMES", "identifiant_voie_ban": null, "id_ban_odonyme": null, "source": "bdtopo"}}, {"type": "Feature", "id": "equipement_de_transport.27841", "geometry": {"type": "MultiPolygon", "coordinates": [[[[4.3931171, 43.83927224, -1000], [4.393116, 43.83922726, -1000], [4.39305385, 43.83922805, -1000], [4.39305494, 43.83927304, -1000], [4.3931171, 43.83927224, -1000]]]]}, "geometry_name": "geometrie", "properties": {"cleabs": "EQ_RESEA0000000130190317", "nature": "Parking", "nature_detaillee": null, "toponyme": null, "statut_du_toponyme": null, "importance": "5", "numero": null, "fictif": true, "adresse_postale": "", "etat_de_l_objet": "En service", "date_creation": "2008-05-26T07:15:56.138Z", "date_modification": "2016-12-16T14:15:15.232Z", "date_d_apparition": null, "date_de_confirmation": null, "sources": null, "identifiants_sources": null, "methode_d_acquisition_planimetrique": "Calculé", "precision_planimetrique": 20, "methode_d_acquisition_altimetrique": "Pas de Z", "precision_altimetrique": 9999, "insee_commune": "30189", "commune": "NIMES", "identifiant_voie_ban": null, "id_ban_odonyme": null, "source": "bdtopo"}}, {"type": "Feature", "id": "equipement_de_transport.27842", "geometry": {"type": "MultiPolygon", "coordinates": [[[[4.36945954, 43.82321637, -1000], [4.36945847, 43.82317138, -1000], [4.36939633, 43.82317216, -1000], [4.36939741, 43.82321715, -1000], [4.36945954, 43.82321637, -1000]]]]}, "geometry_name": "geometrie", "properties": {"cleabs": "EQ_RESEA0000000130190318", "nature": "Parking", "nature_detaillee": null, "toponyme": null, "statut_du_toponyme": null, "importance": "5", "numero": null, "fictif": true, "adresse_postale": "", "etat_de_l_objet": "En service", "date_creation": "2008-05-26T07:15:56.138Z", "date_modification": "2016-12-16T14:15:15.232Z", "date_d_apparition": null, "date_de_confirmation": null, "sources": null, "identifiants_sources": null, "methode_d_acquisition_planimetrique": "Calculé", "precision_planimetrique": 20, "methode_d_acquisition_altimetrique": "Pas de Z", "precision_altimetrique": 9999, "insee_commune": "30189", "commune": "NIMES", "identifiant_voie_ban": null, "id_ban_odonyme": null, "source": "bdtopo"}}, {"type": "Feature", "id": "equipement_de_transport.27843", "geometry": {"type": "MultiPolygon", "coordinates": [[[[4.36550636, 43.8401785, -1000], [4.36550528, 43.84013351, -1000], [4.36544312, 43.84013429, -1000], [4.3654442, 43.84017928, -1000], [4.36550636, 43.8401785, -1000]]]]}, "geometry_name": "geometrie", "properties": {"cleabs": "EQ_RESEA0000000130190319", "nature": "Parking", "nature_detaillee": null, "toponyme": null, "statut_du_toponyme": null, "importance": "5", "numero": null, "fictif": true, "adresse_postale": "", "etat_de_l_objet": "En service", "date_creation": "2008-05-26T07:15:56.138Z", "date_modification": "2016-12-16T14:15:15.232Z", "date_d_apparition": null, "date_de_confirmation": null, "sources": null, "identifiants_sources": null, "methode_d_acquisition_planimetrique": "Calculé", "precision_planimetrique": 20, "methode_d_acquisition_altimetrique": "Pas de Z", "precision_altimetrique": 9999, "insee_commune": "30189", "commune": "NIMES", "identifiant_voie_ban": null, "id_ban_odonyme": null, "source": "bdtopo"}}, {"type": "Feature", "id": "equipement_de_transport.27844", "geometry": {"type": "MultiPolygon", "coordinates": [[[[4.33734051, 43.82919065, -1000], [4.33733945, 43.82914566, -1000], [4.33727731, 43.82914643, -1000], [4.33727836, 43.82919141, -1000], [4.33734051, 43.82919065, -1000]]]]}, "geometry_name": "geometrie", "properties": {"cleabs": "EQ_RESEA0000000130190320", "nature": "Parking", "nature_detaillee": null, "toponyme": null, "statut_du_toponyme": null, "importance": "5", "numero": null, "fictif": true, "adresse_postale": "", "etat_de_l_objet": "En service", "date_creation": "2008-05-26T07:15:56.138Z", "date_modification": "2016-12-16T14:15:15.232Z", "date_d_apparition": null, "date_de_confirmation": null, "sources": null, "identifiants_sources": null, "methode_d_acquisition_planimetrique": "Calculé", "precision_planimetrique": 20, "methode_d_acquisition_altimetrique": "Pas de Z", "precision_altimetrique": 9999, "insee_commune": "30189", "commune": "NIMES", "identifiant_voie_ban": null, "id_ban_odonyme": null, "source": "bdtopo"}}, {"type": "Feature", "id": "equipement_de_transport.27847", "geometry": {"type": "MultiPolygon", "coordinates": [[[[4.38790546, 43.83808492, -1000], [4.38790437, 43.83803993, -1000], [4.38784222, 43.83804072, -1000], [4.38784331, 43.83808571, -1000], [4.38790546, 43.83808492, -1000]]]]}, "geometry_name": "geometrie", "properties": {"cleabs": "EQ_RESEA0000000130190326", "nature": "Parking", "nature_detaillee": null, "toponyme": null, "statut_du_toponyme": null, "importance": "5", "numero": null, "fictif": true, "adresse_postale": "", "etat_de_l_objet": "En service", "date_creation": "2008-05-26T07:15:56.138Z", "date_modification": "2016-12-16T14:15:15.232Z", "date_d_apparition": null, "date_de_confirmation": null, "sources": null, "identifiants_sources": null, "methode_d_acquisition_planimetrique": "Calculé", "precision_planimetrique": 20, "methode_d_acquisition_altimetrique": "Pas de Z", "precision_altimetrique": 9999, "insee_commune": "30189", "commune": "NIMES", "identifiant_voie_ban": null, "id_ban_odonyme": null, "source": "bdtopo"}}, {"type": "Feature", "id": "equipement_de_transport.27850", "geometry": {"type": "MultiPolygon", "coordinates": [[[[4.36453728, 43.84469263, -1000], [4.36453621, 43.84464764, -1000], [4.36447405, 43.84464842, -1000], [4.36447512, 43.84469341, -1000], [4.36453728, 43.84469263, -1000]]]]}, "geometry_name": "geometrie", "properties": {"cleabs": "EQ_RESEA0000000130190330", "nature": "Parking", "nature_detaillee": null, "toponyme": null, "statut_du_toponyme": null, "importance": "5", "numero": null, "fictif": true, "adresse_postale": "", "etat_de_l_objet": "En service", "date_creation": "2008-05-26T07:15:56.138Z", "date_modification": "2016-12-16T14:15:15.232Z", "date_d_apparition": null, "date_de_confirmation": null, "sources": null, "identifiants_sources": null, "methode_d_acquisition_planimetrique": "Calculé", "precision_planimetrique": 20, "methode_d_acquisition_altimetrique": "Pas de Z", "precision_altimetrique": 9999, "insee_commune": "30189", "commune": "NIMES", "identifiant_voie_ban": null, "id_ban_odonyme": null, "source": "bdtopo"}}, {"type": "Feature", "id": "equipement_de_transport.27851", "geometry": {"type": "MultiPolygon", "coordinates": [[[[4.33852881, 43.82164195, -1000], [4.33852775, 43.82159697, -1000], [4.33846562, 43.82159773, -1000], [4.33846667, 43.82164272, -1000], [4.33852881, 43.82164195, -1000]]]]}, "geometry_name": "geometrie", "properties": {"cleabs": "EQ_RESEA0000000130190331", "nature": "Parking", "nature_detaillee": null, "toponyme": null, "statut_du_toponyme": null, "importance": "5", "numero": null, "fictif": true, "adresse_postale": "", "etat_de_l_objet": "En service", "date_creation": "2008-05-26T07:15:56.138Z", "date_modification": "2016-12-16T14:15:15.232Z", "date_d_apparition": null, "date_de_confirmation": null, "sources": null, "identifiants_sources": null, "methode_d_acquisition_planimetrique": "Calculé", "precision_planimetrique": 20, "methode_d_acquisition_altimetrique": "Pas de Z", "precision_altimetrique": 9999, "insee_commune": "30189", "commune": "NIMES", "identifiant_voie_ban": null, "id_ban_odonyme": null, "source": "bdtopo"}}, {"type": "Feature", "id": "equipement_de_transport.27852", "geometry": {"type": "MultiPolygon", "coordinates": [[[[4.39900162, 43.85493341, -1000], [4.39900051, 43.85488842, -1000], [4.39893834, 43.85488922, -1000], [4.39893944, 43.85493421, -1000], [4.39900162, 43.85493341, -1000]]]]}, "geometry_name": "geometrie", "properties": {"cleabs": "EQ_RESEA0000000130190332", "nature": "Parking", "nature_detaillee": null, "toponyme": null, "statut_du_toponyme": null, "importance": "5", "numero": null, "fictif": true, "adresse_postale": "", "etat_de_l_objet": "En service", "date_creation": "2008-05-26T07:15:56.138Z", "date_modification": "2016-12-16T14:15:15.232Z", "date_d_apparition": null, "date_de_confirmation": null, "sources": null, "identifiants_sources": null, "methode_d_acquisition_planimetrique": "Calculé", "precision_planimetrique": 20, "methode_d_acquisition_altimetrique": "Pas de Z", "precision_altimetrique": 9999, "insee_commune": "30189", "commune": "NIMES", "identifiant_voie_ban": null, "id_ban_odonyme": null, "source": "bdtopo"}}, {"type": "Feature", "id": "equipement_de_transport.27859", "geometry": {"type": "MultiPolygon", "coordinates": [[[[4.31723696, 43.8208653, -1000], [4.31723593, 43.82082031, -1000], [4.31717379, 43.82082106, -1000], [4.31717483, 43.82086605, -1000], [4.31723696, 43.8208653, -1000]]]]}, "geometry_name": "geometrie", "properties": {"cleabs": "EQ_RESEA0000000130190340", "nature": "Parking", "nature_detaillee": null, "toponyme": null, "statut_du_toponyme": null, "importance": "5", "numero": null, "fictif": true, "adresse_postale": "", "etat_de_l_objet": "En service", "date_creation": "2008-05-26T07:15:56.138Z", "date_modification": "2016-12-16T14:15:15.232Z", "date_d_apparition": null, "date_de_confirmation": null, "sources": null, "identifiants_sources": null, "methode_d_acquisition_planimetrique": "Calculé", "precision_planimetrique": 20, "methode_d_acquisition_altimetrique": "Pas de Z", "precision_altimetrique": 9999, "insee_commune": "30189", "commune": "NIMES", "identifiant_voie_ban": null, "id_ban_odonyme": null, "source": "bdtopo"}}, {"type": "Feature", "id": "equipement_de_transport.27861", "geometry": {"type": "MultiPolygon", "coordinates": [[[[4.08681593, 43.55724435, -1000], [4.08716528, 43.55680984, -1000], [4.08662911, 43.55659115, -1000], [4.08628597, 43.5570274, -1000], [4.08681593, 43.55724435, -1000]]]]}, "geometry_name": "geometrie", "properties": {"cleabs": "EQ_RESEA0000000130190342", "nature": "Parking", "nature_detaillee": null, "toponyme": "Place du Forum", "statut_du_toponyme": "Collecté", "importance": "4", "numero": null, "fictif": false, "adresse_postale": null, "etat_de_l_objet": "En service", "date_creation": "2008-05-26T07:15:56.138Z", "date_modification": "2025-12-05T11:36:43.898Z", "date_d_apparition": null, "date_de_confirmation": null, "sources": null, "identifiants_sources": null, "methode_d_acquisition_planimetrique": "Calculé", "precision_planimetrique": 20, "methode_d_acquisition_altimetrique": "Pas de Z", "precision_altimetrique": 9999, "insee_commune": "34344", "commune": "LA GRANDE-MOTTE", "identifiant_voie_ban": "34344_0087", "id_ban_odonyme": "135a296e-dc73-4958-b74d-1a15432a5d6f", "source": "bdtopo"}}, {"type": "Feature", "id": "equipement_de_transport.27863", "geometry": {"type": "MultiPolygon", "coordinates": [[[[4.140934, 43.51520573, -1000], [4.1409331, 43.51516075, -1000], [4.1408713, 43.5151614, -1000], [4.14087219, 43.51520638, -1000], [4.140934, 43.51520573, -1000]]]]}, "geometry_name": "geometrie", "properties": {"cleabs": "EQ_RESEA0000000130190345", "nature": "Parking", "nature_detaillee": null, "toponyme": "Place des Bigons", "statut_du_toponyme": "Collecté", "importance": "5", "numero": null, "fictif": true, "adresse_postale": null, "etat_de_l_objet": "En service", "date_creation": "2008-05-26T07:15:56.138Z", "date_modification": "2025-12-05T11:36:43.898Z", "date_d_apparition": null, "date_de_confirmation": null, "sources": null, "identifiants_sources": null, "methode_d_acquisition_planimetrique": "Calculé", "precision_planimetrique": 20, "methode_d_acquisition_altimetrique": "Pas de Z", "precision_altimetrique": 9999, "insee_commune": "30133", "commune": "LE GRAU-DU-ROI", "identifiant_voie_ban": "30133_0071", "id_ban_odonyme": "42155a1a-6dcf-46a1-b6c3-7b8818605169", "source": "bdtopo"}}, {"type": "Feature", "id": "equipement_de_transport.27864", "geometry": {"type": "MultiPolygon", "coordinates": [[[[4.12743838, 43.67481502, -1000], [4.1274375, 43.67477004, -1000], [4.12737552, 43.67477068, -1000], [4.1273764, 43.67481567, -1000], [4.12743838, 43.67481502, -1000]]]]}, "geometry_name": "geometrie", "properties": {"cleabs": "EQ_RESEA0000000130190346", "nature": "Parking", "nature_detaillee": null, "toponyme": "Parking B Brunel", "statut_du_toponyme": "Collecté", "importance": "5", "numero": null, "fictif": true, "adresse_postale": "", "etat_de_l_objet": "En service", "date_creation": "2008-05-26T07:15:56.138Z", "date_modification": "2022-02-09T20:19:55.959Z", "date_d_apparition": null, "date_de_confirmation": null, "sources": null, "identifiants_sources": null, "methode_d_acquisition_planimetrique": "Calculé", "precision_planimetrique": 20, "methode_d_acquisition_altimetrique": "Pas de Z", "precision_altimetrique": 9999, "insee_commune": "34145", "commune": "LUNEL", "identifiant_voie_ban": null, "id_ban_odonyme": null, "source": "bdtopo"}}, {"type": "Feature", "id": "equipement_de_transport.27866", "geometry": {"type": "MultiPolygon", "coordinates": [[[[4.12754459, 43.51089799, -1000], [4.12754371, 43.51085301, -1000], [4.12748191, 43.51085366, -1000], [4.12748279, 43.51089864, -1000], [4.12754459, 43.51089799, -1000]]]]}, "geometry_name": "geometrie", "properties": {"cleabs": "EQ_RESEA0000000130190349", "nature": "Parking", "nature_detaillee": null, "toponyme": "Parking du Chenal", "statut_du_toponyme": "Collecté", "importance": "5", "numero": null, "fictif": true, "adresse_postale": "", "etat_de_l_objet": "En service", "date_creation": "2008-05-26T07:15:56.138Z", "date_modification": "2022-02-09T20:19:55.959Z", "date_d_apparition": null, "date_de_confirmation": null, "sources": null, "identifiants_sources": null, "methode_d_acquisition_planimetrique": "Calculé", "precision_planimetrique": 20, "methode_d_acquisition_altimetrique": "Pas de Z", "precision_altimetrique": 9999, "insee_commune": "30133", "commune": "LE GRAU-DU-ROI", "identifiant_voie_ban": null, "id_ban_odonyme": null, "source": "bdtopo"}}, {"type": "Feature", "id": "equipement_de_transport.27870", "geometry": {"type": "MultiPolygon", "coordinates": [[[[4.14160433, 43.52119049, -1000], [4.14160344, 43.52114551, -1000], [4.14154162, 43.52114616, -1000], [4.14154252, 43.52119114, -1000], [4.14160433, 43.52119049, -1000]]]]}, "geometry_name": "geometrie", "properties": {"cleabs": "EQ_RESEA0000000130190355", "nature": "Parking", "nature_detaillee": null, "toponyme": "Parking du Tennis 2", "statut_du_toponyme": "Collecté", "importance": "5", "numero": null, "fictif": true, "adresse_postale": "", "etat_de_l_objet": "En service", "date_creation": "2008-05-26T07:15:56.138Z", "date_modification": "2022-02-09T20:19:55.959Z", "date_d_apparition": null, "date_de_confirmation": null, "sources": null, "identifiants_sources": null, "methode_d_acquisition_planimetrique": "Calculé", "precision_planimetrique": 20, "methode_d_acquisition_altimetrique": "Pas de Z", "precision_altimetrique": 9999, "insee_commune": "30133", "commune": "LE GRAU-DU-ROI", "identifiant_voie_ban": null, "id_ban_odonyme": null, "source": "bdtopo"}}, {"type": "Feature", "id": "equipement_de_transport.27871", "geometry": {"type": "MultiPolygon", "coordinates": [[[[4.14120887, 43.53645458, 0.7], [4.14165778, 43.53595316, 0.5], [4.14162945, 43.53589677, 0.5], [4.14151192, 43.53583322, 0.5], [4.14062329, 43.53543044, 0.8], [4.14057473, 43.53541386, 0.8], [4.14052403, 43.53541439, 0.8], [4.14048101, 43.53542834, 0.8], [4.14022052, 43.53576401, 0.8], [4.14021258, 43.53580008, 0.8], [4.14022825, 43.5359043, 0.8], [4.14022124, 43.53592507, 0.8], [4.14020099, 43.53596397, 0.8], [4.14024041, 43.53601845, 0.8], [4.14045785, 43.53613044, 0.8], [4.14120887, 43.53645458, 0.7]]]]}, "geometry_name": "geometrie", "properties": {"cleabs": "EQ_RESEA0000000130190356", "nature": "Parking", "nature_detaillee": null, "toponyme": "Parking Victor Hugo", "statut_du_toponyme": "Collecté", "importance": "5", "numero": null, "fictif": false, "adresse_postale": "", "etat_de_l_objet": "En service", "date_creation": "2008-05-26T07:15:56.138Z", "date_modification": "2017-12-19T13:57:55.125Z", "date_d_apparition": null, "date_de_confirmation": null, "sources": null, "identifiants_sources": null, "methode_d_acquisition_planimetrique": "Photogrammétrie", "precision_planimetrique": 2.5, "methode_d_acquisition_altimetrique": "Photogrammétrie", "precision_altimetrique": 1.5, "insee_commune": "30133", "commune": "LE GRAU-DU-ROI", "identifiant_voie_ban": null, "id_ban_odonyme": null, "source": "bdtopo"}}, {"type": "Feature", "id": "equipement_de_transport.27873", "geometry": {"type": "MultiPolygon", "coordinates": [[[[4.3369059, 43.82272839, -1000], [4.33690485, 43.8226834, -1000], [4.33684271, 43.82268417, -1000], [4.33684376, 43.82272915, -1000], [4.3369059, 43.82272839, -1000]]]]}, "geometry_name": "geometrie", "properties": {"cleabs": "EQ_RESEA0000000130190358", "nature": "Parking", "nature_detaillee": null, "toponyme": "Place Jean Calvin", "statut_du_toponyme": "Collecté", "importance": "5", "numero": null, "fictif": true, "adresse_postale": null, "etat_de_l_objet": "En service", "date_creation": "2008-05-26T07:15:56.138Z", "date_modification": "2025-12-05T11:36:43.898Z", "date_d_apparition": null, "date_de_confirmation": null, "sources": null, "identifiants_sources": null, "methode_d_acquisition_planimetrique": "Calculé", "precision_planimetrique": 20, "methode_d_acquisition_altimetrique": "Pas de Z", "precision_altimetrique": 9999, "insee_commune": "30189", "commune": "NIMES", "identifiant_voie_ban": "30189_4365", "id_ban_odonyme": "5a42b1f7-d506-4a74-b59b-cb2660b4ff21", "source": "bdtopo"}}, {"type": "Feature", "id": "equipement_de_transport.27877", "geometry": {"type": "MultiPolygon", "coordinates": [[[[4.32130466, 43.81959296, -1000], [4.32130362, 43.81954797, -1000], [4.32124149, 43.81954873, -1000], [4.32124253, 43.81959371, -1000], [4.32130466, 43.81959296, -1000]]]]}, "geometry_name": "geometrie", "properties": {"cleabs": "EQ_RESEA0000000130190364", "nature": "Parking", "nature_detaillee": null, "toponyme": "Parking Laennec", "statut_du_toponyme": "Collecté", "importance": "5", "numero": null, "fictif": true, "adresse_postale": "", "etat_de_l_objet": "En service", "date_creation": "2008-05-26T07:15:56.138Z", "date_modification": "2022-02-09T20:19:55.959Z", "date_d_apparition": null, "date_de_confirmation": null, "sources": null, "identifiants_sources": null, "methode_d_acquisition_planimetrique": "Calculé", "precision_planimetrique": 20, "methode_d_acquisition_altimetrique": "Pas de Z", "precision_altimetrique": 9999, "insee_commune": "30189", "commune": "NIMES", "identifiant_voie_ban": null, "id_ban_odonyme": null, "source": "bdtopo"}}, {"type": "Feature", "id": "equipement_de_transport.27879", "geometry": {"type": "MultiPolygon", "coordinates": [[[[4.33461298, 43.82536295, -1000], [4.33461193, 43.82531796, -1000], [4.33454979, 43.82531872, -1000], [4.33455084, 43.82536371, -1000], [4.33461298, 43.82536295, -1000]]]]}, "geometry_name": "geometrie", "properties": {"cleabs": "EQ_RESEA0000000130190366", "nature": "Parking", "nature_detaillee": null, "toponyme": "Parking Espace Wagner", "statut_du_toponyme": "Collecté", "importance": "5", "numero": null, "fictif": true, "adresse_postale": null, "etat_de_l_objet": "En service", "date_creation": "2008-05-26T07:15:56.138Z", "date_modification": "2020-04-02T07:23:17.137Z", "date_d_apparition": null, "date_de_confirmation": null, "sources": null, "identifiants_sources": null, "methode_d_acquisition_planimetrique": "Calculé", "precision_planimetrique": 20, "methode_d_acquisition_altimetrique": "Pas de Z", "precision_altimetrique": 9999, "insee_commune": "30189", "commune": "NIMES", "identifiant_voie_ban": null, "id_ban_odonyme": null, "source": "bdtopo"}}, {"type": "Feature", "id": "equipement_de_transport.27881", "geometry": {"type": "MultiPolygon", "coordinates": [[[[4.14114732, 43.53889733, 2.5], [4.1416748, 43.5383033, 2.6], [4.14084813, 43.53790798, 2.6], [4.14030818, 43.53849763, 2.6], [4.14114732, 43.53889733, 2.5]]]]}, "geometry_name": "geometrie", "properties": {"cleabs": "EQ_RESEA0000000130190368", "nature": "Parking", "nature_detaillee": null, "toponyme": "Parking de la Gare", "statut_du_toponyme": "Collecté", "importance": "5", "numero": null, "fictif": false, "adresse_postale": "", "etat_de_l_objet": "En service", "date_creation": "2008-05-26T07:15:56.138Z", "date_modification": "2022-02-09T20:19:55.959Z", "date_d_apparition": null, "date_de_confirmation": null, "sources": null, "identifiants_sources": null, "methode_d_acquisition_planimetrique": "Photogrammétrie", "precision_planimetrique": 2.5, "methode_d_acquisition_altimetrique": "Photogrammétrie", "precision_altimetrique": 1.5, "insee_commune": "30133", "commune": "LE GRAU-DU-ROI", "identifiant_voie_ban": null, "id_ban_odonyme": null, "source": "bdtopo"}}, {"type": "Feature", "id": "equipement_de_transport.27885", "geometry": {"type": "MultiPolygon", "coordinates": [[[[4.13511653, 43.52189202, -1000], [4.13511564, 43.52184704, -1000], [4.13505383, 43.52184769, -1000], [4.13505472, 43.52189267, -1000], [4.13511653, 43.52189202, -1000]]]]}, "geometry_name": "geometrie", "properties": {"cleabs": "EQ_RESEA0000000130190372", "nature": "Parking", "nature_detaillee": null, "toponyme": "Parking du Forum", "statut_du_toponyme": "Collecté", "importance": "5", "numero": null, "fictif": true, "adresse_postale": "", "etat_de_l_objet": "En service", "date_creation": "2008-05-26T07:15:56.138Z", "date_modification": "2022-02-09T20:19:55.959Z", "date_d_apparition": null, "date_de_confirmation": null, "sources": null, "identifiants_sources": null, "methode_d_acquisition_planimetrique": "Calculé", "precision_planimetrique": 20, "methode_d_acquisition_altimetrique": "Pas de Z", "precision_altimetrique": 9999, "insee_commune": "30133", "commune": "LE GRAU-DU-ROI", "identifiant_voie_ban": null, "id_ban_odonyme": null, "source": "bdtopo"}}, {"type": "Feature", "id": "equipement_de_transport.27886", "geometry": {"type": "MultiPolygon", "coordinates": [[[[4.13862397, 43.51755509, -1000], [4.13862308, 43.51751011, -1000], [4.13856127, 43.51751076, -1000], [4.13856216, 43.51755574, -1000], [4.13862397, 43.51755509, -1000]]]]}, "geometry_name": "geometrie", "properties": {"cleabs": "EQ_RESEA0000000130190373", "nature": "Parking", "nature_detaillee": null, "toponyme": "Parking Transmed", "statut_du_toponyme": "Collecté", "importance": "5", "numero": null, "fictif": true, "adresse_postale": "", "etat_de_l_objet": "En service", "date_creation": "2008-05-26T07:15:56.138Z", "date_modification": "2022-02-09T20:19:55.959Z", "date_d_apparition": null, "date_de_confirmation": null, "sources": null, "identifiants_sources": null, "methode_d_acquisition_planimetrique": "Calculé", "precision_planimetrique": 20, "methode_d_acquisition_altimetrique": "Pas de Z", "precision_altimetrique": 9999, "insee_commune": "30133", "commune": "LE GRAU-DU-ROI", "identifiant_voie_ban": null, "id_ban_odonyme": null, "source": "bdtopo"}}, {"type": "Feature", "id": "equipement_de_transport.27887", "geometry": {"type": "MultiPolygon", "coordinates": [[[[4.12613256, 43.51669298, -1000], [4.12613168, 43.516648, -1000], [4.12606987, 43.51664864, -1000], [4.12607075, 43.51669362, -1000], [4.12613256, 43.51669298, -1000]]]]}, "geometry_name": "geometrie", "properties": {"cleabs": "EQ_RESEA0000000130190374", "nature": "Parking", "nature_detaillee": null, "toponyme": "Parking de Jason", "statut_du_toponyme": "Collecté", "importance": "5", "numero": null, "fictif": true, "adresse_postale": "", "etat_de_l_objet": "En service", "date_creation": "2008-05-26T07:15:56.138Z", "date_modification": "2022-02-09T20:19:55.959Z", "date_d_apparition": null, "date_de_confirmation": null, "sources": null, "identifiants_sources": null, "methode_d_acquisition_planimetrique": "Calculé", "precision_planimetrique": 20, "methode_d_acquisition_altimetrique": "Pas de Z", "precision_altimetrique": 9999, "insee_commune": "30133", "commune": "LE GRAU-DU-ROI", "identifiant_voie_ban": null, "id_ban_odonyme": null, "source": "bdtopo"}}, {"type": "Feature", "id": "equipement_de_transport.27888", "geometry": {"type": "MultiPolygon", "coordinates": [[[[4.13121523, 43.5203842, -1000], [4.13121435, 43.52033921, -1000], [4.13115253, 43.52033986, -1000], [4.13115342, 43.52038484, -1000], [4.13121523, 43.5203842, -1000]]]]}, "geometry_name": "geometrie", "properties": {"cleabs": "EQ_RESEA0000000130190375", "nature": "Parking", "nature_detaillee": null, "toponyme": "Parking de l'Euridice", "statut_du_toponyme": "Collecté", "importance": "5", "numero": null, "fictif": true, "adresse_postale": "", "etat_de_l_objet": "En service", "date_creation": "2008-05-26T07:15:56.138Z", "date_modification": "2022-02-09T20:19:55.959Z", "date_d_apparition": null, "date_de_confirmation": null, "sources": null, "identifiants_sources": null, "methode_d_acquisition_planimetrique": "Calculé", "precision_planimetrique": 20, "methode_d_acquisition_altimetrique": "Pas de Z", "precision_altimetrique": 9999, "insee_commune": "30133", "commune": "LE GRAU-DU-ROI", "identifiant_voie_ban": null, "id_ban_odonyme": null, "source": "bdtopo"}}, {"type": "Feature", "id": "equipement_de_transport.27898", "geometry": {"type": "MultiPolygon", "coordinates": [[[[4.13851348, 43.51678332, -1000], [4.13851258, 43.51673834, -1000], [4.13845078, 43.51673899, -1000], [4.13845167, 43.51678397, -1000], [4.13851348, 43.51678332, -1000]]]]}, "geometry_name": "geometrie", "properties": {"cleabs": "EQ_RESEA0000000130190388", "nature": "Parking", "nature_detaillee": null, "toponyme": "Parking Transat", "statut_du_toponyme": "Collecté", "importance": "5", "numero": null, "fictif": true, "adresse_postale": "", "etat_de_l_objet": "En service", "date_creation": "2008-05-26T07:15:56.138Z", "date_modification": "2022-02-09T20:19:55.959Z", "date_d_apparition": null, "date_de_confirmation": null, "sources": null, "identifiants_sources": null, "methode_d_acquisition_planimetrique": "Calculé", "precision_planimetrique": 20, "methode_d_acquisition_altimetrique": "Pas de Z", "precision_altimetrique": 9999, "insee_commune": "30133", "commune": "LE GRAU-DU-ROI", "identifiant_voie_ban": null, "id_ban_odonyme": null, "source": "bdtopo"}}, {"type": "Feature", "id": "equipement_de_transport.27899", "geometry": {"type": "MultiPolygon", "coordinates": [[[[4.32723608, 43.82723593, -1000], [4.32723503, 43.82719094, -1000], [4.32717289, 43.82719169, -1000], [4.32717393, 43.82723668, -1000], [4.32723608, 43.82723593, -1000]]]]}, "geometry_name": "geometrie", "properties": {"cleabs": "EQ_RESEA0000000130190390", "nature": "Parking", "nature_detaillee": null, "toponyme": "Parking Diderot", "statut_du_toponyme": "Collecté", "importance": "5", "numero": null, "fictif": true, "adresse_postale": "", "etat_de_l_objet": "En service", "date_creation": "2008-05-26T07:15:56.138Z", "date_modification": "2022-02-09T20:19:55.959Z", "date_d_apparition": null, "date_de_confirmation": null, "sources": null, "identifiants_sources": null, "methode_d_acquisition_planimetrique": "Calculé", "precision_planimetrique": 20, "methode_d_acquisition_altimetrique": "Pas de Z", "precision_altimetrique": 9999, "insee_commune": "30189", "commune": "NIMES", "identifiant_voie_ban": null, "id_ban_odonyme": null, "source": "bdtopo"}}, {"type": "Feature", "id": "equipement_de_transport.27907", "geometry": {"type": "MultiPolygon", "coordinates": [[[[4.13316021, 43.54082115, 2.1], [4.13343018, 43.54058617, 2.3], [4.13354015, 43.54039246, 2.2], [4.1329112, 43.53986094, 2.5], [4.13244198, 43.54015288, 1.8], [4.13286951, 43.54050654, 2.1], [4.13274991, 43.54058878, 2.1], [4.13273946, 43.54068607, 2], [4.13303895, 43.5408818, 2.1], [4.13308849, 43.54088488, 1.6], [4.13316021, 43.54082115, 2.1]]]]}, "geometry_name": "geometrie", "properties": {"cleabs": "EQ_RESEA0000000130190398", "nature": "Parking", "nature_detaillee": null, "toponyme": "Parking de la Plage", "statut_du_toponyme": "Collecté", "importance": "5", "numero": null, "fictif": false, "adresse_postale": "", "etat_de_l_objet": "En service", "date_creation": "2008-05-26T07:15:56.138Z", "date_modification": "2022-02-09T20:19:55.959Z", "date_d_apparition": null, "date_de_confirmation": null, "sources": null, "identifiants_sources": null, "methode_d_acquisition_planimetrique": "Photogrammétrie", "precision_planimetrique": 2.5, "methode_d_acquisition_altimetrique": "Photogrammétrie", "precision_altimetrique": 1.5, "insee_commune": "30133", "commune": "LE GRAU-DU-ROI", "identifiant_voie_ban": null, "id_ban_odonyme": null, "source": "bdtopo"}}, {"type": "Feature", "id": "equipement_de_transport.27908", "geometry": {"type": "MultiPolygon", "coordinates": [[[[4.3357084, 43.8240949, -1000], [4.33570735, 43.82404991, -1000], [4.33564521, 43.82405068, -1000], [4.33564626, 43.82409566, -1000], [4.3357084, 43.8240949, -1000]]]]}, "geometry_name": "geometrie", "properties": {"cleabs": "EQ_RESEA0000000130190399", "nature": "Parking", "nature_detaillee": null, "toponyme": "Place Claude Debussy", "statut_du_toponyme": "Collecté", "importance": "5", "numero": null, "fictif": true, "adresse_postale": null, "etat_de_l_objet": "En service", "date_creation": "2008-05-26T07:15:56.138Z", "date_modification": "2025-12-05T11:36:43.898Z", "date_d_apparition": null, "date_de_confirmation": null, "sources": null, "identifiants_sources": null, "methode_d_acquisition_planimetrique": "Calculé", "precision_planimetrique": 20, "methode_d_acquisition_altimetrique": "Pas de Z", "precision_altimetrique": 9999, "insee_commune": "30189", "commune": "NIMES", "identifiant_voie_ban": "30189_2015", "id_ban_odonyme": "e17b63ff-ee46-4833-b025-324d963945db", "source": "bdtopo"}}, {"type": "Feature", "id": "equipement_de_transport.27911", "geometry": {"type": "MultiPolygon", "coordinates": [[[[4.13687798, 43.51861088, 0.7], [4.1368315, 43.51851149, 1.5], [4.13674873, 43.51851505, 1.6], [4.13674909, 43.51859603, 1.6], [4.1358716, 43.51867901, 1.6], [4.13711999, 43.51734412, 1.5], [4.13746035, 43.51748632, 1.1], [4.13740848, 43.51755165, 1.3], [4.1377119, 43.51770143, 2], [4.13687798, 43.51861088, 0.7]]]]}, "geometry_name": "geometrie", "properties": {"cleabs": "EQ_RESEA0000000130190402", "nature": "Parking", "nature_detaillee": null, "toponyme": "Parking Triangle du Soleil", "statut_du_toponyme": "Collecté", "importance": "5", "numero": null, "fictif": false, "adresse_postale": "", "etat_de_l_objet": "En service", "date_creation": "2008-05-26T07:15:56.138Z", "date_modification": "2022-02-09T20:19:55.959Z", "date_d_apparition": null, "date_de_confirmation": null, "sources": null, "identifiants_sources": null, "methode_d_acquisition_planimetrique": "Photogrammétrie", "precision_planimetrique": 2.5, "methode_d_acquisition_altimetrique": "Photogrammétrie", "precision_altimetrique": 1.5, "insee_commune": "30133", "commune": "LE GRAU-DU-ROI", "identifiant_voie_ban": null, "id_ban_odonyme": null, "source": "bdtopo"}}, {"type": "Feature", "id": "equipement_de_transport.27912", "geometry": {"type": "MultiPolygon", "coordinates": [[[[4.14157379, 43.51990229, 2.4], [4.14155683, 43.51985747, 2.4], [4.14122608, 43.51970259, 2.4], [4.14135025, 43.51954202, 2.5], [4.14110689, 43.5194294, 2.7], [4.1407549, 43.51982362, 2.9], [4.14063125, 43.51976103, 2.9], [4.13996575, 43.52049597, 2.8], [4.14037759, 43.52118539, 2.9], [4.14157379, 43.51990229, 2.4]]]]}, "geometry_name": "geometrie", "properties": {"cleabs": "EQ_RESEA0000000130190403", "nature": "Parking", "nature_detaillee": null, "toponyme": "Parking du Quai d'Honneur", "statut_du_toponyme": "Collecté", "importance": "5", "numero": null, "fictif": false, "adresse_postale": "", "etat_de_l_objet": "En service", "date_creation": "2008-05-26T07:15:56.138Z", "date_modification": "2022-02-09T20:19:55.959Z", "date_d_apparition": null, "date_de_confirmation": null, "sources": null, "identifiants_sources": null, "methode_d_acquisition_planimetrique": "Photogrammétrie", "precision_planimetrique": 2.5, "methode_d_acquisition_altimetrique": "Photogrammétrie", "precision_altimetrique": 1.5, "insee_commune": "30133", "commune": "LE GRAU-DU-ROI", "identifiant_voie_ban": null, "id_ban_odonyme": null, "source": "bdtopo"}}, {"type": "Feature", "id": "equipement_de_transport.27913", "geometry": {"type": "MultiPolygon", "coordinates": [[[[4.13296698, 43.54256341, -1000], [4.13219795, 43.54245716, -1000], [4.13201103, 43.54238713, -1000], [4.13155845, 43.54208141, -1000], [4.13180755, 43.54191684, -1000], [4.13225456, 43.54219112, -1000], [4.13239532, 43.54224095, -1000], [4.13279199, 43.5422836, -1000], [4.13305387, 43.54239064, -1000], [4.13296698, 43.54256341, -1000]]]]}, "geometry_name": "geometrie", "properties": {"cleabs": "EQ_RESEA0000000130190405", "nature": "Parking", "nature_detaillee": "Aire de camping-cars", "toponyme": "Place de la Méditerranée", "statut_du_toponyme": "Collecté", "importance": "5", "numero": null, "fictif": false, "adresse_postale": null, "etat_de_l_objet": "En service", "date_creation": "2008-05-26T07:15:56.138Z", "date_modification": "2025-02-05T08:19:49.678Z", "date_d_apparition": null, "date_de_confirmation": "2025-02-04Z", "sources": null, "identifiants_sources": null, "methode_d_acquisition_planimetrique": "Orthophotographie", "precision_planimetrique": 3, "methode_d_acquisition_altimetrique": "Pas de Z", "precision_altimetrique": 9999, "insee_commune": "30133", "commune": "LE GRAU-DU-ROI", "identifiant_voie_ban": null, "id_ban_odonyme": null, "source": "bdtopo"}}, {"type": "Feature", "id": "equipement_de_transport.27914", "geometry": {"type": "MultiPolygon", "coordinates": [[[[4.13407046, 43.5365537, -1000], [4.13406957, 43.53650872, -1000], [4.13400774, 43.53650936, -1000], [4.13400863, 43.53655435, -1000], [4.13407046, 43.5365537, -1000]]]]}, "geometry_name": "geometrie", "properties": {"cleabs": "EQ_RESEA0000000130190406", "nature": "Parking", "nature_detaillee": null, "toponyme": "Parking de la Plagette", "statut_du_toponyme": "Collecté", "importance": "5", "numero": null, "fictif": true, "adresse_postale": "", "etat_de_l_objet": "En service", "date_creation": "2008-05-26T07:15:56.138Z", "date_modification": "2022-02-09T20:19:55.959Z", "date_d_apparition": null, "date_de_confirmation": null, "sources": null, "identifiants_sources": null, "methode_d_acquisition_planimetrique": "Calculé", "precision_planimetrique": 20, "methode_d_acquisition_altimetrique": "Pas de Z", "precision_altimetrique": 9999, "insee_commune": "30133", "commune": "LE GRAU-DU-ROI", "identifiant_voie_ban": null, "id_ban_odonyme": null, "source": "bdtopo"}}, {"type": "Feature", "id": "equipement_de_transport.27915", "geometry": {"type": "MultiPolygon", "coordinates": [[[[4.13595676, 43.53999827, 1.4], [4.1361828, 43.54010748, 1.9], [4.13579157, 43.54058938, 1.6], [4.13575315, 43.54064827, 2.1], [4.13571524, 43.54067027, 2.1], [4.13536573, 43.54082329, 2.1], [4.1353177, 43.54083369, 2.1], [4.1352868, 43.54083492, 2.1], [4.13493022, 43.54069287, 1.6], [4.13487148, 43.54066199, 1.6], [4.13483465, 43.54061379, 1.6], [4.13480787, 43.54057268, 1.6], [4.13480188, 43.54045756, 1.9], [4.13481461, 43.54041334, 1.9], [4.13488452, 43.54038291, 1.8], [4.13493037, 43.54032485, 1.8], [4.13497775, 43.54028116, 1.8], [4.13595676, 43.53999827, 1.4]]]]}, "geometry_name": "geometrie", "properties": {"cleabs": "EQ_RESEA0000000130190407", "nature": "Parking", "nature_detaillee": null, "toponyme": "Place des Anciens Combattants d'Afrique du Nord", "statut_du_toponyme": "Collecté", "importance": "5", "numero": null, "fictif": false, "adresse_postale": "", "etat_de_l_objet": "En service", "date_creation": "2008-05-26T07:15:56.138Z", "date_modification": "2022-02-09T20:19:55.959Z", "date_d_apparition": null, "date_de_confirmation": null, "sources": null, "identifiants_sources": null, "methode_d_acquisition_planimetrique": "Photogrammétrie", "precision_planimetrique": 2.5, "methode_d_acquisition_altimetrique": "Photogrammétrie", "precision_altimetrique": 1.5, "insee_commune": "30133", "commune": "LE GRAU-DU-ROI", "identifiant_voie_ban": null, "id_ban_odonyme": null, "source": "bdtopo"}}, {"type": "Feature", "id": "equipement_de_transport.27918", "geometry": {"type": "MultiPolygon", "coordinates": [[[[4.1305481, 43.52116768, -1000], [4.13054721, 43.5211227, -1000], [4.1304854, 43.52112334, -1000], [4.13048628, 43.52116833, -1000], [4.1305481, 43.52116768, -1000]]]]}, "geometry_name": "geometrie", "properties": {"cleabs": "EQ_RESEA0000000130190410", "nature": "Parking", "nature_detaillee": null, "toponyme": "Parking de la Minerve", "statut_du_toponyme": "Collecté", "importance": "5", "numero": null, "fictif": true, "adresse_postale": "", "etat_de_l_objet": "En service", "date_creation": "2008-05-26T07:15:56.138Z", "date_modification": "2022-02-09T20:19:55.959Z", "date_d_apparition": null, "date_de_confirmation": null, "sources": null, "identifiants_sources": null, "methode_d_acquisition_planimetrique": "Calculé", "precision_planimetrique": 20, "methode_d_acquisition_altimetrique": "Pas de Z", "precision_altimetrique": 9999, "insee_commune": "30133", "commune": "LE GRAU-DU-ROI", "identifiant_voie_ban": null, "id_ban_odonyme": null, "source": "bdtopo"}}, {"type": "Feature", "id": "equipement_de_transport.27919", "geometry": {"type": "MultiPolygon", "coordinates": [[[[4.12671897, 43.5221964, -1000], [4.12665715, 43.52219704, -1000], [4.12665627, 43.52215206, -1000], [4.12671809, 43.52215142, -1000], [4.12671897, 43.5221964, -1000]]]]}, "geometry_name": "geometrie", "properties": {"cleabs": "EQ_RESEA0000000130190411", "nature": "Parking", "nature_detaillee": null, "toponyme": "Parking de la Marine", "statut_du_toponyme": "Collecté", "importance": "5", "numero": null, "fictif": true, "adresse_postale": null, "etat_de_l_objet": "En service", "date_creation": "2008-05-26T07:15:56.138Z", "date_modification": "2024-09-09T15:29:01.396Z", "date_d_apparition": null, "date_de_confirmation": "2024-09-09Z", "sources": null, "identifiants_sources": null, "methode_d_acquisition_planimetrique": "Calculé", "precision_planimetrique": 20, "methode_d_acquisition_altimetrique": "Pas de Z", "precision_altimetrique": 9999, "insee_commune": "30133", "commune": "LE GRAU-DU-ROI", "identifiant_voie_ban": null, "id_ban_odonyme": null, "source": "bdtopo"}}, {"type": "Feature", "id": "equipement_de_transport.27920", "geometry": {"type": "MultiPolygon", "coordinates": [[[[4.14237171, 43.52719764, 1.8], [4.14222384, 43.52728648, 1.8], [4.14214934, 43.52752032, 1.8], [4.14254291, 43.52759806, 1.8], [4.14269438, 43.52769004, 1.9], [4.14278691, 43.52780335, 1.9], [4.14284975, 43.52791606, 1.9], [4.14285612, 43.52805006, 2.1], [4.14236873, 43.52934913, 2.5], [4.14239602, 43.52941543, 2.5], [4.14262451, 43.52946251, 1.7], [4.14290624, 43.5287046, 1], [4.14284403, 43.52868546, 1.3], [4.1431613, 43.52797397, 1.9], [4.14322834, 43.52798676, 1.9], [4.14339464, 43.52745681, 1.9], [4.14377525, 43.52750499, 1.8], [4.14378176, 43.52745903, 1.8], [4.14380045, 43.52740395, 1.8], [4.14237171, 43.52719764, 1.8]]]]}, "geometry_name": "geometrie", "properties": {"cleabs": "EQ_RESEA0000000130190412", "nature": "Parking", "nature_detaillee": null, "toponyme": "Parking Méditerranée", "statut_du_toponyme": "Collecté", "importance": "5", "numero": null, "fictif": false, "adresse_postale": "", "etat_de_l_objet": "En service", "date_creation": "2008-05-26T07:15:56.138Z", "date_modification": "2022-02-09T20:19:55.959Z", "date_d_apparition": null, "date_de_confirmation": null, "sources": null, "identifiants_sources": null, "methode_d_acquisition_planimetrique": "Photogrammétrie", "precision_planimetrique": 2.5, "methode_d_acquisition_altimetrique": "Photogrammétrie", "precision_altimetrique": 1.5, "insee_commune": "30133", "commune": "LE GRAU-DU-ROI", "identifiant_voie_ban": null, "id_ban_odonyme": null, "source": "bdtopo"}}, {"type": "Feature", "id": "equipement_de_transport.27927", "geometry": {"type": "MultiPolygon", "coordinates": [[[[4.3285764, 43.83114732, -1000], [4.32857535, 43.83110233, -1000], [4.32851321, 43.83110309, -1000], [4.32851425, 43.83114808, -1000], [4.3285764, 43.83114732, -1000]]]]}, "geometry_name": "geometrie", "properties": {"cleabs": "EQ_RESEA0000000130190420", "nature": "Parking", "nature_detaillee": null, "toponyme": "Place Pierre de Fermat", "statut_du_toponyme": "Collecté", "importance": "5", "numero": null, "fictif": true, "adresse_postale": null, "etat_de_l_objet": "En service", "date_creation": "2008-05-26T07:15:56.138Z", "date_modification": "2025-12-05T11:36:43.898Z", "date_d_apparition": null, "date_de_confirmation": null, "sources": null, "identifiants_sources": null, "methode_d_acquisition_planimetrique": "Calculé", "precision_planimetrique": 20, "methode_d_acquisition_altimetrique": "Pas de Z", "precision_altimetrique": 9999, "insee_commune": "30189", "commune": "NIMES", "identifiant_voie_ban": "30189_6235", "id_ban_odonyme": "0234153e-4d87-4e51-bc23-24cd64029d7c", "source": "bdtopo"}}, {"type": "Feature", "id": "equipement_de_transport.27928", "geometry": {"type": "MultiPolygon", "coordinates": [[[[4.35435194, 43.83858949, -1000], [4.35435088, 43.8385445, -1000], [4.35428872, 43.83854527, -1000], [4.35428979, 43.83859026, -1000], [4.35435194, 43.83858949, -1000]]]]}, "geometry_name": "geometrie", "properties": {"cleabs": "EQ_RESEA0000000130190422", "nature": "Parking", "nature_detaillee": null, "toponyme": "Parking la Maison Carrée", "statut_du_toponyme": "Collecté", "importance": "5", "numero": null, "fictif": true, "adresse_postale": "", "etat_de_l_objet": "En service", "date_creation": "2008-05-26T07:15:56.138Z", "date_modification": "2022-02-09T20:19:55.959Z", "date_d_apparition": null, "date_de_confirmation": null, "sources": null, "identifiants_sources": null, "methode_d_acquisition_planimetrique": "Calculé", "precision_planimetrique": 20, "methode_d_acquisition_altimetrique": "Pas de Z", "precision_altimetrique": 9999, "insee_commune": "30189", "commune": "NIMES", "identifiant_voie_ban": null, "id_ban_odonyme": null, "source": "bdtopo"}}, {"type": "Feature", "id": "equipement_de_transport.27930", "geometry": {"type": "MultiPolygon", "coordinates": [[[[4.13144707, 43.67464112, 5.5], [4.13141487, 43.67401512, 5.1], [4.13140434, 43.67348159, 4.7], [4.13138537, 43.67308583, 4.4], [4.13157994, 43.67308201, 4.1], [4.1315833, 43.67300098, 4.1], [4.13180771, 43.67300135, 4.1], [4.13180984, 43.67304632, 4.1], [4.13186584, 43.67305653, 4.1], [4.13193203, 43.67308104, 4.1], [4.13197982, 43.67311564, 4.1], [4.1320003, 43.67314783, 4.1], [4.13200749, 43.67319814, 4.1], [4.13203274, 43.67366043, 4.1], [4.13202145, 43.67371634, 4.1], [4.13203397, 43.67397358, 5], [4.13195469, 43.67397711, 4.8], [4.13200874, 43.67464247, 4.6], [4.13144707, 43.67464112, 5.5]]]]}, "geometry_name": "geometrie", "properties": {"cleabs": "EQ_RESEA0000000130190426", "nature": "Parking", "nature_detaillee": null, "toponyme": "Parking Canal", "statut_du_toponyme": "Collecté", "importance": "5", "numero": null, "fictif": false, "adresse_postale": null, "etat_de_l_objet": "En service", "date_creation": "2008-05-26T07:15:56.138Z", "date_modification": "2024-11-21T15:23:42.762Z", "date_d_apparition": null, "date_de_confirmation": null, "sources": null, "identifiants_sources": null, "methode_d_acquisition_planimetrique": "Photogrammétrie", "precision_planimetrique": 2.5, "methode_d_acquisition_altimetrique": "Photogrammétrie", "precision_altimetrique": 1.5, "insee_commune": "34145", "commune": "LUNEL", "identifiant_voie_ban": null, "id_ban_odonyme": null, "source": "bdtopo"}}, {"type": "Feature", "id": "equipement_de_transport.27931", "geometry": {"type": "MultiPolygon", "coordinates": [[[[4.13333254, 43.67631781, -1000], [4.13333166, 43.67627282, -1000], [4.13326967, 43.67627347, -1000], [4.13327056, 43.67631845, -1000], [4.13333254, 43.67631781, -1000]]]]}, "geometry_name": "geometrie", "properties": {"cleabs": "EQ_RESEA0000000130190427", "nature": "Parking", "nature_detaillee": null, "toponyme": "Place Jean Moulin", "statut_du_toponyme": "Collecté", "importance": "5", "numero": null, "fictif": true, "adresse_postale": null, "etat_de_l_objet": "En service", "date_creation": "2008-05-26T07:15:56.138Z", "date_modification": "2025-12-05T11:36:43.898Z", "date_d_apparition": null, "date_de_confirmation": null, "sources": null, "identifiants_sources": null, "methode_d_acquisition_planimetrique": "Calculé", "precision_planimetrique": 20, "methode_d_acquisition_altimetrique": "Pas de Z", "precision_altimetrique": 9999, "insee_commune": "34145", "commune": "LUNEL", "identifiant_voie_ban": "34145_1138", "id_ban_odonyme": "15534f04-79d9-454c-9916-eaa796c11127", "source": "bdtopo"}}, {"type": "Feature", "id": "equipement_de_transport.27940", "geometry": {"type": "MultiPolygon", "coordinates": [[[[4.12520489, 43.51421286, 1.5], [4.12606805, 43.51403204, 1.4], [4.12664282, 43.51339441, 1.4], [4.12621478, 43.5131919, 1.2], [4.12608095, 43.51317619, 1.2], [4.12598107, 43.51318983, 1.3], [4.12589039, 43.51323126, 1.4], [4.12581613, 43.51329052, 1.4], [4.12519277, 43.51403572, 2.1], [4.12519128, 43.51408613, 2.1], [4.12520489, 43.51421286, 1.5]]]]}, "geometry_name": "geometrie", "properties": {"cleabs": "EQ_RESEA0000000130190439", "nature": "Parking", "nature_detaillee": null, "toponyme": "Parking du Pont de la Lune", "statut_du_toponyme": "Collecté", "importance": "5", "numero": null, "fictif": false, "adresse_postale": "", "etat_de_l_objet": "En service", "date_creation": "2008-05-26T07:15:56.138Z", "date_modification": "2022-02-09T20:19:55.959Z", "date_d_apparition": null, "date_de_confirmation": null, "sources": null, "identifiants_sources": null, "methode_d_acquisition_planimetrique": "Photogrammétrie", "precision_planimetrique": 2.5, "methode_d_acquisition_altimetrique": "Photogrammétrie", "precision_altimetrique": 1.5, "insee_commune": "30133", "commune": "LE GRAU-DU-ROI", "identifiant_voie_ban": null, "id_ban_odonyme": null, "source": "bdtopo"}}, {"type": "Feature", "id": "equipement_de_transport.27941", "geometry": {"type": "MultiPolygon", "coordinates": [[[[4.13949052, 43.52190916, -1000], [4.13948963, 43.52186418, -1000], [4.13942781, 43.52186483, -1000], [4.13942871, 43.52190981, -1000], [4.13949052, 43.52190916, -1000]]]]}, "geometry_name": "geometrie", "properties": {"cleabs": "EQ_RESEA0000000130190441", "nature": "Parking", "nature_detaillee": null, "toponyme": "Parking du Tennis 1", "statut_du_toponyme": "Collecté", "importance": "5", "numero": null, "fictif": true, "adresse_postale": "", "etat_de_l_objet": "En service", "date_creation": "2008-05-26T07:15:56.138Z", "date_modification": "2022-02-09T20:19:55.959Z", "date_d_apparition": null, "date_de_confirmation": null, "sources": null, "identifiants_sources": null, "methode_d_acquisition_planimetrique": "Calculé", "precision_planimetrique": 20, "methode_d_acquisition_altimetrique": "Pas de Z", "precision_altimetrique": 9999, "insee_commune": "30133", "commune": "LE GRAU-DU-ROI", "identifiant_voie_ban": null, "id_ban_odonyme": null, "source": "bdtopo"}}, {"type": "Feature", "id": "equipement_de_transport.27942", "geometry": {"type": "MultiPolygon", "coordinates": [[[[4.12746222, 43.52087766, -1000], [4.12746134, 43.52083268, -1000], [4.12739953, 43.52083332, -1000], [4.12740041, 43.5208783, -1000], [4.12746222, 43.52087766, -1000]]]]}, "geometry_name": "geometrie", "properties": {"cleabs": "EQ_RESEA0000000130190442", "nature": "Parking", "nature_detaillee": null, "toponyme": "Parking de la Capitainerie", "statut_du_toponyme": "Collecté", "importance": "5", "numero": null, "fictif": true, "adresse_postale": null, "etat_de_l_objet": "En service", "date_creation": "2008-05-26T07:15:56.138Z", "date_modification": "2025-12-05T11:36:43.898Z", "date_d_apparition": null, "date_de_confirmation": null, "sources": null, "identifiants_sources": null, "methode_d_acquisition_planimetrique": "Calculé", "precision_planimetrique": 20, "methode_d_acquisition_altimetrique": "Pas de Z", "precision_altimetrique": 9999, "insee_commune": "30133", "commune": "LE GRAU-DU-ROI", "identifiant_voie_ban": "30133_jr9th2", "id_ban_odonyme": "868142ea-9195-4174-868d-606bac4d1f3e", "source": "bdtopo"}}, {"type": "Feature", "id": "equipement_de_transport.27943", "geometry": {"type": "MultiPolygon", "coordinates": [[[[4.13943963, 43.52264754, -1000], [4.13943873, 43.52260256, -1000], [4.13937692, 43.52260321, -1000], [4.13937781, 43.52264819, -1000], [4.13943963, 43.52264754, -1000]]]]}, "geometry_name": "geometrie", "properties": {"cleabs": "EQ_RESEA0000000130190443", "nature": "Parking", "nature_detaillee": null, "toponyme": "Parking de la Laune", "statut_du_toponyme": "Collecté", "importance": "5", "numero": null, "fictif": true, "adresse_postale": "", "etat_de_l_objet": "En service", "date_creation": "2008-05-26T07:15:56.138Z", "date_modification": "2022-02-09T20:19:55.959Z", "date_d_apparition": null, "date_de_confirmation": null, "sources": null, "identifiants_sources": null, "methode_d_acquisition_planimetrique": "Calculé", "precision_planimetrique": 20, "methode_d_acquisition_altimetrique": "Pas de Z", "precision_altimetrique": 9999, "insee_commune": "30133", "commune": "LE GRAU-DU-ROI", "identifiant_voie_ban": null, "id_ban_odonyme": null, "source": "bdtopo"}}, {"type": "Feature", "id": "equipement_de_transport.27944", "geometry": {"type": "MultiPolygon", "coordinates": [[[[4.13513498, 43.53553118, -1000], [4.13513409, 43.5354862, -1000], [4.13507226, 43.53548684, -1000], [4.13507315, 43.53553182, -1000], [4.13513498, 43.53553118, -1000]]]]}, "geometry_name": "geometrie", "properties": {"cleabs": "EQ_RESEA0000000130190444", "nature": "Parking", "nature_detaillee": null, "toponyme": "Place Léon Constantin", "statut_du_toponyme": "Collecté", "importance": "5", "numero": null, "fictif": true, "adresse_postale": "", "etat_de_l_objet": "En service", "date_creation": "2008-05-26T07:15:56.138Z", "date_modification": "2024-08-31T23:30:20.896Z", "date_d_apparition": null, "date_de_confirmation": null, "sources": null, "identifiants_sources": null, "methode_d_acquisition_planimetrique": "Calculé", "precision_planimetrique": 20, "methode_d_acquisition_altimetrique": "Pas de Z", "precision_altimetrique": 9999, "insee_commune": "30133", "commune": "LE GRAU-DU-ROI", "identifiant_voie_ban": "", "id_ban_odonyme": null, "source": "bdtopo"}}, {"type": "Feature", "id": "equipement_de_transport.27945", "geometry": {"type": "MultiPolygon", "coordinates": [[[[4.08540952, 43.56001457, -1000], [4.08540867, 43.55996959, -1000], [4.08534682, 43.55997021, -1000], [4.08534767, 43.56001519, -1000], [4.08540952, 43.56001457, -1000]]]]}, "geometry_name": "geometrie", "properties": {"cleabs": "EQ_RESEA0000000130190445", "nature": "Parking", "nature_detaillee": null, "toponyme": "Place de la Mairie", "statut_du_toponyme": "Collecté", "importance": "5", "numero": null, "fictif": true, "adresse_postale": null, "etat_de_l_objet": "En service", "date_creation": "2008-05-26T07:15:56.138Z", "date_modification": "2025-12-05T11:36:43.898Z", "date_d_apparition": null, "date_de_confirmation": null, "sources": null, "identifiants_sources": null, "methode_d_acquisition_planimetrique": "Calculé", "precision_planimetrique": 20, "methode_d_acquisition_altimetrique": "Pas de Z", "precision_altimetrique": 9999, "insee_commune": "34344", "commune": "LA GRANDE-MOTTE", "identifiant_voie_ban": "34344_rsdupd", "id_ban_odonyme": "af831f2c-7943-484f-a8cb-7ebf701085dc", "source": "bdtopo"}}, {"type": "Feature", "id": "equipement_de_transport.27946", "geometry": {"type": "MultiPolygon", "coordinates": [[[[4.34471859, 43.82213912, -1000], [4.34471753, 43.82209413, -1000], [4.3446554, 43.8220949, -1000], [4.34465646, 43.82213988, -1000], [4.34471859, 43.82213912, -1000]]]]}, "geometry_name": "geometrie", "properties": {"cleabs": "EQ_RESEA0000000130190446", "nature": "Parking", "nature_detaillee": null, "toponyme": "Parking Stade Marcel Rouvière", "statut_du_toponyme": "Collecté", "importance": "5", "numero": null, "fictif": true, "adresse_postale": "", "etat_de_l_objet": "En service", "date_creation": "2008-05-26T07:15:56.138Z", "date_modification": "2022-02-09T20:19:55.959Z", "date_d_apparition": null, "date_de_confirmation": null, "sources": null, "identifiants_sources": null, "methode_d_acquisition_planimetrique": "Calculé", "precision_planimetrique": 20, "methode_d_acquisition_altimetrique": "Pas de Z", "precision_altimetrique": 9999, "insee_commune": "30189", "commune": "NIMES", "identifiant_voie_ban": null, "id_ban_odonyme": null, "source": "bdtopo"}}, {"type": "Feature", "id": "equipement_de_transport.27949", "geometry": {"type": "MultiPolygon", "coordinates": [[[[4.3586692, 43.83932154, -1000], [4.35866813, 43.83927655, -1000], [4.35860597, 43.83927732, -1000], [4.35860704, 43.83932231, -1000], [4.3586692, 43.83932154, -1000]]]]}, "geometry_name": "geometrie", "properties": {"cleabs": "EQ_RESEA0000000130190450", "nature": "Parking", "nature_detaillee": null, "toponyme": "Parking les Halles", "statut_du_toponyme": "Collecté", "importance": "5", "numero": null, "fictif": true, "adresse_postale": "", "etat_de_l_objet": "En service", "date_creation": "2008-05-26T07:15:56.138Z", "date_modification": "2017-12-19T13:57:55.125Z", "date_d_apparition": null, "date_de_confirmation": null, "sources": null, "identifiants_sources": null, "methode_d_acquisition_planimetrique": "Calculé", "precision_planimetrique": 20, "methode_d_acquisition_altimetrique": "Pas de Z", "precision_altimetrique": 9999, "insee_commune": "30189", "commune": "NIMES", "identifiant_voie_ban": null, "id_ban_odonyme": null, "source": "bdtopo"}}, {"type": "Feature", "id": "equipement_de_transport.27951", "geometry": {"type": "MultiPolygon", "coordinates": [[[[4.35889258, 43.8405059, -1000], [4.35889151, 43.84046091, -1000], [4.35882936, 43.84046169, -1000], [4.35883043, 43.84050668, -1000], [4.35889258, 43.8405059, -1000]]]]}, "geometry_name": "geometrie", "properties": {"cleabs": "EQ_RESEA0000000130190452", "nature": "Parking", "nature_detaillee": null, "toponyme": "Parking la Coupole", "statut_du_toponyme": "Collecté", "importance": "5", "numero": null, "fictif": true, "adresse_postale": "", "etat_de_l_objet": "En service", "date_creation": "2008-05-26T07:15:56.138Z", "date_modification": "2022-02-09T20:19:55.959Z", "date_d_apparition": null, "date_de_confirmation": null, "sources": null, "identifiants_sources": null, "methode_d_acquisition_planimetrique": "Calculé", "precision_planimetrique": 20, "methode_d_acquisition_altimetrique": "Pas de Z", "precision_altimetrique": 9999, "insee_commune": "30189", "commune": "NIMES", "identifiant_voie_ban": null, "id_ban_odonyme": null, "source": "bdtopo"}}, {"type": "Feature", "id": "equipement_de_transport.27953", "geometry": {"type": "MultiPolygon", "coordinates": [[[[4.36184778, 43.83401128, -1000], [4.36184671, 43.83396629, -1000], [4.36178456, 43.83396707, -1000], [4.36178564, 43.83401206, -1000], [4.36184778, 43.83401128, -1000]]]]}, "geometry_name": "geometrie", "properties": {"cleabs": "EQ_RESEA0000000130190454", "nature": "Parking", "nature_detaillee": null, "toponyme": "Parking les Arènes", "statut_du_toponyme": "Collecté", "importance": "5", "numero": null, "fictif": true, "adresse_postale": "", "etat_de_l_objet": "En service", "date_creation": "2008-05-26T07:15:56.138Z", "date_modification": "2018-06-21T09:17:58.886Z", "date_d_apparition": null, "date_de_confirmation": null, "sources": null, "identifiants_sources": null, "methode_d_acquisition_planimetrique": "Calculé", "precision_planimetrique": 20, "methode_d_acquisition_altimetrique": "Pas de Z", "precision_altimetrique": 9999, "insee_commune": "30189", "commune": "NIMES", "identifiant_voie_ban": null, "id_ban_odonyme": null, "source": "bdtopo"}}, {"type": "Feature", "id": "equipement_de_transport.27954", "geometry": {"type": "MultiPolygon", "coordinates": [[[[4.39581723, 43.84728775, -1000], [4.39581613, 43.84724276, -1000], [4.39575397, 43.84724356, -1000], [4.39575507, 43.84728855, -1000], [4.39581723, 43.84728775, -1000]]]]}, "geometry_name": "geometrie", "properties": {"cleabs": "EQ_RESEA0000000130190455", "nature": "Parking", "nature_detaillee": null, "toponyme": "Place Michel Bully", "statut_du_toponyme": "Collecté", "importance": "5", "numero": null, "fictif": true, "adresse_postale": null, "etat_de_l_objet": "En service", "date_creation": "2008-05-26T07:15:56.138Z", "date_modification": "2025-12-05T11:36:43.898Z", "date_d_apparition": null, "date_de_confirmation": null, "sources": null, "identifiants_sources": null, "methode_d_acquisition_planimetrique": "Calculé", "precision_planimetrique": 20, "methode_d_acquisition_altimetrique": "Pas de Z", "precision_altimetrique": 9999, "insee_commune": "30189", "commune": "NIMES", "identifiant_voie_ban": "30189_5367", "id_ban_odonyme": "f4697871-5179-40b2-a1f1-314be8d097b9", "source": "bdtopo"}}, {"type": "Feature", "id": "equipement_de_transport.43491", "geometry": {"type": "MultiPolygon", "coordinates": [[[[4.09003447, 43.78645078, -1000], [4.08953818, 43.78641794, -1000], [4.08955337, 43.7862369, -1000], [4.08965009, 43.78622783, -1000], [4.08969662, 43.78619227, -1000], [4.08998137, 43.78620652, -1000], [4.0900538, 43.7862265, -1000], [4.09003447, 43.78645078, -1000]]]]}, "geometry_name": "geometrie", "properties": {"cleabs": "EQ_RESEA0000000130578584", "nature": "Parking", "nature_detaillee": null, "toponyme": "Parking Émilien Dumas", "statut_du_toponyme": "Collecté", "importance": "5", "numero": null, "fictif": false, "adresse_postale": null, "etat_de_l_objet": "En service", "date_creation": "2008-06-04T15:18:35.970Z", "date_modification": "2025-03-31T09:23:39.910Z", "date_d_apparition": null, "date_de_confirmation": null, "sources": null, "identifiants_sources": null, "methode_d_acquisition_planimetrique": "Calculé", "precision_planimetrique": 20, "methode_d_acquisition_altimetrique": "Pas de Z", "precision_altimetrique": 9999, "insee_commune": "30321", "commune": "SOMMIERES", "identifiant_voie_ban": null, "id_ban_odonyme": null, "source": "bdtopo"}}, {"type": "Feature", "id": "equipement_de_transport.43492", "geometry": {"type": "MultiPolygon", "coordinates": [[[[4.26746478, 43.82291317, -1000], [4.26729147, 43.82294579, -1000], [4.26714307, 43.82286831, -1000], [4.26693744, 43.8228446, -1000], [4.26692599, 43.82272053, -1000], [4.26711921, 43.82274529, -1000], [4.26717156, 43.82269518, -1000], [4.26728221, 43.82275239, -1000], [4.26730997, 43.82282677, -1000], [4.26739051, 43.82281503, -1000], [4.26746478, 43.82291317, -1000]]]]}, "geometry_name": "geometrie", "properties": {"cleabs": "EQ_RESEA0000000130578585", "nature": "Parking", "nature_detaillee": null, "toponyme": null, "statut_du_toponyme": null, "importance": "5", "numero": null, "fictif": false, "adresse_postale": null, "etat_de_l_objet": "En service", "date_creation": "2008-06-04T15:18:59.698Z", "date_modification": "2025-01-28T09:34:11.923Z", "date_d_apparition": null, "date_de_confirmation": null, "sources": null, "identifiants_sources": null, "methode_d_acquisition_planimetrique": "Calculé", "precision_planimetrique": 20, "methode_d_acquisition_altimetrique": "Pas de Z", "precision_altimetrique": 9999, "insee_commune": "30075", "commune": "CAVEIRAC", "identifiant_voie_ban": null, "id_ban_odonyme": null, "source": "bdtopo"}}, {"type": "Feature", "id": "equipement_de_transport.43513", "geometry": {"type": "MultiPolygon", "coordinates": [[[[4.35620021, 43.81791351, -1000], [4.35619914, 43.81786852, -1000], [4.35613701, 43.8178693, -1000], [4.35613808, 43.81791428, -1000], [4.35620021, 43.81791351, -1000]]]]}, "geometry_name": "geometrie", "properties": {"cleabs": "EQ_RESEA0000000130608273", "nature": "Parking", "nature_detaillee": null, "toponyme": null, "statut_du_toponyme": null, "importance": "5", "numero": null, "fictif": true, "adresse_postale": "", "etat_de_l_objet": "En service", "date_creation": "2008-06-05T14:06:14.870Z", "date_modification": "2016-12-16T14:15:15.232Z", "date_d_apparition": null, "date_de_confirmation": null, "sources": null, "identifiants_sources": null, "methode_d_acquisition_planimetrique": "Calculé", "precision_planimetrique": 20, "methode_d_acquisition_altimetrique": "Pas de Z", "precision_altimetrique": 9999, "insee_commune": "30189", "commune": "NIMES", "identifiant_voie_ban": null, "id_ban_odonyme": null, "source": "bdtopo"}}, {"type": "Feature", "id": "equipement_de_transport.43514", "geometry": {"type": "MultiPolygon", "coordinates": [[[[4.3558491, 43.81888451, -1000], [4.35584803, 43.81883952, -1000], [4.3557859, 43.81884029, -1000], [4.35578696, 43.81888528, -1000], [4.3558491, 43.81888451, -1000]]]]}, "geometry_name": "geometrie", "properties": {"cleabs": "EQ_RESEA0000000130608274", "nature": "Parking", "nature_detaillee": null, "toponyme": null, "statut_du_toponyme": null, "importance": "5", "numero": null, "fictif": true, "adresse_postale": "", "etat_de_l_objet": "En service", "date_creation": "2008-06-05T14:06:14.870Z", "date_modification": "2016-12-16T14:15:15.232Z", "date_d_apparition": null, "date_de_confirmation": null, "sources": null, "identifiants_sources": null, "methode_d_acquisition_planimetrique": "Calculé", "precision_planimetrique": 20, "methode_d_acquisition_altimetrique": "Pas de Z", "precision_altimetrique": 9999, "insee_commune": "30189", "commune": "NIMES", "identifiant_voie_ban": null, "id_ban_odonyme": null, "source": "bdtopo"}}, {"type": "Feature", "id": "equipement_de_transport.43515", "geometry": {"type": "MultiPolygon", "coordinates": [[[[4.35725578, 43.8185529, -1000], [4.35725471, 43.81850791, -1000], [4.35719258, 43.81850868, -1000], [4.35719365, 43.81855367, -1000], [4.35725578, 43.8185529, -1000]]]]}, "geometry_name": "geometrie", "properties": {"cleabs": "EQ_RESEA0000000130608275", "nature": "Parking", "nature_detaillee": null, "toponyme": null, "statut_du_toponyme": null, "importance": "5", "numero": null, "fictif": true, "adresse_postale": "", "etat_de_l_objet": "En service", "date_creation": "2008-06-05T14:06:14.870Z", "date_modification": "2016-12-16T14:15:15.232Z", "date_d_apparition": null, "date_de_confirmation": null, "sources": null, "identifiants_sources": null, "methode_d_acquisition_planimetrique": "Calculé", "precision_planimetrique": 20, "methode_d_acquisition_altimetrique": "Pas de Z", "precision_altimetrique": 9999, "insee_commune": "30189", "commune": "NIMES", "identifiant_voie_ban": null, "id_ban_odonyme": null, "source": "bdtopo"}}, {"type": "Feature", "id": "equipement_de_transport.43516", "geometry": {"type": "MultiPolygon", "coordinates": [[[[4.35870327, 43.81763754, -1000], [4.3587022, 43.81759256, -1000], [4.35864007, 43.81759333, -1000], [4.35864114, 43.81763832, -1000], [4.35870327, 43.81763754, -1000]]]]}, "geometry_name": "geometrie", "properties": {"cleabs": "EQ_RESEA0000000130608276", "nature": "Parking", "nature_detaillee": null, "toponyme": null, "statut_du_toponyme": null, "importance": "5", "numero": null, "fictif": true, "adresse_postale": "", "etat_de_l_objet": "En service", "date_creation": "2008-06-05T14:06:14.870Z", "date_modification": "2016-12-16T14:15:15.232Z", "date_d_apparition": null, "date_de_confirmation": null, "sources": null, "identifiants_sources": null, "methode_d_acquisition_planimetrique": "Calculé", "precision_planimetrique": 20, "methode_d_acquisition_altimetrique": "Pas de Z", "precision_altimetrique": 9999, "insee_commune": "30189", "commune": "NIMES", "identifiant_voie_ban": null, "id_ban_odonyme": null, "source": "bdtopo"}}, {"type": "Feature", "id": "equipement_de_transport.43880", "geometry": {"type": "MultiPolygon", "coordinates": [[[[4.26455323, 43.92579717, -1000], [4.26452649, 43.92582718, -1000], [4.26449159, 43.92582578, -1000], [4.26433044, 43.92574664, -1000], [4.264031, 43.92549629, -1000], [4.26423081, 43.92518435, -1000], [4.26451735, 43.92507753, -1000], [4.26465473, 43.92515155, -1000], [4.26466676, 43.92518831, -1000], [4.2646416, 43.92528941, -1000], [4.26470069, 43.92531483, -1000], [4.26455323, 43.92579717, -1000]]]]}, "geometry_name": "geometrie", "properties": {"cleabs": "EQ_RESEA0000000201349955", "nature": "Parking", "nature_detaillee": null, "toponyme": null, "statut_du_toponyme": null, "importance": "5", "numero": null, "fictif": false, "adresse_postale": null, "etat_de_l_objet": "En service", "date_creation": "2008-07-23T13:41:06.858Z", "date_modification": "2025-04-02T10:48:12.459Z", "date_d_apparition": null, "date_de_confirmation": null, "sources": null, "identifiants_sources": null, "methode_d_acquisition_planimetrique": "Calculé", "precision_planimetrique": 20, "methode_d_acquisition_altimetrique": "Pas de Z", "precision_altimetrique": 9999, "insee_commune": "30061", "commune": "LA CALMETTE", "identifiant_voie_ban": null, "id_ban_odonyme": null, "source": "bdtopo"}}, {"type": "Feature", "id": "equipement_de_transport.45866", "geometry": {"type": "MultiPolygon", "coordinates": [[[[4.36129778, 43.810972, 28.8], [4.36237812, 43.81119342, 28.8], [4.36359736, 43.81145358, 29.1], [4.36324721, 43.81224998, 29.7], [4.36197066, 43.81198423, 29.9], [4.36101374, 43.81177927, 29.9], [4.36115961, 43.81132834, 30], [4.36129778, 43.810972, 28.8]]]]}, "geometry_name": "geometrie", "properties": {"cleabs": "EQ_RESEA0000000216765871", "nature": "Parking", "nature_detaillee": null, "toponyme": null, "statut_du_toponyme": null, "importance": "5", "numero": null, "fictif": false, "adresse_postale": null, "etat_de_l_objet": "En service", "date_creation": "2009-02-04T18:20:59.541Z", "date_modification": "2017-03-17T08:28:07.050Z", "date_d_apparition": null, "date_de_confirmation": "2008-07-01Z", "sources": null, "identifiants_sources": null, "methode_d_acquisition_planimetrique": "Photogrammétrie", "precision_planimetrique": 2.5, "methode_d_acquisition_altimetrique": "Photogrammétrie", "precision_altimetrique": 1.5, "insee_commune": "30189", "commune": "NIMES", "identifiant_voie_ban": null, "id_ban_odonyme": null, "source": "bdtopo"}}, {"type": "Feature", "id": "equipement_de_transport.45867", "geometry": {"type": "MultiPolygon", "coordinates": [[[[4.36093609, 43.81102332, 29.6], [4.35897733, 43.81070844, 29.6], [4.35891205, 43.81094236, 29.3], [4.35904934, 43.81096675, 29.3], [4.35907076, 43.81108349, 29.3], [4.35863858, 43.81277102, 29.3], [4.35983332, 43.81294153, 29.3], [4.35987334, 43.81279523, 29.3], [4.36000362, 43.81236789, 29.6], [4.36018264, 43.81189944, 29.6], [4.36023388, 43.8117548, 29.6], [4.3603335, 43.81171036, 29.6], [4.36049907, 43.81166959, 29.6], [4.36073737, 43.81170802, 29.6], [4.36086619, 43.8112717, 29.5], [4.36093609, 43.81102332, 29.6]]]]}, "geometry_name": "geometrie", "properties": {"cleabs": "EQ_RESEA0000000216765872", "nature": "Parking", "nature_detaillee": null, "toponyme": null, "statut_du_toponyme": null, "importance": "5", "numero": null, "fictif": false, "adresse_postale": null, "etat_de_l_objet": "En service", "date_creation": "2009-02-04T18:20:59.541Z", "date_modification": "2017-03-17T08:28:07.050Z", "date_d_apparition": null, "date_de_confirmation": "2008-07-01Z", "sources": null, "identifiants_sources": null, "methode_d_acquisition_planimetrique": "Photogrammétrie", "precision_planimetrique": 2.5, "methode_d_acquisition_altimetrique": "Photogrammétrie", "precision_altimetrique": 1.5, "insee_commune": "30189", "commune": "NIMES", "identifiant_voie_ban": null, "id_ban_odonyme": null, "source": "bdtopo"}}, {"type": "Feature", "id": "equipement_de_transport.45868", "geometry": {"type": "MultiPolygon", "coordinates": [[[[4.36215551, 43.80868334, 27.5], [4.36220041, 43.80853337, 27.2], [4.36227272, 43.80854327, 27.2], [4.36233709, 43.80832376, 27.1], [4.3622796, 43.80831008, 27.1], [4.36238847, 43.80808101, 27.1], [4.36249828, 43.80799504, 27.1], [4.36262132, 43.8079431, 27.1], [4.36286162, 43.80790949, 27], [4.36287931, 43.80786967, 27], [4.36305663, 43.80790526, 27], [4.36274571, 43.80878216, 27.1], [4.36215551, 43.80868334, 27.5]]]]}, "geometry_name": "geometrie", "properties": {"cleabs": "EQ_RESEA0000000216765873", "nature": "Parking", "nature_detaillee": null, "toponyme": null, "statut_du_toponyme": null, "importance": "5", "numero": null, "fictif": false, "adresse_postale": null, "etat_de_l_objet": "En service", "date_creation": "2009-02-04T18:20:59.541Z", "date_modification": "2017-03-17T08:28:07.050Z", "date_d_apparition": null, "date_de_confirmation": "2008-07-01Z", "sources": null, "identifiants_sources": null, "methode_d_acquisition_planimetrique": "Photogrammétrie", "precision_planimetrique": 2.5, "methode_d_acquisition_altimetrique": "Photogrammétrie", "precision_altimetrique": 1.5, "insee_commune": "30189", "commune": "NIMES", "identifiant_voie_ban": null, "id_ban_odonyme": null, "source": "bdtopo"}}, {"type": "Feature", "id": "equipement_de_transport.45869", "geometry": {"type": "MultiPolygon", "coordinates": [[[[4.3194551, 43.82471217, 99.5], [4.3193076, 43.82473106, 99.5], [4.3190664, 43.82510659, 99.9], [4.31901742, 43.82519268, 99.9], [4.31901937, 43.82522326, 99.9], [4.31905222, 43.82524626, 100.3], [4.31911117, 43.82526895, 100.8], [4.31915593, 43.82526931, 100.8], [4.31932361, 43.82526278, 100.8], [4.31932385, 43.82521957, 100.8], [4.32013548, 43.82515935, 101.2], [4.32013349, 43.82512697, 101.2], [4.32012455, 43.82500918, 101.2], [4.32027603, 43.82500105, 101.2], [4.32028296, 43.82465535, 99.9], [4.3194551, 43.82471217, 99.5]]]]}, "geometry_name": "geometrie", "properties": {"cleabs": "EQ_RESEA0000000216765874", "nature": "Parking", "nature_detaillee": null, "toponyme": null, "statut_du_toponyme": null, "importance": "5", "numero": null, "fictif": false, "adresse_postale": null, "etat_de_l_objet": "En service", "date_creation": "2009-02-04T18:20:59.541Z", "date_modification": "2022-11-03T15:58:50.538Z", "date_d_apparition": null, "date_de_confirmation": "2021-08-11Z", "sources": null, "identifiants_sources": null, "methode_d_acquisition_planimetrique": "Photogrammétrie", "precision_planimetrique": 2.5, "methode_d_acquisition_altimetrique": "Photogrammétrie", "precision_altimetrique": 1.5, "insee_commune": "30189", "commune": "NIMES", "identifiant_voie_ban": null, "id_ban_odonyme": null, "source": "bdtopo"}}, {"type": "Feature", "id": "equipement_de_transport.45870", "geometry": {"type": "MultiPolygon", "coordinates": [[[[4.42058077, 43.83993149, 40], [4.42104654, 43.84005953, 40.6], [4.42021648, 43.84153473, 41.1], [4.41976804, 43.84140376, 41.1], [4.42058077, 43.83993149, 40]]]]}, "geometry_name": "geometrie", "properties": {"cleabs": "EQ_RESEA0000000216765875", "nature": "Parking", "nature_detaillee": null, "toponyme": null, "statut_du_toponyme": null, "importance": "5", "numero": null, "fictif": false, "adresse_postale": null, "etat_de_l_objet": "En service", "date_creation": "2009-02-04T18:20:59.541Z", "date_modification": "2017-03-17T08:28:07.050Z", "date_d_apparition": null, "date_de_confirmation": "2008-07-01Z", "sources": null, "identifiants_sources": null, "methode_d_acquisition_planimetrique": "Photogrammétrie", "precision_planimetrique": 2.5, "methode_d_acquisition_altimetrique": "Photogrammétrie", "precision_altimetrique": 1.5, "insee_commune": "30189", "commune": "NIMES", "identifiant_voie_ban": null, "id_ban_odonyme": null, "source": "bdtopo"}}, {"type": "Feature", "id": "equipement_de_transport.45871", "geometry": {"type": "MultiPolygon", "coordinates": [[[[4.31797868, 43.82456892, 102.8], [4.3168053, 43.82419699, 102.8], [4.31707073, 43.82373927, 100.2], [4.3181639, 43.82408337, 99.8], [4.3181464, 43.82413309, 99.8], [4.31821788, 43.82416012, 99.8], [4.31797868, 43.82456892, 102.8]]]]}, "geometry_name": "geometrie", "properties": {"cleabs": "EQ_RESEA0000000216765876", "nature": "Parking", "nature_detaillee": null, "toponyme": null, "statut_du_toponyme": null, "importance": "5", "numero": null, "fictif": false, "adresse_postale": null, "etat_de_l_objet": "En service", "date_creation": "2009-02-04T18:20:59.541Z", "date_modification": "2017-03-17T08:28:07.050Z", "date_d_apparition": null, "date_de_confirmation": "2008-07-01Z", "sources": null, "identifiants_sources": null, "methode_d_acquisition_planimetrique": "Photogrammétrie", "precision_planimetrique": 2.5, "methode_d_acquisition_altimetrique": "Photogrammétrie", "precision_altimetrique": 1.5, "insee_commune": "30189", "commune": "NIMES", "identifiant_voie_ban": null, "id_ban_odonyme": null, "source": "bdtopo"}}, {"type": "Feature", "id": "equipement_de_transport.45872", "geometry": {"type": "MultiPolygon", "coordinates": [[[[4.36259819, 43.80926732, 28.5], [4.36231189, 43.81013492, 28.9], [4.3631268, 43.81027504, 28.7], [4.36306496, 43.81049631, 28.7], [4.36239351, 43.8103787, 28.7], [4.36227924, 43.81027753, 28.7], [4.36180751, 43.81019612, 28.7], [4.36167131, 43.81011322, 28.6], [4.36185907, 43.80954296, 28.6], [4.36194133, 43.80955273, 28.6], [4.36201523, 43.809316, 28.6], [4.36193537, 43.8093026, 28.6], [4.36199038, 43.80915971, 28.6], [4.36259819, 43.80926732, 28.5]]]]}, "geometry_name": "geometrie", "properties": {"cleabs": "EQ_RESEA0000000216765877", "nature": "Parking", "nature_detaillee": null, "toponyme": null, "statut_du_toponyme": null, "importance": "5", "numero": null, "fictif": false, "adresse_postale": null, "etat_de_l_objet": "En service", "date_creation": "2009-02-04T18:20:59.541Z", "date_modification": "2017-03-17T08:28:07.050Z", "date_d_apparition": null, "date_de_confirmation": "2008-07-01Z", "sources": null, "identifiants_sources": null, "methode_d_acquisition_planimetrique": "Photogrammétrie", "precision_planimetrique": 2.5, "methode_d_acquisition_altimetrique": "Photogrammétrie", "precision_altimetrique": 1.5, "insee_commune": "30189", "commune": "NIMES", "identifiant_voie_ban": null, "id_ban_odonyme": null, "source": "bdtopo"}}, {"type": "Feature", "id": "equipement_de_transport.45873", "geometry": {"type": "MultiPolygon", "coordinates": [[[[4.36064022, 43.80856545, 27.9], [4.36074681, 43.80824012, 27.9], [4.36067004, 43.80814747, 27.9], [4.36068711, 43.80808156, 27.9], [4.36184391, 43.80828042, 27.7], [4.36176721, 43.80855588, 27.8], [4.36118954, 43.8084614, 27.8], [4.36112802, 43.80864397, 27.8], [4.36064022, 43.80856545, 27.9]]]]}, "geometry_name": "geometrie", "properties": {"cleabs": "EQ_RESEA0000000216765878", "nature": "Parking", "nature_detaillee": null, "toponyme": null, "statut_du_toponyme": null, "importance": "5", "numero": null, "fictif": false, "adresse_postale": null, "etat_de_l_objet": "En service", "date_creation": "2009-02-04T18:20:59.541Z", "date_modification": "2017-03-17T08:28:07.050Z", "date_d_apparition": null, "date_de_confirmation": "2008-07-01Z", "sources": null, "identifiants_sources": null, "methode_d_acquisition_planimetrique": "Photogrammétrie", "precision_planimetrique": 2.5, "methode_d_acquisition_altimetrique": "Photogrammétrie", "precision_altimetrique": 1.5, "insee_commune": "30189", "commune": "NIMES", "identifiant_voie_ban": null, "id_ban_odonyme": null, "source": "bdtopo"}}, {"type": "Feature", "id": "equipement_de_transport.45874", "geometry": {"type": "MultiPolygon", "coordinates": [[[[4.42313207, 43.83981723, 39.1], [4.42495957, 43.83989958, 39.1], [4.42493074, 43.84018977, 39.1], [4.4231049, 43.8401245, 38.9], [4.42313207, 43.83981723, 39.1]]]]}, "geometry_name": "geometrie", "properties": {"cleabs": "EQ_RESEA0000000216765879", "nature": "Parking", "nature_detaillee": null, "toponyme": null, "statut_du_toponyme": null, "importance": "5", "numero": null, "fictif": false, "adresse_postale": null, "etat_de_l_objet": "En service", "date_creation": "2009-02-04T18:20:59.541Z", "date_modification": "2017-03-17T08:28:07.050Z", "date_d_apparition": null, "date_de_confirmation": "2008-07-01Z", "sources": null, "identifiants_sources": null, "methode_d_acquisition_planimetrique": "Photogrammétrie", "precision_planimetrique": 2.5, "methode_d_acquisition_altimetrique": "Photogrammétrie", "precision_altimetrique": 1.5, "insee_commune": "30189", "commune": "NIMES", "identifiant_voie_ban": null, "id_ban_odonyme": null, "source": "bdtopo"}}, {"type": "Feature", "id": "equipement_de_transport.45875", "geometry": {"type": "MultiPolygon", "coordinates": [[[[4.3191716, 43.82400909, 96.2], [4.31955832, 43.82439052, 96.2], [4.31939749, 43.82453197, 97.1], [4.3193334, 43.82450214, 97.2], [4.31927783, 43.82457212, 98.6], [4.31909609, 43.82483082, 100.5], [4.31889593, 43.82504565, 101.5], [4.31855514, 43.82487696, 101.5], [4.31821105, 43.82467232, 101.5], [4.31873157, 43.82427992, 99.9], [4.31885851, 43.82417848, 98.2], [4.31902407, 43.82408017, 97.6], [4.3191716, 43.82400909, 96.2]]]]}, "geometry_name": "geometrie", "properties": {"cleabs": "EQ_RESEA0000000216765880", "nature": "Parking", "nature_detaillee": null, "toponyme": null, "statut_du_toponyme": null, "importance": "5", "numero": null, "fictif": false, "adresse_postale": null, "etat_de_l_objet": "En service", "date_creation": "2009-02-04T18:20:59.541Z", "date_modification": "2017-03-17T08:28:07.050Z", "date_d_apparition": null, "date_de_confirmation": "2008-07-01Z", "sources": null, "identifiants_sources": null, "methode_d_acquisition_planimetrique": "Photogrammétrie", "precision_planimetrique": 2.5, "methode_d_acquisition_altimetrique": "Photogrammétrie", "precision_altimetrique": 1.5, "insee_commune": "30189", "commune": "NIMES", "identifiant_voie_ban": null, "id_ban_odonyme": null, "source": "bdtopo"}}, {"type": "Feature", "id": "equipement_de_transport.45876", "geometry": {"type": "MultiPolygon", "coordinates": [[[[4.36053919, 43.80875932, 27.7], [4.36106735, 43.80886253, 27.7], [4.3609996, 43.80904428, 27.7], [4.36157611, 43.80914238, 27.7], [4.36144595, 43.80946982, 27.7], [4.36150334, 43.809479, 27.7], [4.36132117, 43.81002309, 27.8], [4.36108862, 43.81006919, 28.2], [4.36093875, 43.81014307, 28.2], [4.36068947, 43.81011288, 28.2], [4.35926279, 43.80985527, 28.6], [4.35949491, 43.80921606, 28.5], [4.35956357, 43.8092287, 28.3], [4.35958473, 43.80917804, 28.3], [4.36016896, 43.80928685, 28.2], [4.36000533, 43.80982711, 28.2], [4.36091003, 43.80998052, 28.2], [4.36108914, 43.80988198, 28.2], [4.3612561, 43.80942989, 28.2], [4.36125239, 43.80937863, 28.2], [4.36110872, 43.80934713, 28.2], [4.36037242, 43.80921951, 28.2], [4.36053919, 43.80875932, 27.7]]]]}, "geometry_name": "geometrie", "properties": {"cleabs": "EQ_RESEA0000000216765881", "nature": "Parking", "nature_detaillee": null, "toponyme": null, "statut_du_toponyme": null, "importance": "5", "numero": null, "fictif": false, "adresse_postale": null, "etat_de_l_objet": "En service", "date_creation": "2009-02-04T18:20:59.541Z", "date_modification": "2017-03-17T08:28:07.050Z", "date_d_apparition": null, "date_de_confirmation": "2008-07-01Z", "sources": null, "identifiants_sources": null, "methode_d_acquisition_planimetrique": "Photogrammétrie", "precision_planimetrique": 2.5, "methode_d_acquisition_altimetrique": "Photogrammétrie", "precision_altimetrique": 1.5, "insee_commune": "30189", "commune": "NIMES", "identifiant_voie_ban": null, "id_ban_odonyme": null, "source": "bdtopo"}}, {"type": "Feature", "id": "equipement_de_transport.45877", "geometry": {"type": "MultiPolygon", "coordinates": [[[[4.3384646, 43.8157143, 37.7], [4.33828824, 43.81587936, 36.8], [4.33812603, 43.81579945, 37.6], [4.33799486, 43.81593067, 37.4], [4.33796597, 43.81591752, 37], [4.33786639, 43.81601774, 38.1], [4.33790101, 43.81622252, 37.6], [4.33803441, 43.81629289, 37], [4.3380663, 43.8162745, 38], [4.33839635, 43.81646215, 37.5], [4.33838931, 43.81648024, 37.9], [4.33884529, 43.81673745, 38.4], [4.3387026, 43.8168544, 38.1], [4.33742767, 43.81617883, 38.1], [4.33726103, 43.81606927, 38.5], [4.33723262, 43.81602372, 38.4], [4.33723652, 43.81597777, 38.6], [4.33796837, 43.81527668, 37.2], [4.33800396, 43.81525734, 37.5], [4.33805739, 43.81525668, 37.6], [4.33900075, 43.81546741, 37.4], [4.33967945, 43.81562917, 37.6], [4.33984853, 43.8156838, 36.8], [4.34000112, 43.81577733, 37.8], [4.34009369, 43.81590849, 37.9], [4.34010586, 43.81600374, 38.3], [4.33991247, 43.81623743, 37.9], [4.33920085, 43.81684648, 38], [4.33902298, 43.81673526, 36.3], [4.33907039, 43.81668968, 36.3], [4.33898964, 43.81663847, 36.3], [4.33907725, 43.81655819, 36.3], [4.33946991, 43.81618166, 36.3], [4.33895246, 43.81590001, 37.1], [4.33898392, 43.81586362, 37.1], [4.3388013, 43.81576146, 37.1], [4.33870506, 43.81584455, 37.1], [4.3384646, 43.8157143, 37.7]]]]}, "geometry_name": "geometrie", "properties": {"cleabs": "EQ_RESEA0000000216765883", "nature": "Parking", "nature_detaillee": null, "toponyme": null, "statut_du_toponyme": null, "importance": "5", "numero": null, "fictif": false, "adresse_postale": null, "etat_de_l_objet": "En service", "date_creation": "2009-02-04T18:20:59.541Z", "date_modification": "2017-03-17T08:28:07.050Z", "date_d_apparition": null, "date_de_confirmation": "2008-07-01Z", "sources": null, "identifiants_sources": null, "methode_d_acquisition_planimetrique": "Photogrammétrie", "precision_planimetrique": 2.5, "methode_d_acquisition_altimetrique": "Photogrammétrie", "precision_altimetrique": 1.5, "insee_commune": "30189", "commune": "NIMES", "identifiant_voie_ban": null, "id_ban_odonyme": null, "source": "bdtopo"}}, {"type": "Feature", "id": "equipement_de_transport.45878", "geometry": {"type": "MultiPolygon", "coordinates": [[[[4.36111144, 43.82768244, -1000], [4.36111037, 43.82763745, -1000], [4.36104823, 43.82763822, -1000], [4.3610493, 43.82768321, -1000], [4.36111144, 43.82768244, -1000]]]]}, "geometry_name": "geometrie", "properties": {"cleabs": "EQ_RESEA0000000216767123", "nature": "Parking", "nature_detaillee": null, "toponyme": null, "statut_du_toponyme": null, "importance": "5", "numero": null, "fictif": true, "adresse_postale": "", "etat_de_l_objet": "En service", "date_creation": "2009-02-04T18:20:59.541Z", "date_modification": "2016-12-16T14:15:15.232Z", "date_d_apparition": null, "date_de_confirmation": null, "sources": null, "identifiants_sources": null, "methode_d_acquisition_planimetrique": "Calculé", "precision_planimetrique": 20, "methode_d_acquisition_altimetrique": "Pas de Z", "precision_altimetrique": 9999, "insee_commune": "30189", "commune": "NIMES", "identifiant_voie_ban": null, "id_ban_odonyme": null, "source": "bdtopo"}}, {"type": "Feature", "id": "equipement_de_transport.46260", "geometry": {"type": "MultiPolygon", "coordinates": [[[[4.42207491, 43.67206597, 14.5], [4.42155582, 43.67228245, 14.5], [4.42143912, 43.67207608, 14.5], [4.42131524, 43.67188061, 14.5], [4.42120001, 43.67173362, 14.5], [4.4211591, 43.67168376, 14.5], [4.42184235, 43.67138775, 14.5], [4.42189736, 43.67145632, 14.1], [4.42167037, 43.67155199, 14.1], [4.42207491, 43.67206597, 14.5]]]]}, "geometry_name": "geometrie", "properties": {"cleabs": "EQ_RESEA0000000217470616", "nature": "Parking", "nature_detaillee": null, "toponyme": null, "statut_du_toponyme": null, "importance": "5", "numero": null, "fictif": false, "adresse_postale": null, "etat_de_l_objet": "En service", "date_creation": "2009-03-02T17:55:47.279Z", "date_modification": "2017-03-17T08:29:35.768Z", "date_d_apparition": null, "date_de_confirmation": "2008-07-01Z", "sources": null, "identifiants_sources": null, "methode_d_acquisition_planimetrique": "Photogrammétrie", "precision_planimetrique": 2.5, "methode_d_acquisition_altimetrique": "Photogrammétrie", "precision_altimetrique": 1.5, "insee_commune": "30258", "commune": "SAINT-GILLES", "identifiant_voie_ban": null, "id_ban_odonyme": null, "source": "bdtopo"}}, {"type": "Feature", "id": "equipement_de_transport.46307", "geometry": {"type": "MultiPolygon", "coordinates": [[[[4.42221601, 43.76378659, 93.6], [4.42260374, 43.76379773, 93.6], [4.42261095, 43.76373823, 93.6], [4.42269672, 43.76374161, 93.6], [4.42288754, 43.76347452, 93.6], [4.42290564, 43.76315388, 93.6], [4.42212874, 43.76312352, 93.6], [4.42209662, 43.76372965, 93.6], [4.42222715, 43.76373514, 93.6], [4.42221601, 43.76378659, 93.6]]]]}, "geometry_name": "geometrie", "properties": {"cleabs": "EQ_RESEA0000000217470615", "nature": "Parking", "nature_detaillee": null, "toponyme": null, "statut_du_toponyme": null, "importance": "5", "numero": null, "fictif": false, "adresse_postale": null, "etat_de_l_objet": "En service", "date_creation": "2009-03-02T17:55:47.279Z", "date_modification": "2017-03-17T08:29:35.768Z", "date_d_apparition": null, "date_de_confirmation": "2008-07-01Z", "sources": null, "identifiants_sources": null, "methode_d_acquisition_planimetrique": "Photogrammétrie", "precision_planimetrique": 2.5, "methode_d_acquisition_altimetrique": "Photogrammétrie", "precision_altimetrique": 1.5, "insee_commune": "30258", "commune": "SAINT-GILLES", "identifiant_voie_ban": null, "id_ban_odonyme": null, "source": "bdtopo"}}, {"type": "Feature", "id": "equipement_de_transport.46420", "geometry": {"type": "MultiPolygon", "coordinates": [[[[4.14946518, 43.51650498, 0.1], [4.14944373, 43.51660689, 0.1], [4.14947333, 43.51666506, 0.1], [4.14953257, 43.51672112, 0.1], [4.14954361, 43.51677859, 0.1], [4.14953098, 43.51682731, 0.1], [4.14949598, 43.51686997, 0.1], [4.14922041, 43.51700157, 1], [4.14929211, 43.51706289, 1], [4.1494102, 43.51709404, 1], [4.14959395, 43.51713168, 1], [4.1498172, 43.51716621, 1], [4.14995031, 43.517145, 1], [4.15000167, 43.51711656, 1], [4.1500554, 43.5170827, 1], [4.1501055, 43.51705337, 1], [4.15013692, 43.51701705, 1], [4.15015829, 43.51697273, 1], [4.15016472, 43.51692317, 1], [4.15017052, 43.51690422, 1], [4.15000849, 43.51671608, 1], [4.15010188, 43.51668719, 1], [4.15019289, 43.51678611, 1], [4.15022268, 43.51679209, 1], [4.15031661, 43.51679019, 1], [4.15035548, 43.51675559, 1], [4.15037875, 43.51668246, 1], [4.15040173, 43.51659493, 1], [4.15037755, 43.51649891, 1], [4.1502877, 43.51614894, 1], [4.15016065, 43.51616378, 1], [4.15015573, 43.51622682, 1], [4.14991874, 43.51618524, 1], [4.14985777, 43.51616609, 1], [4.14977376, 43.51616968, 1], [4.14964372, 43.51622055, 1], [4.1496107, 43.51623889, 1], [4.1495668, 43.51626905, 1], [4.14952092, 43.51632443, 1], [4.149489, 43.51639765, 1], [4.14946518, 43.51650498, 0.1]]]]}, "geometry_name": "geometrie", "properties": {"cleabs": "EQ_RESEA0000000219757913", "nature": "Parking", "nature_detaillee": null, "toponyme": null, "statut_du_toponyme": null, "importance": "5", "numero": null, "fictif": false, "adresse_postale": null, "etat_de_l_objet": "En service", "date_creation": "2009-03-16T18:43:40.983Z", "date_modification": "2017-03-17T08:27:23.006Z", "date_d_apparition": null, "date_de_confirmation": "2008-07-01Z", "sources": null, "identifiants_sources": null, "methode_d_acquisition_planimetrique": "Photogrammétrie", "precision_planimetrique": 2.5, "methode_d_acquisition_altimetrique": "Photogrammétrie", "precision_altimetrique": 1.5, "insee_commune": "30133", "commune": "LE GRAU-DU-ROI", "identifiant_voie_ban": null, "id_ban_odonyme": null, "source": "bdtopo"}}, {"type": "Feature", "id": "equipement_de_transport.46600", "geometry": {"type": "MultiPolygon", "coordinates": [[[[4.43211837, 43.85915168, 47.8], [4.43263996, 43.85921684, 48], [4.43288077, 43.85924608, 48.1], [4.43268742, 43.85991917, 48.5], [4.43236676, 43.85988017, 48.1], [4.43235145, 43.85991458, 48.1], [4.43197055, 43.85985477, 47.8], [4.43210126, 43.85936252, 47.9], [4.43206382, 43.85935761, 47.9], [4.43211837, 43.85915168, 47.8]]]]}, "geometry_name": "geometrie", "properties": {"cleabs": "EQ_RESEA0000000219984266", "nature": "Parking", "nature_detaillee": null, "toponyme": null, "statut_du_toponyme": null, "importance": "5", "numero": null, "fictif": false, "adresse_postale": null, "etat_de_l_objet": "En service", "date_creation": "2009-03-31T16:42:16.858Z", "date_modification": "2017-03-17T08:28:07.050Z", "date_d_apparition": null, "date_de_confirmation": "2008-07-01Z", "sources": null, "identifiants_sources": null, "methode_d_acquisition_planimetrique": "Photogrammétrie", "precision_planimetrique": 2.5, "methode_d_acquisition_altimetrique": "Photogrammétrie", "precision_altimetrique": 1.5, "insee_commune": "30156", "commune": "MARGUERITTES", "identifiant_voie_ban": null, "id_ban_odonyme": null, "source": "bdtopo"}}, {"type": "Feature", "id": "equipement_de_transport.46673", "geometry": {"type": "MultiPolygon", "coordinates": [[[[4.08672179, 43.78359499, 24.6], [4.08676831, 43.78362423, 24.6], [4.08702028, 43.78374501, 24.6], [4.08760762, 43.78301468, 24.6], [4.0872808, 43.78287755, 24.6], [4.08693899, 43.78332374, 24.6], [4.08682736, 43.78346345, 24.6], [4.08672179, 43.78359499, 24.6]]]]}, "geometry_name": "geometrie", "properties": {"cleabs": "EQ_RESEA0000000220058653", "nature": "Parking", "nature_detaillee": null, "toponyme": null, "statut_du_toponyme": null, "importance": "5", "numero": null, "fictif": false, "adresse_postale": null, "etat_de_l_objet": "En service", "date_creation": "2009-04-08T17:19:16.191Z", "date_modification": "2017-03-17T08:27:23.006Z", "date_d_apparition": null, "date_de_confirmation": "2008-07-01Z", "sources": null, "identifiants_sources": null, "methode_d_acquisition_planimetrique": "Photogrammétrie", "precision_planimetrique": 2.5, "methode_d_acquisition_altimetrique": "Photogrammétrie", "precision_altimetrique": 1.5, "insee_commune": "30321", "commune": "SOMMIERES", "identifiant_voie_ban": null, "id_ban_odonyme": null, "source": "bdtopo"}}, {"type": "Feature", "id": "equipement_de_transport.46687", "geometry": {"type": "MultiPolygon", "coordinates": [[[[4.24110784, 43.72776178, 14.9], [4.24110699, 43.72777979, 14.9], [4.24111094, 43.72779054, 14.9], [4.2411137, 43.72780311, 14.9], [4.24112396, 43.72781829, 14.9], [4.24113297, 43.72783349, 14.9], [4.24119492, 43.72788588, 14.9], [4.24160329, 43.72806122, 14.9], [4.24164908, 43.72805529, 14.9], [4.24168414, 43.7280126, 14.9], [4.24191254, 43.7277859, 14.9], [4.24230907, 43.7273584, 14.9], [4.24254984, 43.72707307, 14.9], [4.24263935, 43.72696585, 14.9], [4.2427207, 43.72688303, 14.9], [4.24277036, 43.72682667, 14.9], [4.24279557, 43.72678768, 14.9], [4.24281417, 43.72672987, 14.9], [4.24282186, 43.72668389, 14.9], [4.24283087, 43.72664149, 14.9], [4.24288715, 43.72654725, 14.9], [4.2426723, 43.7265974, 14.9], [4.24241076, 43.72666878, 14.9], [4.24215316, 43.72675001, 14.9], [4.24205135, 43.72680517, 14.9], [4.2419107, 43.72690037, 14.9], [4.24176605, 43.72703971, 14.9], [4.24129271, 43.72753109, 14.9], [4.24114507, 43.72770466, 14.9], [4.24112809, 43.72772285, 14.9], [4.24110784, 43.72776178, 14.9]]]]}, "geometry_name": "geometrie", "properties": {"cleabs": "EQ_RESEA0000000220058424", "nature": "Parking", "nature_detaillee": null, "toponyme": null, "statut_du_toponyme": null, "importance": "5", "numero": null, "fictif": false, "adresse_postale": null, "etat_de_l_objet": "En service", "date_creation": "2009-04-08T17:07:09.076Z", "date_modification": "2017-03-17T08:29:35.768Z", "date_d_apparition": null, "date_de_confirmation": "2008-07-01Z", "sources": null, "identifiants_sources": null, "methode_d_acquisition_planimetrique": "Photogrammétrie", "precision_planimetrique": 2.5, "methode_d_acquisition_altimetrique": "Photogrammétrie", "precision_altimetrique": 1.5, "insee_commune": "30344", "commune": "VERGEZE", "identifiant_voie_ban": null, "id_ban_odonyme": null, "source": "bdtopo"}}, {"type": "Feature", "id": "equipement_de_transport.46688", "geometry": {"type": "MultiPolygon", "coordinates": [[[[4.08550351, 43.7821708, 26.2], [4.08557511, 43.78182, 25.5], [4.08663141, 43.78197597, 26.1], [4.08683044, 43.78218727, 26.1], [4.08693543, 43.78222133, 26.1], [4.08710065, 43.78228717, 26.1], [4.08716934, 43.78237199, 26.1], [4.08719937, 43.78244908, 26.1], [4.0871948, 43.78253552, 26.1], [4.08677872, 43.78234168, 26.2], [4.08658085, 43.78232206, 26.2], [4.08631934, 43.78228777, 26.2], [4.08621595, 43.7822726, 26.2], [4.08608643, 43.78225499, 26.2], [4.08581981, 43.78221265, 26.2], [4.08567161, 43.78219253, 26.2], [4.08550351, 43.7821708, 26.2]]]]}, "geometry_name": "geometrie", "properties": {"cleabs": "EQ_RESEA0000000220058652", "nature": "Parking", "nature_detaillee": null, "toponyme": "Parking des Aires", "statut_du_toponyme": "Collecté", "importance": "5", "numero": null, "fictif": false, "adresse_postale": null, "etat_de_l_objet": "En service", "date_creation": "2009-04-08T17:19:16.191Z", "date_modification": "2025-04-08T13:23:32.441Z", "date_d_apparition": null, "date_de_confirmation": "2008-07-01Z", "sources": null, "identifiants_sources": null, "methode_d_acquisition_planimetrique": "Photogrammétrie", "precision_planimetrique": 2.5, "methode_d_acquisition_altimetrique": "Photogrammétrie", "precision_altimetrique": 1.5, "insee_commune": "30321", "commune": "SOMMIERES", "identifiant_voie_ban": null, "id_ban_odonyme": null, "source": "bdtopo"}}, {"type": "Feature", "id": "equipement_de_transport.46763", "geometry": {"type": "MultiPolygon", "coordinates": [[[[4.19476604, 43.70622719, 12.3], [4.19460362, 43.70629107, 12.7], [4.19409216, 43.70651177, 12.1], [4.19393378, 43.7065909, 11.7], [4.19367099, 43.70671977, 11.9], [4.19432461, 43.70748654, 12.9], [4.19439828, 43.70744974, 12.2], [4.19541862, 43.70700297, 12.8], [4.19476604, 43.70622719, 12.3]]]]}, "geometry_name": "geometrie", "properties": {"cleabs": "EQ_RESEA0000000220110822", "nature": "Parking", "nature_detaillee": null, "toponyme": null, "statut_du_toponyme": null, "importance": "5", "numero": null, "fictif": false, "adresse_postale": null, "etat_de_l_objet": "En service", "date_creation": "2009-04-20T16:40:08.923Z", "date_modification": "2017-03-17T08:27:23.006Z", "date_d_apparition": null, "date_de_confirmation": "2008-07-01Z", "sources": null, "identifiants_sources": null, "methode_d_acquisition_planimetrique": "Photogrammétrie", "precision_planimetrique": 2.5, "methode_d_acquisition_altimetrique": "Photogrammétrie", "precision_altimetrique": 1.5, "insee_commune": "30004", "commune": "AIGUES-VIVES", "identifiant_voie_ban": null, "id_ban_odonyme": null, "source": "bdtopo"}}, {"type": "Feature", "id": "equipement_de_transport.46764", "geometry": {"type": "MultiPolygon", "coordinates": [[[[4.19417044, 43.70764842, 12.8], [4.19434885, 43.70757807, 12.8], [4.19473705, 43.70804897, 12.6], [4.19457468, 43.70811555, 12.6], [4.19417044, 43.70764842, 12.8]]]]}, "geometry_name": "geometrie", "properties": {"cleabs": "EQ_RESEA0000000220110823", "nature": "Parking", "nature_detaillee": null, "toponyme": null, "statut_du_toponyme": null, "importance": "5", "numero": null, "fictif": false, "adresse_postale": null, "etat_de_l_objet": "En service", "date_creation": "2009-04-20T16:40:08.923Z", "date_modification": "2017-03-17T08:27:23.006Z", "date_d_apparition": null, "date_de_confirmation": "2008-07-01Z", "sources": null, "identifiants_sources": null, "methode_d_acquisition_planimetrique": "Photogrammétrie", "precision_planimetrique": 2.5, "methode_d_acquisition_altimetrique": "Photogrammétrie", "precision_altimetrique": 1.5, "insee_commune": "30004", "commune": "AIGUES-VIVES", "identifiant_voie_ban": null, "id_ban_odonyme": null, "source": "bdtopo"}}, {"type": "Feature", "id": "equipement_de_transport.46765", "geometry": {"type": "MultiPolygon", "coordinates": [[[[4.18308072, 43.73387942, 35.9], [4.18338876, 43.73407136, 35.8], [4.18358068, 43.73392889, 35.6], [4.183645, 43.73397859, 35.2], [4.1836448, 43.73402898, 35.2], [4.1840824, 43.73400353, 34.7], [4.18403166, 43.73389069, 34.7], [4.18368375, 43.73363168, 34.4], [4.18340918, 43.73373816, 34.4], [4.18328752, 43.73373679, 34.4], [4.18308072, 43.73387942, 35.9]]]]}, "geometry_name": "geometrie", "properties": {"cleabs": "EQ_RESEA0000000220110824", "nature": "Parking", "nature_detaillee": null, "toponyme": null, "statut_du_toponyme": null, "importance": "5", "numero": null, "fictif": false, "adresse_postale": null, "etat_de_l_objet": "En service", "date_creation": "2009-04-20T16:40:08.923Z", "date_modification": "2017-03-17T08:27:23.006Z", "date_d_apparition": null, "date_de_confirmation": "2008-07-01Z", "sources": null, "identifiants_sources": null, "methode_d_acquisition_planimetrique": "Photogrammétrie", "precision_planimetrique": 2.5, "methode_d_acquisition_altimetrique": "Photogrammétrie", "precision_altimetrique": 1.5, "insee_commune": "30004", "commune": "AIGUES-VIVES", "identifiant_voie_ban": null, "id_ban_odonyme": null, "source": "bdtopo"}}, {"type": "Feature", "id": "equipement_de_transport.46766", "geometry": {"type": "MultiPolygon", "coordinates": [[[[4.19970602, 43.69498224, 9.1], [4.20037801, 43.69544369, 9.4], [4.2005549, 43.69553983, 9.4], [4.20095879, 43.6952222, 9.4], [4.20014688, 43.69465341, 9.4], [4.19998326, 43.6947767, 9.4], [4.19970602, 43.69498224, 9.1]]]]}, "geometry_name": "geometrie", "properties": {"cleabs": "EQ_RESEA0000000220111218", "nature": "Parking", "nature_detaillee": null, "toponyme": null, "statut_du_toponyme": null, "importance": "5", "numero": null, "fictif": false, "adresse_postale": null, "etat_de_l_objet": "En service", "date_creation": "2009-04-20T16:43:51.951Z", "date_modification": "2017-03-17T08:27:23.006Z", "date_d_apparition": null, "date_de_confirmation": "2008-07-01Z", "sources": null, "identifiants_sources": null, "methode_d_acquisition_planimetrique": "Photogrammétrie", "precision_planimetrique": 2.5, "methode_d_acquisition_altimetrique": "Photogrammétrie", "precision_altimetrique": 1.5, "insee_commune": "30006", "commune": "AIMARGUES", "identifiant_voie_ban": null, "id_ban_odonyme": null, "source": "bdtopo"}}, {"type": "Feature", "id": "equipement_de_transport.46767", "geometry": {"type": "MultiPolygon", "coordinates": [[[[4.20005051, 43.69277633, 7.9], [4.20109613, 43.69349103, 9.4], [4.20144947, 43.69324775, 9.4], [4.20092577, 43.69287826, 9.2], [4.20092934, 43.69287102, 9.2], [4.20097766, 43.69286869, 9.2], [4.20102564, 43.69255409, 9], [4.20085438, 43.69254878, 9], [4.20085227, 43.6925668, 9], [4.20083646, 43.69258137, 9], [4.20081175, 43.69258614, 9], [4.20079169, 43.69257557, 9], [4.20065357, 43.6924952, 9], [4.20059397, 43.69255075, 9], [4.20045132, 43.69254962, 9], [4.20035864, 43.69256594, 9], [4.20028145, 43.69261089, 9], [4.20022663, 43.69265829, 9], [4.20015631, 43.69273556, 8.7], [4.20012118, 43.69271615, 8.5], [4.20005051, 43.69277633, 7.9]]]]}, "geometry_name": "geometrie", "properties": {"cleabs": "EQ_RESEA0000000220111219", "nature": "Parking", "nature_detaillee": null, "toponyme": null, "statut_du_toponyme": null, "importance": "5", "numero": null, "fictif": false, "adresse_postale": null, "etat_de_l_objet": "En service", "date_creation": "2009-04-20T16:43:51.951Z", "date_modification": "2017-03-17T08:27:23.006Z", "date_d_apparition": null, "date_de_confirmation": "2008-07-01Z", "sources": null, "identifiants_sources": null, "methode_d_acquisition_planimetrique": "Photogrammétrie", "precision_planimetrique": 2.5, "methode_d_acquisition_altimetrique": "Photogrammétrie", "precision_altimetrique": 1.5, "insee_commune": "30006", "commune": "AIMARGUES", "identifiant_voie_ban": null, "id_ban_odonyme": null, "source": "bdtopo"}}, {"type": "Feature", "id": "equipement_de_transport.46804", "geometry": {"type": "MultiPolygon", "coordinates": [[[[4.26133371, 43.82149654, 80.1], [4.26136389, 43.82134319, 80.2], [4.26141745, 43.82134797, 80.2], [4.26144341, 43.82122887, 80.2], [4.2621947, 43.82130748, 80.5], [4.26237275, 43.82120822, 80.5], [4.26355232, 43.82131696, 83.2], [4.26384544, 43.82158716, 83.2], [4.26380921, 43.82174778, 83.2], [4.26356025, 43.82184427, 82.3], [4.262404, 43.82172266, 81.6], [4.2623977, 43.82166243, 81.3], [4.2619218, 43.82161484, 80.7], [4.26152711, 43.82152941, 80.6], [4.26133371, 43.82149654, 80.1]]]]}, "geometry_name": "geometrie", "properties": {"cleabs": "EQ_RESEA0000000220119114", "nature": "Parking", "nature_detaillee": null, "toponyme": null, "statut_du_toponyme": null, "importance": "5", "numero": null, "fictif": false, "adresse_postale": null, "etat_de_l_objet": "En service", "date_creation": "2009-04-22T16:31:12.660Z", "date_modification": "2014-08-08T10:43:18.048Z", "date_d_apparition": null, "date_de_confirmation": "2012-07-01Z", "sources": null, "identifiants_sources": null, "methode_d_acquisition_planimetrique": "Photogrammétrie", "precision_planimetrique": 2.5, "methode_d_acquisition_altimetrique": "Photogrammétrie", "precision_altimetrique": 1.5, "insee_commune": "30075", "commune": "CAVEIRAC", "identifiant_voie_ban": null, "id_ban_odonyme": null, "source": "bdtopo"}}, {"type": "Feature", "id": "equipement_de_transport.47897", "geometry": {"type": "MultiPolygon", "coordinates": [[[[4.51494617, 43.75570263, -1000], [4.51494497, 43.75565765, -1000], [4.51488291, 43.75565851, -1000], [4.5148841, 43.7557035, -1000], [4.51494617, 43.75570263, -1000]]]]}, "geometry_name": "geometrie", "properties": {"cleabs": "EQ_RESEA0000000222493207", "nature": "Parking", "nature_detaillee": null, "toponyme": null, "statut_du_toponyme": null, "importance": "5", "numero": null, "fictif": true, "adresse_postale": "", "etat_de_l_objet": "En service", "date_creation": "2009-06-23T17:14:39.271Z", "date_modification": "2016-12-16T14:15:15.232Z", "date_d_apparition": null, "date_de_confirmation": null, "sources": null, "identifiants_sources": null, "methode_d_acquisition_planimetrique": "Calculé", "precision_planimetrique": 20, "methode_d_acquisition_altimetrique": "Pas de Z", "precision_altimetrique": 9999, "insee_commune": "30034", "commune": "BELLEGARDE", "identifiant_voie_ban": null, "id_ban_odonyme": null, "source": "bdtopo"}}, {"type": "Feature", "id": "equipement_de_transport.47900", "geometry": {"type": "MultiPolygon", "coordinates": [[[[4.19263448, 43.7864662, -1000], [4.19111476, 43.78656562, -1000], [4.19102815, 43.78646306, -1000], [4.1912764, 43.78627406, -1000], [4.1914519, 43.78623074, -1000], [4.19172075, 43.7861963, -1000], [4.19246134, 43.7860865, -1000], [4.19266766, 43.78615084, -1000], [4.19263448, 43.7864662, -1000]]]]}, "geometry_name": "geometrie", "properties": {"cleabs": "EQ_RESEA0000000222493550", "nature": "Parking", "nature_detaillee": null, "toponyme": null, "statut_du_toponyme": null, "importance": "5", "numero": null, "fictif": false, "adresse_postale": null, "etat_de_l_objet": "En service", "date_creation": "2009-06-23T17:51:26.487Z", "date_modification": "2025-01-28T09:34:04.213Z", "date_d_apparition": null, "date_de_confirmation": null, "sources": null, "identifiants_sources": null, "methode_d_acquisition_planimetrique": "Calculé", "precision_planimetrique": 20, "methode_d_acquisition_altimetrique": "Pas de Z", "precision_altimetrique": 9999, "insee_commune": "30062", "commune": "CALVISSON", "identifiant_voie_ban": null, "id_ban_odonyme": null, "source": "bdtopo"}}, {"type": "Feature", "id": "equipement_de_transport.47901", "geometry": {"type": "MultiPolygon", "coordinates": [[[[4.19023426, 43.78556366, -1000], [4.18992205, 43.78560397, -1000], [4.18990408, 43.78545657, -1000], [4.18999909, 43.78542583, -1000], [4.18993643, 43.78522042, -1000], [4.18999776, 43.78518285, -1000], [4.19012092, 43.78519141, -1000], [4.19023426, 43.78556366, -1000]]]]}, "geometry_name": "geometrie", "properties": {"cleabs": "EQ_RESEA0000000222493690", "nature": "Parking", "nature_detaillee": null, "toponyme": "Pkg du Moulin a Huile", "statut_du_toponyme": "Collecté", "importance": "5", "numero": null, "fictif": false, "adresse_postale": null, "etat_de_l_objet": "En service", "date_creation": "2009-06-23T18:17:43.992Z", "date_modification": "2025-12-05T11:36:43.898Z", "date_d_apparition": null, "date_de_confirmation": null, "sources": null, "identifiants_sources": null, "methode_d_acquisition_planimetrique": "Calculé", "precision_planimetrique": 20, "methode_d_acquisition_altimetrique": "Pas de Z", "precision_altimetrique": 9999, "insee_commune": "30062", "commune": "CALVISSON", "identifiant_voie_ban": "30062_0176", "id_ban_odonyme": "a6cb0606-b93f-4c24-a715-ec1167994027", "source": "bdtopo"}}, {"type": "Feature", "id": "equipement_de_transport.48429", "geometry": {"type": "MultiPolygon", "coordinates": [[[[4.54964928, 43.91153037, -1000], [4.54964806, 43.91148538, -1000], [4.54958583, 43.91148626, -1000], [4.54958705, 43.91153125, -1000], [4.54964928, 43.91153037, -1000]]]]}, "geometry_name": "geometrie", "properties": {"cleabs": "EQ_RESEA0000000222903725", "nature": "Parking", "nature_detaillee": null, "toponyme": null, "statut_du_toponyme": null, "importance": "5", "numero": null, "fictif": true, "adresse_postale": "", "etat_de_l_objet": "En service", "date_creation": "2009-07-23T15:08:13.171Z", "date_modification": "2016-12-16T14:15:15.232Z", "date_d_apparition": null, "date_de_confirmation": null, "sources": null, "identifiants_sources": null, "methode_d_acquisition_planimetrique": "Calculé", "precision_planimetrique": 20, "methode_d_acquisition_altimetrique": "Pas de Z", "precision_altimetrique": 9999, "insee_commune": "30317", "commune": "SERNHAC", "identifiant_voie_ban": null, "id_ban_odonyme": null, "source": "bdtopo"}}, {"type": "Feature", "id": "equipement_de_transport.48430", "geometry": {"type": "MultiPolygon", "coordinates": [[[[4.1607936, 43.77359934, -1000], [4.16016053, 43.77355478, -1000], [4.16017923, 43.77343579, -1000], [4.16080721, 43.7734741, -1000], [4.1607936, 43.77359934, -1000]]]]}, "geometry_name": "geometrie", "properties": {"cleabs": "EQ_RESEA0000000222904104", "nature": "Parking", "nature_detaillee": null, "toponyme": null, "statut_du_toponyme": null, "importance": "5", "numero": null, "fictif": false, "adresse_postale": null, "etat_de_l_objet": "En service", "date_creation": "2009-07-24T11:55:00.435Z", "date_modification": "2025-01-28T09:34:43.934Z", "date_d_apparition": null, "date_de_confirmation": null, "sources": null, "identifiants_sources": null, "methode_d_acquisition_planimetrique": "Calculé", "precision_planimetrique": 20, "methode_d_acquisition_altimetrique": "Pas de Z", "precision_altimetrique": 9999, "insee_commune": "30091", "commune": "CONGENIES", "identifiant_voie_ban": null, "id_ban_odonyme": null, "source": "bdtopo"}}, {"type": "Feature", "id": "equipement_de_transport.51626", "geometry": {"type": "MultiPolygon", "coordinates": [[[[4.12449821, 43.51461879, 0.5], [4.1249995, 43.51452092, 0.7], [4.12508618, 43.51509589, 1.1], [4.12506074, 43.51518614, 1.1], [4.12494803, 43.51536547, 1.1], [4.12493422, 43.51548078, 1.1], [4.12494094, 43.51557159, 1.1], [4.12508197, 43.51652302, 1.1], [4.12473988, 43.51647978, 1.1], [4.12449821, 43.51461879, 0.5]]]]}, "geometry_name": "geometrie", "properties": {"cleabs": "EQ_RESEA0000000228427563", "nature": "Parking", "nature_detaillee": "Parking touristique isolé", "toponyme": null, "statut_du_toponyme": null, "importance": "4", "numero": null, "fictif": false, "adresse_postale": null, "etat_de_l_objet": "En service", "date_creation": "2010-02-04T08:32:36.407Z", "date_modification": "2024-09-09T15:29:18.745Z", "date_d_apparition": null, "date_de_confirmation": "2024-09-09Z", "sources": null, "identifiants_sources": null, "methode_d_acquisition_planimetrique": "Photogrammétrie", "precision_planimetrique": 2.5, "methode_d_acquisition_altimetrique": "Photogrammétrie", "precision_altimetrique": 1.5, "insee_commune": "30133", "commune": "LE GRAU-DU-ROI", "identifiant_voie_ban": null, "id_ban_odonyme": null, "source": "bdtopo"}}, {"type": "Feature", "id": "equipement_de_transport.51627", "geometry": {"type": "MultiPolygon", "coordinates": [[[[4.19600677, 43.5657373, 1.7], [4.19590871, 43.56566369, 1.7], [4.19586224, 43.5656903, 1.7], [4.19549464, 43.5653902, 1.7], [4.19553612, 43.56536185, 1.4], [4.19548718, 43.56532909, 1.4], [4.19644348, 43.56442502, 1.4], [4.19655382, 43.56449399, 1.4], [4.19641201, 43.56463683, 1.4], [4.1968554, 43.56495138, 1.4], [4.19665546, 43.56515515, 2], [4.19682953, 43.56525402, 2], [4.19656374, 43.5655044, 2], [4.19600677, 43.5657373, 1.7]]]]}, "geometry_name": "geometrie", "properties": {"cleabs": "EQ_RESEA0000000228427570", "nature": "Parking", "nature_detaillee": null, "toponyme": "Parking P4", "statut_du_toponyme": "Collecté", "importance": "4", "numero": null, "fictif": false, "adresse_postale": null, "etat_de_l_objet": "En service", "date_creation": "2010-02-04T08:32:36.407Z", "date_modification": "2020-11-18T16:27:40.850Z", "date_d_apparition": null, "date_de_confirmation": null, "sources": null, "identifiants_sources": null, "methode_d_acquisition_planimetrique": "Photogrammétrie", "precision_planimetrique": 2.5, "methode_d_acquisition_altimetrique": "Photogrammétrie", "precision_altimetrique": 1.5, "insee_commune": "30003", "commune": "AIGUES-MORTES", "identifiant_voie_ban": null, "id_ban_odonyme": null, "source": "bdtopo"}}, {"type": "Feature", "id": "equipement_de_transport.51628", "geometry": {"type": "MultiPolygon", "coordinates": [[[[4.12500314, 43.50220266, -1000], [4.12494134, 43.5022033, -1000], [4.12494046, 43.50215832, -1000], [4.12500226, 43.50215768, -1000], [4.12500314, 43.50220266, -1000]]]]}, "geometry_name": "geometrie", "properties": {"cleabs": "EQ_RESEA0000000228427571", "nature": "Parking", "nature_detaillee": "Parking touristique isolé", "toponyme": null, "statut_du_toponyme": null, "importance": "4", "numero": null, "fictif": true, "adresse_postale": null, "etat_de_l_objet": "En service", "date_creation": "2010-02-04T08:32:36.407Z", "date_modification": "2024-09-09T15:28:21.115Z", "date_d_apparition": null, "date_de_confirmation": "2024-09-09Z", "sources": null, "identifiants_sources": null, "methode_d_acquisition_planimetrique": "Calculé", "precision_planimetrique": 20, "methode_d_acquisition_altimetrique": "Pas de Z", "precision_altimetrique": 9999, "insee_commune": "30133", "commune": "LE GRAU-DU-ROI", "identifiant_voie_ban": null, "id_ban_odonyme": null, "source": "bdtopo"}}, {"type": "Feature", "id": "equipement_de_transport.51629", "geometry": {"type": "MultiPolygon", "coordinates": [[[[4.1222966, 43.56616873, -1000], [4.12223473, 43.56616937, -1000], [4.12223386, 43.56612439, -1000], [4.12229572, 43.56612375, -1000], [4.1222966, 43.56616873, -1000]]]]}, "geometry_name": "geometrie", "properties": {"cleabs": "EQ_RESEA0000000228427572", "nature": "Parking", "nature_detaillee": "Parking touristique isolé", "toponyme": null, "statut_du_toponyme": null, "importance": "4", "numero": null, "fictif": true, "adresse_postale": null, "etat_de_l_objet": "En service", "date_creation": "2010-02-04T08:32:36.407Z", "date_modification": "2024-09-09T15:28:24.143Z", "date_d_apparition": null, "date_de_confirmation": "2024-09-09Z", "sources": null, "identifiants_sources": null, "methode_d_acquisition_planimetrique": "Calculé", "precision_planimetrique": 20, "methode_d_acquisition_altimetrique": "Pas de Z", "precision_altimetrique": 9999, "insee_commune": "30133", "commune": "LE GRAU-DU-ROI", "identifiant_voie_ban": null, "id_ban_odonyme": null, "source": "bdtopo"}}, {"type": "Feature", "id": "equipement_de_transport.51631", "geometry": {"type": "MultiPolygon", "coordinates": [[[[4.08437769, 43.55628612, -1000], [4.08431584, 43.55628674, -1000], [4.08431499, 43.55624176, -1000], [4.08437684, 43.55624114, -1000], [4.08437769, 43.55628612, -1000]]]]}, "geometry_name": "geometrie", "properties": {"cleabs": "EQ_RESEA0000000228427581", "nature": "Parking", "nature_detaillee": "Parking touristique isolé", "toponyme": null, "statut_du_toponyme": null, "importance": "4", "numero": null, "fictif": true, "adresse_postale": null, "etat_de_l_objet": "En service", "date_creation": "2010-02-04T08:32:36.407Z", "date_modification": "2025-02-06T13:08:59.518Z", "date_d_apparition": null, "date_de_confirmation": "2025-02-06Z", "sources": null, "identifiants_sources": null, "methode_d_acquisition_planimetrique": "Calculé", "precision_planimetrique": 20, "methode_d_acquisition_altimetrique": "Pas de Z", "precision_altimetrique": 9999, "insee_commune": "34344", "commune": "LA GRANDE-MOTTE", "identifiant_voie_ban": null, "id_ban_odonyme": null, "source": "bdtopo"}}, {"type": "Feature", "id": "equipement_de_transport.51632", "geometry": {"type": "MultiPolygon", "coordinates": [[[[4.10015483, 43.557613, -1000], [4.10009298, 43.55761363, -1000], [4.10009211, 43.55756865, -1000], [4.10015397, 43.55756802, -1000], [4.10015483, 43.557613, -1000]]]]}, "geometry_name": "geometrie", "properties": {"cleabs": "EQ_RESEA0000000228427584", "nature": "Parking", "nature_detaillee": "Parking touristique isolé", "toponyme": null, "statut_du_toponyme": null, "importance": "4", "numero": null, "fictif": true, "adresse_postale": null, "etat_de_l_objet": "En service", "date_creation": "2010-02-04T08:32:36.407Z", "date_modification": "2024-09-09T15:30:29.360Z", "date_d_apparition": null, "date_de_confirmation": "2024-09-09Z", "sources": null, "identifiants_sources": null, "methode_d_acquisition_planimetrique": "Calculé", "precision_planimetrique": 20, "methode_d_acquisition_altimetrique": "Pas de Z", "precision_altimetrique": 9999, "insee_commune": "34344", "commune": "LA GRANDE-MOTTE", "identifiant_voie_ban": null, "id_ban_odonyme": null, "source": "bdtopo"}}, {"type": "Feature", "id": "equipement_de_transport.52859", "geometry": {"type": "MultiPolygon", "coordinates": [[[[4.25820653, 43.92441774, -1000], [4.25812983, 43.92444113, -1000], [4.25805758, 43.92444016, -1000], [4.25767519, 43.92437976, -1000], [4.25795219, 43.92389594, -1000], [4.25845276, 43.92406388, -1000], [4.25820653, 43.92441774, -1000]]]]}, "geometry_name": "geometrie", "properties": {"cleabs": "EQ_RESEA0000000229967434", "nature": "Parking", "nature_detaillee": null, "toponyme": "Parking du Cimetière", "statut_du_toponyme": "Collecté", "importance": "5", "numero": null, "fictif": false, "adresse_postale": null, "etat_de_l_objet": "En service", "date_creation": "2010-03-16T15:18:24.411Z", "date_modification": "2025-04-02T10:50:38.650Z", "date_d_apparition": null, "date_de_confirmation": "2021-01-22Z", "sources": null, "identifiants_sources": null, "methode_d_acquisition_planimetrique": "Calculé", "precision_planimetrique": 20, "methode_d_acquisition_altimetrique": "Pas de Z", "precision_altimetrique": 9999, "insee_commune": "30061", "commune": "LA CALMETTE", "identifiant_voie_ban": null, "id_ban_odonyme": null, "source": "bdtopo"}}, {"type": "Feature", "id": "equipement_de_transport.53468", "geometry": {"type": "MultiPolygon", "coordinates": [[[[4.52925168, 43.6245303, -1000], [4.52925048, 43.62448532, -1000], [4.52918856, 43.62448619, -1000], [4.52918976, 43.62453117, -1000], [4.52925168, 43.6245303, -1000]]]]}, "geometry_name": "geometrie", "properties": {"cleabs": "EQ_RESEA0000000230335258", "nature": "Parking", "nature_detaillee": "Parking touristique isolé", "toponyme": null, "statut_du_toponyme": null, "importance": "4", "numero": null, "fictif": true, "adresse_postale": null, "etat_de_l_objet": "En service", "date_creation": "2010-04-15T12:42:57.658Z", "date_modification": "2023-06-27T10:49:40.137Z", "date_d_apparition": null, "date_de_confirmation": "2023-06-19Z", "sources": null, "identifiants_sources": null, "methode_d_acquisition_planimetrique": "Calculé", "precision_planimetrique": 20, "methode_d_acquisition_altimetrique": "Pas de Z", "precision_altimetrique": 9999, "insee_commune": "13004", "commune": "ARLES", "identifiant_voie_ban": null, "id_ban_odonyme": null, "source": "bdtopo"}}, {"type": "Feature", "id": "equipement_de_transport.53495", "geometry": {"type": "MultiPolygon", "coordinates": [[[[4.54191983, 43.57175197, -1000], [4.54191862, 43.57170699, -1000], [4.54185676, 43.57170787, -1000], [4.54185797, 43.57175285, -1000], [4.54191983, 43.57175197, -1000]]]]}, "geometry_name": "geometrie", "properties": {"cleabs": "EQ_RESEA0000000230335382", "nature": "Parking", "nature_detaillee": "Parking touristique isolé", "toponyme": null, "statut_du_toponyme": null, "importance": "5", "numero": null, "fictif": true, "adresse_postale": null, "etat_de_l_objet": "En service", "date_creation": "2010-04-15T12:42:57.658Z", "date_modification": "2023-07-11T15:25:33.443Z", "date_d_apparition": null, "date_de_confirmation": "2023-07-03Z", "sources": null, "identifiants_sources": null, "methode_d_acquisition_planimetrique": "Calculé", "precision_planimetrique": 20, "methode_d_acquisition_altimetrique": "Pas de Z", "precision_altimetrique": 9999, "insee_commune": "13096", "commune": "SAINTES-MARIES-DE-LA-MER", "identifiant_voie_ban": null, "id_ban_odonyme": null, "source": "bdtopo"}}, {"type": "Feature", "id": "equipement_de_transport.53700", "geometry": {"type": "MultiPolygon", "coordinates": [[[[4.51687672, 43.75634808, -1000], [4.51687553, 43.7563031, -1000], [4.51681347, 43.75630396, -1000], [4.51681466, 43.75634895, -1000], [4.51687672, 43.75634808, -1000]]]]}, "geometry_name": "geometrie", "properties": {"cleabs": "EQ_RESEA0000000230793167", "nature": "Parking", "nature_detaillee": null, "toponyme": "Place de Villamartin", "statut_du_toponyme": "Collecté", "importance": "5", "numero": null, "fictif": true, "adresse_postale": "", "etat_de_l_objet": "En service", "date_creation": "2010-04-21T13:10:53.565Z", "date_modification": "2017-12-19T13:57:55.125Z", "date_d_apparition": null, "date_de_confirmation": null, "sources": null, "identifiants_sources": null, "methode_d_acquisition_planimetrique": "Calculé", "precision_planimetrique": 20, "methode_d_acquisition_altimetrique": "Pas de Z", "precision_altimetrique": 9999, "insee_commune": "30034", "commune": "BELLEGARDE", "identifiant_voie_ban": null, "id_ban_odonyme": null, "source": "bdtopo"}}, {"type": "Feature", "id": "equipement_de_transport.53722", "geometry": {"type": "MultiPolygon", "coordinates": [[[[4.42473997, 43.79991816, -1000], [4.42473885, 43.79987317, -1000], [4.42467674, 43.79987398, -1000], [4.42467786, 43.79991897, -1000], [4.42473997, 43.79991816, -1000]]]]}, "geometry_name": "geometrie", "properties": {"cleabs": "EQ_RESEA0000000230867440", "nature": "Parking", "nature_detaillee": null, "toponyme": "Place de l'Europe", "statut_du_toponyme": "Collecté", "importance": "5", "numero": null, "fictif": true, "adresse_postale": null, "etat_de_l_objet": "En service", "date_creation": "2010-04-22T12:49:37.994Z", "date_modification": "2025-12-05T11:36:43.898Z", "date_d_apparition": null, "date_de_confirmation": null, "sources": null, "identifiants_sources": null, "methode_d_acquisition_planimetrique": "Calculé", "precision_planimetrique": 20, "methode_d_acquisition_altimetrique": "Pas de Z", "precision_altimetrique": 9999, "insee_commune": "30047", "commune": "BOUILLARGUES", "identifiant_voie_ban": "30047_0073", "id_ban_odonyme": "1be50a95-8014-4f4d-9891-831c56e239f2", "source": "bdtopo"}}, {"type": "Feature", "id": "equipement_de_transport.53941", "geometry": {"type": "MultiPolygon", "coordinates": [[[[4.27158866, 43.70089305, -1000], [4.27158766, 43.70084806, -1000], [4.27152565, 43.70084879, -1000], [4.27152665, 43.70089377, -1000], [4.27158866, 43.70089305, -1000]]]]}, "geometry_name": "geometrie", "properties": {"cleabs": "EQ_RESEA0000000232573560", "nature": "Parking", "nature_detaillee": null, "toponyme": null, "statut_du_toponyme": null, "importance": "5", "numero": null, "fictif": true, "adresse_postale": "", "etat_de_l_objet": "En service", "date_creation": "2010-05-05T15:07:52.668Z", "date_modification": "2016-12-16T14:15:15.232Z", "date_d_apparition": null, "date_de_confirmation": null, "sources": null, "identifiants_sources": null, "methode_d_acquisition_planimetrique": "Calculé", "precision_planimetrique": 20, "methode_d_acquisition_altimetrique": "Pas de Z", "precision_altimetrique": 9999, "insee_commune": "30341", "commune": "VAUVERT", "identifiant_voie_ban": null, "id_ban_odonyme": null, "source": "bdtopo"}}, {"type": "Feature", "id": "equipement_de_transport.53942", "geometry": {"type": "MultiPolygon", "coordinates": [[[[4.27213895, 43.6965714, -1000], [4.27213795, 43.69652642, -1000], [4.27207595, 43.69652714, -1000], [4.27207695, 43.69657213, -1000], [4.27213895, 43.6965714, -1000]]]]}, "geometry_name": "geometrie", "properties": {"cleabs": "EQ_RESEA0000000232573561", "nature": "Parking", "nature_detaillee": null, "toponyme": null, "statut_du_toponyme": null, "importance": "5", "numero": null, "fictif": true, "adresse_postale": "", "etat_de_l_objet": "En service", "date_creation": "2010-05-05T15:07:52.668Z", "date_modification": "2016-12-16T14:15:15.232Z", "date_d_apparition": null, "date_de_confirmation": null, "sources": null, "identifiants_sources": null, "methode_d_acquisition_planimetrique": "Calculé", "precision_planimetrique": 20, "methode_d_acquisition_altimetrique": "Pas de Z", "precision_altimetrique": 9999, "insee_commune": "30341", "commune": "VAUVERT", "identifiant_voie_ban": null, "id_ban_odonyme": null, "source": "bdtopo"}}, {"type": "Feature", "id": "equipement_de_transport.53943", "geometry": {"type": "MultiPolygon", "coordinates": [[[[4.27145511, 43.69616182, -1000], [4.27145411, 43.69611684, -1000], [4.27139211, 43.69611756, -1000], [4.27139311, 43.69616255, -1000], [4.27145511, 43.69616182, -1000]]]]}, "geometry_name": "geometrie", "properties": {"cleabs": "EQ_RESEA0000000232573562", "nature": "Parking", "nature_detaillee": null, "toponyme": null, "statut_du_toponyme": null, "importance": "5", "numero": null, "fictif": true, "adresse_postale": null, "etat_de_l_objet": "En service", "date_creation": "2010-05-05T15:07:52.668Z", "date_modification": "2020-11-13T16:34:45.291Z", "date_d_apparition": null, "date_de_confirmation": null, "sources": null, "identifiants_sources": null, "methode_d_acquisition_planimetrique": "Calculé", "precision_planimetrique": 20, "methode_d_acquisition_altimetrique": "Pas de Z", "precision_altimetrique": 9999, "insee_commune": "30341", "commune": "VAUVERT", "identifiant_voie_ban": null, "id_ban_odonyme": null, "source": "bdtopo"}}, {"type": "Feature", "id": "equipement_de_transport.54070", "geometry": {"type": "MultiPolygon", "coordinates": [[[[4.43447441, 43.68052386, -1000], [4.43447328, 43.68047888, -1000], [4.4344113, 43.6804797, -1000], [4.43441242, 43.68052468, -1000], [4.43447441, 43.68052386, -1000]]]]}, "geometry_name": "geometrie", "properties": {"cleabs": "EQ_RESEA0000000233161307", "nature": "Parking", "nature_detaillee": null, "toponyme": null, "statut_du_toponyme": null, "importance": "5", "numero": null, "fictif": true, "adresse_postale": "", "etat_de_l_objet": "En service", "date_creation": "2010-05-11T12:29:17.880Z", "date_modification": "2016-12-16T14:15:15.232Z", "date_d_apparition": null, "date_de_confirmation": null, "sources": null, "identifiants_sources": null, "methode_d_acquisition_planimetrique": "Calculé", "precision_planimetrique": 20, "methode_d_acquisition_altimetrique": "Pas de Z", "precision_altimetrique": 9999, "insee_commune": "30258", "commune": "SAINT-GILLES", "identifiant_voie_ban": null, "id_ban_odonyme": null, "source": "bdtopo"}}, {"type": "Feature", "id": "equipement_de_transport.54570", "geometry": {"type": "MultiPolygon", "coordinates": [[[[4.33947266, 43.84155163, -1000], [4.3394716, 43.84150664, -1000], [4.33940945, 43.8415074, -1000], [4.3394105, 43.84155239, -1000], [4.33947266, 43.84155163, -1000]]]]}, "geometry_name": "geometrie", "properties": {"cleabs": "EQ_RESEA0000000238822882", "nature": "Parking", "nature_detaillee": null, "toponyme": null, "statut_du_toponyme": null, "importance": "5", "numero": null, "fictif": true, "adresse_postale": "", "etat_de_l_objet": "En service", "date_creation": "2010-06-10T07:43:15.949Z", "date_modification": "2016-12-16T14:15:15.232Z", "date_d_apparition": null, "date_de_confirmation": null, "sources": null, "identifiants_sources": null, "methode_d_acquisition_planimetrique": "Calculé", "precision_planimetrique": 20, "methode_d_acquisition_altimetrique": "Pas de Z", "precision_altimetrique": 9999, "insee_commune": "30189", "commune": "NIMES", "identifiant_voie_ban": null, "id_ban_odonyme": null, "source": "bdtopo"}}, {"type": "Feature", "id": "equipement_de_transport.54776", "geometry": {"type": "MultiPolygon", "coordinates": [[[[4.42957765, 43.77487109, -1000], [4.42957653, 43.7748261, -1000], [4.42951444, 43.77482692, -1000], [4.42951557, 43.7748719, -1000], [4.42957765, 43.77487109, -1000]]]]}, "geometry_name": "geometrie", "properties": {"cleabs": "EQ_RESEA0000000239116595", "nature": "Parking", "nature_detaillee": null, "toponyme": null, "statut_du_toponyme": null, "importance": "5", "numero": null, "fictif": true, "adresse_postale": "", "etat_de_l_objet": "En service", "date_creation": "2010-06-17T07:08:24.083Z", "date_modification": "2016-12-16T14:15:15.232Z", "date_d_apparition": null, "date_de_confirmation": null, "sources": null, "identifiants_sources": null, "methode_d_acquisition_planimetrique": "Calculé", "precision_planimetrique": 20, "methode_d_acquisition_altimetrique": "Pas de Z", "precision_altimetrique": 9999, "insee_commune": "30125", "commune": "GARONS", "identifiant_voie_ban": null, "id_ban_odonyme": null, "source": "bdtopo"}}, {"type": "Feature", "id": "equipement_de_transport.55632", "geometry": {"type": "MultiPolygon", "coordinates": [[[[4.19008294, 43.77823052, -1000], [4.18959054, 43.7780262, -1000], [4.18963936, 43.77792488, -1000], [4.19020759, 43.77801317, -1000], [4.19008294, 43.77823052, -1000]]]]}, "geometry_name": "geometrie", "properties": {"cleabs": "EQ_RESEA0000000242505470", "nature": "Parking", "nature_detaillee": null, "toponyme": null, "statut_du_toponyme": null, "importance": "5", "numero": null, "fictif": false, "adresse_postale": null, "etat_de_l_objet": "En service", "date_creation": "2010-08-17T15:54:01.150Z", "date_modification": "2025-01-28T09:34:20.514Z", "date_d_apparition": null, "date_de_confirmation": "2010-07-01Z", "sources": null, "identifiants_sources": null, "methode_d_acquisition_planimetrique": "Calculé", "precision_planimetrique": 20, "methode_d_acquisition_altimetrique": "Pas de Z", "precision_altimetrique": 9999, "insee_commune": "30062", "commune": "CALVISSON", "identifiant_voie_ban": null, "id_ban_odonyme": null, "source": "bdtopo"}}, {"type": "Feature", "id": "equipement_de_transport.55651", "geometry": {"type": "MultiPolygon", "coordinates": [[[[4.44119842, 43.86904089, 60.3], [4.44126757, 43.86897067, 60.1], [4.4412798, 43.86896241, 60.2], [4.4412909, 43.86895866, 60.2], [4.44130332, 43.8689576, 60.2], [4.4413283, 43.86896177, 60.3], [4.44136356, 43.8689784, 60.3], [4.44158828, 43.86910775, 60.6], [4.44210478, 43.86941055, 61.2], [4.44253403, 43.86965779, 61.7], [4.44269306, 43.8697475, 61.9], [4.44271341, 43.86976523, 62], [4.44271878, 43.86978046, 62], [4.44272075, 43.86980924, 61.9], [4.44273962, 43.8699161, 62.2], [4.44274064, 43.86995659, 62.3], [4.44273531, 43.86999176, 62.4], [4.44271833, 43.87000909, 62.4], [4.44269366, 43.87001751, 62.4], [4.44262433, 43.87003103, 62.5], [4.44252015, 43.87004411, 62.5], [4.44244937, 43.87004955, 62.6], [4.44239084, 43.87004762, 62.7], [4.4423569, 43.87003367, 62.6], [4.44206388, 43.86986022, 62.3], [4.44154484, 43.86955566, 61.6], [4.44144373, 43.86949309, 61.5], [4.44120635, 43.86935491, 61.2], [4.44105625, 43.86927409, 61], [4.44102966, 43.86925554, 61], [4.44101675, 43.8692368, 61], [4.4410188, 43.86921968, 61], [4.44103827, 43.86920232, 60.9], [4.44105557, 43.86919759, 60.9], [4.44114681, 43.86921439, 60.8], [4.44120541, 43.86921901, 60.7], [4.44123272, 43.86921685, 60.8], [4.44124882, 43.86921394, 60.7], [4.4412673, 43.86920649, 60.7], [4.44127829, 43.86919825, 60.7], [4.44130108, 43.86916464, 60.6], [4.44130564, 43.86914838, 60.5], [4.4412622, 43.86910305, 60.5], [4.44121041, 43.86907223, 60.4], [4.44119842, 43.86904089, 60.3]]]]}, "geometry_name": "geometrie", "properties": {"cleabs": "EQ_RESEA0000000242519829", "nature": "Parking", "nature_detaillee": null, "toponyme": null, "statut_du_toponyme": null, "importance": "5", "numero": null, "fictif": false, "adresse_postale": null, "etat_de_l_objet": "En service", "date_creation": "2010-08-18T16:01:18.815Z", "date_modification": null, "date_d_apparition": null, "date_de_confirmation": "2010-07-01Z", "sources": null, "identifiants_sources": null, "methode_d_acquisition_planimetrique": "Levé GPS", "precision_planimetrique": 2.5, "methode_d_acquisition_altimetrique": "Levé GPS", "precision_altimetrique": 1.5, "insee_commune": "30156", "commune": "MARGUERITTES", "identifiant_voie_ban": null, "id_ban_odonyme": null, "source": "bdtopo"}}, {"type": "Feature", "id": "equipement_de_transport.55652", "geometry": {"type": "MultiPolygon", "coordinates": [[[[4.44274064, 43.86995659, 62.3], [4.44282525, 43.87000587, 62.3], [4.44287871, 43.87005377, 62.3], [4.44291096, 43.87009925, 62.3], [4.44293076, 43.87014399, 62.3], [4.4429392, 43.87018258, 62.3], [4.44293429, 43.87023485, 62.6], [4.4429097, 43.87029548, 62.8], [4.44287361, 43.87034456, 63], [4.44281869, 43.87038669, 63.1], [4.44274256, 43.8704264, 63.1], [4.44266967, 43.87044717, 63.1], [4.44258881, 43.87044733, 62.6], [4.44252406, 43.87044549, 63.1], [4.44244394, 43.87042585, 63.1], [4.44233819, 43.87037684, 63.1], [4.44229333, 43.87037383, 63.1], [4.44209415, 43.87041877, 63.1], [4.44101336, 43.86979309, 62.9], [4.44098236, 43.86959999, 62.5], [4.44105388, 43.86952524, 62.5], [4.44115765, 43.86949596, 61.6], [4.4413365, 43.8694837, 61.6], [4.44137682, 43.86945437, 61.4], [4.44144373, 43.86949309, 61.5], [4.44154484, 43.86955566, 61.6], [4.44206388, 43.86986022, 62.3], [4.4423569, 43.87003367, 62.6], [4.44239084, 43.87004762, 62.7], [4.44240206, 43.87004837, 62.6], [4.44244937, 43.87004955, 62.6], [4.44252015, 43.87004411, 62.5], [4.44262433, 43.87003103, 62.5], [4.44269366, 43.87001751, 62.4], [4.44271833, 43.87000909, 62.4], [4.44273531, 43.86999176, 62.4], [4.44274064, 43.86995659, 62.3]]]]}, "geometry_name": "geometrie", "properties": {"cleabs": "EQ_RESEA0000000242519830", "nature": "Parking", "nature_detaillee": null, "toponyme": null, "statut_du_toponyme": null, "importance": "5", "numero": null, "fictif": false, "adresse_postale": null, "etat_de_l_objet": "En service", "date_creation": "2010-08-18T16:01:18.815Z", "date_modification": "2017-03-17T08:28:07.050Z", "date_d_apparition": null, "date_de_confirmation": "2010-07-01Z", "sources": null, "identifiants_sources": null, "methode_d_acquisition_planimetrique": "Photogrammétrie", "precision_planimetrique": 2.5, "methode_d_acquisition_altimetrique": "Photogrammétrie", "precision_altimetrique": 1.5, "insee_commune": "30156", "commune": "MARGUERITTES", "identifiant_voie_ban": null, "id_ban_odonyme": null, "source": "bdtopo"}}, {"type": "Feature", "id": "equipement_de_transport.55677", "geometry": {"type": "MultiPolygon", "coordinates": [[[[4.49908893, 43.82957144, -1000], [4.49908775, 43.82952646, -1000], [4.49902561, 43.82952731, -1000], [4.49902679, 43.8295723, -1000], [4.49908893, 43.82957144, -1000]]]]}, "geometry_name": "geometrie", "properties": {"cleabs": "EQ_RESEA0000000242619590", "nature": "Parking", "nature_detaillee": null, "toponyme": null, "statut_du_toponyme": null, "importance": "5", "numero": null, "fictif": true, "adresse_postale": "", "etat_de_l_objet": "En service", "date_creation": "2010-08-20T09:06:08.015Z", "date_modification": "2018-01-30T13:54:20.564Z", "date_d_apparition": null, "date_de_confirmation": "2010-07-01Z", "sources": null, "identifiants_sources": null, "methode_d_acquisition_planimetrique": "Calculé", "precision_planimetrique": 20, "methode_d_acquisition_altimetrique": "Pas de Z", "precision_altimetrique": 9999, "insee_commune": "30211", "commune": "REDESSAN", "identifiant_voie_ban": null, "id_ban_odonyme": null, "source": "bdtopo"}}, {"type": "Feature", "id": "equipement_de_transport.55683", "geometry": {"type": "MultiPolygon", "coordinates": [[[[4.19461378, 43.91913553, -1000], [4.19461284, 43.91909053, -1000], [4.19455059, 43.91909121, -1000], [4.19455154, 43.91913621, -1000], [4.19461378, 43.91913553, -1000]]]]}, "geometry_name": "geometrie", "properties": {"cleabs": "EQ_RESEA0000000242620334", "nature": "Parking", "nature_detaillee": null, "toponyme": null, "statut_du_toponyme": null, "importance": "5", "numero": null, "fictif": true, "adresse_postale": "", "etat_de_l_objet": "En service", "date_creation": "2010-08-20T15:26:21.283Z", "date_modification": "2018-01-30T13:54:20.564Z", "date_d_apparition": null, "date_de_confirmation": "2010-07-01Z", "sources": null, "identifiants_sources": null, "methode_d_acquisition_planimetrique": "Calculé", "precision_planimetrique": 20, "methode_d_acquisition_altimetrique": "Pas de Z", "precision_altimetrique": 9999, "insee_commune": "30233", "commune": "SAINT-BAUZELY", "identifiant_voie_ban": null, "id_ban_odonyme": null, "source": "bdtopo"}}, {"type": "Feature", "id": "equipement_de_transport.55684", "geometry": {"type": "MultiPolygon", "coordinates": [[[[4.19581216, 43.91927992, -1000], [4.19581122, 43.91923493, -1000], [4.19574898, 43.91923561, -1000], [4.19574992, 43.9192806, -1000], [4.19581216, 43.91927992, -1000]]]]}, "geometry_name": "geometrie", "properties": {"cleabs": "EQ_RESEA0000000242620335", "nature": "Parking", "nature_detaillee": null, "toponyme": null, "statut_du_toponyme": null, "importance": "5", "numero": null, "fictif": true, "adresse_postale": "", "etat_de_l_objet": "En service", "date_creation": "2010-08-20T15:26:21.283Z", "date_modification": "2018-01-30T13:54:20.564Z", "date_d_apparition": null, "date_de_confirmation": "2010-07-01Z", "sources": null, "identifiants_sources": null, "methode_d_acquisition_planimetrique": "Calculé", "precision_planimetrique": 20, "methode_d_acquisition_altimetrique": "Pas de Z", "precision_altimetrique": 9999, "insee_commune": "30233", "commune": "SAINT-BAUZELY", "identifiant_voie_ban": null, "id_ban_odonyme": null, "source": "bdtopo"}}, {"type": "Feature", "id": "equipement_de_transport.55701", "geometry": {"type": "MultiPolygon", "coordinates": [[[[4.18980286, 43.88917072, -1000], [4.18980192, 43.88912573, -1000], [4.18973971, 43.88912641, -1000], [4.18974065, 43.8891714, -1000], [4.18980286, 43.88917072, -1000]]]]}, "geometry_name": "geometrie", "properties": {"cleabs": "EQ_RESEA0000000242706075", "nature": "Parking", "nature_detaillee": null, "toponyme": null, "statut_du_toponyme": null, "importance": "5", "numero": null, "fictif": true, "adresse_postale": "", "etat_de_l_objet": "En service", "date_creation": "2010-08-24T09:20:56.988Z", "date_modification": "2018-01-30T13:54:20.564Z", "date_d_apparition": null, "date_de_confirmation": "2010-07-01Z", "sources": null, "identifiants_sources": null, "methode_d_acquisition_planimetrique": "Calculé", "precision_planimetrique": 20, "methode_d_acquisition_altimetrique": "Pas de Z", "precision_altimetrique": 9999, "insee_commune": "30281", "commune": "SAINT-MAMERT-DU-GARD", "identifiant_voie_ban": null, "id_ban_odonyme": null, "source": "bdtopo"}}, {"type": "Feature", "id": "equipement_de_transport.55702", "geometry": {"type": "MultiPolygon", "coordinates": [[[[4.22305404, 43.74230593, -1000], [4.22305308, 43.74226095, -1000], [4.22299103, 43.74226164, -1000], [4.22299199, 43.74230663, -1000], [4.22305404, 43.74230593, -1000]]]]}, "geometry_name": "geometrie", "properties": {"cleabs": "EQ_RESEA0000000242706122", "nature": "Parking", "nature_detaillee": null, "toponyme": null, "statut_du_toponyme": null, "importance": "5", "numero": null, "fictif": true, "adresse_postale": "", "etat_de_l_objet": "En service", "date_creation": "2010-08-24T09:22:48.168Z", "date_modification": "2018-01-30T13:54:20.564Z", "date_d_apparition": null, "date_de_confirmation": "2010-07-01Z", "sources": null, "identifiants_sources": null, "methode_d_acquisition_planimetrique": "Calculé", "precision_planimetrique": 20, "methode_d_acquisition_altimetrique": "Pas de Z", "precision_altimetrique": 9999, "insee_commune": "30344", "commune": "VERGEZE", "identifiant_voie_ban": null, "id_ban_odonyme": null, "source": "bdtopo"}}, {"type": "Feature", "id": "equipement_de_transport.55703", "geometry": {"type": "MultiPolygon", "coordinates": [[[[4.2163403, 43.74741549, -1000], [4.21633934, 43.7473705, -1000], [4.21627729, 43.74737119, -1000], [4.21627824, 43.74741618, -1000], [4.2163403, 43.74741549, -1000]]]]}, "geometry_name": "geometrie", "properties": {"cleabs": "EQ_RESEA0000000242706404", "nature": "Parking", "nature_detaillee": null, "toponyme": null, "statut_du_toponyme": null, "importance": "5", "numero": null, "fictif": true, "adresse_postale": "", "etat_de_l_objet": "En service", "date_creation": "2010-08-24T09:31:39.978Z", "date_modification": "2018-01-30T13:54:20.564Z", "date_d_apparition": null, "date_de_confirmation": "2010-07-01Z", "sources": null, "identifiants_sources": null, "methode_d_acquisition_planimetrique": "Calculé", "precision_planimetrique": 20, "methode_d_acquisition_altimetrique": "Pas de Z", "precision_altimetrique": 9999, "insee_commune": "30344", "commune": "VERGEZE", "identifiant_voie_ban": null, "id_ban_odonyme": null, "source": "bdtopo"}}, {"type": "Feature", "id": "equipement_de_transport.56649", "geometry": {"type": "MultiPolygon", "coordinates": [[[[4.13539307, 43.6900784, 11.5], [4.13519273, 43.6900445, 11.5], [4.13541666, 43.68939153, 11.6], [4.13531529, 43.68934489, 11.6], [4.13524305, 43.68932944, 11.6], [4.13478918, 43.69070834, 12.3], [4.13484018, 43.69071591, 12.3], [4.13478872, 43.69087303, 12.3], [4.13472899, 43.69086286, 12.3], [4.13460965, 43.69122406, 12.3], [4.13499416, 43.69128935, 12.2], [4.13539307, 43.6900784, 11.5]]]]}, "geometry_name": "geometrie", "properties": {"cleabs": "EQ_RESEA0000000244415874", "nature": "Parking", "nature_detaillee": null, "toponyme": null, "statut_du_toponyme": null, "importance": "5", "numero": null, "fictif": false, "adresse_postale": null, "etat_de_l_objet": "En service", "date_creation": "2010-10-14T08:45:02.750Z", "date_modification": "2017-03-17T08:27:23.006Z", "date_d_apparition": null, "date_de_confirmation": "2009-07-01Z", "sources": null, "identifiants_sources": null, "methode_d_acquisition_planimetrique": "Photogrammétrie", "precision_planimetrique": 2.5, "methode_d_acquisition_altimetrique": "Photogrammétrie", "precision_altimetrique": 1.5, "insee_commune": "34145", "commune": "LUNEL", "identifiant_voie_ban": null, "id_ban_odonyme": null, "source": "bdtopo"}}, {"type": "Feature", "id": "equipement_de_transport.57680", "geometry": {"type": "MultiPolygon", "coordinates": [[[[4.10386399, 43.73190349, -1000], [4.10386312, 43.7318585, -1000], [4.10380108, 43.73185913, -1000], [4.10380195, 43.73190412, -1000], [4.10386399, 43.73190349, -1000]]]]}, "geometry_name": "geometrie", "properties": {"cleabs": "EQ_RESEA0000000246951498", "nature": "Parking", "nature_detaillee": null, "toponyme": null, "statut_du_toponyme": null, "importance": "5", "numero": null, "fictif": true, "adresse_postale": "", "etat_de_l_objet": "En service", "date_creation": "2011-01-19T08:15:17.965Z", "date_modification": "2016-12-16T14:15:15.232Z", "date_d_apparition": null, "date_de_confirmation": null, "sources": null, "identifiants_sources": null, "methode_d_acquisition_planimetrique": "Calculé", "precision_planimetrique": 20, "methode_d_acquisition_altimetrique": "Pas de Z", "precision_altimetrique": 9999, "insee_commune": "34288", "commune": "SAINT-SERIES", "identifiant_voie_ban": null, "id_ban_odonyme": null, "source": "bdtopo"}}, {"type": "Feature", "id": "equipement_de_transport.57681", "geometry": {"type": "MultiPolygon", "coordinates": [[[[4.11131938, 43.72239099, -1000], [4.11131851, 43.72234601, -1000], [4.11125648, 43.72234664, -1000], [4.11125735, 43.72239163, -1000], [4.11131938, 43.72239099, -1000]]]]}, "geometry_name": "geometrie", "properties": {"cleabs": "EQ_RESEA0000000246951542", "nature": "Parking", "nature_detaillee": null, "toponyme": null, "statut_du_toponyme": null, "importance": "5", "numero": null, "fictif": true, "adresse_postale": "", "etat_de_l_objet": "En service", "date_creation": "2011-01-19T08:26:27.990Z", "date_modification": "2016-12-16T14:15:15.232Z", "date_d_apparition": null, "date_de_confirmation": null, "sources": null, "identifiants_sources": null, "methode_d_acquisition_planimetrique": "Calculé", "precision_planimetrique": 20, "methode_d_acquisition_altimetrique": "Pas de Z", "precision_altimetrique": 9999, "insee_commune": "34294", "commune": "SATURARGUES", "identifiant_voie_ban": null, "id_ban_odonyme": null, "source": "bdtopo"}}, {"type": "Feature", "id": "equipement_de_transport.58039", "geometry": {"type": "MultiPolygon", "coordinates": [[[[4.12072272, 43.64460129, -1000], [4.12072184, 43.6445563, -1000], [4.12065989, 43.64455694, -1000], [4.12066077, 43.64460192, -1000], [4.12072272, 43.64460129, -1000]]]]}, "geometry_name": "geometrie", "properties": {"cleabs": "EQ_RESEA0000000247994243", "nature": "Parking", "nature_detaillee": null, "toponyme": null, "statut_du_toponyme": null, "importance": "5", "numero": null, "fictif": true, "adresse_postale": "", "etat_de_l_objet": "En service", "date_creation": "2011-02-03T15:25:15.280Z", "date_modification": "2016-12-16T14:15:15.232Z", "date_d_apparition": null, "date_de_confirmation": null, "sources": null, "identifiants_sources": null, "methode_d_acquisition_planimetrique": "Calculé", "precision_planimetrique": 20, "methode_d_acquisition_altimetrique": "Pas de Z", "precision_altimetrique": 9999, "insee_commune": "34280", "commune": "SAINT-NAZAIRE-DE-PEZAN", "identifiant_voie_ban": null, "id_ban_odonyme": null, "source": "bdtopo"}}, {"type": "Feature", "id": "equipement_de_transport.58045", "geometry": {"type": "MultiPolygon", "coordinates": [[[[4.09409733, 43.67621104, -1000], [4.09409647, 43.67616605, -1000], [4.09403449, 43.67616668, -1000], [4.09403535, 43.67621166, -1000], [4.09409733, 43.67621104, -1000]]]]}, "geometry_name": "geometrie", "properties": {"cleabs": "EQ_RESEA0000000248053112", "nature": "Parking", "nature_detaillee": null, "toponyme": null, "statut_du_toponyme": null, "importance": "5", "numero": null, "fictif": true, "adresse_postale": "", "etat_de_l_objet": "En service", "date_creation": "2011-02-03T17:01:07.336Z", "date_modification": "2016-12-16T14:15:15.232Z", "date_d_apparition": null, "date_de_confirmation": null, "sources": null, "identifiants_sources": null, "methode_d_acquisition_planimetrique": "Calculé", "precision_planimetrique": 20, "methode_d_acquisition_altimetrique": "Pas de Z", "precision_altimetrique": 9999, "insee_commune": "34146", "commune": "LUNEL-VIEL", "identifiant_voie_ban": null, "id_ban_odonyme": null, "source": "bdtopo"}}, {"type": "Feature", "id": "equipement_de_transport.58046", "geometry": {"type": "MultiPolygon", "coordinates": [[[[4.08829841, 43.67568428, -1000], [4.08829756, 43.67563929, -1000], [4.08823558, 43.67563991, -1000], [4.08823643, 43.6756849, -1000], [4.08829841, 43.67568428, -1000]]]]}, "geometry_name": "geometrie", "properties": {"cleabs": "EQ_RESEA0000000248053246", "nature": "Parking", "nature_detaillee": null, "toponyme": null, "statut_du_toponyme": null, "importance": "5", "numero": null, "fictif": true, "adresse_postale": "", "etat_de_l_objet": "En service", "date_creation": "2011-02-03T17:01:28.167Z", "date_modification": "2016-12-16T14:15:15.232Z", "date_d_apparition": null, "date_de_confirmation": null, "sources": null, "identifiants_sources": null, "methode_d_acquisition_planimetrique": "Calculé", "precision_planimetrique": 20, "methode_d_acquisition_altimetrique": "Pas de Z", "precision_altimetrique": 9999, "insee_commune": "34146", "commune": "LUNEL-VIEL", "identifiant_voie_ban": null, "id_ban_odonyme": null, "source": "bdtopo"}}, {"type": "Feature", "id": "equipement_de_transport.58059", "geometry": {"type": "MultiPolygon", "coordinates": [[[[4.12175788, 43.67863804, -1000], [4.12205072, 43.67814277, -1000], [4.12155443, 43.6779994, -1000], [4.1214194, 43.67851194, -1000], [4.12175788, 43.67863804, -1000]]]]}, "geometry_name": "geometrie", "properties": {"cleabs": "EQ_RESEA0000000248309567", "nature": "Parking", "nature_detaillee": null, "toponyme": "Parking des Merles", "statut_du_toponyme": "Collecté", "importance": "5", "numero": null, "fictif": false, "adresse_postale": null, "etat_de_l_objet": "En service", "date_creation": "2011-02-04T14:44:43.221Z", "date_modification": "2020-07-03T11:35:47.860Z", "date_d_apparition": null, "date_de_confirmation": null, "sources": null, "identifiants_sources": null, "methode_d_acquisition_planimetrique": "Orthophotographie", "precision_planimetrique": 3, "methode_d_acquisition_altimetrique": "Pas de Z", "precision_altimetrique": 9999, "insee_commune": "34145", "commune": "LUNEL", "identifiant_voie_ban": null, "id_ban_odonyme": null, "source": "bdtopo"}}, {"type": "Feature", "id": "equipement_de_transport.58307", "geometry": {"type": "MultiPolygon", "coordinates": [[[[4.1379647, 43.67294521, -1000], [4.1379638, 43.67290022, -1000], [4.13790183, 43.67290087, -1000], [4.13790272, 43.67294586, -1000], [4.1379647, 43.67294521, -1000]]]]}, "geometry_name": "geometrie", "properties": {"cleabs": "EQ_RESEA0000000252324799", "nature": "Parking", "nature_detaillee": null, "toponyme": "Parking Joseph Blanc", "statut_du_toponyme": "Collecté", "importance": "5", "numero": null, "fictif": true, "adresse_postale": null, "etat_de_l_objet": "En service", "date_creation": "2011-02-22T08:29:38.793Z", "date_modification": "2020-02-07T10:14:59.753Z", "date_d_apparition": null, "date_de_confirmation": null, "sources": null, "identifiants_sources": null, "methode_d_acquisition_planimetrique": "Calculé", "precision_planimetrique": 20, "methode_d_acquisition_altimetrique": "Pas de Z", "precision_altimetrique": 9999, "insee_commune": "34145", "commune": "LUNEL", "identifiant_voie_ban": null, "id_ban_odonyme": null, "source": "bdtopo"}}, {"type": "Feature", "id": "equipement_de_transport.58308", "geometry": {"type": "MultiPolygon", "coordinates": [[[[4.13124647, 43.67427694, -1000], [4.13012605, 43.67429669, -1000], [4.12992652, 43.67430056, -1000], [4.12953235, 43.67430555, -1000], [4.12952096, 43.67423098, -1000], [4.12950153, 43.67412589, -1000], [4.12949673, 43.67400806, -1000], [4.12950383, 43.67392789, -1000], [4.13014707, 43.67391671, -1000], [4.13015147, 43.67395086, -1000], [4.13122738, 43.67393788, -1000], [4.13124647, 43.67427694, -1000]]]]}, "geometry_name": "geometrie", "properties": {"cleabs": "EQ_RESEA0000000252324800", "nature": "Parking", "nature_detaillee": null, "toponyme": "Parking des Arènes", "statut_du_toponyme": "Collecté", "importance": "5", "numero": null, "fictif": false, "adresse_postale": null, "etat_de_l_objet": "En service", "date_creation": "2011-02-22T08:29:38.793Z", "date_modification": "2024-12-03T18:52:31.518Z", "date_d_apparition": null, "date_de_confirmation": null, "sources": null, "identifiants_sources": null, "methode_d_acquisition_planimetrique": "Calculé", "precision_planimetrique": 20, "methode_d_acquisition_altimetrique": "Pas de Z", "precision_altimetrique": 9999, "insee_commune": "34145", "commune": "LUNEL", "identifiant_voie_ban": null, "id_ban_odonyme": null, "source": "bdtopo"}}, {"type": "Feature", "id": "equipement_de_transport.58313", "geometry": {"type": "MultiPolygon", "coordinates": [[[[4.13841433, 43.69071277, -1000], [4.13800996, 43.69064681, -1000], [4.13812316, 43.69028926, -1000], [4.13820528, 43.6903028, -1000], [4.13822258, 43.69036201, -1000], [4.13827057, 43.69040561, -1000], [4.13833438, 43.69043374, -1000], [4.13842025, 43.69044904, -1000], [4.13850211, 43.69044908, -1000], [4.13841433, 43.69071277, -1000]]]]}, "geometry_name": "geometrie", "properties": {"cleabs": "EQ_RESEA0000000252329824", "nature": "Parking", "nature_detaillee": null, "toponyme": null, "statut_du_toponyme": null, "importance": "5", "numero": null, "fictif": false, "adresse_postale": null, "etat_de_l_objet": "En service", "date_creation": "2011-02-22T08:36:23.942Z", "date_modification": "2024-02-27T10:18:08.673Z", "date_d_apparition": null, "date_de_confirmation": null, "sources": null, "identifiants_sources": null, "methode_d_acquisition_planimetrique": "Calculé", "precision_planimetrique": 20, "methode_d_acquisition_altimetrique": "Pas de Z", "precision_altimetrique": 9999, "insee_commune": "34145", "commune": "LUNEL", "identifiant_voie_ban": null, "id_ban_odonyme": null, "source": "bdtopo"}}, {"type": "Feature", "id": "equipement_de_transport.58314", "geometry": {"type": "MultiPolygon", "coordinates": [[[[4.14655896, 43.68050326, -1000], [4.14655806, 43.68045827, -1000], [4.14649607, 43.68045893, -1000], [4.14649697, 43.68050391, -1000], [4.14655896, 43.68050326, -1000]]]]}, "geometry_name": "geometrie", "properties": {"cleabs": "EQ_RESEA0000000252329839", "nature": "Parking", "nature_detaillee": null, "toponyme": "Parking du Levant", "statut_du_toponyme": "Collecté", "importance": "5", "numero": null, "fictif": true, "adresse_postale": null, "etat_de_l_objet": "En service", "date_creation": "2011-02-22T08:36:55.505Z", "date_modification": "2020-02-07T10:34:43.431Z", "date_d_apparition": null, "date_de_confirmation": null, "sources": null, "identifiants_sources": null, "methode_d_acquisition_planimetrique": "Calculé", "precision_planimetrique": 20, "methode_d_acquisition_altimetrique": "Pas de Z", "precision_altimetrique": 9999, "insee_commune": "34145", "commune": "LUNEL", "identifiant_voie_ban": null, "id_ban_odonyme": null, "source": "bdtopo"}}, {"type": "Feature", "id": "equipement_de_transport.58391", "geometry": {"type": "MultiPolygon", "coordinates": [[[[4.08875886, 43.55798253, -1000], [4.08875801, 43.55793755, -1000], [4.08869616, 43.55793817, -1000], [4.08869701, 43.55798315, -1000], [4.08875886, 43.55798253, -1000]]]]}, "geometry_name": "geometrie", "properties": {"cleabs": "EQ_RESEA0000000252678593", "nature": "Parking", "nature_detaillee": null, "toponyme": null, "statut_du_toponyme": null, "importance": "5", "numero": null, "fictif": true, "adresse_postale": "", "etat_de_l_objet": "En service", "date_creation": "2011-02-24T15:25:58.716Z", "date_modification": "2016-12-16T14:15:15.232Z", "date_d_apparition": null, "date_de_confirmation": null, "sources": null, "identifiants_sources": null, "methode_d_acquisition_planimetrique": "Calculé", "precision_planimetrique": 20, "methode_d_acquisition_altimetrique": "Pas de Z", "precision_altimetrique": 9999, "insee_commune": "34344", "commune": "LA GRANDE-MOTTE", "identifiant_voie_ban": null, "id_ban_odonyme": null, "source": "bdtopo"}}, {"type": "Feature", "id": "equipement_de_transport.58392", "geometry": {"type": "MultiPolygon", "coordinates": [[[[4.09479011, 43.55671612, -1000], [4.09478925, 43.55667114, -1000], [4.0947274, 43.55667176, -1000], [4.09472826, 43.55671674, -1000], [4.09479011, 43.55671612, -1000]]]]}, "geometry_name": "geometrie", "properties": {"cleabs": "EQ_RESEA0000000252678722", "nature": "Parking", "nature_detaillee": null, "toponyme": null, "statut_du_toponyme": null, "importance": "5", "numero": null, "fictif": true, "adresse_postale": "", "etat_de_l_objet": "En service", "date_creation": "2011-02-24T15:26:52.354Z", "date_modification": "2016-12-16T14:15:15.232Z", "date_d_apparition": null, "date_de_confirmation": null, "sources": null, "identifiants_sources": null, "methode_d_acquisition_planimetrique": "Calculé", "precision_planimetrique": 20, "methode_d_acquisition_altimetrique": "Pas de Z", "precision_altimetrique": 9999, "insee_commune": "34344", "commune": "LA GRANDE-MOTTE", "identifiant_voie_ban": null, "id_ban_odonyme": null, "source": "bdtopo"}}, {"type": "Feature", "id": "equipement_de_transport.58393", "geometry": {"type": "MultiPolygon", "coordinates": [[[[4.09392896, 43.56386041, -1000], [4.0939281, 43.56381543, -1000], [4.09386624, 43.56381605, -1000], [4.0938671, 43.56386104, -1000], [4.09392896, 43.56386041, -1000]]]]}, "geometry_name": "geometrie", "properties": {"cleabs": "EQ_RESEA0000000252680930", "nature": "Parking", "nature_detaillee": null, "toponyme": null, "statut_du_toponyme": null, "importance": "5", "numero": null, "fictif": true, "adresse_postale": "", "etat_de_l_objet": "En service", "date_creation": "2011-02-24T15:27:34.953Z", "date_modification": "2016-12-16T14:15:15.232Z", "date_d_apparition": null, "date_de_confirmation": null, "sources": null, "identifiants_sources": null, "methode_d_acquisition_planimetrique": "Calculé", "precision_planimetrique": 20, "methode_d_acquisition_altimetrique": "Pas de Z", "precision_altimetrique": 9999, "insee_commune": "34344", "commune": "LA GRANDE-MOTTE", "identifiant_voie_ban": null, "id_ban_odonyme": null, "source": "bdtopo"}}, {"type": "Feature", "id": "equipement_de_transport.58826", "geometry": {"type": "MultiPolygon", "coordinates": [[[[4.35169795, 43.83294409, -1000], [4.35169689, 43.8328991, -1000], [4.35163474, 43.83289987, -1000], [4.3516358, 43.83294486, -1000], [4.35169795, 43.83294409, -1000]]]]}, "geometry_name": "geometrie", "properties": {"cleabs": "EQ_RESEA0000000256151866", "nature": "Parking", "nature_detaillee": "Parking souterrain", "toponyme": "Parking Jean Jaurès", "statut_du_toponyme": "Collecté", "importance": "5", "numero": null, "fictif": true, "adresse_postale": null, "etat_de_l_objet": "En service", "date_creation": "2011-03-25T12:58:17.086Z", "date_modification": "2019-11-12T16:24:00.624Z", "date_d_apparition": null, "date_de_confirmation": "2016-04-07Z", "sources": null, "identifiants_sources": null, "methode_d_acquisition_planimetrique": "Calculé", "precision_planimetrique": 20, "methode_d_acquisition_altimetrique": "Pas de Z", "precision_altimetrique": 9999, "insee_commune": "30189", "commune": "NIMES", "identifiant_voie_ban": null, "id_ban_odonyme": null, "source": "bdtopo"}}, {"type": "Feature", "id": "equipement_de_transport.58827", "geometry": {"type": "MultiPolygon", "coordinates": [[[[4.36470465, 43.8174897, -1000], [4.36470357, 43.81744471, -1000], [4.36464144, 43.81744549, -1000], [4.36464252, 43.81749047, -1000], [4.36470465, 43.8174897, -1000]]]]}, "geometry_name": "geometrie", "properties": {"cleabs": "EQ_RESEA0000000256152282", "nature": "Parking", "nature_detaillee": null, "toponyme": null, "statut_du_toponyme": null, "importance": "5", "numero": null, "fictif": true, "adresse_postale": "", "etat_de_l_objet": "En service", "date_creation": "2011-03-25T13:01:02.977Z", "date_modification": "2016-12-16T14:15:15.232Z", "date_d_apparition": null, "date_de_confirmation": null, "sources": null, "identifiants_sources": null, "methode_d_acquisition_planimetrique": "Calculé", "precision_planimetrique": 20, "methode_d_acquisition_altimetrique": "Pas de Z", "precision_altimetrique": 9999, "insee_commune": "30189", "commune": "NIMES", "identifiant_voie_ban": null, "id_ban_odonyme": null, "source": "bdtopo"}}, {"type": "Feature", "id": "equipement_de_transport.59352", "geometry": {"type": "MultiPolygon", "coordinates": [[[[4.33013827, 43.81609519, -1000], [4.33013722, 43.8160502, -1000], [4.33007509, 43.81605096, -1000], [4.33007614, 43.81609595, -1000], [4.33013827, 43.81609519, -1000]]]]}, "geometry_name": "geometrie", "properties": {"cleabs": "EQ_RESEA0000000257625155", "nature": "Parking", "nature_detaillee": null, "toponyme": null, "statut_du_toponyme": null, "importance": "5", "numero": null, "fictif": true, "adresse_postale": "", "etat_de_l_objet": "En service", "date_creation": "2011-05-02T11:16:24.015Z", "date_modification": "2016-12-16T14:15:15.232Z", "date_d_apparition": null, "date_de_confirmation": null, "sources": null, "identifiants_sources": null, "methode_d_acquisition_planimetrique": "Calculé", "precision_planimetrique": 20, "methode_d_acquisition_altimetrique": "Pas de Z", "precision_altimetrique": 9999, "insee_commune": "30189", "commune": "NIMES", "identifiant_voie_ban": null, "id_ban_odonyme": null, "source": "bdtopo"}}, {"type": "Feature", "id": "equipement_de_transport.59353", "geometry": {"type": "MultiPolygon", "coordinates": [[[[4.31941137, 43.82217104, -1000], [4.31941033, 43.82212605, -1000], [4.31934819, 43.82212681, -1000], [4.31934923, 43.82217179, -1000], [4.31941137, 43.82217104, -1000]]]]}, "geometry_name": "geometrie", "properties": {"cleabs": "EQ_RESEA0000000257625156", "nature": "Parking", "nature_detaillee": null, "toponyme": null, "statut_du_toponyme": null, "importance": "5", "numero": null, "fictif": true, "adresse_postale": "", "etat_de_l_objet": "En service", "date_creation": "2011-05-02T11:16:24.015Z", "date_modification": "2016-12-16T14:15:15.232Z", "date_d_apparition": null, "date_de_confirmation": null, "sources": null, "identifiants_sources": null, "methode_d_acquisition_planimetrique": "Calculé", "precision_planimetrique": 20, "methode_d_acquisition_altimetrique": "Pas de Z", "precision_altimetrique": 9999, "insee_commune": "30189", "commune": "NIMES", "identifiant_voie_ban": null, "id_ban_odonyme": null, "source": "bdtopo"}}, {"type": "Feature", "id": "equipement_de_transport.59354", "geometry": {"type": "MultiPolygon", "coordinates": [[[[4.3228175, 43.82475334, -1000], [4.32281646, 43.82470835, -1000], [4.32275432, 43.82470911, -1000], [4.32275536, 43.8247541, -1000], [4.3228175, 43.82475334, -1000]]]]}, "geometry_name": "geometrie", "properties": {"cleabs": "EQ_RESEA0000000257625157", "nature": "Parking", "nature_detaillee": null, "toponyme": null, "statut_du_toponyme": null, "importance": "5", "numero": null, "fictif": true, "adresse_postale": "", "etat_de_l_objet": "En service", "date_creation": "2011-05-02T11:16:24.015Z", "date_modification": "2016-12-16T14:15:15.232Z", "date_d_apparition": null, "date_de_confirmation": null, "sources": null, "identifiants_sources": null, "methode_d_acquisition_planimetrique": "Calculé", "precision_planimetrique": 20, "methode_d_acquisition_altimetrique": "Pas de Z", "precision_altimetrique": 9999, "insee_commune": "30189", "commune": "NIMES", "identifiant_voie_ban": null, "id_ban_odonyme": null, "source": "bdtopo"}}, {"type": "Feature", "id": "equipement_de_transport.59355", "geometry": {"type": "MultiPolygon", "coordinates": [[[[4.33908382, 43.8303177, -1000], [4.33908277, 43.83027271, -1000], [4.33902062, 43.83027347, -1000], [4.33902168, 43.83031846, -1000], [4.33908382, 43.8303177, -1000]]]]}, "geometry_name": "geometrie", "properties": {"cleabs": "EQ_RESEA0000000257625160", "nature": "Parking", "nature_detaillee": null, "toponyme": null, "statut_du_toponyme": null, "importance": "5", "numero": null, "fictif": true, "adresse_postale": "", "etat_de_l_objet": "En service", "date_creation": "2011-05-02T11:16:24.015Z", "date_modification": "2016-12-16T14:15:15.232Z", "date_d_apparition": null, "date_de_confirmation": null, "sources": null, "identifiants_sources": null, "methode_d_acquisition_planimetrique": "Calculé", "precision_planimetrique": 20, "methode_d_acquisition_altimetrique": "Pas de Z", "precision_altimetrique": 9999, "insee_commune": "30189", "commune": "NIMES", "identifiant_voie_ban": null, "id_ban_odonyme": null, "source": "bdtopo"}}, {"type": "Feature", "id": "equipement_de_transport.59356", "geometry": {"type": "MultiPolygon", "coordinates": [[[[4.36094178, 43.82990313, -1000], [4.36094071, 43.82985814, -1000], [4.36087857, 43.82985892, -1000], [4.36087964, 43.82990391, -1000], [4.36094178, 43.82990313, -1000]]]]}, "geometry_name": "geometrie", "properties": {"cleabs": "EQ_RESEA0000000257625161", "nature": "Parking", "nature_detaillee": null, "toponyme": null, "statut_du_toponyme": null, "importance": "5", "numero": null, "fictif": true, "adresse_postale": "", "etat_de_l_objet": "En service", "date_creation": "2011-05-02T11:16:24.015Z", "date_modification": "2016-12-16T14:15:15.232Z", "date_d_apparition": null, "date_de_confirmation": null, "sources": null, "identifiants_sources": null, "methode_d_acquisition_planimetrique": "Calculé", "precision_planimetrique": 20, "methode_d_acquisition_altimetrique": "Pas de Z", "precision_altimetrique": 9999, "insee_commune": "30189", "commune": "NIMES", "identifiant_voie_ban": null, "id_ban_odonyme": null, "source": "bdtopo"}}, {"type": "Feature", "id": "equipement_de_transport.59357", "geometry": {"type": "MultiPolygon", "coordinates": [[[[4.36477067, 43.82619125, -1000], [4.3647696, 43.82614627, -1000], [4.36470746, 43.82614704, -1000], [4.36470853, 43.82619203, -1000], [4.36477067, 43.82619125, -1000]]]]}, "geometry_name": "geometrie", "properties": {"cleabs": "EQ_RESEA0000000257625162", "nature": "Parking", "nature_detaillee": null, "toponyme": null, "statut_du_toponyme": null, "importance": "5", "numero": null, "fictif": true, "adresse_postale": "", "etat_de_l_objet": "En service", "date_creation": "2011-05-02T11:16:24.015Z", "date_modification": "2016-12-16T14:15:15.232Z", "date_d_apparition": null, "date_de_confirmation": null, "sources": null, "identifiants_sources": null, "methode_d_acquisition_planimetrique": "Calculé", "precision_planimetrique": 20, "methode_d_acquisition_altimetrique": "Pas de Z", "precision_altimetrique": 9999, "insee_commune": "30189", "commune": "NIMES", "identifiant_voie_ban": null, "id_ban_odonyme": null, "source": "bdtopo"}}, {"type": "Feature", "id": "equipement_de_transport.59358", "geometry": {"type": "MultiPolygon", "coordinates": [[[[4.35523502, 43.83901864, -1000], [4.35523396, 43.83897365, -1000], [4.3551718, 43.83897442, -1000], [4.35517287, 43.83901941, -1000], [4.35523502, 43.83901864, -1000]]]]}, "geometry_name": "geometrie", "properties": {"cleabs": "EQ_RESEA0000000257625163", "nature": "Parking", "nature_detaillee": null, "toponyme": null, "statut_du_toponyme": null, "importance": "5", "numero": null, "fictif": true, "adresse_postale": "", "etat_de_l_objet": "En service", "date_creation": "2011-05-02T11:16:24.015Z", "date_modification": "2016-12-16T14:15:15.232Z", "date_d_apparition": null, "date_de_confirmation": null, "sources": null, "identifiants_sources": null, "methode_d_acquisition_planimetrique": "Calculé", "precision_planimetrique": 20, "methode_d_acquisition_altimetrique": "Pas de Z", "precision_altimetrique": 9999, "insee_commune": "30189", "commune": "NIMES", "identifiant_voie_ban": null, "id_ban_odonyme": null, "source": "bdtopo"}}, {"type": "Feature", "id": "equipement_de_transport.59359", "geometry": {"type": "MultiPolygon", "coordinates": [[[[4.36293927, 43.83608933, -1000], [4.3629382, 43.83604434, -1000], [4.36287604, 43.83604512, -1000], [4.36287712, 43.83609011, -1000], [4.36293927, 43.83608933, -1000]]]]}, "geometry_name": "geometrie", "properties": {"cleabs": "EQ_RESEA0000000257625164", "nature": "Parking", "nature_detaillee": null, "toponyme": null, "statut_du_toponyme": null, "importance": "5", "numero": null, "fictif": true, "adresse_postale": "", "etat_de_l_objet": "En service", "date_creation": "2011-05-02T11:16:24.015Z", "date_modification": "2016-12-16T14:15:15.232Z", "date_d_apparition": null, "date_de_confirmation": null, "sources": null, "identifiants_sources": null, "methode_d_acquisition_planimetrique": "Calculé", "precision_planimetrique": 20, "methode_d_acquisition_altimetrique": "Pas de Z", "precision_altimetrique": 9999, "insee_commune": "30189", "commune": "NIMES", "identifiant_voie_ban": null, "id_ban_odonyme": null, "source": "bdtopo"}}, {"type": "Feature", "id": "equipement_de_transport.59360", "geometry": {"type": "MultiPolygon", "coordinates": [[[[4.39678822, 43.84666509, -1000], [4.39678712, 43.8466201, -1000], [4.39672496, 43.8466209, -1000], [4.39672606, 43.84666589, -1000], [4.39678822, 43.84666509, -1000]]]]}, "geometry_name": "geometrie", "properties": {"cleabs": "EQ_RESEA0000000257625166", "nature": "Parking", "nature_detaillee": null, "toponyme": null, "statut_du_toponyme": null, "importance": "5", "numero": null, "fictif": true, "adresse_postale": "", "etat_de_l_objet": "En service", "date_creation": "2011-05-02T11:16:24.015Z", "date_modification": "2016-12-16T14:15:15.232Z", "date_d_apparition": null, "date_de_confirmation": null, "sources": null, "identifiants_sources": null, "methode_d_acquisition_planimetrique": "Calculé", "precision_planimetrique": 20, "methode_d_acquisition_altimetrique": "Pas de Z", "precision_altimetrique": 9999, "insee_commune": "30189", "commune": "NIMES", "identifiant_voie_ban": null, "id_ban_odonyme": null, "source": "bdtopo"}}, {"type": "Feature", "id": "equipement_de_transport.59361", "geometry": {"type": "MultiPolygon", "coordinates": [[[[4.37981571, 43.84581452, -1000], [4.37981463, 43.84576953, -1000], [4.37975247, 43.84577032, -1000], [4.37975355, 43.84581531, -1000], [4.37981571, 43.84581452, -1000]]]]}, "geometry_name": "geometrie", "properties": {"cleabs": "EQ_RESEA0000000257625168", "nature": "Parking", "nature_detaillee": null, "toponyme": null, "statut_du_toponyme": null, "importance": "5", "numero": null, "fictif": true, "adresse_postale": "", "etat_de_l_objet": "En service", "date_creation": "2011-05-02T11:16:24.015Z", "date_modification": "2016-12-16T14:15:15.232Z", "date_d_apparition": null, "date_de_confirmation": null, "sources": null, "identifiants_sources": null, "methode_d_acquisition_planimetrique": "Calculé", "precision_planimetrique": 20, "methode_d_acquisition_altimetrique": "Pas de Z", "precision_altimetrique": 9999, "insee_commune": "30189", "commune": "NIMES", "identifiant_voie_ban": null, "id_ban_odonyme": null, "source": "bdtopo"}}, {"type": "Feature", "id": "equipement_de_transport.59717", "geometry": {"type": "MultiPolygon", "coordinates": [[[[4.40547049, 43.87605933, -1000], [4.40546938, 43.87601434, -1000], [4.40540719, 43.87601514, -1000], [4.40540829, 43.87606013, -1000], [4.40547049, 43.87605933, -1000]]]]}, "geometry_name": "geometrie", "properties": {"cleabs": "EQ_RESEA0000000258780727", "nature": "Parking", "nature_detaillee": null, "toponyme": null, "statut_du_toponyme": null, "importance": "5", "numero": null, "fictif": true, "adresse_postale": "", "etat_de_l_objet": "En service", "date_creation": "2011-05-30T09:00:45.812Z", "date_modification": "2016-12-16T14:15:15.232Z", "date_d_apparition": null, "date_de_confirmation": null, "sources": null, "identifiants_sources": null, "methode_d_acquisition_planimetrique": "Calculé", "precision_planimetrique": 20, "methode_d_acquisition_altimetrique": "Pas de Z", "precision_altimetrique": 9999, "insee_commune": "30189", "commune": "NIMES", "identifiant_voie_ban": null, "id_ban_odonyme": null, "source": "bdtopo"}}, {"type": "Feature", "id": "equipement_de_transport.59718", "geometry": {"type": "MultiPolygon", "coordinates": [[[[4.40180794, 43.84485641, -1000], [4.40180683, 43.84481142, -1000], [4.40174467, 43.84481222, -1000], [4.40174578, 43.84485721, -1000], [4.40180794, 43.84485641, -1000]]]]}, "geometry_name": "geometrie", "properties": {"cleabs": "EQ_RESEA0000000258780728", "nature": "Parking", "nature_detaillee": null, "toponyme": null, "statut_du_toponyme": null, "importance": "5", "numero": null, "fictif": true, "adresse_postale": "", "etat_de_l_objet": "En service", "date_creation": "2011-05-30T09:00:45.812Z", "date_modification": "2016-12-16T14:15:15.232Z", "date_d_apparition": null, "date_de_confirmation": null, "sources": null, "identifiants_sources": null, "methode_d_acquisition_planimetrique": "Calculé", "precision_planimetrique": 20, "methode_d_acquisition_altimetrique": "Pas de Z", "precision_altimetrique": 9999, "insee_commune": "30189", "commune": "NIMES", "identifiant_voie_ban": null, "id_ban_odonyme": null, "source": "bdtopo"}}, {"type": "Feature", "id": "equipement_de_transport.59719", "geometry": {"type": "MultiPolygon", "coordinates": [[[[4.38237082, 43.78899027, -1000], [4.38236974, 43.78894528, -1000], [4.38230764, 43.78894607, -1000], [4.38230872, 43.78899105, -1000], [4.38237082, 43.78899027, -1000]]]]}, "geometry_name": "geometrie", "properties": {"cleabs": "EQ_RESEA0000000258780729", "nature": "Parking", "nature_detaillee": null, "toponyme": null, "statut_du_toponyme": null, "importance": "5", "numero": null, "fictif": true, "adresse_postale": "", "etat_de_l_objet": "En service", "date_creation": "2011-05-30T09:00:45.812Z", "date_modification": "2016-12-16T14:15:15.232Z", "date_d_apparition": null, "date_de_confirmation": null, "sources": null, "identifiants_sources": null, "methode_d_acquisition_planimetrique": "Calculé", "precision_planimetrique": 20, "methode_d_acquisition_altimetrique": "Pas de Z", "precision_altimetrique": 9999, "insee_commune": "30060", "commune": "CAISSARGUES", "identifiant_voie_ban": null, "id_ban_odonyme": null, "source": "bdtopo"}}, {"type": "Feature", "id": "equipement_de_transport.59720", "geometry": {"type": "MultiPolygon", "coordinates": [[[[4.38312031, 43.78735983, -1000], [4.38311922, 43.78731484, -1000], [4.38305712, 43.78731563, -1000], [4.38305821, 43.78736062, -1000], [4.38312031, 43.78735983, -1000]]]]}, "geometry_name": "geometrie", "properties": {"cleabs": "EQ_RESEA0000000258780730", "nature": "Parking", "nature_detaillee": null, "toponyme": null, "statut_du_toponyme": null, "importance": "5", "numero": null, "fictif": true, "adresse_postale": "", "etat_de_l_objet": "En service", "date_creation": "2011-05-30T09:00:45.812Z", "date_modification": "2016-12-16T14:15:15.232Z", "date_d_apparition": null, "date_de_confirmation": null, "sources": null, "identifiants_sources": null, "methode_d_acquisition_planimetrique": "Calculé", "precision_planimetrique": 20, "methode_d_acquisition_altimetrique": "Pas de Z", "precision_altimetrique": 9999, "insee_commune": "30060", "commune": "CAISSARGUES", "identifiant_voie_ban": null, "id_ban_odonyme": null, "source": "bdtopo"}}, {"type": "Feature", "id": "equipement_de_transport.59814", "geometry": {"type": "MultiPolygon", "coordinates": [[[[4.37597329, 43.79516522, -1000], [4.37597221, 43.79512023, -1000], [4.3759101, 43.79512102, -1000], [4.37591118, 43.79516601, -1000], [4.37597329, 43.79516522, -1000]]]]}, "geometry_name": "geometrie", "properties": {"cleabs": "EQ_RESEA0000000259273828", "nature": "Parking", "nature_detaillee": null, "toponyme": null, "statut_du_toponyme": null, "importance": "5", "numero": null, "fictif": true, "adresse_postale": "", "etat_de_l_objet": "En service", "date_creation": "2011-06-15T16:01:26.423Z", "date_modification": "2016-12-16T14:15:15.232Z", "date_d_apparition": null, "date_de_confirmation": null, "sources": null, "identifiants_sources": null, "methode_d_acquisition_planimetrique": "Calculé", "precision_planimetrique": 20, "methode_d_acquisition_altimetrique": "Pas de Z", "precision_altimetrique": 9999, "insee_commune": "30060", "commune": "CAISSARGUES", "identifiant_voie_ban": null, "id_ban_odonyme": null, "source": "bdtopo"}}, {"type": "Feature", "id": "equipement_de_transport.59815", "geometry": {"type": "MultiPolygon", "coordinates": [[[[4.37729967, 43.7967388, -1000], [4.37729858, 43.79669381, -1000], [4.37723647, 43.7966946, -1000], [4.37723756, 43.79673958, -1000], [4.37729967, 43.7967388, -1000]]]]}, "geometry_name": "geometrie", "properties": {"cleabs": "EQ_RESEA0000000259273829", "nature": "Parking", "nature_detaillee": null, "toponyme": "Place de Cocconato", "statut_du_toponyme": "Collecté", "importance": "5", "numero": null, "fictif": true, "adresse_postale": null, "etat_de_l_objet": "En service", "date_creation": "2011-06-15T16:01:26.423Z", "date_modification": "2025-12-05T11:36:43.898Z", "date_d_apparition": null, "date_de_confirmation": "2014-05-14Z", "sources": null, "identifiants_sources": null, "methode_d_acquisition_planimetrique": "Calculé", "precision_planimetrique": 20, "methode_d_acquisition_altimetrique": "Pas de Z", "precision_altimetrique": 9999, "insee_commune": "30060", "commune": "CAISSARGUES", "identifiant_voie_ban": "30060_iuteon", "id_ban_odonyme": "3a5813eb-1f4b-4bef-a36e-6f65f7506773", "source": "bdtopo"}}, {"type": "Feature", "id": "equipement_de_transport.59827", "geometry": {"type": "MultiPolygon", "coordinates": [[[[4.42949477, 43.79934199, -1000], [4.42949365, 43.79929701, -1000], [4.42943154, 43.79929782, -1000], [4.42943266, 43.79934281, -1000], [4.42949477, 43.79934199, -1000]]]]}, "geometry_name": "geometrie", "properties": {"cleabs": "EQ_RESEA0000000259350528", "nature": "Parking", "nature_detaillee": null, "toponyme": "Parking Blachère", "statut_du_toponyme": "Collecté", "importance": "5", "numero": null, "fictif": true, "adresse_postale": null, "etat_de_l_objet": "En service", "date_creation": "2011-06-17T11:06:38.772Z", "date_modification": "2019-11-08T10:19:28.096Z", "date_d_apparition": null, "date_de_confirmation": null, "sources": null, "identifiants_sources": null, "methode_d_acquisition_planimetrique": "Calculé", "precision_planimetrique": 20, "methode_d_acquisition_altimetrique": "Pas de Z", "precision_altimetrique": 9999, "insee_commune": "30047", "commune": "BOUILLARGUES", "identifiant_voie_ban": null, "id_ban_odonyme": null, "source": "bdtopo"}}, {"type": "Feature", "id": "equipement_de_transport.59998", "geometry": {"type": "MultiPolygon", "coordinates": [[[[4.08724559, 43.78710321, 26.4], [4.08634623, 43.78677829, 26.4], [4.08687905, 43.78605301, 26.4], [4.08776113, 43.7863844, 26.4], [4.08724559, 43.78710321, 26.4]]]]}, "geometry_name": "geometrie", "properties": {"cleabs": "EQ_RESEA0000000271266592", "nature": "Parking", "nature_detaillee": null, "toponyme": null, "statut_du_toponyme": null, "importance": "5", "numero": null, "fictif": false, "adresse_postale": null, "etat_de_l_objet": "En service", "date_creation": "2011-07-01T04:27:56.055Z", "date_modification": "2025-03-31T09:24:52.010Z", "date_d_apparition": null, "date_de_confirmation": null, "sources": null, "identifiants_sources": null, "methode_d_acquisition_planimetrique": "Levé non GPS", "precision_planimetrique": 5, "methode_d_acquisition_altimetrique": "Photogrammétrie", "precision_altimetrique": 1.5, "insee_commune": "30321", "commune": "SOMMIERES", "identifiant_voie_ban": null, "id_ban_odonyme": null, "source": "bdtopo"}}, {"type": "Feature", "id": "equipement_de_transport.59999", "geometry": {"type": "MultiPolygon", "coordinates": [[[[4.08492725, 43.78394496, 27.3], [4.08448645, 43.78467471, 26.8], [4.08437703, 43.78486569, 26.8], [4.08427697, 43.78482979, 26.9], [4.08415695, 43.78472389, 26.7], [4.08402014, 43.78464965, 26.9], [4.08396826, 43.78446838, 27.1], [4.08379979, 43.78383738, 27.6], [4.08398547, 43.78380313, 27.6], [4.08421317, 43.78382337, 27.6], [4.08436137, 43.78384349, 27.6], [4.08448346, 43.78386208, 27.7], [4.08466652, 43.78388635, 27.2], [4.08477619, 43.78390506, 27.4], [4.08492725, 43.78394496, 27.3]]]]}, "geometry_name": "geometrie", "properties": {"cleabs": "EQ_RESEA0000000271266593", "nature": "Parking", "nature_detaillee": null, "toponyme": null, "statut_du_toponyme": null, "importance": "5", "numero": null, "fictif": false, "adresse_postale": null, "etat_de_l_objet": "En service", "date_creation": "2011-07-01T04:27:56.055Z", "date_modification": "2020-12-04T02:07:15.264Z", "date_d_apparition": null, "date_de_confirmation": null, "sources": null, "identifiants_sources": null, "methode_d_acquisition_planimetrique": "Orthophotographie", "precision_planimetrique": 3, "methode_d_acquisition_altimetrique": "Lidar", "precision_altimetrique": 0.5, "insee_commune": "30321", "commune": "SOMMIERES", "identifiant_voie_ban": null, "id_ban_odonyme": null, "source": "bdtopo"}}, {"type": "Feature", "id": "equipement_de_transport.60000", "geometry": {"type": "MultiPolygon", "coordinates": [[[[4.0855134, 43.78334695, 25.7], [4.0861817, 43.78347798, 26], [4.086352, 43.78328819, 25.5], [4.08663051, 43.78336731, 25.2], [4.08696563, 43.7828303, 25.6], [4.08705519, 43.78250992, 25.7], [4.0868192, 43.78237998, 25.6], [4.08661366, 43.78234963, 25.7], [4.08647568, 43.78286758, 25.8], [4.08572488, 43.78277427, 25.5], [4.08563543, 43.78296955, 25.4], [4.0855134, 43.78334695, 25.7]]]]}, "geometry_name": "geometrie", "properties": {"cleabs": "EQ_RESEA0000000271266594", "nature": "Parking", "nature_detaillee": null, "toponyme": null, "statut_du_toponyme": null, "importance": "5", "numero": null, "fictif": false, "adresse_postale": null, "etat_de_l_objet": "En service", "date_creation": "2011-07-01T04:27:56.055Z", "date_modification": "2018-02-15T21:18:48.911Z", "date_d_apparition": null, "date_de_confirmation": null, "sources": null, "identifiants_sources": null, "methode_d_acquisition_planimetrique": "Orthophotographie", "precision_planimetrique": 3, "methode_d_acquisition_altimetrique": "Lidar", "precision_altimetrique": 0.5, "insee_commune": "30321", "commune": "SOMMIERES", "identifiant_voie_ban": null, "id_ban_odonyme": null, "source": "bdtopo"}}, {"type": "Feature", "id": "equipement_de_transport.60001", "geometry": {"type": "MultiPolygon", "coordinates": [[[[4.08619833, 43.78140971, 25.4], [4.08661548, 43.78146405, 25.2], [4.08665872, 43.78164811, 25.1], [4.0867343, 43.78176885, 24.9], [4.08666955, 43.78189099, 24.8], [4.08646932, 43.78187859, 24.9], [4.08640004, 43.78176229, 25.3], [4.08631472, 43.78152105, 25.4], [4.08626623, 43.78145313, 25.4], [4.08619833, 43.78140971, 25.4]]]]}, "geometry_name": "geometrie", "properties": {"cleabs": "EQ_RESEA0000000271266595", "nature": "Parking", "nature_detaillee": null, "toponyme": null, "statut_du_toponyme": null, "importance": "5", "numero": null, "fictif": false, "adresse_postale": null, "etat_de_l_objet": "En service", "date_creation": "2011-07-01T04:27:56.055Z", "date_modification": "2018-02-15T21:18:48.911Z", "date_d_apparition": null, "date_de_confirmation": null, "sources": null, "identifiants_sources": null, "methode_d_acquisition_planimetrique": "Orthophotographie", "precision_planimetrique": 3, "methode_d_acquisition_altimetrique": "Lidar", "precision_altimetrique": 0.5, "insee_commune": "30321", "commune": "SOMMIERES", "identifiant_voie_ban": null, "id_ban_odonyme": null, "source": "bdtopo"}}, {"type": "Feature", "id": "equipement_de_transport.60002", "geometry": {"type": "MultiPolygon", "coordinates": [[[[4.0924776, 43.77901606, -1000], [4.09250041, 43.77890963, -1000], [4.09270044, 43.77826236, -1000], [4.0928075, 43.77827479, -1000], [4.09280297, 43.77836303, -1000], [4.09297114, 43.77838834, -1000], [4.09295018, 43.77859194, -1000], [4.09284291, 43.77902319, -1000], [4.0924776, 43.77901606, -1000]]]]}, "geometry_name": "geometrie", "properties": {"cleabs": "EQ_RESEA0000000271266793", "nature": "Parking", "nature_detaillee": null, "toponyme": "Parking de l'Ancienne Gare", "statut_du_toponyme": "Collecté", "importance": "5", "numero": null, "fictif": false, "adresse_postale": null, "etat_de_l_objet": "En service", "date_creation": "2011-07-01T04:27:56.055Z", "date_modification": "2025-03-27T15:17:55.804Z", "date_d_apparition": null, "date_de_confirmation": null, "sources": null, "identifiants_sources": null, "methode_d_acquisition_planimetrique": "Levé non GPS", "precision_planimetrique": 5, "methode_d_acquisition_altimetrique": "Pas de Z", "precision_altimetrique": 9999, "insee_commune": "30321", "commune": "SOMMIERES", "identifiant_voie_ban": null, "id_ban_odonyme": null, "source": "bdtopo"}}, {"type": "Feature", "id": "equipement_de_transport.60070", "geometry": {"type": "MultiPolygon", "coordinates": [[[[4.43997189, 43.86885096, 62.4], [4.4392173, 43.86828217, 62.4], [4.43917725, 43.8682233, 61.5], [4.43915251, 43.86817952, 61.5], [4.43937912, 43.86818643, 61.5], [4.43975042, 43.86820854, 60.6], [4.43977113, 43.86819116, 60.6], [4.43983596, 43.8681471, 60.6], [4.44045439, 43.86859528, 61.4], [4.44039329, 43.86863929, 61.3], [4.44012809, 43.86863109, 62.1], [4.44003852, 43.86868087, 62.1], [4.44023396, 43.86883311, 62.1], [4.43997189, 43.86885096, 62.4]]]]}, "geometry_name": "geometrie", "properties": {"cleabs": "EQ_RESEA0000000274510366", "nature": "Parking", "nature_detaillee": null, "toponyme": null, "statut_du_toponyme": null, "importance": "5", "numero": null, "fictif": false, "adresse_postale": null, "etat_de_l_objet": "En service", "date_creation": "2011-07-11T04:37:26.394Z", "date_modification": "2014-08-07T10:05:11.740Z", "date_d_apparition": null, "date_de_confirmation": "2012-07-01Z", "sources": null, "identifiants_sources": null, "methode_d_acquisition_planimetrique": "Photogrammétrie", "precision_planimetrique": 2.5, "methode_d_acquisition_altimetrique": "Photogrammétrie", "precision_altimetrique": 1.5, "insee_commune": "30156", "commune": "MARGUERITTES", "identifiant_voie_ban": null, "id_ban_odonyme": null, "source": "bdtopo"}}, {"type": "Feature", "id": "equipement_de_transport.60071", "geometry": {"type": "MultiPolygon", "coordinates": [[[[4.3217561, 43.82100052, 69], [4.32176567, 43.8208231, 68], [4.32207807, 43.82084002, 68], [4.32204631, 43.82107891, 70.5], [4.32206755, 43.82119115, 72], [4.32216366, 43.82131599, 74.6], [4.32227671, 43.82147392, 75.8], [4.32216629, 43.82148336, 76.9], [4.32224017, 43.82166787, 79.9], [4.3229464, 43.82210481, 80.5], [4.32315791, 43.82222015, 80.2], [4.32319468, 43.82225121, 80.2], [4.323285, 43.82234011, 79.9], [4.32338294, 43.82243613, 79.2], [4.32346625, 43.82249092, 78.5], [4.32352758, 43.82250907, 77.8], [4.32360231, 43.82251537, 77.5], [4.32362779, 43.82254206, 77.8], [4.32362347, 43.82257001, 77.9], [4.3236186, 43.82257457, 78.1], [4.3236239, 43.8225889, 78.1], [4.32363551, 43.82260676, 78.1], [4.32362863, 43.82263205, 78.1], [4.32361455, 43.82266822, 78.7], [4.32359761, 43.82268823, 78.8], [4.323589, 43.82269193, 78.8], [4.32356675, 43.8226976, 79], [4.32353509, 43.82272589, 79.3], [4.32343064, 43.82277846, 79.9], [4.32305093, 43.82237805, 80.3], [4.32285752, 43.82218509, 81.5], [4.3227894, 43.82219582, 81.5], [4.32278301, 43.8221887, 81.5], [4.32271232, 43.82214185, 80.9], [4.32266959, 43.82212167, 80.5], [4.32264195, 43.82210941, 80.4], [4.32251606, 43.82209473, 80.1], [4.32232576, 43.82208984, 78.3], [4.32226739, 43.82209235, 77.9], [4.32209105, 43.82209989, 77], [4.32207224, 43.82209292, 76.8], [4.32205447, 43.82207693, 76.7], [4.32202124, 43.82203773, 76.5], [4.32197859, 43.82202115, 76.2], [4.32192689, 43.82193537, 77.6], [4.32180009, 43.82193511, 77.8], [4.32177058, 43.82178786, 77.6], [4.32178789, 43.82156895, 77.2], [4.32193592, 43.82151945, 76.8], [4.32193328, 43.82151319, 76.4], [4.32187968, 43.82145263, 75.5], [4.32174664, 43.82123644, 71.9], [4.321733, 43.82113041, 70.5], [4.3217561, 43.82100052, 69]]]]}, "geometry_name": "geometrie", "properties": {"cleabs": "EQ_RESEA0000000274510367", "nature": "Parking", "nature_detaillee": null, "toponyme": null, "statut_du_toponyme": null, "importance": "5", "numero": null, "fictif": false, "adresse_postale": null, "etat_de_l_objet": "En service", "date_creation": "2011-07-11T04:37:26.394Z", "date_modification": "2017-03-17T08:28:07.050Z", "date_d_apparition": null, "date_de_confirmation": "2010-07-01Z", "sources": null, "identifiants_sources": null, "methode_d_acquisition_planimetrique": "Photogrammétrie", "precision_planimetrique": 2.5, "methode_d_acquisition_altimetrique": "Photogrammétrie", "precision_altimetrique": 1.5, "insee_commune": "30189", "commune": "NIMES", "identifiant_voie_ban": null, "id_ban_odonyme": null, "source": "bdtopo"}}, {"type": "Feature", "id": "equipement_de_transport.60072", "geometry": {"type": "MultiPolygon", "coordinates": [[[[4.32305913, 43.80629735, 35.4], [4.32250117, 43.80656692, 35.7], [4.3225548, 43.80662927, 35.6], [4.32234696, 43.8067236, 35.5], [4.32237757, 43.80675743, 35.4], [4.32204071, 43.80691541, 35.4], [4.32075389, 43.80543789, 35.4], [4.32073725, 43.80530939, 35.4], [4.32158053, 43.80491037, 35.4], [4.32305913, 43.80629735, 35.4]]]]}, "geometry_name": "geometrie", "properties": {"cleabs": "EQ_RESEA0000000274510368", "nature": "Parking", "nature_detaillee": null, "toponyme": null, "statut_du_toponyme": null, "importance": "5", "numero": null, "fictif": false, "adresse_postale": null, "etat_de_l_objet": "En service", "date_creation": "2011-07-11T04:37:26.394Z", "date_modification": "2017-03-17T08:28:07.050Z", "date_d_apparition": null, "date_de_confirmation": "2010-07-01Z", "sources": null, "identifiants_sources": null, "methode_d_acquisition_planimetrique": "Photogrammétrie", "precision_planimetrique": 2.5, "methode_d_acquisition_altimetrique": "Photogrammétrie", "precision_altimetrique": 1.5, "insee_commune": "30189", "commune": "NIMES", "identifiant_voie_ban": null, "id_ban_odonyme": null, "source": "bdtopo"}}, {"type": "Feature", "id": "equipement_de_transport.60073", "geometry": {"type": "MultiPolygon", "coordinates": [[[[4.40484877, 43.86019292, 64.5], [4.40513668, 43.85986159, 64.7], [4.40535109, 43.85962752, 63.9], [4.40537627, 43.85963979, 63.9], [4.40561036, 43.85939646, 63.9], [4.40519995, 43.85919743, 63], [4.40491283, 43.85945945, 64.1], [4.40471281, 43.85967174, 64.7], [4.40466552, 43.85972185, 64.7], [4.40476385, 43.85977459, 64.7], [4.4045619, 43.8600607, 64.7], [4.40484877, 43.86019292, 64.5]]]]}, "geometry_name": "geometrie", "properties": {"cleabs": "EQ_RESEA0000000274510369", "nature": "Parking", "nature_detaillee": null, "toponyme": null, "statut_du_toponyme": null, "importance": "5", "numero": null, "fictif": false, "adresse_postale": null, "etat_de_l_objet": "En service", "date_creation": "2011-07-11T04:37:26.394Z", "date_modification": "2017-03-17T08:28:07.050Z", "date_d_apparition": null, "date_de_confirmation": "2010-07-01Z", "sources": null, "identifiants_sources": null, "methode_d_acquisition_planimetrique": "Photogrammétrie", "precision_planimetrique": 2.5, "methode_d_acquisition_altimetrique": "Photogrammétrie", "precision_altimetrique": 1.5, "insee_commune": "30189", "commune": "NIMES", "identifiant_voie_ban": null, "id_ban_odonyme": null, "source": "bdtopo"}}, {"type": "Feature", "id": "equipement_de_transport.60074", "geometry": {"type": "MultiPolygon", "coordinates": [[[[4.40665725, 43.86185183, 77], [4.40641029, 43.86177491, 76.7], [4.40652638, 43.8615889, 76.9], [4.40722127, 43.86146834, 76.9], [4.40761908, 43.8614074, 76.8], [4.40730064, 43.86196325, 77.2], [4.40728227, 43.86197518, 77.2], [4.40726504, 43.86198261, 77.2], [4.40724521, 43.86198556, 77.2], [4.40722651, 43.861984, 77.2], [4.40699938, 43.86190413, 77.2], [4.40673122, 43.86182478, 77.2], [4.40670364, 43.86186654, 77.2], [4.40665725, 43.86185183, 77]]]]}, "geometry_name": "geometrie", "properties": {"cleabs": "EQ_RESEA0000000274510370", "nature": "Parking", "nature_detaillee": null, "toponyme": null, "statut_du_toponyme": null, "importance": "5", "numero": null, "fictif": false, "adresse_postale": null, "etat_de_l_objet": "En service", "date_creation": "2011-07-11T04:37:26.394Z", "date_modification": "2017-03-17T08:28:07.050Z", "date_d_apparition": null, "date_de_confirmation": "2010-07-01Z", "sources": null, "identifiants_sources": null, "methode_d_acquisition_planimetrique": "Photogrammétrie", "precision_planimetrique": 2.5, "methode_d_acquisition_altimetrique": "Photogrammétrie", "precision_altimetrique": 1.5, "insee_commune": "30189", "commune": "NIMES", "identifiant_voie_ban": null, "id_ban_odonyme": null, "source": "bdtopo"}}, {"type": "Feature", "id": "equipement_de_transport.60075", "geometry": {"type": "MultiPolygon", "coordinates": [[[[4.39174452, 43.8359623, 35.5], [4.39258731, 43.83579944, 35.5], [4.39274816, 43.83632841, 36.3], [4.39196823, 43.83641757, 36.3], [4.39188311, 43.83619005, 36.3], [4.39181549, 43.83622151, 36.3], [4.39174452, 43.8359623, 35.5]]]]}, "geometry_name": "geometrie", "properties": {"cleabs": "EQ_RESEA0000000274510372", "nature": "Parking", "nature_detaillee": null, "toponyme": null, "statut_du_toponyme": null, "importance": "5", "numero": null, "fictif": false, "adresse_postale": null, "etat_de_l_objet": "En service", "date_creation": "2011-07-11T04:37:26.394Z", "date_modification": "2017-03-17T08:28:07.050Z", "date_d_apparition": null, "date_de_confirmation": "2010-07-01Z", "sources": null, "identifiants_sources": null, "methode_d_acquisition_planimetrique": "Photogrammétrie", "precision_planimetrique": 2.5, "methode_d_acquisition_altimetrique": "Photogrammétrie", "precision_altimetrique": 1.5, "insee_commune": "30189", "commune": "NIMES", "identifiant_voie_ban": null, "id_ban_odonyme": null, "source": "bdtopo"}}, {"type": "Feature", "id": "equipement_de_transport.60524", "geometry": {"type": "MultiPolygon", "coordinates": [[[[4.0824792, 43.869104, -1000], [4.08247834, 43.869059, -1000], [4.08241615, 43.86905962, -1000], [4.08241701, 43.86910461, -1000], [4.0824792, 43.869104, -1000]]]]}, "geometry_name": "geometrie", "properties": {"cleabs": "EQ_RESEA0000000287637088", "nature": "Parking", "nature_detaillee": null, "toponyme": null, "statut_du_toponyme": null, "importance": "5", "numero": null, "fictif": true, "adresse_postale": "", "etat_de_l_objet": "En service", "date_creation": "2011-08-16T13:40:33.135Z", "date_modification": "2016-12-16T14:15:15.232Z", "date_d_apparition": null, "date_de_confirmation": null, "sources": null, "identifiants_sources": null, "methode_d_acquisition_planimetrique": "Calculé", "precision_planimetrique": 20, "methode_d_acquisition_altimetrique": "Pas de Z", "precision_altimetrique": 9999, "insee_commune": "30349", "commune": "VIC-LE-FESQ", "identifiant_voie_ban": null, "id_ban_odonyme": null, "source": "bdtopo"}}, {"type": "Feature", "id": "equipement_de_transport.60525", "geometry": {"type": "MultiPolygon", "coordinates": [[[[4.11263415, 43.85360594, -1000], [4.11186069, 43.85367683, -1000], [4.11179211, 43.85360373, -1000], [4.11169351, 43.85345803, -1000], [4.11258269, 43.85339047, -1000], [4.11263415, 43.85360594, -1000]]]]}, "geometry_name": "geometrie", "properties": {"cleabs": "EQ_RESEA0000000287637089", "nature": "Parking", "nature_detaillee": null, "toponyme": null, "statut_du_toponyme": null, "importance": "5", "numero": null, "fictif": false, "adresse_postale": null, "etat_de_l_objet": "En service", "date_creation": "2011-08-16T13:40:33.135Z", "date_modification": "2025-05-06T11:39:10.541Z", "date_d_apparition": null, "date_de_confirmation": null, "sources": null, "identifiants_sources": null, "methode_d_acquisition_planimetrique": "Calculé", "precision_planimetrique": 20, "methode_d_acquisition_altimetrique": "Pas de Z", "precision_altimetrique": 9999, "insee_commune": "30088", "commune": "COMBAS", "identifiant_voie_ban": null, "id_ban_odonyme": null, "source": "bdtopo"}}, {"type": "Feature", "id": "equipement_de_transport.61486", "geometry": {"type": "MultiPolygon", "coordinates": [[[[4.48363781, 43.81986772, -1000], [4.48363664, 43.81982273, -1000], [4.48357451, 43.81982358, -1000], [4.48357568, 43.81986856, -1000], [4.48363781, 43.81986772, -1000]]]]}, "geometry_name": "geometrie", "properties": {"cleabs": "EQ_RESEA0000000290810361", "nature": "Parking", "nature_detaillee": null, "toponyme": null, "statut_du_toponyme": null, "importance": "5", "numero": null, "fictif": true, "adresse_postale": "", "etat_de_l_objet": "En service", "date_creation": "2011-10-27T08:09:23.055Z", "date_modification": "2016-12-16T14:15:15.232Z", "date_d_apparition": null, "date_de_confirmation": null, "sources": null, "identifiants_sources": null, "methode_d_acquisition_planimetrique": "Calculé", "precision_planimetrique": 20, "methode_d_acquisition_altimetrique": "Pas de Z", "precision_altimetrique": 9999, "insee_commune": "30155", "commune": "MANDUEL", "identifiant_voie_ban": null, "id_ban_odonyme": null, "source": "bdtopo"}}, {"type": "Feature", "id": "equipement_de_transport.61487", "geometry": {"type": "MultiPolygon", "coordinates": [[[[4.55520766, 43.93813559, -1000], [4.55520643, 43.9380906, -1000], [4.55514417, 43.93809149, -1000], [4.5551454, 43.93813648, -1000], [4.55520766, 43.93813559, -1000]]]]}, "geometry_name": "geometrie", "properties": {"cleabs": "EQ_RESEA0000000290810549", "nature": "Parking", "nature_detaillee": null, "toponyme": null, "statut_du_toponyme": null, "importance": "5", "numero": null, "fictif": true, "adresse_postale": null, "etat_de_l_objet": "En service", "date_creation": "2011-10-27T08:10:40.647Z", "date_modification": "2022-11-02T12:07:07.354Z", "date_d_apparition": null, "date_de_confirmation": null, "sources": null, "identifiants_sources": null, "methode_d_acquisition_planimetrique": "Calculé", "precision_planimetrique": 20, "methode_d_acquisition_altimetrique": "Pas de Z", "precision_altimetrique": 9999, "insee_commune": "30212", "commune": "REMOULINS", "identifiant_voie_ban": null, "id_ban_odonyme": null, "source": "bdtopo"}}, {"type": "Feature", "id": "equipement_de_transport.61945", "geometry": {"type": "MultiPolygon", "coordinates": [[[[4.43182044, 43.8263702, -1000], [4.43181932, 43.82632522, -1000], [4.43175718, 43.82632603, -1000], [4.4317583, 43.82637102, -1000], [4.43182044, 43.8263702, -1000]]]]}, "geometry_name": "geometrie", "properties": {"cleabs": "EQ_RESEA0000000292183766", "nature": "Parking", "nature_detaillee": null, "toponyme": null, "statut_du_toponyme": null, "importance": "5", "numero": null, "fictif": true, "adresse_postale": "", "etat_de_l_objet": "En service", "date_creation": "2011-12-01T11:20:40.094Z", "date_modification": "2016-12-16T14:15:15.232Z", "date_d_apparition": null, "date_de_confirmation": null, "sources": null, "identifiants_sources": null, "methode_d_acquisition_planimetrique": "Calculé", "precision_planimetrique": 20, "methode_d_acquisition_altimetrique": "Pas de Z", "precision_altimetrique": 9999, "insee_commune": "30356", "commune": "RODILHAN", "identifiant_voie_ban": null, "id_ban_odonyme": null, "source": "bdtopo"}}, {"type": "Feature", "id": "equipement_de_transport.61946", "geometry": {"type": "MultiPolygon", "coordinates": [[[[4.43111229, 43.82614099, -1000], [4.43111117, 43.826096, -1000], [4.43104903, 43.82609682, -1000], [4.43105015, 43.8261418, -1000], [4.43111229, 43.82614099, -1000]]]]}, "geometry_name": "geometrie", "properties": {"cleabs": "EQ_RESEA0000000292183767", "nature": "Parking", "nature_detaillee": null, "toponyme": null, "statut_du_toponyme": null, "importance": "5", "numero": null, "fictif": true, "adresse_postale": "", "etat_de_l_objet": "En service", "date_creation": "2011-12-01T11:20:40.094Z", "date_modification": "2016-12-16T14:15:15.232Z", "date_d_apparition": null, "date_de_confirmation": null, "sources": null, "identifiants_sources": null, "methode_d_acquisition_planimetrique": "Calculé", "precision_planimetrique": 20, "methode_d_acquisition_altimetrique": "Pas de Z", "precision_altimetrique": 9999, "insee_commune": "30356", "commune": "RODILHAN", "identifiant_voie_ban": null, "id_ban_odonyme": null, "source": "bdtopo"}}, {"type": "Feature", "id": "equipement_de_transport.61947", "geometry": {"type": "MultiPolygon", "coordinates": [[[[4.46978332, 43.81622563, -1000], [4.46978216, 43.81618065, -1000], [4.46972003, 43.81618148, -1000], [4.46972119, 43.81622647, -1000], [4.46978332, 43.81622563, -1000]]]]}, "geometry_name": "geometrie", "properties": {"cleabs": "EQ_RESEA0000000292183768", "nature": "Parking", "nature_detaillee": null, "toponyme": null, "statut_du_toponyme": null, "importance": "5", "numero": null, "fictif": true, "adresse_postale": "", "etat_de_l_objet": "En service", "date_creation": "2011-12-01T11:20:40.094Z", "date_modification": "2016-12-16T14:15:15.232Z", "date_d_apparition": null, "date_de_confirmation": null, "sources": null, "identifiants_sources": null, "methode_d_acquisition_planimetrique": "Calculé", "precision_planimetrique": 20, "methode_d_acquisition_altimetrique": "Pas de Z", "precision_altimetrique": 9999, "insee_commune": "30155", "commune": "MANDUEL", "identifiant_voie_ban": null, "id_ban_odonyme": null, "source": "bdtopo"}}, {"type": "Feature", "id": "equipement_de_transport.62016", "geometry": {"type": "MultiPolygon", "coordinates": [[[[4.5641628, 43.82995726, -1000], [4.56416157, 43.82991227, -1000], [4.56409943, 43.82991316, -1000], [4.56410066, 43.82995815, -1000], [4.5641628, 43.82995726, -1000]]]]}, "geometry_name": "geometrie", "properties": {"cleabs": "EQ_RESEA0000000292677356", "nature": "Parking", "nature_detaillee": null, "toponyme": "Parking du Marché Couvert", "statut_du_toponyme": "Collecté", "importance": "5", "numero": null, "fictif": true, "adresse_postale": null, "etat_de_l_objet": "En service", "date_creation": "2011-12-12T10:16:40.630Z", "date_modification": "2019-11-08T10:27:17.782Z", "date_d_apparition": null, "date_de_confirmation": null, "sources": null, "identifiants_sources": null, "methode_d_acquisition_planimetrique": "Calculé", "precision_planimetrique": 20, "methode_d_acquisition_altimetrique": "Pas de Z", "precision_altimetrique": 9999, "insee_commune": "30135", "commune": "JONQUIERES-SAINT-VINCENT", "identifiant_voie_ban": null, "id_ban_odonyme": null, "source": "bdtopo"}}, {"type": "Feature", "id": "equipement_de_transport.62326", "geometry": {"type": "MultiPolygon", "coordinates": [[[[4.44333487, 43.86363564, -1000], [4.44333374, 43.86359065, -1000], [4.44327156, 43.86359147, -1000], [4.44327269, 43.86363646, -1000], [4.44333487, 43.86363564, -1000]]]]}, "geometry_name": "geometrie", "properties": {"cleabs": "EQ_RESEA0000000293928717", "nature": "Parking", "nature_detaillee": null, "toponyme": null, "statut_du_toponyme": null, "importance": "5", "numero": null, "fictif": true, "adresse_postale": "", "etat_de_l_objet": "En service", "date_creation": "2012-01-09T12:15:59.213Z", "date_modification": "2016-12-16T14:15:15.232Z", "date_d_apparition": null, "date_de_confirmation": null, "sources": null, "identifiants_sources": null, "methode_d_acquisition_planimetrique": "Calculé", "precision_planimetrique": 20, "methode_d_acquisition_altimetrique": "Pas de Z", "precision_altimetrique": 9999, "insee_commune": "30156", "commune": "MARGUERITTES", "identifiant_voie_ban": null, "id_ban_odonyme": null, "source": "bdtopo"}}, {"type": "Feature", "id": "equipement_de_transport.62331", "geometry": {"type": "MultiPolygon", "coordinates": [[[[4.34976846, 43.72644821, -1000], [4.3497674, 43.72640323, -1000], [4.34970537, 43.726404, -1000], [4.34970643, 43.72644898, -1000], [4.34976846, 43.72644821, -1000]]]]}, "geometry_name": "geometrie", "properties": {"cleabs": "EQ_RESEA0000000293928723", "nature": "Parking", "nature_detaillee": null, "toponyme": null, "statut_du_toponyme": null, "importance": "5", "numero": null, "fictif": true, "adresse_postale": null, "etat_de_l_objet": "En service", "date_creation": "2012-01-09T12:15:59.213Z", "date_modification": "2020-11-24T09:54:22.010Z", "date_d_apparition": null, "date_de_confirmation": null, "sources": null, "identifiants_sources": null, "methode_d_acquisition_planimetrique": "Calculé", "precision_planimetrique": 20, "methode_d_acquisition_altimetrique": "Pas de Z", "precision_altimetrique": 9999, "insee_commune": "30128", "commune": "GENERAC", "identifiant_voie_ban": null, "id_ban_odonyme": null, "source": "bdtopo"}}, {"type": "Feature", "id": "equipement_de_transport.62961", "geometry": {"type": "MultiPolygon", "coordinates": [[[[4.1926365, 43.77965156, -1000], [4.19246439, 43.77961835, -1000], [4.19235658, 43.77963033, -1000], [4.19222266, 43.77964169, -1000], [4.19204756, 43.77964361, -1000], [4.19217274, 43.77951084, -1000], [4.19213326, 43.77946447, -1000], [4.19227784, 43.779309, -1000], [4.19234149, 43.7792642, -1000], [4.19244247, 43.77934139, -1000], [4.1925478, 43.77938884, -1000], [4.19264142, 43.77941121, -1000], [4.1926365, 43.77965156, -1000]]]]}, "geometry_name": "geometrie", "properties": {"cleabs": "EQ_RESEA0000000296550242", "nature": "Parking", "nature_detaillee": null, "toponyme": null, "statut_du_toponyme": null, "importance": "5", "numero": null, "fictif": false, "adresse_postale": null, "etat_de_l_objet": "En service", "date_creation": "2012-03-01T07:11:29.578Z", "date_modification": "2025-05-06T11:39:32.456Z", "date_d_apparition": null, "date_de_confirmation": null, "sources": null, "identifiants_sources": null, "methode_d_acquisition_planimetrique": "Calculé", "precision_planimetrique": 20, "methode_d_acquisition_altimetrique": "Pas de Z", "precision_altimetrique": 9999, "insee_commune": "30062", "commune": "CALVISSON", "identifiant_voie_ban": null, "id_ban_odonyme": null, "source": "bdtopo"}}, {"type": "Feature", "id": "equipement_de_transport.63230", "geometry": {"type": "MultiPolygon", "coordinates": [[[[4.56315852, 43.8831139, -1000], [4.56315728, 43.88306892, -1000], [4.56309508, 43.88306981, -1000], [4.56309632, 43.8831148, -1000], [4.56315852, 43.8831139, -1000]]]]}, "geometry_name": "geometrie", "properties": {"cleabs": "EQ_RESEA0000000297308738", "nature": "Parking", "nature_detaillee": null, "toponyme": "Place Georges Sabonadier", "statut_du_toponyme": "Collecté", "importance": "5", "numero": null, "fictif": true, "adresse_postale": null, "etat_de_l_objet": "En service", "date_creation": "2012-03-16T12:34:36.004Z", "date_modification": "2025-12-05T11:36:43.898Z", "date_d_apparition": null, "date_de_confirmation": null, "sources": null, "identifiants_sources": null, "methode_d_acquisition_planimetrique": "Calculé", "precision_planimetrique": 20, "methode_d_acquisition_altimetrique": "Pas de Z", "precision_altimetrique": 9999, "insee_commune": "30166", "commune": "MEYNES", "identifiant_voie_ban": "30166_0043", "id_ban_odonyme": "467e45a8-512d-4447-80e6-12789cea3f78", "source": "bdtopo"}}, {"type": "Feature", "id": "equipement_de_transport.63247", "geometry": {"type": "MultiPolygon", "coordinates": [[[[4.19331482, 43.90876137, -1000], [4.19331388, 43.90871637, -1000], [4.19325165, 43.90871705, -1000], [4.19325259, 43.90876205, -1000], [4.19331482, 43.90876137, -1000]]]]}, "geometry_name": "geometrie", "properties": {"cleabs": "EQ_RESEA0000000297461634", "nature": "Parking", "nature_detaillee": null, "toponyme": "Place Saturnin Garimond", "statut_du_toponyme": "Collecté", "importance": "5", "numero": null, "fictif": true, "adresse_postale": null, "etat_de_l_objet": "En service", "date_creation": "2012-03-20T13:33:11.201Z", "date_modification": "2019-11-08T10:10:21.007Z", "date_d_apparition": null, "date_de_confirmation": null, "sources": null, "identifiants_sources": null, "methode_d_acquisition_planimetrique": "Calculé", "precision_planimetrique": 20, "methode_d_acquisition_altimetrique": "Pas de Z", "precision_altimetrique": 9999, "insee_commune": "30112", "commune": "FONS", "identifiant_voie_ban": null, "id_ban_odonyme": null, "source": "bdtopo"}}, {"type": "Feature", "id": "equipement_de_transport.63248", "geometry": {"type": "MultiPolygon", "coordinates": [[[[4.26197363, 43.82751021, -1000], [4.26178051, 43.82749085, -1000], [4.26118705, 43.82746981, -1000], [4.26132571, 43.8271622, -1000], [4.26200467, 43.82717055, -1000], [4.26199375, 43.82735158, -1000], [4.26197363, 43.82751021, -1000]]]]}, "geometry_name": "geometrie", "properties": {"cleabs": "EQ_RESEA0000000297461635", "nature": "Parking", "nature_detaillee": null, "toponyme": null, "statut_du_toponyme": null, "importance": "5", "numero": null, "fictif": false, "adresse_postale": null, "etat_de_l_objet": "En service", "date_creation": "2012-03-20T13:33:11.201Z", "date_modification": "2025-05-06T11:39:51.950Z", "date_d_apparition": null, "date_de_confirmation": null, "sources": null, "identifiants_sources": null, "methode_d_acquisition_planimetrique": "Calculé", "precision_planimetrique": 20, "methode_d_acquisition_altimetrique": "Pas de Z", "precision_altimetrique": 9999, "insee_commune": "30075", "commune": "CAVEIRAC", "identifiant_voie_ban": null, "id_ban_odonyme": null, "source": "bdtopo"}}, {"type": "Feature", "id": "equipement_de_transport.63403", "geometry": {"type": "MultiPolygon", "coordinates": [[[[4.12421964, 43.79072665, -1000], [4.12421402, 43.79063041, -1000], [4.12422797, 43.79051867, -1000], [4.12459067, 43.79064182, -1000], [4.12486441, 43.7907263, -1000], [4.12481568, 43.7908384, -1000], [4.12421964, 43.79072665, -1000]]]]}, "geometry_name": "geometrie", "properties": {"cleabs": "EQ_RESEA0000000298141378", "nature": "Parking", "nature_detaillee": null, "toponyme": null, "statut_du_toponyme": null, "importance": "5", "numero": null, "fictif": false, "adresse_postale": null, "etat_de_l_objet": "En service", "date_creation": "2012-04-04T06:22:25.125Z", "date_modification": "2025-05-06T11:39:13.248Z", "date_d_apparition": null, "date_de_confirmation": null, "sources": null, "identifiants_sources": null, "methode_d_acquisition_planimetrique": "Calculé", "precision_planimetrique": 20, "methode_d_acquisition_altimetrique": "Pas de Z", "precision_altimetrique": 9999, "insee_commune": "30023", "commune": "AUJARGUES", "identifiant_voie_ban": null, "id_ban_odonyme": null, "source": "bdtopo"}}, {"type": "Feature", "id": "equipement_de_transport.63404", "geometry": {"type": "MultiPolygon", "coordinates": [[[[4.09800662, 43.78861886, -1000], [4.09772445, 43.7888044, -1000], [4.09730913, 43.78846029, -1000], [4.09759494, 43.78827022, -1000], [4.09800662, 43.78861886, -1000]]]]}, "geometry_name": "geometrie", "properties": {"cleabs": "EQ_RESEA0000000298141379", "nature": "Parking", "nature_detaillee": null, "toponyme": null, "statut_du_toponyme": null, "importance": "5", "numero": null, "fictif": false, "adresse_postale": null, "etat_de_l_objet": "En service", "date_creation": "2012-04-04T06:22:25.125Z", "date_modification": "2025-02-10T14:51:11.387Z", "date_d_apparition": null, "date_de_confirmation": null, "sources": null, "identifiants_sources": null, "methode_d_acquisition_planimetrique": "Calculé", "precision_planimetrique": 20, "methode_d_acquisition_altimetrique": "Pas de Z", "precision_altimetrique": 9999, "insee_commune": "30352", "commune": "VILLEVIEILLE", "identifiant_voie_ban": null, "id_ban_odonyme": null, "source": "bdtopo"}}, {"type": "Feature", "id": "equipement_de_transport.63405", "geometry": {"type": "MultiPolygon", "coordinates": [[[[4.21895223, 43.74304129, -1000], [4.21895127, 43.7429963, -1000], [4.21888922, 43.742997, -1000], [4.21889018, 43.74304198, -1000], [4.21895223, 43.74304129, -1000]]]]}, "geometry_name": "geometrie", "properties": {"cleabs": "EQ_RESEA0000000298141561", "nature": "Parking", "nature_detaillee": null, "toponyme": null, "statut_du_toponyme": null, "importance": "5", "numero": null, "fictif": true, "adresse_postale": "", "etat_de_l_objet": "En service", "date_creation": "2012-04-04T06:28:24.993Z", "date_modification": "2016-12-16T14:15:15.232Z", "date_d_apparition": null, "date_de_confirmation": null, "sources": null, "identifiants_sources": null, "methode_d_acquisition_planimetrique": "Calculé", "precision_planimetrique": 20, "methode_d_acquisition_altimetrique": "Pas de Z", "precision_altimetrique": 9999, "insee_commune": "30344", "commune": "VERGEZE", "identifiant_voie_ban": null, "id_ban_odonyme": null, "source": "bdtopo"}}, {"type": "Feature", "id": "equipement_de_transport.63540", "geometry": {"type": "MultiPolygon", "coordinates": [[[[4.55960937, 43.94162568, -1000], [4.55960814, 43.94158069, -1000], [4.55954588, 43.94158158, -1000], [4.55954711, 43.94162657, -1000], [4.55960937, 43.94162568, -1000]]]]}, "geometry_name": "geometrie", "properties": {"cleabs": "EQ_RESEA0000000298548832", "nature": "Parking", "nature_detaillee": null, "toponyme": "Place du Marché", "statut_du_toponyme": "Collecté", "importance": "5", "numero": null, "fictif": true, "adresse_postale": "", "etat_de_l_objet": "En service", "date_creation": "2012-04-13T16:29:40.592Z", "date_modification": "2017-12-19T13:57:55.125Z", "date_d_apparition": null, "date_de_confirmation": null, "sources": null, "identifiants_sources": null, "methode_d_acquisition_planimetrique": "Calculé", "precision_planimetrique": 20, "methode_d_acquisition_altimetrique": "Pas de Z", "precision_altimetrique": 9999, "insee_commune": "30212", "commune": "REMOULINS", "identifiant_voie_ban": null, "id_ban_odonyme": null, "source": "bdtopo"}}, {"type": "Feature", "id": "equipement_de_transport.64354", "geometry": {"type": "MultiPolygon", "coordinates": [[[[4.18496972, 43.69850042, 11.3], [4.18522654, 43.69844363, 11.3], [4.18535539, 43.69885619, 11.3], [4.18553318, 43.69905584, 10.4], [4.18582687, 43.69928212, 10.6], [4.18578652, 43.69931046, 10.8], [4.1858939, 43.69940468, 10.8], [4.18594714, 43.6993996, 10.8], [4.18634919, 43.69982718, 10.9], [4.18626322, 43.69986862, 10.3], [4.18627502, 43.69989909, 10.3], [4.18626566, 43.69992619, 10.3], [4.18624374, 43.69994622, 10.3], [4.1862279, 43.69995989, 10.3], [4.1861344, 43.69999691, 10.3], [4.18598069, 43.70006158, 10.3], [4.18595731, 43.70007083, 10.3], [4.18589337, 43.70009763, 10.3], [4.18581317, 43.7001183, 10.3], [4.18576739, 43.7001242, 10.3], [4.18572016, 43.70011931, 10.3], [4.18570642, 43.70011496, 10.3], [4.18568769, 43.70010887, 10.3], [4.1856649, 43.70008662, 10.3], [4.18558477, 43.6999903, 10.3], [4.18554533, 43.69994303, 10.3], [4.18552371, 43.69991717, 10.3], [4.18549061, 43.69987614, 10.3], [4.18533405, 43.69974285, 10.3], [4.1852933, 43.699692, 10.3], [4.18528045, 43.69967054, 10.3], [4.18527407, 43.69966161, 10.3], [4.18527251, 43.69964633, 10.3], [4.18527232, 43.69963733, 10.3], [4.18528804, 43.69961736, 10.3], [4.18531361, 43.69959459, 10.3], [4.18538425, 43.69953172, 10.3], [4.18541348, 43.69950531, 10.3], [4.18544139, 43.6994753, 10.3], [4.18547903, 43.6994362, 10.3], [4.18552272, 43.69938983, 10.3], [4.18558101, 43.69938919, 10.3], [4.18561871, 43.69935278, 10.3], [4.18546129, 43.69923841, 10.3], [4.18528048, 43.69907209, 10.3], [4.18520767, 43.69897029, 10.3], [4.18524535, 43.69893299, 10.3], [4.18520502, 43.69884253, 10.3], [4.18510708, 43.6988445, 10.5], [4.18510531, 43.69881932, 10.5], [4.18507128, 43.6987333, 11], [4.18505951, 43.69870373, 11.2], [4.18504307, 43.69862831, 11.2], [4.18502936, 43.69856547, 11.3], [4.18498623, 43.69851914, 11.3], [4.18496972, 43.69850042, 11.3]]]]}, "geometry_name": "geometrie", "properties": {"cleabs": "EQ_RESEA0000000305401703", "nature": "Parking", "nature_detaillee": null, "toponyme": null, "statut_du_toponyme": null, "importance": "5", "numero": null, "fictif": false, "adresse_postale": null, "etat_de_l_objet": "En service", "date_creation": "2012-07-04T13:05:46.285Z", "date_modification": "2017-03-17T08:27:23.006Z", "date_d_apparition": null, "date_de_confirmation": "2010-07-01Z", "sources": null, "identifiants_sources": null, "methode_d_acquisition_planimetrique": "Photogrammétrie", "precision_planimetrique": 2.5, "methode_d_acquisition_altimetrique": "Photogrammétrie", "precision_altimetrique": 1.5, "insee_commune": "30006", "commune": "AIMARGUES", "identifiant_voie_ban": null, "id_ban_odonyme": null, "source": "bdtopo"}}, {"type": "Feature", "id": "equipement_de_transport.64355", "geometry": {"type": "MultiPolygon", "coordinates": [[[[4.12829377, 43.50623735, 2], [4.12821707, 43.50623455, 2.1], [4.12819702, 43.50622036, 2.1], [4.12806597, 43.50621992, 2.1], [4.12817221, 43.50596418, 2.1], [4.12841824, 43.50533626, 1.6], [4.12887251, 43.50580663, 1.4], [4.12826296, 43.5061162, 1.8], [4.12830945, 43.50615441, 1.8], [4.12829377, 43.50623735, 2]]]]}, "geometry_name": "geometrie", "properties": {"cleabs": "EQ_RESEA0000000305401704", "nature": "Parking", "nature_detaillee": null, "toponyme": null, "statut_du_toponyme": null, "importance": "5", "numero": null, "fictif": false, "adresse_postale": null, "etat_de_l_objet": "En service", "date_creation": "2012-07-04T13:05:46.285Z", "date_modification": "2017-03-17T08:27:23.006Z", "date_d_apparition": null, "date_de_confirmation": "2010-07-01Z", "sources": null, "identifiants_sources": null, "methode_d_acquisition_planimetrique": "Photogrammétrie", "precision_planimetrique": 2.5, "methode_d_acquisition_altimetrique": "Photogrammétrie", "precision_altimetrique": 1.5, "insee_commune": "30133", "commune": "LE GRAU-DU-ROI", "identifiant_voie_ban": null, "id_ban_odonyme": null, "source": "bdtopo"}}, {"type": "Feature", "id": "equipement_de_transport.64356", "geometry": {"type": "MultiPolygon", "coordinates": [[[[4.12865093, 43.50642079, 1.7], [4.12885003, 43.50667606, 1.8], [4.12891411, 43.50672848, 1.8], [4.12890321, 43.50674029, 1.8], [4.12893757, 43.50679033, 1.8], [4.12913914, 43.50685661, 2], [4.12911329, 43.50692527, 2], [4.12921375, 43.50713027, 1.6], [4.12926073, 43.50713068, 1.6], [4.12951667, 43.50656655, 1.7], [4.12976394, 43.5064425, 1.3], [4.12989142, 43.50645017, 1.3], [4.13011555, 43.50634346, 1.3], [4.13013354, 43.50631538, 1.3], [4.12945314, 43.50610201, 1.3], [4.12937364, 43.50608215, 1.3], [4.12931043, 43.50607381, 1.3], [4.12925599, 43.50607167, 1.3], [4.12919421, 43.50607322, 1.3], [4.12914859, 43.50607909, 1.3], [4.12910305, 43.50608946, 1.3], [4.12904288, 43.50610988, 1.3], [4.12888729, 43.50618169, 1.4], [4.12874043, 43.506257, 1.6], [4.1287708, 43.50629267, 1.8], [4.12871151, 43.50635808, 1.8], [4.12871246, 43.50640666, 1.8], [4.12865093, 43.50642079, 1.7]]]]}, "geometry_name": "geometrie", "properties": {"cleabs": "EQ_RESEA0000000305401705", "nature": "Parking", "nature_detaillee": null, "toponyme": null, "statut_du_toponyme": null, "importance": "5", "numero": null, "fictif": false, "adresse_postale": null, "etat_de_l_objet": "En service", "date_creation": "2012-07-04T13:05:46.285Z", "date_modification": "2017-03-17T08:27:23.006Z", "date_d_apparition": null, "date_de_confirmation": "2010-07-01Z", "sources": null, "identifiants_sources": null, "methode_d_acquisition_planimetrique": "Photogrammétrie", "precision_planimetrique": 2.5, "methode_d_acquisition_altimetrique": "Photogrammétrie", "precision_altimetrique": 1.5, "insee_commune": "30133", "commune": "LE GRAU-DU-ROI", "identifiant_voie_ban": null, "id_ban_odonyme": null, "source": "bdtopo"}}, {"type": "Feature", "id": "equipement_de_transport.64357", "geometry": {"type": "MultiPolygon", "coordinates": [[[[4.15010297, 43.52569877, 1.2], [4.14969241, 43.52569863, 1.2], [4.14969025, 43.52540531, 1.8], [4.14947389, 43.5254076, 1.8], [4.14946681, 43.52499196, 1.9], [4.14952828, 43.52497422, 1.9], [4.14952073, 43.52453519, 1.9], [4.14946386, 43.52453579, 1.9], [4.14945479, 43.52426774, 1.9], [4.14931016, 43.52427017, 1.9], [4.14923369, 43.52415671, 1.9], [4.14923184, 43.52387869, 1.9], [4.14928498, 43.52387722, 1.9], [4.14942961, 43.52399807, 1.8], [4.14956814, 43.52424675, 1.8], [4.14964481, 43.52424683, 1.8], [4.14966004, 43.52451392, 1.8], [4.14981084, 43.52451052, 1.8], [4.14981718, 43.52464182, 1.8], [4.14986785, 43.52464039, 1.8], [4.14987777, 43.52495072, 1.8], [4.14996183, 43.52494893, 1.8], [4.14996631, 43.52517293, 1.8], [4.1500974, 43.52517334, 1.8], [4.15010297, 43.52569877, 1.2]]]]}, "geometry_name": "geometrie", "properties": {"cleabs": "EQ_RESEA0000000305401710", "nature": "Parking", "nature_detaillee": null, "toponyme": null, "statut_du_toponyme": null, "importance": "5", "numero": null, "fictif": false, "adresse_postale": null, "etat_de_l_objet": "En service", "date_creation": "2012-07-04T13:05:46.285Z", "date_modification": "2017-03-17T08:27:23.006Z", "date_d_apparition": null, "date_de_confirmation": "2010-07-01Z", "sources": null, "identifiants_sources": null, "methode_d_acquisition_planimetrique": "Photogrammétrie", "precision_planimetrique": 2.5, "methode_d_acquisition_altimetrique": "Photogrammétrie", "precision_altimetrique": 1.5, "insee_commune": "30133", "commune": "LE GRAU-DU-ROI", "identifiant_voie_ban": null, "id_ban_odonyme": null, "source": "bdtopo"}}, {"type": "Feature", "id": "equipement_de_transport.64411", "geometry": {"type": "MultiPolygon", "coordinates": [[[[4.09272911, 43.80551478, 52.6], [4.09315489, 43.80484094, 52.7], [4.09317491, 43.80484794, 52], [4.09349458, 43.80499413, 52.7], [4.09384222, 43.80510853, 53.7], [4.09348424, 43.80568811, 53.3], [4.09344444, 43.80575151, 53.3], [4.09272911, 43.80551478, 52.6]]]]}, "geometry_name": "geometrie", "properties": {"cleabs": "EQ_RESEA0000000306075164", "nature": "Parking", "nature_detaillee": null, "toponyme": null, "statut_du_toponyme": null, "importance": "5", "numero": null, "fictif": false, "adresse_postale": null, "etat_de_l_objet": "En service", "date_creation": "2012-07-09T10:36:25.651Z", "date_modification": "2017-03-17T08:29:08.497Z", "date_d_apparition": null, "date_de_confirmation": "2010-07-01Z", "sources": null, "identifiants_sources": null, "methode_d_acquisition_planimetrique": "Photogrammétrie", "precision_planimetrique": 2.5, "methode_d_acquisition_altimetrique": "Photogrammétrie", "precision_altimetrique": 1.5, "insee_commune": "30352", "commune": "VILLEVIEILLE", "identifiant_voie_ban": null, "id_ban_odonyme": null, "source": "bdtopo"}}, {"type": "Feature", "id": "equipement_de_transport.64412", "geometry": {"type": "MultiPolygon", "coordinates": [[[[4.07900139, 43.78009348, 29.8], [4.07856373, 43.77980712, 30.4], [4.07846898, 43.77972257, 30.4], [4.07837527, 43.7796272, 30.6], [4.0783313, 43.77953494, 30.6], [4.07832972, 43.77945126, 30.6], [4.078358, 43.7789749, 30.6], [4.07836551, 43.77891183, 30.6], [4.07838164, 43.77891077, 30.6], [4.07842499, 43.77883835, 30.6], [4.07913473, 43.7792606, 29.9], [4.07905543, 43.77933698, 29.9], [4.07900263, 43.779369, 29.9], [4.07897604, 43.77934227, 29.9], [4.07881377, 43.77943207, 30], [4.0788416, 43.77945879, 30], [4.07863397, 43.77957964, 30.1], [4.07878806, 43.77971491, 30.1], [4.0787549, 43.77973504, 30.1], [4.07889693, 43.77982362, 30.1], [4.07914337, 43.77998228, 29.8], [4.07900139, 43.78009348, 29.8]]]]}, "geometry_name": "geometrie", "properties": {"cleabs": "EQ_RESEA0000000306075211", "nature": "Parking", "nature_detaillee": null, "toponyme": null, "statut_du_toponyme": null, "importance": "5", "numero": null, "fictif": false, "adresse_postale": null, "etat_de_l_objet": "En service", "date_creation": "2012-07-09T10:37:59.854Z", "date_modification": "2017-03-17T08:27:23.006Z", "date_d_apparition": null, "date_de_confirmation": "2010-07-01Z", "sources": null, "identifiants_sources": null, "methode_d_acquisition_planimetrique": "Photogrammétrie", "precision_planimetrique": 2.5, "methode_d_acquisition_altimetrique": "Photogrammétrie", "precision_altimetrique": 1.5, "insee_commune": "30321", "commune": "SOMMIERES", "identifiant_voie_ban": null, "id_ban_odonyme": null, "source": "bdtopo"}}, {"type": "Feature", "id": "equipement_de_transport.64413", "geometry": {"type": "MultiPolygon", "coordinates": [[[[4.19365349, 43.75862258, 82.8], [4.19364824, 43.75860914, 82.8], [4.19367166, 43.75860078, 82.8], [4.19364046, 43.75853363, 83], [4.19365773, 43.75852804, 83], [4.19344477, 43.75814069, 83], [4.19342918, 43.75810756, 83], [4.19342241, 43.75808064, 83], [4.19342702, 43.75806349, 83], [4.19343669, 43.75805078, 83], [4.19361888, 43.75791559, 83], [4.19363238, 43.75790824, 83], [4.19369413, 43.75789227, 83], [4.19375928, 43.75792035, 83.6], [4.194047, 43.75843918, 83.5], [4.19404197, 43.75849593, 83.5], [4.19393863, 43.75872025, 83.3], [4.19394378, 43.75878859, 83.5], [4.19434682, 43.75876437, 83.8], [4.19437747, 43.75892423, 83.9], [4.19419154, 43.75893977, 83.9], [4.1942349, 43.75899419, 83.9], [4.19428267, 43.75908186, 84.7], [4.19428912, 43.75909349, 84.2], [4.19433808, 43.75917845, 84.2], [4.19437731, 43.75921402, 84.2], [4.19437936, 43.7592527, 84.2], [4.194381, 43.75927158, 84.2], [4.19433924, 43.75929364, 84.1], [4.19427045, 43.75932949, 84], [4.19420095, 43.75927175, 83.6], [4.19415245, 43.75920839, 83.7], [4.19404712, 43.75904035, 83.7], [4.1939999, 43.75897877, 83.6], [4.19391669, 43.75891848, 83.5], [4.19376901, 43.75880311, 83.3], [4.19368815, 43.7587365, 83.3], [4.1936722, 43.75868627, 83.3], [4.19366925, 43.75866381, 83.1], [4.19365396, 43.75864507, 83.1], [4.19365134, 43.7586388, 83.1], [4.19365349, 43.75862258, 82.8]]]]}, "geometry_name": "geometrie", "properties": {"cleabs": "EQ_RESEA0000000306078340", "nature": "Parking", "nature_detaillee": null, "toponyme": null, "statut_du_toponyme": null, "importance": "5", "numero": null, "fictif": false, "adresse_postale": null, "etat_de_l_objet": "En service", "date_creation": "2012-07-09T11:05:59.814Z", "date_modification": "2017-03-17T08:27:23.006Z", "date_d_apparition": null, "date_de_confirmation": "2010-07-01Z", "sources": null, "identifiants_sources": null, "methode_d_acquisition_planimetrique": "Photogrammétrie", "precision_planimetrique": 2.5, "methode_d_acquisition_altimetrique": "Photogrammétrie", "precision_altimetrique": 1.5, "insee_commune": "30062", "commune": "CALVISSON", "identifiant_voie_ban": null, "id_ban_odonyme": null, "source": "bdtopo"}}, {"type": "Feature", "id": "equipement_de_transport.64414", "geometry": {"type": "MultiPolygon", "coordinates": [[[[4.19508212, 43.76192688, 85.5], [4.19466411, 43.76182977, 85.5], [4.19494853, 43.76117868, 85.5], [4.19453493, 43.76099512, 83.3], [4.19421284, 43.76085286, 82.5], [4.19430625, 43.76074744, 83.1], [4.19432252, 43.76075356, 83.1], [4.19436289, 43.76072432, 83.1], [4.19443303, 43.76069385, 83.7], [4.19450855, 43.76068312, 84.1], [4.19458812, 43.76068765, 84.2], [4.19466794, 43.76070477, 84.6], [4.19474437, 43.76073723, 85.1], [4.19480828, 43.76076533, 85.4], [4.19488474, 43.76079959, 85.5], [4.19508154, 43.76088833, 86.8], [4.1952019, 43.76094371, 86.9], [4.19522446, 43.76095336, 86.9], [4.19540375, 43.76103599, 86.9], [4.1954279, 43.76106272, 86.9], [4.19542233, 43.76109338, 86.9], [4.19534773, 43.76126699, 86.7], [4.19512674, 43.761804, 85.7], [4.19513797, 43.76180657, 85.7], [4.19508212, 43.76192688, 85.5]]]]}, "geometry_name": "geometrie", "properties": {"cleabs": "EQ_RESEA0000000306078341", "nature": "Parking", "nature_detaillee": null, "toponyme": null, "statut_du_toponyme": null, "importance": "5", "numero": null, "fictif": false, "adresse_postale": null, "etat_de_l_objet": "En service", "date_creation": "2012-07-09T11:05:59.814Z", "date_modification": "2017-03-17T08:27:23.006Z", "date_d_apparition": null, "date_de_confirmation": "2010-07-01Z", "sources": null, "identifiants_sources": null, "methode_d_acquisition_planimetrique": "Photogrammétrie", "precision_planimetrique": 2.5, "methode_d_acquisition_altimetrique": "Photogrammétrie", "precision_altimetrique": 1.5, "insee_commune": "30062", "commune": "CALVISSON", "identifiant_voie_ban": null, "id_ban_odonyme": null, "source": "bdtopo"}}, {"type": "Feature", "id": "equipement_de_transport.65147", "geometry": {"type": "MultiPolygon", "coordinates": [[[[4.36294129, 43.81724804, 32.9], [4.36176835, 43.81705749, 34], [4.36172777, 43.8170238, 34], [4.36174782, 43.81687414, 33.6], [4.36176552, 43.81683432, 33.5], [4.36285742, 43.81586755, 32.8], [4.36339615, 43.8153685, 32.4], [4.36343251, 43.81538155, 33], [4.36449311, 43.81576159, 32.4], [4.36442174, 43.81600009, 32.8], [4.36339506, 43.81584373, 31.1], [4.36336138, 43.81583875, 32.8], [4.36317621, 43.81646568, 32.8], [4.36294129, 43.81724804, 32.9]]]]}, "geometry_name": "geometrie", "properties": {"cleabs": "EQ_RESEA0000000312868256", "nature": "Parking", "nature_detaillee": "Parking relais", "toponyme": "Parc Relais Parnasse", "statut_du_toponyme": "Collecté", "importance": "5", "numero": null, "fictif": false, "adresse_postale": null, "etat_de_l_objet": "En service", "date_creation": "2012-09-12T06:58:46.624Z", "date_modification": "2019-11-12T16:24:00.624Z", "date_d_apparition": null, "date_de_confirmation": null, "sources": null, "identifiants_sources": null, "methode_d_acquisition_planimetrique": "Photogrammétrie", "precision_planimetrique": 2.5, "methode_d_acquisition_altimetrique": "Photogrammétrie", "precision_altimetrique": 1.5, "insee_commune": "30189", "commune": "NIMES", "identifiant_voie_ban": null, "id_ban_odonyme": null, "source": "bdtopo"}}, {"type": "Feature", "id": "equipement_de_transport.65148", "geometry": {"type": "MultiPolygon", "coordinates": [[[[4.37304458, 43.80721921, 27.4], [4.37353449, 43.80712664, 27.4], [4.37328907, 43.80648081, 27.4], [4.37286361, 43.80656627, 27.4], [4.37274362, 43.80658938, 27.1], [4.37270532, 43.80659887, 27.3], [4.37274401, 43.80670908, 27.1], [4.37230384, 43.80680283, 27.3], [4.37232222, 43.806844, 27.3], [4.3722567, 43.80685832, 27.3], [4.37230295, 43.80697294, 27.3], [4.37219045, 43.80699776, 27.3], [4.37237587, 43.80747424, 27.3], [4.37299427, 43.80734945, 27.6], [4.37303387, 43.80734265, 27.3], [4.37304379, 43.80734162, 27.3], [4.3730038, 43.80722872, 27.3], [4.37304458, 43.80721921, 27.4]]]]}, "geometry_name": "geometrie", "properties": {"cleabs": "EQ_RESEA0000000312869151", "nature": "Parking", "nature_detaillee": "Parking relais", "toponyme": "Parc Relais A54", "statut_du_toponyme": "Collecté", "importance": "5", "numero": null, "fictif": false, "adresse_postale": null, "etat_de_l_objet": "En service", "date_creation": "2012-09-12T08:04:04.910Z", "date_modification": "2019-11-12T16:24:00.624Z", "date_d_apparition": null, "date_de_confirmation": null, "sources": null, "identifiants_sources": null, "methode_d_acquisition_planimetrique": "Photogrammétrie", "precision_planimetrique": 2.5, "methode_d_acquisition_altimetrique": "Photogrammétrie", "precision_altimetrique": 1.5, "insee_commune": "30189", "commune": "NIMES", "identifiant_voie_ban": null, "id_ban_odonyme": null, "source": "bdtopo"}}, {"type": "Feature", "id": "equipement_de_transport.68003", "geometry": {"type": "MultiPolygon", "coordinates": [[[[4.50550505, 43.75714576, -1000], [4.50550387, 43.75710078, -1000], [4.5054418, 43.75710164, -1000], [4.50544299, 43.75714662, -1000], [4.50550505, 43.75714576, -1000]]]]}, "geometry_name": "geometrie", "properties": {"cleabs": "EQ_RESEA0000000321146908", "nature": "Parking", "nature_detaillee": "Parking touristique isolé", "toponyme": null, "statut_du_toponyme": null, "importance": "4", "numero": null, "fictif": true, "adresse_postale": null, "etat_de_l_objet": "En service", "date_creation": "2013-04-19T10:34:08.242Z", "date_modification": "2023-07-11T15:25:23.874Z", "date_d_apparition": null, "date_de_confirmation": "2023-07-03Z", "sources": null, "identifiants_sources": null, "methode_d_acquisition_planimetrique": "Calculé", "precision_planimetrique": 20, "methode_d_acquisition_altimetrique": "Pas de Z", "precision_altimetrique": 9999, "insee_commune": "30034", "commune": "BELLEGARDE", "identifiant_voie_ban": null, "id_ban_odonyme": null, "source": "bdtopo"}}, {"type": "Feature", "id": "equipement_de_transport.68145", "geometry": {"type": "MultiPolygon", "coordinates": [[[[4.0880895, 43.78065918, 25.8], [4.08827476, 43.78066903, 26], [4.08842023, 43.78067658, 26.1], [4.08974779, 43.78079291, 24.3], [4.08988548, 43.78045674, 26], [4.08994974, 43.78024371, 23.5], [4.08975809, 43.78022493, 25.1], [4.08927323, 43.78020188, 25.3], [4.08873466, 43.78022886, 25.7], [4.08871123, 43.78056388, 25.8], [4.08834582, 43.78055223, 26], [4.08833399, 43.78058294, 25.9], [4.08808773, 43.7805665, 25.6], [4.0880895, 43.78065918, 25.8]]]]}, "geometry_name": "geometrie", "properties": {"cleabs": "EQ_RESEA0000000321796290", "nature": "Parking", "nature_detaillee": null, "toponyme": "Pré de l'Abrivado", "statut_du_toponyme": "Collecté", "importance": "5", "numero": null, "fictif": false, "adresse_postale": null, "etat_de_l_objet": "En service", "date_creation": "2013-05-03T09:18:31.167Z", "date_modification": "2019-11-15T15:02:34.976Z", "date_d_apparition": null, "date_de_confirmation": null, "sources": null, "identifiants_sources": null, "methode_d_acquisition_planimetrique": "Orthophotographie", "precision_planimetrique": 3, "methode_d_acquisition_altimetrique": "Lidar", "precision_altimetrique": 0.5, "insee_commune": "30321", "commune": "SOMMIERES", "identifiant_voie_ban": null, "id_ban_odonyme": null, "source": "bdtopo"}}, {"type": "Feature", "id": "equipement_de_transport.69432", "geometry": {"type": "MultiPolygon", "coordinates": [[[[4.42462902, 43.79830766, -1000], [4.4246279, 43.79826267, -1000], [4.42456579, 43.79826348, -1000], [4.42456691, 43.79830847, -1000], [4.42462902, 43.79830766, -1000]]]]}, "geometry_name": "geometrie", "properties": {"cleabs": "EQ_RESEA0000000324757153", "nature": "Parking", "nature_detaillee": null, "toponyme": "Place des Tamaris", "statut_du_toponyme": "Collecté", "importance": "5", "numero": null, "fictif": true, "adresse_postale": null, "etat_de_l_objet": "En service", "date_creation": "2013-08-13T15:36:30.445Z", "date_modification": "2019-11-08T10:19:28.096Z", "date_d_apparition": null, "date_de_confirmation": "2013-07-23Z", "sources": null, "identifiants_sources": null, "methode_d_acquisition_planimetrique": "Calculé", "precision_planimetrique": 20, "methode_d_acquisition_altimetrique": "Pas de Z", "precision_altimetrique": 9999, "insee_commune": "30047", "commune": "BOUILLARGUES", "identifiant_voie_ban": null, "id_ban_odonyme": null, "source": "bdtopo"}}, {"type": "Feature", "id": "equipement_de_transport.69436", "geometry": {"type": "MultiPolygon", "coordinates": [[[[4.42814056, 43.80059548, -1000], [4.42813943, 43.8005505, -1000], [4.42807732, 43.80055131, -1000], [4.42807845, 43.8005963, -1000], [4.42814056, 43.80059548, -1000]]]]}, "geometry_name": "geometrie", "properties": {"cleabs": "EQ_RESEA0000000324757157", "nature": "Parking", "nature_detaillee": null, "toponyme": "Parking de la Pompe", "statut_du_toponyme": "Collecté", "importance": "5", "numero": null, "fictif": true, "adresse_postale": null, "etat_de_l_objet": "En service", "date_creation": "2013-08-13T15:36:30.445Z", "date_modification": "2025-12-05T11:36:43.898Z", "date_d_apparition": null, "date_de_confirmation": null, "sources": null, "identifiants_sources": null, "methode_d_acquisition_planimetrique": "Calculé", "precision_planimetrique": 20, "methode_d_acquisition_altimetrique": "Pas de Z", "precision_altimetrique": 9999, "insee_commune": "30047", "commune": "BOUILLARGUES", "identifiant_voie_ban": "30047_b6kuef", "id_ban_odonyme": "04c72c3f-a1f4-476e-b229-17146ba4401f", "source": "bdtopo"}}, {"type": "Feature", "id": "equipement_de_transport.69437", "geometry": {"type": "MultiPolygon", "coordinates": [[[[4.42814834, 43.79906623, -1000], [4.42814722, 43.79902124, -1000], [4.42808511, 43.79902206, -1000], [4.42808623, 43.79906705, -1000], [4.42814834, 43.79906623, -1000]]]]}, "geometry_name": "geometrie", "properties": {"cleabs": "EQ_RESEA0000000324757158", "nature": "Parking", "nature_detaillee": null, "toponyme": "Parking de l'Église", "statut_du_toponyme": "Collecté", "importance": "5", "numero": null, "fictif": true, "adresse_postale": null, "etat_de_l_objet": "En service", "date_creation": "2013-08-13T15:36:30.445Z", "date_modification": "2019-11-08T10:19:28.096Z", "date_d_apparition": null, "date_de_confirmation": null, "sources": null, "identifiants_sources": null, "methode_d_acquisition_planimetrique": "Calculé", "precision_planimetrique": 20, "methode_d_acquisition_altimetrique": "Pas de Z", "precision_altimetrique": 9999, "insee_commune": "30047", "commune": "BOUILLARGUES", "identifiant_voie_ban": null, "id_ban_odonyme": null, "source": "bdtopo"}}, {"type": "Feature", "id": "equipement_de_transport.69438", "geometry": {"type": "MultiPolygon", "coordinates": [[[[4.42681109, 43.8009504, -1000], [4.42680996, 43.80090542, -1000], [4.42674785, 43.80090623, -1000], [4.42674898, 43.80095122, -1000], [4.42681109, 43.8009504, -1000]]]]}, "geometry_name": "geometrie", "properties": {"cleabs": "EQ_RESEA0000000324757159", "nature": "Parking", "nature_detaillee": null, "toponyme": "Place de la Madone", "statut_du_toponyme": "Collecté", "importance": "5", "numero": null, "fictif": true, "adresse_postale": null, "etat_de_l_objet": "En service", "date_creation": "2013-08-13T15:36:30.445Z", "date_modification": "2025-12-05T11:36:43.898Z", "date_d_apparition": null, "date_de_confirmation": null, "sources": null, "identifiants_sources": null, "methode_d_acquisition_planimetrique": "Calculé", "precision_planimetrique": 20, "methode_d_acquisition_altimetrique": "Pas de Z", "precision_altimetrique": 9999, "insee_commune": "30047", "commune": "BOUILLARGUES", "identifiant_voie_ban": "30047_0125", "id_ban_odonyme": "eee47d0d-cfb2-4a73-88ec-1f697b14388c", "source": "bdtopo"}}, {"type": "Feature", "id": "equipement_de_transport.69439", "geometry": {"type": "MultiPolygon", "coordinates": [[[[4.4255404, 43.80201916, -1000], [4.42553928, 43.80197418, -1000], [4.42547717, 43.80197499, -1000], [4.42547829, 43.80201998, -1000], [4.4255404, 43.80201916, -1000]]]]}, "geometry_name": "geometrie", "properties": {"cleabs": "EQ_RESEA0000000324757160", "nature": "Parking", "nature_detaillee": null, "toponyme": "Parking de l'Europe", "statut_du_toponyme": "Collecté", "importance": "5", "numero": null, "fictif": true, "adresse_postale": null, "etat_de_l_objet": "En service", "date_creation": "2013-08-13T15:36:30.445Z", "date_modification": "2019-11-08T10:19:28.096Z", "date_d_apparition": null, "date_de_confirmation": null, "sources": null, "identifiants_sources": null, "methode_d_acquisition_planimetrique": "Calculé", "precision_planimetrique": 20, "methode_d_acquisition_altimetrique": "Pas de Z", "precision_altimetrique": 9999, "insee_commune": "30047", "commune": "BOUILLARGUES", "identifiant_voie_ban": null, "id_ban_odonyme": null, "source": "bdtopo"}}, {"type": "Feature", "id": "equipement_de_transport.71823", "geometry": {"type": "MultiPolygon", "coordinates": [[[[4.08408117, 43.72678098, -1000], [4.08408032, 43.72673599, -1000], [4.08401828, 43.72673661, -1000], [4.08401913, 43.7267816, -1000], [4.08408117, 43.72678098, -1000]]]]}, "geometry_name": "geometrie", "properties": {"cleabs": "EQ_RESEA0000000333184435", "nature": "Parking", "nature_detaillee": null, "toponyme": null, "statut_du_toponyme": null, "importance": "5", "numero": null, "fictif": true, "adresse_postale": "", "etat_de_l_objet": "En service", "date_creation": "2014-03-18T15:01:22.348Z", "date_modification": "2016-12-16T14:15:15.232Z", "date_d_apparition": null, "date_de_confirmation": null, "sources": null, "identifiants_sources": null, "methode_d_acquisition_planimetrique": "Calculé", "precision_planimetrique": 20, "methode_d_acquisition_altimetrique": "Pas de Z", "precision_altimetrique": 9999, "insee_commune": "34246", "commune": "SAINT-CHRISTOL", "identifiant_voie_ban": null, "id_ban_odonyme": null, "source": "bdtopo"}}, {"type": "Feature", "id": "equipement_de_transport.73771", "geometry": {"type": "MultiPolygon", "coordinates": [[[[4.18802086, 43.56416656, -1000], [4.18807785, 43.56411014, -1000], [4.18806729, 43.56401848, -1000], [4.18801523, 43.56395426, -1000], [4.18788352, 43.56386841, -1000], [4.18745651, 43.56362473, -1000], [4.18667481, 43.56388253, -1000], [4.18668066, 43.56398595, -1000], [4.18669168, 43.56403982, -1000], [4.18672609, 43.56414832, -1000], [4.18687785, 43.56442561, -1000], [4.18699809, 43.56449539, -1000], [4.18706745, 43.56443884, -1000], [4.18712446, 43.56444272, -1000], [4.18716802, 43.56445484, -1000], [4.18720494, 43.56450482, -1000], [4.18729818, 43.56446601, -1000], [4.18734973, 43.56450504, -1000], [4.18802086, 43.56416656, -1000]]]]}, "geometry_name": "geometrie", "properties": {"cleabs": "EQ_RESEA0000000335664459", "nature": "Parking", "nature_detaillee": null, "toponyme": "Parking P5", "statut_du_toponyme": "Collecté", "importance": "5", "numero": null, "fictif": false, "adresse_postale": null, "etat_de_l_objet": "En service", "date_creation": "2014-07-04T15:06:20.174Z", "date_modification": "2020-11-19T16:18:23.524Z", "date_d_apparition": null, "date_de_confirmation": "2014-05-13Z", "sources": null, "identifiants_sources": null, "methode_d_acquisition_planimetrique": "Calculé", "precision_planimetrique": 20, "methode_d_acquisition_altimetrique": "Pas de Z", "precision_altimetrique": 9999, "insee_commune": "30003", "commune": "AIGUES-MORTES", "identifiant_voie_ban": null, "id_ban_odonyme": null, "source": "bdtopo"}}, {"type": "Feature", "id": "equipement_de_transport.73772", "geometry": {"type": "MultiPolygon", "coordinates": [[[[4.19039264, 43.56844274, -1000], [4.19039171, 43.56839776, -1000], [4.19032984, 43.56839844, -1000], [4.19033078, 43.56844342, -1000], [4.19039264, 43.56844274, -1000]]]]}, "geometry_name": "geometrie", "properties": {"cleabs": "EQ_RESEA0000000335664460", "nature": "Parking", "nature_detaillee": null, "toponyme": "Parking P1", "statut_du_toponyme": "Collecté", "importance": "5", "numero": null, "fictif": true, "adresse_postale": null, "etat_de_l_objet": "En service", "date_creation": "2014-07-04T15:06:20.174Z", "date_modification": "2020-11-19T16:18:23.524Z", "date_d_apparition": null, "date_de_confirmation": null, "sources": null, "identifiants_sources": null, "methode_d_acquisition_planimetrique": "Calculé", "precision_planimetrique": 20, "methode_d_acquisition_altimetrique": "Pas de Z", "precision_altimetrique": 9999, "insee_commune": "30003", "commune": "AIGUES-MORTES", "identifiant_voie_ban": null, "id_ban_odonyme": null, "source": "bdtopo"}}, {"type": "Feature", "id": "equipement_de_transport.73773", "geometry": {"type": "MultiPolygon", "coordinates": [[[[4.19219569, 43.567605, -1000], [4.19219476, 43.56756002, -1000], [4.19213289, 43.5675607, -1000], [4.19213383, 43.56760568, -1000], [4.19219569, 43.567605, -1000]]]]}, "geometry_name": "geometrie", "properties": {"cleabs": "EQ_RESEA0000000335664461", "nature": "Parking", "nature_detaillee": null, "toponyme": "Parking P2", "statut_du_toponyme": "Collecté", "importance": "5", "numero": null, "fictif": true, "adresse_postale": null, "etat_de_l_objet": "En service", "date_creation": "2014-07-04T15:06:20.174Z", "date_modification": "2020-11-19T16:18:23.524Z", "date_d_apparition": null, "date_de_confirmation": null, "sources": null, "identifiants_sources": null, "methode_d_acquisition_planimetrique": "Calculé", "precision_planimetrique": 20, "methode_d_acquisition_altimetrique": "Pas de Z", "precision_altimetrique": 9999, "insee_commune": "30003", "commune": "AIGUES-MORTES", "identifiant_voie_ban": null, "id_ban_odonyme": null, "source": "bdtopo"}}, {"type": "Feature", "id": "equipement_de_transport.74129", "geometry": {"type": "MultiPolygon", "coordinates": [[[[4.18637922, 43.70253473, 11.4], [4.18628139, 43.70266269, 11.4], [4.18547061, 43.70220626, 12], [4.18487883, 43.70184194, 12], [4.18490011, 43.70179131, 12], [4.18484852, 43.70175587, 12], [4.18513739, 43.70150885, 12], [4.18518961, 43.70151458, 12], [4.18522999, 43.70148804, 12], [4.18616487, 43.70206731, 12], [4.18621054, 43.70211631, 12], [4.18595091, 43.70233782, 12], [4.18596533, 43.70237546, 12], [4.18602569, 43.702355, 12], [4.18637922, 43.70253473, 11.4]]]]}, "geometry_name": "geometrie", "properties": {"cleabs": "EQ_RESEA0000000336770388", "nature": "Parking", "nature_detaillee": null, "toponyme": null, "statut_du_toponyme": null, "importance": "5", "numero": null, "fictif": false, "adresse_postale": null, "etat_de_l_objet": "En service", "date_creation": "2014-08-01T09:43:35.601Z", "date_modification": null, "date_d_apparition": null, "date_de_confirmation": "2012-07-01Z", "sources": null, "identifiants_sources": null, "methode_d_acquisition_planimetrique": "Photogrammétrie", "precision_planimetrique": 2.5, "methode_d_acquisition_altimetrique": "Photogrammétrie", "precision_altimetrique": 1.5, "insee_commune": "30006", "commune": "AIMARGUES", "identifiant_voie_ban": null, "id_ban_odonyme": null, "source": "bdtopo"}}, {"type": "Feature", "id": "equipement_de_transport.74165", "geometry": {"type": "MultiPolygon", "coordinates": [[[[4.18005324, 43.71579739, 14.7], [4.1801556, 43.71582778, 14.2], [4.18019137, 43.71581749, 14.7], [4.18039094, 43.71586842, 15.1], [4.18052296, 43.71559161, 15.1], [4.18125122, 43.71577, 15.1], [4.1811315, 43.71604128, 14.9], [4.18112904, 43.7160422, 14.9], [4.18099746, 43.71609943, 14.8], [4.18070199, 43.71621152, 14.8], [4.18055299, 43.71626624, 14.8], [4.1804803, 43.71629132, 14.8], [4.18040758, 43.71631461, 14.8], [4.18033345, 43.71632981, 14.8], [4.18026039, 43.7163369, 14.8], [4.18018831, 43.71633139, 14.8], [4.18012481, 43.71632038, 14.8], [4.18002879, 43.71629712, 14.8], [4.17999885, 43.71628934, 14.9], [4.17997352, 43.71626442, 14.9], [4.1799683, 43.71625188, 14.9], [4.17996947, 43.71624827, 14.8], [4.17997508, 43.71621941, 14.8], [4.17997747, 43.71621488, 14.7], [4.17988265, 43.71618981, 15.2], [4.18005324, 43.71579739, 14.7]]]]}, "geometry_name": "geometrie", "properties": {"cleabs": "EQ_RESEA0000000337005911", "nature": "Parking", "nature_detaillee": null, "toponyme": null, "statut_du_toponyme": null, "importance": "5", "numero": null, "fictif": false, "adresse_postale": null, "etat_de_l_objet": "En service", "date_creation": "2014-08-06T13:29:35.707Z", "date_modification": "2014-08-25T13:50:03.755Z", "date_d_apparition": null, "date_de_confirmation": "2012-07-01Z", "sources": null, "identifiants_sources": null, "methode_d_acquisition_planimetrique": "Photogrammétrie", "precision_planimetrique": 2.5, "methode_d_acquisition_altimetrique": "Photogrammétrie", "precision_altimetrique": 1.5, "insee_commune": "30123", "commune": "GALLARGUES-LE-MONTUEUX", "identifiant_voie_ban": null, "id_ban_odonyme": null, "source": "bdtopo"}}, {"type": "Feature", "id": "equipement_de_transport.74178", "geometry": {"type": "MultiPolygon", "coordinates": [[[[4.18726397, 43.69967682, 9.7], [4.18774776, 43.69979843, 9.7], [4.18838901, 43.69955745, 9.7], [4.18857417, 43.69963372, 9.4], [4.18865038, 43.69965988, 10.1], [4.18868653, 43.69966849, 10.1], [4.18880011, 43.69934417, 10.1], [4.18880422, 43.69924334, 10.1], [4.18875666, 43.69916286, 10.1], [4.18868589, 43.69909974, 10.1], [4.18775892, 43.6987211, 10.1], [4.18768303, 43.69871022, 10.1], [4.18756418, 43.69872142, 10.1], [4.18746572, 43.69875849, 10.1], [4.18737269, 43.698818, 10.1], [4.187194, 43.69905393, 10.1], [4.18698353, 43.6993721, 10.1], [4.18701487, 43.69938796, 10.3], [4.18714017, 43.69950898, 9.4], [4.18726397, 43.69967682, 9.7]]]]}, "geometry_name": "geometrie", "properties": {"cleabs": "EQ_RESEA0000000337038259", "nature": "Parking", "nature_detaillee": null, "toponyme": null, "statut_du_toponyme": null, "importance": "5", "numero": null, "fictif": false, "adresse_postale": null, "etat_de_l_objet": "En service", "date_creation": "2014-08-07T10:03:16.521Z", "date_modification": null, "date_d_apparition": null, "date_de_confirmation": "2012-07-01Z", "sources": null, "identifiants_sources": null, "methode_d_acquisition_planimetrique": "Photogrammétrie", "precision_planimetrique": 2.5, "methode_d_acquisition_altimetrique": "Photogrammétrie", "precision_altimetrique": 1.5, "insee_commune": "30006", "commune": "AIMARGUES", "identifiant_voie_ban": null, "id_ban_odonyme": null, "source": "bdtopo"}}, {"type": "Feature", "id": "equipement_de_transport.74179", "geometry": {"type": "MultiPolygon", "coordinates": [[[[4.43868219, 43.86827663, 62.4], [4.4384755, 43.86841796, 62.4], [4.4388129, 43.86867454, 62.4], [4.43880243, 43.86875298, 62.4], [4.43925119, 43.86908369, 62.4], [4.43941141, 43.86897447, 63.3], [4.43973978, 43.86921766, 63.3], [4.43954296, 43.86935616, 63.3], [4.4394284, 43.86935227, 63.3], [4.43882478, 43.8688994, 63.3], [4.43783403, 43.86814109, 61.5], [4.43784343, 43.86806986, 61.5], [4.43778895, 43.86803098, 61.5], [4.43778022, 43.86798069, 61.5], [4.43778321, 43.86795095, 61.5], [4.43772028, 43.86792208, 61.5], [4.43775496, 43.86786671, 61.5], [4.43780505, 43.86783005, 61.5], [4.43786655, 43.86780224, 61.5], [4.43794339, 43.86779043, 61.5], [4.4380243, 43.86779206, 61.5], [4.43813671, 43.86780948, 61.5], [4.43825563, 43.86783852, 61.5], [4.43837489, 43.86788105, 61.5], [4.43847179, 43.86792477, 61.5], [4.43852604, 43.86795466, 61.5], [4.43847724, 43.86799311, 61.5], [4.43865335, 43.8681195, 61.5], [4.43867271, 43.86814714, 61.5], [4.43867966, 43.86817585, 61.5], [4.4386641, 43.86820036, 61.5], [4.43862512, 43.86823328, 61.5], [4.43868219, 43.86827663, 62.4]]]]}, "geometry_name": "geometrie", "properties": {"cleabs": "EQ_RESEA0000000337038810", "nature": "Parking", "nature_detaillee": null, "toponyme": null, "statut_du_toponyme": null, "importance": "5", "numero": null, "fictif": false, "adresse_postale": null, "etat_de_l_objet": "En service", "date_creation": "2014-08-07T10:05:11.740Z", "date_modification": null, "date_d_apparition": null, "date_de_confirmation": "2012-07-01Z", "sources": null, "identifiants_sources": null, "methode_d_acquisition_planimetrique": "Photogrammétrie", "precision_planimetrique": 2.5, "methode_d_acquisition_altimetrique": "Photogrammétrie", "precision_altimetrique": 1.5, "insee_commune": "30156", "commune": "MARGUERITTES", "identifiant_voie_ban": null, "id_ban_odonyme": null, "source": "bdtopo"}}, {"type": "Feature", "id": "equipement_de_transport.74194", "geometry": {"type": "MultiPolygon", "coordinates": [[[[4.40603184, 43.85463693, 58], [4.40577878, 43.85522073, 59.1], [4.40464933, 43.85496526, 58], [4.40491219, 43.85437504, 58], [4.40603184, 43.85463693, 58]]]]}, "geometry_name": "geometrie", "properties": {"cleabs": "EQ_RESEA0000000337044842", "nature": "Parking", "nature_detaillee": null, "toponyme": null, "statut_du_toponyme": null, "importance": "5", "numero": null, "fictif": false, "adresse_postale": null, "etat_de_l_objet": "En service", "date_creation": "2014-08-07T14:02:43.441Z", "date_modification": null, "date_d_apparition": null, "date_de_confirmation": "2012-07-01Z", "sources": null, "identifiants_sources": null, "methode_d_acquisition_planimetrique": "Photogrammétrie", "precision_planimetrique": 2.5, "methode_d_acquisition_altimetrique": "Photogrammétrie", "precision_altimetrique": 1.5, "insee_commune": "30189", "commune": "NIMES", "identifiant_voie_ban": null, "id_ban_odonyme": null, "source": "bdtopo"}}, {"type": "Feature", "id": "equipement_de_transport.74254", "geometry": {"type": "MultiPolygon", "coordinates": [[[[4.12019728, 43.5499683, 2.4], [4.1196782, 43.55018512, 2.4], [4.11961039, 43.55013363, 2.4], [4.119511, 43.55017604, 2.4], [4.11931715, 43.55025903, 2.4], [4.11926948, 43.55022533, 2.1], [4.11888552, 43.55039305, 2.1], [4.11889082, 43.55041099, 2.3], [4.1188509, 43.5504573, 2.3], [4.11881669, 43.55041626, 2.3], [4.11855403, 43.55052334, 2.3], [4.11858581, 43.55056711, 2.3], [4.11845204, 43.55062247, 2.3], [4.11842653, 43.55058314, 2.3], [4.11812716, 43.5507113, 2.3], [4.11816392, 43.55075682, 2.3], [4.118231, 43.55077052, 2.3], [4.11834258, 43.55078287, 2.3], [4.11847742, 43.55078238, 2.3], [4.11855395, 43.55077349, 2.3], [4.11863899, 43.55075642, 2.3], [4.11883817, 43.55069318, 2.3], [4.11924621, 43.5505549, 2.3], [4.11962499, 43.55043852, 2.3], [4.11979219, 43.5503846, 2.3], [4.11995692, 43.55033071, 2.3], [4.12029503, 43.55022285, 2.3], [4.12033558, 43.55027192, 2.3], [4.12041418, 43.55024231, 2.3], [4.12019728, 43.5499683, 2.4]]]]}, "geometry_name": "geometrie", "properties": {"cleabs": "EQ_RESEA0000000337194802", "nature": "Parking", "nature_detaillee": null, "toponyme": null, "statut_du_toponyme": null, "importance": "5", "numero": null, "fictif": false, "adresse_postale": null, "etat_de_l_objet": "En service", "date_creation": "2014-08-18T13:23:44.754Z", "date_modification": null, "date_d_apparition": null, "date_de_confirmation": "2012-07-01Z", "sources": null, "identifiants_sources": null, "methode_d_acquisition_planimetrique": "Photogrammétrie", "precision_planimetrique": 2.5, "methode_d_acquisition_altimetrique": "Photogrammétrie", "precision_altimetrique": 1.5, "insee_commune": "30133", "commune": "LE GRAU-DU-ROI", "identifiant_voie_ban": null, "id_ban_odonyme": null, "source": "bdtopo"}}, {"type": "Feature", "id": "equipement_de_transport.76120", "geometry": {"type": "MultiPolygon", "coordinates": [[[[4.27561789, 43.68948686, -1000], [4.27561688, 43.68944188, -1000], [4.27555489, 43.68944261, -1000], [4.27555589, 43.68948759, -1000], [4.27561789, 43.68948686, -1000]]]]}, "geometry_name": "geometrie", "properties": {"cleabs": "EQ_RESEA0000000343129593", "nature": "Parking", "nature_detaillee": null, "toponyme": "Parking l'Aficion", "statut_du_toponyme": "Collecté", "importance": "5", "numero": null, "fictif": true, "adresse_postale": null, "etat_de_l_objet": "En service", "date_creation": "2015-01-20T18:36:51.417Z", "date_modification": "2019-11-25T10:55:21.423Z", "date_d_apparition": null, "date_de_confirmation": null, "sources": null, "identifiants_sources": null, "methode_d_acquisition_planimetrique": "Calculé", "precision_planimetrique": 20, "methode_d_acquisition_altimetrique": "Pas de Z", "precision_altimetrique": 9999, "insee_commune": "30341", "commune": "VAUVERT", "identifiant_voie_ban": null, "id_ban_odonyme": null, "source": "bdtopo"}}, {"type": "Feature", "id": "equipement_de_transport.76674", "geometry": {"type": "MultiPolygon", "coordinates": [[[[4.14608967, 43.75394244, -1000], [4.14570109, 43.75394383, -1000], [4.14575896, 43.75367144, -1000], [4.14613601, 43.75371427, -1000], [4.14608967, 43.75394244, -1000]]]]}, "geometry_name": "geometrie", "properties": {"cleabs": "EQ_RESEA0000000348281233", "nature": "Parking", "nature_detaillee": null, "toponyme": "Place du Château", "statut_du_toponyme": "Collecté", "importance": "5", "numero": null, "fictif": false, "adresse_postale": null, "etat_de_l_objet": "En service", "date_creation": "2015-02-26T17:59:21.465Z", "date_modification": "2025-05-06T11:39:19.855Z", "date_d_apparition": null, "date_de_confirmation": "2015-02-12Z", "sources": null, "identifiants_sources": null, "methode_d_acquisition_planimetrique": "Calculé", "precision_planimetrique": 20, "methode_d_acquisition_altimetrique": "Pas de Z", "precision_altimetrique": 9999, "insee_commune": "30019", "commune": "AUBAIS", "identifiant_voie_ban": null, "id_ban_odonyme": null, "source": "bdtopo"}}, {"type": "Feature", "id": "equipement_de_transport.78660", "geometry": {"type": "MultiPolygon", "coordinates": [[[[4.2355006, 43.67518023, -1000], [4.23549963, 43.67513524, -1000], [4.23543765, 43.67513595, -1000], [4.23543862, 43.67518093, -1000], [4.2355006, 43.67518023, -1000]]]]}, "geometry_name": "geometrie", "properties": {"cleabs": "EQ_RESEA0000000353750576", "nature": "Parking", "nature_detaillee": null, "toponyme": "Place de Verdun", "statut_du_toponyme": "Collecté", "importance": "5", "numero": null, "fictif": true, "adresse_postale": null, "etat_de_l_objet": "En service", "date_creation": "2015-09-15T09:21:08.083Z", "date_modification": "2019-11-08T09:49:42.416Z", "date_d_apparition": null, "date_de_confirmation": "2015-08-26Z", "sources": null, "identifiants_sources": null, "methode_d_acquisition_planimetrique": "Calculé", "precision_planimetrique": 20, "methode_d_acquisition_altimetrique": "Pas de Z", "precision_altimetrique": 9999, "insee_commune": "30059", "commune": "LE CAILAR", "identifiant_voie_ban": null, "id_ban_odonyme": null, "source": "bdtopo"}}, {"type": "Feature", "id": "equipement_de_transport.80602", "geometry": {"type": "MultiPolygon", "coordinates": [[[[4.18307633, 43.5599211, -1000], [4.18301448, 43.55992178, -1000], [4.18301355, 43.5598768, -1000], [4.1830754, 43.55987612, -1000], [4.18307633, 43.5599211, -1000]]]]}, "geometry_name": "geometrie", "properties": {"cleabs": "EQ_RESEA0000000356830286", "nature": "Parking", "nature_detaillee": "Parking touristique isolé", "toponyme": null, "statut_du_toponyme": null, "importance": "5", "numero": null, "fictif": true, "adresse_postale": null, "etat_de_l_objet": "En service", "date_creation": "2016-03-15T10:49:03.646Z", "date_modification": "2024-09-09T15:29:07.854Z", "date_d_apparition": null, "date_de_confirmation": "2024-09-09Z", "sources": null, "identifiants_sources": null, "methode_d_acquisition_planimetrique": "Calculé", "precision_planimetrique": 20, "methode_d_acquisition_altimetrique": "Pas de Z", "precision_altimetrique": 9999, "insee_commune": "30003", "commune": "AIGUES-MORTES", "identifiant_voie_ban": null, "id_ban_odonyme": null, "source": "bdtopo"}}, {"type": "Feature", "id": "equipement_de_transport.80707", "geometry": {"type": "MultiPolygon", "coordinates": [[[[4.21018224, 43.58968557, -1000], [4.21012035, 43.58968626, -1000], [4.2101194, 43.58964128, -1000], [4.21018129, 43.58964059, -1000], [4.21018224, 43.58968557, -1000]]]]}, "geometry_name": "geometrie", "properties": {"cleabs": "EQ_RESEA0000000356878072", "nature": "Parking", "nature_detaillee": "Parking touristique isolé", "toponyme": null, "statut_du_toponyme": null, "importance": "5", "numero": null, "fictif": true, "adresse_postale": null, "etat_de_l_objet": "En service", "date_creation": "2016-03-29T08:00:28.678Z", "date_modification": "2024-09-09T15:30:20.133Z", "date_d_apparition": null, "date_de_confirmation": "2024-09-09Z", "sources": null, "identifiants_sources": null, "methode_d_acquisition_planimetrique": "Calculé", "precision_planimetrique": 20, "methode_d_acquisition_altimetrique": "Pas de Z", "precision_altimetrique": 9999, "insee_commune": "30276", "commune": "SAINT-LAURENT-D'AIGOUZE", "identifiant_voie_ban": null, "id_ban_odonyme": null, "source": "bdtopo"}}, {"type": "Feature", "id": "equipement_de_transport.81226", "geometry": {"type": "MultiPolygon", "coordinates": [[[[4.35085832, 43.83650513, -1000], [4.35085726, 43.83646014, -1000], [4.35079511, 43.83646091, -1000], [4.35079617, 43.8365059, -1000], [4.35085832, 43.83650513, -1000]]]]}, "geometry_name": "geometrie", "properties": {"cleabs": "EQ_RESEA0000000357264338", "nature": "Parking", "nature_detaillee": "Parking souterrain", "toponyme": "Parking du Jardin de la Fontaine", "statut_du_toponyme": "Collecté", "importance": "5", "numero": null, "fictif": true, "adresse_postale": null, "etat_de_l_objet": "En service", "date_creation": "2016-05-09T14:30:34.709Z", "date_modification": "2019-11-12T16:24:00.624Z", "date_d_apparition": null, "date_de_confirmation": "2016-04-07Z", "sources": null, "identifiants_sources": null, "methode_d_acquisition_planimetrique": "Calculé", "precision_planimetrique": 20, "methode_d_acquisition_altimetrique": "Pas de Z", "precision_altimetrique": 9999, "insee_commune": "30189", "commune": "NIMES", "identifiant_voie_ban": null, "id_ban_odonyme": null, "source": "bdtopo"}}, {"type": "Feature", "id": "equipement_de_transport.81643", "geometry": {"type": "MultiPolygon", "coordinates": [[[[4.29726, 43.63863454, -1000], [4.29719806, 43.63863528, -1000], [4.29719704, 43.6385903, -1000], [4.29725898, 43.63858956, -1000], [4.29726, 43.63863454, -1000]]]]}, "geometry_name": "geometrie", "properties": {"cleabs": "EQ_RESEA0000000357670312", "nature": "Parking", "nature_detaillee": "Parking touristique isolé", "toponyme": null, "statut_du_toponyme": null, "importance": "5", "numero": null, "fictif": true, "adresse_postale": null, "etat_de_l_objet": "En service", "date_creation": "2016-06-10T13:22:50.421Z", "date_modification": "2024-09-09T15:29:55.664Z", "date_d_apparition": null, "date_de_confirmation": "2024-09-09Z", "sources": null, "identifiants_sources": null, "methode_d_acquisition_planimetrique": "Calculé", "precision_planimetrique": 20, "methode_d_acquisition_altimetrique": "Pas de Z", "precision_altimetrique": 9999, "insee_commune": "30341", "commune": "VAUVERT", "identifiant_voie_ban": null, "id_ban_odonyme": null, "source": "bdtopo"}}, {"type": "Feature", "id": "equipement_de_transport.81814", "geometry": {"type": "MultiPolygon", "coordinates": [[[[4.20834128, 43.74409999, 25.3], [4.20836047, 43.74406828, 25.2], [4.20838348, 43.74404102, 25.2], [4.20832006, 43.74403543, 26], [4.20831378, 43.7440319, 26], [4.20830742, 43.74402477, 26], [4.20830612, 43.74402208, 26], [4.20830849, 43.74401666, 26], [4.20832898, 43.74398763, 26], [4.20798629, 43.74386634, 29], [4.20743994, 43.74368251, 31.2], [4.20742125, 43.74367911, 31.2], [4.20740761, 43.74368016, 31.2], [4.20739282, 43.74368483, 31.2], [4.2073818, 43.74369215, 31.2], [4.20737204, 43.74370036, 31.2], [4.20703196, 43.7442324, 31.6], [4.20697708, 43.74422041, 31.6], [4.20694311, 43.74425769, 31.6], [4.20688557, 43.74423672, 31.6], [4.2067235, 43.74426282, 32.3], [4.20665712, 43.74435265, 32.3], [4.20692591, 43.74450176, 31.4], [4.20694408, 43.74447996, 31.4], [4.20699914, 43.74450095, 31.4], [4.20705076, 43.74441758, 31.4], [4.207227, 43.74447503, 31.4], [4.20723199, 43.74447587, 31.4], [4.20723687, 43.74447222, 31.4], [4.20742321, 43.74418397, 30.9], [4.20724188, 43.74412118, 31.3], [4.20728741, 43.74404328, 31.2], [4.20747876, 43.74411045, 31.2], [4.20767353, 43.74381041, 30.4], [4.20796238, 43.7439098, 29], [4.20798282, 43.74393747, 28.6], [4.20798051, 43.7439456, 28.6], [4.20797324, 43.74395378, 28.6], [4.20796716, 43.74396015, 28.6], [4.20795853, 43.74396294, 28.6], [4.20794864, 43.74396485, 28.6], [4.20794007, 43.74397035, 28.6], [4.20776259, 43.7442072, 29.1], [4.20784327, 43.7442657, 29.2], [4.20802756, 43.74405757, 28.5], [4.20798738, 43.74403552, 28.5], [4.20798728, 43.74403102, 28.5], [4.20799093, 43.74402738, 28.5], [4.20799709, 43.74402551, 28.5], [4.20800704, 43.7440263, 28.5], [4.20803467, 43.74404129, 28.5], [4.20813397, 43.74409959, 28], [4.2081328, 43.7441032, 28], [4.20812791, 43.74410686, 28], [4.20812299, 43.74410871, 28.1], [4.20811424, 43.74410611, 28.1], [4.20808413, 43.74409114, 28.1], [4.20785467, 43.74427638, 29.1], [4.20789747, 43.7443047, 29.3], [4.20792653, 43.74432868, 29.2], [4.20795053, 43.74434821, 29.2], [4.20807283, 43.74426136, 29], [4.20818631, 43.7441683, 27.5], [4.20823758, 43.74412724, 26.9], [4.20828289, 43.74409794, 26], [4.20831379, 43.74409129, 25.5], [4.20834128, 43.74409999, 25.3]]]]}, "geometry_name": "geometrie", "properties": {"cleabs": "EQ_RESEA0000000357801861", "nature": "Parking", "nature_detaillee": null, "toponyme": null, "statut_du_toponyme": null, "importance": "5", "numero": null, "fictif": false, "adresse_postale": null, "etat_de_l_objet": "En service", "date_creation": "2016-06-30T15:06:08.101Z", "date_modification": null, "date_d_apparition": null, "date_de_confirmation": "2015-07-01Z", "sources": null, "identifiants_sources": null, "methode_d_acquisition_planimetrique": "Photogrammétrie", "precision_planimetrique": 2.5, "methode_d_acquisition_altimetrique": "Photogrammétrie", "precision_altimetrique": 1.5, "insee_commune": "30344", "commune": "VERGEZE", "identifiant_voie_ban": null, "id_ban_odonyme": null, "source": "bdtopo"}}, {"type": "Feature", "id": "equipement_de_transport.81815", "geometry": {"type": "MultiPolygon", "coordinates": [[[[4.34040465, 43.81697839, 36.7], [4.34086941, 43.81660277, 36.7], [4.34088447, 43.81655579, 36.1], [4.34091595, 43.8165203, 35.8], [4.34090325, 43.81650875, 35.5], [4.34101273, 43.8164066, 35.2], [4.34099758, 43.81639689, 35.2], [4.34083372, 43.8162999, 35.2], [4.34066244, 43.81646941, 35.1], [4.3406235, 43.81645189, 35.1], [4.34018154, 43.81684613, 35.2], [4.34040465, 43.81697839, 36.7]]]]}, "geometry_name": "geometrie", "properties": {"cleabs": "EQ_RESEA0000000357803575", "nature": "Parking", "nature_detaillee": null, "toponyme": null, "statut_du_toponyme": null, "importance": "5", "numero": null, "fictif": false, "adresse_postale": null, "etat_de_l_objet": "En service", "date_creation": "2016-06-30T15:11:07.448Z", "date_modification": null, "date_d_apparition": null, "date_de_confirmation": "2015-07-01Z", "sources": null, "identifiants_sources": null, "methode_d_acquisition_planimetrique": "Photogrammétrie", "precision_planimetrique": 2.5, "methode_d_acquisition_altimetrique": "Photogrammétrie", "precision_altimetrique": 1.5, "insee_commune": "30189", "commune": "NIMES", "identifiant_voie_ban": null, "id_ban_odonyme": null, "source": "bdtopo"}}, {"type": "Feature", "id": "equipement_de_transport.81849", "geometry": {"type": "MultiPolygon", "coordinates": [[[[4.34546293, 43.76566873, 36.4], [4.34526951, 43.76515362, 37.1], [4.34388283, 43.76543803, 37.1], [4.34409259, 43.76596194, 36.3], [4.34546293, 43.76566873, 36.4]]]]}, "geometry_name": "geometrie", "properties": {"cleabs": "EQ_RESEA0000000357926947", "nature": "Parking", "nature_detaillee": null, "toponyme": null, "statut_du_toponyme": null, "importance": "5", "numero": null, "fictif": false, "adresse_postale": null, "etat_de_l_objet": "En service", "date_creation": "2016-07-06T08:07:36.160Z", "date_modification": null, "date_d_apparition": null, "date_de_confirmation": "2015-07-01Z", "sources": null, "identifiants_sources": null, "methode_d_acquisition_planimetrique": "Photogrammétrie", "precision_planimetrique": 2.5, "methode_d_acquisition_altimetrique": "Photogrammétrie", "precision_altimetrique": 1.5, "insee_commune": "30189", "commune": "NIMES", "identifiant_voie_ban": null, "id_ban_odonyme": null, "source": "bdtopo"}}, {"type": "Feature", "id": "equipement_de_transport.81850", "geometry": {"type": "MultiPolygon", "coordinates": [[[[4.27977641, 43.76772551, 21.7], [4.27980674, 43.76769365, 21.8], [4.27982561, 43.76770423, 21.8], [4.28007637, 43.76742229, 21.8], [4.28010773, 43.76743632, 21.8], [4.28051318, 43.76696357, 21.8], [4.28009152, 43.76676692, 21.1], [4.28006375, 43.76680235, 21.1], [4.28003267, 43.76680092, 21.1], [4.27999426, 43.76680497, 21.1], [4.27996975, 43.76681965, 21.1], [4.27951558, 43.76733528, 21.2], [4.27948202, 43.76738967, 21.2], [4.27946947, 43.76743932, 21.2], [4.27946431, 43.76748618, 21.6], [4.27947341, 43.76755987, 21.4], [4.27949668, 43.76760099, 21.4], [4.27977641, 43.76772551, 21.7]]]]}, "geometry_name": "geometrie", "properties": {"cleabs": "EQ_RESEA0000000357926948", "nature": "Parking", "nature_detaillee": null, "toponyme": null, "statut_du_toponyme": null, "importance": "5", "numero": null, "fictif": false, "adresse_postale": null, "etat_de_l_objet": "En service", "date_creation": "2016-07-06T08:07:36.160Z", "date_modification": null, "date_d_apparition": null, "date_de_confirmation": "2015-07-01Z", "sources": null, "identifiants_sources": null, "methode_d_acquisition_planimetrique": "Photogrammétrie", "precision_planimetrique": 2.5, "methode_d_acquisition_altimetrique": "Photogrammétrie", "precision_altimetrique": 1.5, "insee_commune": "30036", "commune": "BERNIS", "identifiant_voie_ban": null, "id_ban_odonyme": null, "source": "bdtopo"}}, {"type": "Feature", "id": "equipement_de_transport.81883", "geometry": {"type": "MultiPolygon", "coordinates": [[[[4.14691759, 43.71979536, -1000], [4.14685556, 43.71979602, -1000], [4.14685466, 43.71975103, -1000], [4.14691669, 43.71975038, -1000], [4.14691759, 43.71979536, -1000]]]]}, "geometry_name": "geometrie", "properties": {"cleabs": "EQ_RESEA0000000357967624", "nature": "Parking", "nature_detaillee": "Parking touristique isolé", "toponyme": null, "statut_du_toponyme": null, "importance": "4", "numero": null, "fictif": true, "adresse_postale": null, "etat_de_l_objet": "En service", "date_creation": "2016-07-08T11:53:10.305Z", "date_modification": "2024-09-09T15:29:06.474Z", "date_d_apparition": null, "date_de_confirmation": "2024-09-09Z", "sources": null, "identifiants_sources": null, "methode_d_acquisition_planimetrique": "Calculé", "precision_planimetrique": 20, "methode_d_acquisition_altimetrique": "Pas de Z", "precision_altimetrique": 9999, "insee_commune": "34340", "commune": "VILLETELLE", "identifiant_voie_ban": null, "id_ban_odonyme": null, "source": "bdtopo"}}, {"type": "Feature", "id": "equipement_de_transport.81948", "geometry": {"type": "MultiPolygon", "coordinates": [[[[4.26648511, 43.67618999, -1000], [4.26642313, 43.67619071, -1000], [4.26642214, 43.67614573, -1000], [4.26648412, 43.67614501, -1000], [4.26648511, 43.67618999, -1000]]]]}, "geometry_name": "geometrie", "properties": {"cleabs": "EQ_RESEA0000000357994203", "nature": "Parking", "nature_detaillee": "Parking touristique isolé", "toponyme": null, "statut_du_toponyme": null, "importance": "5", "numero": null, "fictif": true, "adresse_postale": null, "etat_de_l_objet": "En service", "date_creation": "2016-07-18T14:12:13.901Z", "date_modification": "2024-09-09T15:28:16.657Z", "date_d_apparition": null, "date_de_confirmation": "2024-09-09Z", "sources": null, "identifiants_sources": null, "methode_d_acquisition_planimetrique": "Calculé", "precision_planimetrique": 20, "methode_d_acquisition_altimetrique": "Pas de Z", "precision_altimetrique": 9999, "insee_commune": "30341", "commune": "VAUVERT", "identifiant_voie_ban": null, "id_ban_odonyme": null, "source": "bdtopo"}}, {"type": "Feature", "id": "equipement_de_transport.81976", "geometry": {"type": "MultiPolygon", "coordinates": [[[[4.57400417, 43.94054523, 28.5], [4.57434623, 43.94007493, 28.5], [4.57475921, 43.94023371, 28.5], [4.57482384, 43.94013826, 23.5], [4.5749282, 43.93999273, 23.5], [4.57491523, 43.93992901, 23.5], [4.5748925, 43.93987263, 23.5], [4.57484894, 43.93982915, 23.5], [4.57458472, 43.93968894, 23.6], [4.57441891, 43.93968413, 23.6], [4.57436591, 43.93970469, 23.7], [4.57427513, 43.93975551, 23.7], [4.57423244, 43.93978853, 23.7], [4.57371996, 43.94049352, 23.5], [4.57396056, 43.94058997, 23.5], [4.57400417, 43.94054523, 28.5]]]]}, "geometry_name": "geometrie", "properties": {"cleabs": "EQ_RESEA0000000358006658", "nature": "Parking", "nature_detaillee": null, "toponyme": null, "statut_du_toponyme": null, "importance": "5", "numero": null, "fictif": false, "adresse_postale": null, "etat_de_l_objet": "En service", "date_creation": "2016-07-20T15:43:22.950Z", "date_modification": null, "date_d_apparition": null, "date_de_confirmation": "2015-07-01Z", "sources": null, "identifiants_sources": null, "methode_d_acquisition_planimetrique": "Photogrammétrie", "precision_planimetrique": 2.5, "methode_d_acquisition_altimetrique": "Photogrammétrie", "precision_altimetrique": 1.5, "insee_commune": "30212", "commune": "REMOULINS", "identifiant_voie_ban": null, "id_ban_odonyme": null, "source": "bdtopo"}}, {"type": "Feature", "id": "equipement_de_transport.81978", "geometry": {"type": "MultiPolygon", "coordinates": [[[[4.3559009, 43.80953892, 28], [4.35585361, 43.80953591, 28.1], [4.35585463, 43.8095791, 28.1], [4.35491908, 43.80959163, 28.1], [4.3549168, 43.80954755, 28.1], [4.3553355, 43.80954235, 28.2], [4.35533414, 43.80948476, 28.2], [4.35532289, 43.8094822, 36.6], [4.35530196, 43.80886145, 34.6], [4.35536779, 43.80885973, 34.6], [4.35576777, 43.80885116, 34.6], [4.35576985, 43.80883403, 35.4], [4.35578227, 43.80883388, 35.4], [4.35578191, 43.80881858, 35.4], [4.35584393, 43.80881331, 35.4], [4.35591181, 43.80879357, 35.4], [4.35596458, 43.80876501, 35.4], [4.35600622, 43.80879149, 34.1], [4.35646442, 43.80846089, 34.1], [4.35643034, 43.80843881, 34.9], [4.35644618, 43.80842511, 34.9], [4.35628549, 43.80830471, 35.5], [4.35608854, 43.80833236, 35.5], [4.35608231, 43.80827933, 27.9], [4.35615413, 43.80826854, 27.9], [4.35613193, 43.80817072, 27.9], [4.35654572, 43.80811607, 27.9], [4.35655545, 43.80815915, 27.8], [4.35653622, 43.80850139, 27.8], [4.35653018, 43.80856087, 27.9], [4.35650887, 43.80876274, 28], [4.3564888, 43.80875489, 28], [4.35644469, 43.80878154, 28], [4.35649273, 43.80881604, 28], [4.35636452, 43.80891214, 28], [4.3563153, 43.80888035, 28], [4.35628976, 43.80890407, 28], [4.35629341, 43.80905793, 28.1], [4.35629655, 43.80913799, 28.2], [4.35595122, 43.80914498, 28], [4.35595922, 43.80948239, 27.8], [4.35589838, 43.80948495, 27.8], [4.3559009, 43.80953892, 28]]]]}, "geometry_name": "geometrie", "properties": {"cleabs": "EQ_RESEA0000000358007132", "nature": "Parking", "nature_detaillee": null, "toponyme": null, "statut_du_toponyme": null, "importance": "5", "numero": null, "fictif": false, "adresse_postale": null, "etat_de_l_objet": "En service", "date_creation": "2016-07-20T15:52:23.732Z", "date_modification": null, "date_d_apparition": null, "date_de_confirmation": "2015-07-01Z", "sources": null, "identifiants_sources": null, "methode_d_acquisition_planimetrique": "Photogrammétrie", "precision_planimetrique": 2.5, "methode_d_acquisition_altimetrique": "Photogrammétrie", "precision_altimetrique": 1.5, "insee_commune": "30189", "commune": "NIMES", "identifiant_voie_ban": null, "id_ban_odonyme": null, "source": "bdtopo"}}, {"type": "Feature", "id": "equipement_de_transport.81979", "geometry": {"type": "MultiPolygon", "coordinates": [[[[4.42977066, 43.82285182, 39.4], [4.4295396, 43.82330578, 39], [4.42945287, 43.82341672, 39], [4.4294418, 43.82342136, 39], [4.42941566, 43.82341991, 39], [4.42876358, 43.82324394, 38.5], [4.42907227, 43.82266297, 38.6], [4.42977066, 43.82285182, 39.4]]]]}, "geometry_name": "geometrie", "properties": {"cleabs": "EQ_RESEA0000000358007423", "nature": "Parking", "nature_detaillee": null, "toponyme": null, "statut_du_toponyme": null, "importance": "5", "numero": null, "fictif": false, "adresse_postale": null, "etat_de_l_objet": "En service", "date_creation": "2016-07-20T16:00:58.311Z", "date_modification": null, "date_d_apparition": null, "date_de_confirmation": "2015-07-01Z", "sources": null, "identifiants_sources": null, "methode_d_acquisition_planimetrique": "Photogrammétrie", "precision_planimetrique": 2.5, "methode_d_acquisition_altimetrique": "Photogrammétrie", "precision_altimetrique": 1.5, "insee_commune": "30356", "commune": "RODILHAN", "identifiant_voie_ban": null, "id_ban_odonyme": null, "source": "bdtopo"}}, {"type": "Feature", "id": "equipement_de_transport.81980", "geometry": {"type": "MultiPolygon", "coordinates": [[[[4.18578022, 43.69924573, 10.5], [4.1857532, 43.69913894, 9.4], [4.18580046, 43.69902503, 9.8], [4.18567784, 43.69891388, 9.5], [4.18558995, 43.69880234, 9.4], [4.18553589, 43.69870754, 9.7], [4.18550893, 43.69860344, 9.8], [4.18546936, 43.69848958, 9.9], [4.1854265, 43.69839646, 9.8], [4.18522654, 43.69844363, 11.3], [4.18535539, 43.69885619, 11.3], [4.18553318, 43.69905584, 10.4], [4.18576132, 43.69923154, 10.5], [4.18578022, 43.69924573, 10.5]]]]}, "geometry_name": "geometrie", "properties": {"cleabs": "EQ_RESEA0000000358008105", "nature": "Parking", "nature_detaillee": null, "toponyme": null, "statut_du_toponyme": null, "importance": "5", "numero": null, "fictif": false, "adresse_postale": null, "etat_de_l_objet": "En service", "date_creation": "2016-07-20T16:06:32.470Z", "date_modification": null, "date_d_apparition": null, "date_de_confirmation": "2015-07-01Z", "sources": null, "identifiants_sources": null, "methode_d_acquisition_planimetrique": "Photogrammétrie", "precision_planimetrique": 2.5, "methode_d_acquisition_altimetrique": "Photogrammétrie", "precision_altimetrique": 1.5, "insee_commune": "30006", "commune": "AIMARGUES", "identifiant_voie_ban": null, "id_ban_odonyme": null, "source": "bdtopo"}}, {"type": "Feature", "id": "equipement_de_transport.81981", "geometry": {"type": "MultiPolygon", "coordinates": [[[[4.18522999, 43.70148804, 12], [4.18518961, 43.70151458, 12], [4.18513739, 43.70150885, 12], [4.18484852, 43.70175587, 12], [4.18490011, 43.70179131, 12], [4.18487883, 43.70184194, 12], [4.18461876, 43.70168278, 11.2], [4.18463251, 43.70162774, 11.1], [4.18461476, 43.70160903, 11.1], [4.18488986, 43.70135586, 11.1], [4.18492427, 43.70134018, 11.1], [4.18494901, 43.70133721, 11.1], [4.18496267, 43.70133797, 11.1], [4.18503046, 43.70137682, 11.1], [4.18522999, 43.70148804, 12]]]]}, "geometry_name": "geometrie", "properties": {"cleabs": "EQ_RESEA0000000358008106", "nature": "Parking", "nature_detaillee": null, "toponyme": null, "statut_du_toponyme": null, "importance": "5", "numero": null, "fictif": false, "adresse_postale": null, "etat_de_l_objet": "En service", "date_creation": "2016-07-20T16:06:32.470Z", "date_modification": null, "date_d_apparition": null, "date_de_confirmation": "2015-07-01Z", "sources": null, "identifiants_sources": null, "methode_d_acquisition_planimetrique": "Photogrammétrie", "precision_planimetrique": 2.5, "methode_d_acquisition_altimetrique": "Photogrammétrie", "precision_altimetrique": 1.5, "insee_commune": "30006", "commune": "AIMARGUES", "identifiant_voie_ban": null, "id_ban_odonyme": null, "source": "bdtopo"}}, {"type": "Feature", "id": "equipement_de_transport.82732", "geometry": {"type": "MultiPolygon", "coordinates": [[[[4.44225477, 43.87978552, -1000], [4.44225364, 43.87974053, -1000], [4.44219144, 43.87974136, -1000], [4.44219258, 43.87978634, -1000], [4.44225477, 43.87978552, -1000]]]]}, "geometry_name": "geometrie", "properties": {"cleabs": "EQ_RESEA0000002000016587", "nature": "Parking", "nature_detaillee": "Parking touristique isolé", "toponyme": null, "statut_du_toponyme": null, "importance": "5", "numero": null, "fictif": true, "adresse_postale": null, "etat_de_l_objet": "En service", "date_creation": "2016-09-20T11:26:11.503Z", "date_modification": null, "date_d_apparition": null, "date_de_confirmation": null, "sources": null, "identifiants_sources": null, "methode_d_acquisition_planimetrique": "Calculé", "precision_planimetrique": 20, "methode_d_acquisition_altimetrique": "Pas de Z", "precision_altimetrique": 9999, "insee_commune": "30156", "commune": "MARGUERITTES", "identifiant_voie_ban": null, "id_ban_odonyme": null, "source": "bdtopo"}}, {"type": "Feature", "id": "equipement_de_transport.82738", "geometry": {"type": "MultiPolygon", "coordinates": [[[[4.43028194, 43.87508447, -1000], [4.43028081, 43.87503948, -1000], [4.43021862, 43.87504029, -1000], [4.43021975, 43.87508528, -1000], [4.43028194, 43.87508447, -1000]]]]}, "geometry_name": "geometrie", "properties": {"cleabs": "EQ_RESEA0000002000018540", "nature": "Parking", "nature_detaillee": "Parking touristique isolé", "toponyme": null, "statut_du_toponyme": null, "importance": "5", "numero": null, "fictif": true, "adresse_postale": null, "etat_de_l_objet": "En service", "date_creation": "2016-09-20T14:04:00.133Z", "date_modification": null, "date_d_apparition": null, "date_de_confirmation": null, "sources": null, "identifiants_sources": null, "methode_d_acquisition_planimetrique": "Calculé", "precision_planimetrique": 20, "methode_d_acquisition_altimetrique": "Pas de Z", "precision_altimetrique": 9999, "insee_commune": "30156", "commune": "MARGUERITTES", "identifiant_voie_ban": null, "id_ban_odonyme": null, "source": "bdtopo"}}, {"type": "Feature", "id": "equipement_de_transport.83549", "geometry": {"type": "MultiPolygon", "coordinates": [[[[4.13458861, 43.7155878, 30.4], [4.1346303, 43.71568816, 29.9], [4.13450442, 43.71578486, 31.1], [4.13445746, 43.71579435, 31.1], [4.13422294, 43.71598128, 30.6], [4.13401924, 43.71615799, 30.7], [4.13394476, 43.71621906, 30.8], [4.13336332, 43.71586604, 30.8], [4.13303042, 43.71565893, 30.5], [4.13298522, 43.7156315, 30.2], [4.13265848, 43.71592378, 30.2], [4.13259819, 43.71588661, 30.2], [4.13256915, 43.71586081, 30.2], [4.13254876, 43.71583402, 30.2], [4.13253459, 43.71580717, 30.2], [4.13253542, 43.71578647, 30.1], [4.13254745, 43.71576744, 30.3], [4.1325584, 43.71575653, 30.3], [4.13262795, 43.71569731, 30.4], [4.13254625, 43.71564417, 30.5], [4.13288647, 43.71534365, 32], [4.13319755, 43.71507583, 32.6], [4.13328781, 43.71512259, 31.9], [4.13331173, 43.71514034, 32.1], [4.1334975, 43.71499802, 31.7], [4.13355141, 43.71496326, 32.2], [4.13345592, 43.71490306, 32.2], [4.13336184, 43.71491394, 32], [4.13320353, 43.71493898, 32.3], [4.13254283, 43.71453009, 32.8], [4.13270632, 43.71451579, 33.2], [4.13280908, 43.71450483, 33.3], [4.13266832, 43.7144136, 33.4], [4.13266279, 43.71438486, 33.4], [4.13290689, 43.71436882, 33.4], [4.1336568, 43.71483437, 32.6], [4.13487629, 43.7155794, 30.4], [4.13458861, 43.7155878, 30.4]]]]}, "geometry_name": "geometrie", "properties": {"cleabs": "EQ_RESEA0000002000455566", "nature": "Parking", "nature_detaillee": null, "toponyme": null, "statut_du_toponyme": null, "importance": "5", "numero": null, "fictif": false, "adresse_postale": null, "etat_de_l_objet": "En service", "date_creation": "2016-12-02T09:38:56.299Z", "date_modification": "2025-07-16T21:48:44.700Z", "date_d_apparition": null, "date_de_confirmation": "2015-07-01Z", "sources": null, "identifiants_sources": null, "methode_d_acquisition_planimetrique": "Photogrammétrie", "precision_planimetrique": 2.5, "methode_d_acquisition_altimetrique": "Photogrammétrie", "precision_altimetrique": 1.5, "insee_commune": "34340", "commune": "VILLETELLE", "identifiant_voie_ban": null, "id_ban_odonyme": null, "source": "bdtopo"}}, {"type": "Feature", "id": "equipement_de_transport.83980", "geometry": {"type": "MultiPolygon", "coordinates": [[[[4.26679734, 43.88467908, -1000], [4.26659883, 43.88459408, -1000], [4.26653458, 43.88455883, -1000], [4.26665919, 43.88445387, -1000], [4.26697058, 43.88424235, -1000], [4.26710346, 43.8840617, -1000], [4.26696282, 43.88400483, -1000], [4.26710464, 43.88389068, -1000], [4.26727195, 43.88391574, -1000], [4.26733326, 43.88398703, -1000], [4.26731448, 43.88415015, -1000], [4.26768244, 43.88424489, -1000], [4.26769694, 43.88433742, -1000], [4.26748047, 43.88433994, -1000], [4.26743948, 43.88423151, -1000], [4.26735914, 43.88420004, -1000], [4.26679734, 43.88467908, -1000]]]]}, "geometry_name": "geometrie", "properties": {"cleabs": "EQ_RESEA0000002000743476", "nature": "Parking", "nature_detaillee": "Parking touristique isolé", "toponyme": null, "statut_du_toponyme": null, "importance": "4", "numero": null, "fictif": false, "adresse_postale": null, "etat_de_l_objet": "En service", "date_creation": "2017-01-23T09:12:35.993Z", "date_modification": "2025-04-22T11:15:47.219Z", "date_d_apparition": null, "date_de_confirmation": "2025-01-30Z", "sources": null, "identifiants_sources": null, "methode_d_acquisition_planimetrique": "Calculé", "precision_planimetrique": 20, "methode_d_acquisition_altimetrique": "Pas de Z", "precision_altimetrique": 9999, "insee_commune": "30189", "commune": "NIMES", "identifiant_voie_ban": null, "id_ban_odonyme": null, "source": "bdtopo"}}, {"type": "Feature", "id": "equipement_de_transport.83981", "geometry": {"type": "MultiPolygon", "coordinates": [[[[4.27817788, 43.88874785, -1000], [4.27764818, 43.88904657, -1000], [4.27749349, 43.88897458, -1000], [4.27800808, 43.88861213, -1000], [4.2780738, 43.88865727, -1000], [4.27817788, 43.88874785, -1000]]]]}, "geometry_name": "geometrie", "properties": {"cleabs": "EQ_RESEA0000002000743950", "nature": "Parking", "nature_detaillee": "Parking touristique isolé", "toponyme": null, "statut_du_toponyme": null, "importance": "5", "numero": null, "fictif": false, "adresse_postale": null, "etat_de_l_objet": "En service", "date_creation": "2017-01-23T09:14:45.380Z", "date_modification": "2025-04-02T14:16:31.954Z", "date_d_apparition": null, "date_de_confirmation": null, "sources": null, "identifiants_sources": null, "methode_d_acquisition_planimetrique": "Calculé", "precision_planimetrique": 20, "methode_d_acquisition_altimetrique": "Pas de Z", "precision_altimetrique": 9999, "insee_commune": "30189", "commune": "NIMES", "identifiant_voie_ban": null, "id_ban_odonyme": null, "source": "bdtopo"}}, {"type": "Feature", "id": "equipement_de_transport.83982", "geometry": {"type": "MultiPolygon", "coordinates": [[[[4.32811175, 43.93507345, -1000], [4.32804949, 43.9350742, -1000], [4.32804844, 43.93502921, -1000], [4.3281107, 43.93502846, -1000], [4.32811175, 43.93507345, -1000]]]]}, "geometry_name": "geometrie", "properties": {"cleabs": "EQ_RESEA0000002000744328", "nature": "Parking", "nature_detaillee": "Parking touristique isolé", "toponyme": null, "statut_du_toponyme": null, "importance": "5", "numero": null, "fictif": true, "adresse_postale": null, "etat_de_l_objet": "En service", "date_creation": "2017-01-23T09:16:37.902Z", "date_modification": "2024-09-06T12:46:25.573Z", "date_d_apparition": null, "date_de_confirmation": "2024-09-06Z", "sources": null, "identifiants_sources": null, "methode_d_acquisition_planimetrique": "Calculé", "precision_planimetrique": 20, "methode_d_acquisition_altimetrique": "Pas de Z", "precision_altimetrique": 9999, "insee_commune": "30228", "commune": "SAINTE-ANASTASIE", "identifiant_voie_ban": null, "id_ban_odonyme": null, "source": "bdtopo"}}, {"type": "Feature", "id": "equipement_de_transport.83983", "geometry": {"type": "MultiPolygon", "coordinates": [[[[4.3230901, 43.85511439, -1000], [4.32291298, 43.85503914, -1000], [4.32294069, 43.8550001, -1000], [4.32274958, 43.85491151, -1000], [4.32288845, 43.85473162, -1000], [4.32316126, 43.85485702, -1000], [4.32314705, 43.85488779, -1000], [4.32323755, 43.854929, -1000], [4.3230901, 43.85511439, -1000]]]]}, "geometry_name": "geometrie", "properties": {"cleabs": "EQ_RESEA0000002000744491", "nature": "Parking", "nature_detaillee": "Parking touristique isolé", "toponyme": "Parking du Bois des Espeisses", "statut_du_toponyme": "Collecté", "importance": "5", "numero": null, "fictif": false, "adresse_postale": null, "etat_de_l_objet": "En service", "date_creation": "2017-01-23T09:17:20.795Z", "date_modification": "2025-01-30T14:55:10.001Z", "date_d_apparition": null, "date_de_confirmation": "2025-01-30Z", "sources": null, "identifiants_sources": null, "methode_d_acquisition_planimetrique": "Calculé", "precision_planimetrique": 20, "methode_d_acquisition_altimetrique": "Pas de Z", "precision_altimetrique": 9999, "insee_commune": "30189", "commune": "NIMES", "identifiant_voie_ban": null, "id_ban_odonyme": null, "source": "bdtopo"}}, {"type": "Feature", "id": "equipement_de_transport.83984", "geometry": {"type": "MultiPolygon", "coordinates": [[[[4.33388515, 43.85634382, -1000], [4.3338841, 43.85629883, -1000], [4.33382193, 43.85629959, -1000], [4.33382298, 43.85634458, -1000], [4.33388515, 43.85634382, -1000]]]]}, "geometry_name": "geometrie", "properties": {"cleabs": "EQ_RESEA0000002000744492", "nature": "Parking", "nature_detaillee": "Parking touristique isolé", "toponyme": null, "statut_du_toponyme": null, "importance": "5", "numero": null, "fictif": true, "adresse_postale": null, "etat_de_l_objet": "En service", "date_creation": "2017-01-23T09:17:20.795Z", "date_modification": null, "date_d_apparition": null, "date_de_confirmation": null, "sources": null, "identifiants_sources": null, "methode_d_acquisition_planimetrique": "Calculé", "precision_planimetrique": 20, "methode_d_acquisition_altimetrique": "Pas de Z", "precision_altimetrique": 9999, "insee_commune": "30189", "commune": "NIMES", "identifiant_voie_ban": null, "id_ban_odonyme": null, "source": "bdtopo"}}, {"type": "Feature", "id": "equipement_de_transport.90537", "geometry": {"type": "MultiPolygon", "coordinates": [[[[4.21119362, 43.68524379, -1000], [4.21149359, 43.68529625, -1000], [4.21186603, 43.68449477, -1000], [4.21201308, 43.68423575, -1000], [4.21199813, 43.68423232, -1000], [4.211957, 43.68422288, -1000], [4.21143974, 43.68409815, -1000], [4.21129921, 43.68407902, -1000], [4.21116274, 43.68431092, -1000], [4.21132111, 43.68435235, -1000], [4.21144102, 43.68439331, -1000], [4.21146869, 43.6844119, -1000], [4.21148296, 43.68444144, -1000], [4.21149198, 43.68451603, -1000], [4.21148284, 43.68455303, -1000], [4.21119362, 43.68524379, -1000]]]]}, "geometry_name": "geometrie", "properties": {"cleabs": "EQ_RESEA0000002202709696", "nature": "Parking", "nature_detaillee": null, "toponyme": null, "statut_du_toponyme": null, "importance": null, "numero": null, "fictif": false, "adresse_postale": null, "etat_de_l_objet": "En service", "date_creation": "2019-05-22T14:40:15.782Z", "date_modification": "2019-09-23T20:00:29.374Z", "date_d_apparition": null, "date_de_confirmation": null, "sources": null, "identifiants_sources": null, "methode_d_acquisition_planimetrique": "Orthophotographie", "precision_planimetrique": 3, "methode_d_acquisition_altimetrique": "Pas de Z", "precision_altimetrique": 9999, "insee_commune": "30006", "commune": "AIMARGUES", "identifiant_voie_ban": null, "id_ban_odonyme": null, "source": "bdtopo"}}, {"type": "Feature", "id": "equipement_de_transport.90559", "geometry": {"type": "MultiPolygon", "coordinates": [[[[4.22417447, 43.74228344, -1000], [4.22417351, 43.74223846, -1000], [4.22411146, 43.74223916, -1000], [4.22411242, 43.74228414, -1000], [4.22417447, 43.74228344, -1000]]]]}, "geometry_name": "geometrie", "properties": {"cleabs": "EQ_RESEA0000002202714762", "nature": "Parking", "nature_detaillee": null, "toponyme": null, "statut_du_toponyme": null, "importance": "5", "numero": null, "fictif": true, "adresse_postale": null, "etat_de_l_objet": "En service", "date_creation": "2019-05-23T15:35:13.516Z", "date_modification": null, "date_d_apparition": null, "date_de_confirmation": "2010-07-01Z", "sources": null, "identifiants_sources": null, "methode_d_acquisition_planimetrique": "Calculé", "precision_planimetrique": 20, "methode_d_acquisition_altimetrique": "Pas de Z", "precision_altimetrique": 9999, "insee_commune": "30344", "commune": "VERGEZE", "identifiant_voie_ban": null, "id_ban_odonyme": null, "source": "bdtopo"}}, {"type": "Feature", "id": "equipement_de_transport.90581", "geometry": {"type": "MultiPolygon", "coordinates": [[[[4.22379439, 43.74105298, -1000], [4.22428988, 43.7411212, -1000], [4.22459398, 43.74117808, -1000], [4.22465899, 43.74119985, -1000], [4.22480073, 43.74126845, -1000], [4.22508425, 43.74146595, -1000], [4.22531107, 43.74162449, -1000], [4.22528277, 43.74169411, -1000], [4.22395307, 43.74144987, -1000], [4.22365687, 43.7414136, 23.8], [4.22379439, 43.74105298, -1000]]]]}, "geometry_name": "geometrie", "properties": {"cleabs": "EQ_RESEA0000002202795634", "nature": "Parking", "nature_detaillee": null, "toponyme": null, "statut_du_toponyme": null, "importance": null, "numero": null, "fictif": false, "adresse_postale": null, "etat_de_l_objet": "En service", "date_creation": "2019-05-28T16:19:43.533Z", "date_modification": "2019-09-23T20:00:29.374Z", "date_d_apparition": null, "date_de_confirmation": null, "sources": null, "identifiants_sources": null, "methode_d_acquisition_planimetrique": "Orthophotographie", "precision_planimetrique": 3, "methode_d_acquisition_altimetrique": "Pas de Z", "precision_altimetrique": 9999, "insee_commune": "30344", "commune": "VERGEZE", "identifiant_voie_ban": null, "id_ban_odonyme": null, "source": "bdtopo"}}, {"type": "Feature", "id": "equipement_de_transport.92966", "geometry": {"type": "MultiPolygon", "coordinates": [[[[4.50579038, 43.81881521, -1000], [4.50583291, 43.81873092, -1000], [4.50616868, 43.81873618, -1000], [4.50636691, 43.81866414, -1000], [4.50695415, 43.8182591, -1000], [4.50745654, 43.81788943, -1000], [4.50793018, 43.81789099, -1000], [4.50830715, 43.81795058, -1000], [4.50874584, 43.81818212, -1000], [4.51025061, 43.81905505, -1000], [4.51028067, 43.81911044, -1000], [4.51026429, 43.81914936, -1000], [4.51020713, 43.81915016, -1000], [4.50990415, 43.81911565, -1000], [4.508766, 43.81894599, -1000], [4.50794326, 43.81885837, -1000], [4.50732884, 43.81884526, -1000], [4.50643945, 43.81882245, -1000], [4.50591405, 43.818791, -1000], [4.50579038, 43.81881521, -1000]]]]}, "geometry_name": "geometrie", "properties": {"cleabs": "EQ_RESEA0000002206380309", "nature": "Parking", "nature_detaillee": null, "toponyme": null, "statut_du_toponyme": null, "importance": null, "numero": null, "fictif": false, "adresse_postale": null, "etat_de_l_objet": "En service", "date_creation": "2020-03-05T14:27:58.401Z", "date_modification": null, "date_d_apparition": null, "date_de_confirmation": null, "sources": null, "identifiants_sources": null, "methode_d_acquisition_planimetrique": "Levé non GPS", "precision_planimetrique": 5, "methode_d_acquisition_altimetrique": "Pas de Z", "precision_altimetrique": 9999, "insee_commune": "30211", "commune": "REDESSAN", "identifiant_voie_ban": null, "id_ban_odonyme": null, "source": "bdtopo"}}, {"type": "Feature", "id": "equipement_de_transport.92967", "geometry": {"type": "MultiPolygon", "coordinates": [[[[4.50489536, 43.81560357, 62.8], [4.50524819, 43.81583271, 62.8], [4.50527983, 43.8161374, 62.8], [4.50534318, 43.81613562, 62.8], [4.50534176, 43.81617614, 62.8], [4.50530352, 43.81628198, 62.8], [4.50519514, 43.81636718, 62.8], [4.50510441, 43.81636753, 62.8], [4.50497361, 43.81654575, 62.8], [4.5049656, 43.81657196, 62.8], [4.50494344, 43.81672167, 62.8], [4.50497826, 43.81672209, 62.8], [4.50496227, 43.81682312, 62.8], [4.50457586, 43.81682935, 62.7], [4.5045797, 43.81664479, 62.5], [4.50451881, 43.81664563, 62.5], [4.50451458, 43.81657908, 62.3], [4.50450642, 43.81622187, 62.6], [4.50450695, 43.81619487, 62.6], [4.50442251, 43.81619783, 62.6], [4.50441982, 43.81614296, 62.6], [4.50450696, 43.81614806, 62.6], [4.50450708, 43.81605806, 62.6], [4.50446854, 43.81605769, 62.6], [4.50446032, 43.81574548, 62.6], [4.50458085, 43.81574382, 62.6], [4.50456358, 43.81560725, 62.6], [4.50489536, 43.81560357, 62.8]]]]}, "geometry_name": "geometrie", "properties": {"cleabs": "EQ_RESEA0000002206380310", "nature": "Parking", "nature_detaillee": null, "toponyme": null, "statut_du_toponyme": null, "importance": null, "numero": null, "fictif": false, "adresse_postale": null, "etat_de_l_objet": "En service", "date_creation": "2020-03-05T14:27:58.401Z", "date_modification": "2022-11-03T17:19:55.692Z", "date_d_apparition": null, "date_de_confirmation": "2021-08-11Z", "sources": null, "identifiants_sources": null, "methode_d_acquisition_planimetrique": "Photogrammétrie", "precision_planimetrique": 2.5, "methode_d_acquisition_altimetrique": "Photogrammétrie", "precision_altimetrique": 1.5, "insee_commune": "30155", "commune": "MANDUEL", "identifiant_voie_ban": null, "id_ban_odonyme": null, "source": "bdtopo"}}, {"type": "Feature", "id": "equipement_de_transport.93951", "geometry": {"type": "MultiPolygon", "coordinates": [[[[4.5590608, 43.92337615, -1000], [4.55899856, 43.92337704, -1000], [4.55899733, 43.92333205, -1000], [4.55905957, 43.92333116, -1000], [4.5590608, 43.92337615, -1000]]]]}, "geometry_name": "geometrie", "properties": {"cleabs": "EQ_RESEA0000002207022967", "nature": "Parking", "nature_detaillee": "Parking touristique isolé", "toponyme": null, "statut_du_toponyme": null, "importance": null, "numero": null, "fictif": true, "adresse_postale": null, "etat_de_l_objet": "En service", "date_creation": "2020-06-24T08:21:02.285Z", "date_modification": "2024-05-28T09:10:40.501Z", "date_d_apparition": null, "date_de_confirmation": "2024-05-27Z", "sources": null, "identifiants_sources": null, "methode_d_acquisition_planimetrique": "Calculé", "precision_planimetrique": 20, "methode_d_acquisition_altimetrique": "Pas de Z", "precision_altimetrique": 9999, "insee_commune": "30317", "commune": "SERNHAC", "identifiant_voie_ban": null, "id_ban_odonyme": null, "source": "bdtopo"}}, {"type": "Feature", "id": "equipement_de_transport.93986", "geometry": {"type": "MultiPolygon", "coordinates": [[[[4.12796115, 43.67876108, 10.9], [4.1278618, 43.67875311, 10.9], [4.12762348, 43.67874028, 11.1], [4.12731571, 43.67872637, 11.2], [4.12703397, 43.67871219, 11.3], [4.12668155, 43.67869784, 11.4], [4.12659714, 43.67869332, 11.5], [4.12659505, 43.67871314, 11.4], [4.12635677, 43.67870211, 11.4], [4.12616949, 43.67869955, 11.3], [4.12576522, 43.67869653, 11.2], [4.1254193, 43.67869741, 11], [4.12513187, 43.67870938, 10.9], [4.12475651, 43.67872676, 10.8], [4.12464131, 43.67873245, 10.8], [4.12466295, 43.6790139, 10.8], [4.12487976, 43.67900446, 10.8], [4.12525267, 43.6789889, 11], [4.12543728, 43.67898159, 11.1], [4.12553146, 43.67897882, 11.1], [4.12581297, 43.67898131, 11.2], [4.12618625, 43.67898464, 11.4], [4.12643435, 43.67899017, 11.5], [4.12669248, 43.6790019, 11.4], [4.12704742, 43.67901802, 11.2], [4.12744084, 43.67903644, 11.1], [4.12744495, 43.6789932, 11], [4.12793386, 43.67901243, 10.9], [4.12793707, 43.6789863, 10.9], [4.12796115, 43.67876108, 10.9]]]]}, "geometry_name": "geometrie", "properties": {"cleabs": "EQ_RESEA0000002207034794", "nature": "Parking", "nature_detaillee": null, "toponyme": null, "statut_du_toponyme": null, "importance": null, "numero": null, "fictif": false, "adresse_postale": null, "etat_de_l_objet": "En service", "date_creation": "2020-06-25T14:49:15.484Z", "date_modification": "2022-11-17T09:02:31.116Z", "date_d_apparition": null, "date_de_confirmation": null, "sources": null, "identifiants_sources": null, "methode_d_acquisition_planimetrique": "Levé GPS", "precision_planimetrique": 2.5, "methode_d_acquisition_altimetrique": "Levé GPS", "precision_altimetrique": 1.5, "insee_commune": "34145", "commune": "LUNEL", "identifiant_voie_ban": null, "id_ban_odonyme": null, "source": "bdtopo"}}, {"type": "Feature", "id": "equipement_de_transport.93987", "geometry": {"type": "MultiPolygon", "coordinates": [[[[4.13195753, 43.68020981, 10.6], [4.13207424, 43.68002951, 10.5], [4.13169021, 43.67992192, 10.6], [4.13163886, 43.68002144, 10.6], [4.13158901, 43.68000846, 10.5], [4.13149798, 43.67998241, 10.5], [4.13137705, 43.67994948, 10.5], [4.13104041, 43.67985579, 10.6], [4.13085454, 43.67979922, 10.8], [4.13064583, 43.6797159, 10.6], [4.13059384, 43.67978304, 10.5], [4.13054025, 43.67976919, 10.5], [4.13046987, 43.67991031, 10.7], [4.13050292, 43.67995136, 10.7], [4.13052687, 43.67997091, 10.6], [4.13056314, 43.67998673, 10.7], [4.13068033, 43.68001881, 10.8], [4.13072662, 43.68003993, 10.9], [4.13082148, 43.68007134, 10.9], [4.13091013, 43.68010281, 10.9], [4.13091318, 43.68013158, 10.8], [4.13101417, 43.68015933, 10.7], [4.13112645, 43.68019416, 10.6], [4.13124732, 43.6802244, 10.6], [4.13135714, 43.68026015, 10.6], [4.13148677, 43.6802939, 10.5], [4.1316364, 43.68033644, 10.5], [4.1317984, 43.68037705, 10.5], [4.13183112, 43.68033891, 10.5], [4.13188456, 43.68034465, 10.4], [4.13190898, 43.6803255, 10.4], [4.13195753, 43.68020981, 10.6]]]]}, "geometry_name": "geometrie", "properties": {"cleabs": "EQ_RESEA0000002207034795", "nature": "Parking", "nature_detaillee": null, "toponyme": null, "statut_du_toponyme": null, "importance": null, "numero": null, "fictif": false, "adresse_postale": null, "etat_de_l_objet": "En service", "date_creation": "2020-06-25T14:49:15.484Z", "date_modification": "2022-01-25T13:56:01.877Z", "date_d_apparition": null, "date_de_confirmation": null, "sources": null, "identifiants_sources": null, "methode_d_acquisition_planimetrique": "Levé GPS", "precision_planimetrique": 2.5, "methode_d_acquisition_altimetrique": "Levé GPS", "precision_altimetrique": 1.5, "insee_commune": "34145", "commune": "LUNEL", "identifiant_voie_ban": null, "id_ban_odonyme": null, "source": "bdtopo"}}, {"type": "Feature", "id": "equipement_de_transport.95278", "geometry": {"type": "MultiPolygon", "coordinates": [[[[4.4335212, 43.67469029, -1000], [4.43345922, 43.67469111, -1000], [4.4334581, 43.67464612, -1000], [4.43352007, 43.67464531, -1000], [4.4335212, 43.67469029, -1000]]]]}, "geometry_name": "geometrie", "properties": {"cleabs": "EQ_RESEA0000002215710091", "nature": "Parking", "nature_detaillee": null, "toponyme": null, "statut_du_toponyme": null, "importance": "5", "numero": null, "fictif": true, "adresse_postale": null, "etat_de_l_objet": "En service", "date_creation": "2020-11-05T16:18:47.921Z", "date_modification": null, "date_d_apparition": null, "date_de_confirmation": null, "sources": null, "identifiants_sources": null, "methode_d_acquisition_planimetrique": "Calculé", "precision_planimetrique": 20, "methode_d_acquisition_altimetrique": "Pas de Z", "precision_altimetrique": 9999, "insee_commune": "30258", "commune": "SAINT-GILLES", "identifiant_voie_ban": null, "id_ban_odonyme": null, "source": "bdtopo"}}, {"type": "Feature", "id": "equipement_de_transport.95353", "geometry": {"type": "MultiPolygon", "coordinates": [[[[4.19344728, 43.63162484, -1000], [4.19338535, 43.63162552, -1000], [4.19338441, 43.63158053, -1000], [4.19344635, 43.63157985, -1000], [4.19344728, 43.63162484, -1000]]]]}, "geometry_name": "geometrie", "properties": {"cleabs": "EQ_RESEA0000002215783372", "nature": "Parking", "nature_detaillee": null, "toponyme": null, "statut_du_toponyme": null, "importance": "5", "numero": null, "fictif": true, "adresse_postale": null, "etat_de_l_objet": "En service", "date_creation": "2020-11-09T15:36:20.937Z", "date_modification": null, "date_d_apparition": null, "date_de_confirmation": null, "sources": null, "identifiants_sources": null, "methode_d_acquisition_planimetrique": "Orthophotographie", "precision_planimetrique": 3, "methode_d_acquisition_altimetrique": "Pas de Z", "precision_altimetrique": 9999, "insee_commune": "30276", "commune": "SAINT-LAURENT-D'AIGOUZE", "identifiant_voie_ban": null, "id_ban_odonyme": null, "source": "bdtopo"}}, {"type": "Feature", "id": "equipement_de_transport.95423", "geometry": {"type": "MultiPolygon", "coordinates": [[[[4.26962506, 43.68701464, -1000], [4.26956307, 43.68701537, -1000], [4.26956208, 43.68697038, -1000], [4.26962407, 43.68696966, -1000], [4.26962506, 43.68701464, -1000]]]]}, "geometry_name": "geometrie", "properties": {"cleabs": "EQ_RESEA0000002215942262", "nature": "Parking", "nature_detaillee": null, "toponyme": null, "statut_du_toponyme": null, "importance": "5", "numero": null, "fictif": true, "adresse_postale": null, "etat_de_l_objet": "En service", "date_creation": "2020-11-12T16:43:16.954Z", "date_modification": null, "date_d_apparition": null, "date_de_confirmation": null, "sources": null, "identifiants_sources": null, "methode_d_acquisition_planimetrique": "Calculé", "precision_planimetrique": 20, "methode_d_acquisition_altimetrique": "Pas de Z", "precision_altimetrique": 9999, "insee_commune": "30341", "commune": "VAUVERT", "identifiant_voie_ban": null, "id_ban_odonyme": null, "source": "bdtopo"}}, {"type": "Feature", "id": "equipement_de_transport.95458", "geometry": {"type": "MultiPolygon", "coordinates": [[[[4.27590722, 43.68994874, -1000], [4.27584522, 43.68994947, -1000], [4.27584422, 43.68990448, -1000], [4.27590621, 43.68990375, -1000], [4.27590722, 43.68994874, -1000]]]]}, "geometry_name": "geometrie", "properties": {"cleabs": "EQ_RESEA0000002216041072", "nature": "Parking", "nature_detaillee": null, "toponyme": "Parking José Cardona", "statut_du_toponyme": "Collecté", "importance": "5", "numero": null, "fictif": true, "adresse_postale": null, "etat_de_l_objet": "En service", "date_creation": "2020-11-16T15:13:14.502Z", "date_modification": null, "date_d_apparition": null, "date_de_confirmation": null, "sources": null, "identifiants_sources": null, "methode_d_acquisition_planimetrique": "Calculé", "precision_planimetrique": 20, "methode_d_acquisition_altimetrique": "Pas de Z", "precision_altimetrique": 9999, "insee_commune": "30341", "commune": "VAUVERT", "identifiant_voie_ban": null, "id_ban_odonyme": null, "source": "bdtopo"}}, {"type": "Feature", "id": "equipement_de_transport.95463", "geometry": {"type": "MultiPolygon", "coordinates": [[[[4.51796769, 43.88684711, 68.5], [4.51816249, 43.88743307, 68.5], [4.51913628, 43.88759414, 69.1], [4.51913102, 43.88753661, 69.3], [4.51910465, 43.88738756, 69.2], [4.51888114, 43.88693882, 69.1], [4.51796769, 43.88684711, 68.5]]]]}, "geometry_name": "geometrie", "properties": {"cleabs": "EQ_RESEA0000002216043521", "nature": "Parking", "nature_detaillee": null, "toponyme": null, "statut_du_toponyme": null, "importance": null, "numero": null, "fictif": false, "adresse_postale": null, "etat_de_l_objet": "En service", "date_creation": "2020-11-16T16:39:38.468Z", "date_modification": null, "date_d_apparition": null, "date_de_confirmation": "2018-07-23Z", "sources": null, "identifiants_sources": null, "methode_d_acquisition_planimetrique": "Photogrammétrie", "precision_planimetrique": 2.5, "methode_d_acquisition_altimetrique": "Photogrammétrie", "precision_altimetrique": 1.5, "insee_commune": "30145", "commune": "LEDENON", "identifiant_voie_ban": null, "id_ban_odonyme": null, "source": "bdtopo"}}, {"type": "Feature", "id": "equipement_de_transport.95465", "geometry": {"type": "MultiPolygon", "coordinates": [[[[4.47266878, 43.82092456, 51.7], [4.4728041, 43.82130346, 51.8], [4.47294042, 43.82167333, 52], [4.47318876, 43.82161418, 51.9], [4.47318347, 43.82160165, 51.9], [4.47320429, 43.82158967, 51.9], [4.47321877, 43.82157237, 51.9], [4.47322449, 43.82155339, 51.9], [4.47322525, 43.82153448, 51.9], [4.47321696, 43.82150219, 51.8], [4.47303326, 43.82098264, 51.8], [4.47288436, 43.82089645, 51.6], [4.4728754, 43.82088667, 51.6], [4.47284922, 43.82078712, 51.6], [4.47284311, 43.8207431, 51.6], [4.47284884, 43.82014539, 52], [4.47284881, 43.82009588, 52], [4.47258687, 43.82010932, 52.1], [4.4725608, 43.82011057, 52.1], [4.47255098, 43.82040502, 51.9], [4.47257332, 43.82040382, 52], [4.47260493, 43.82085882, 51.6], [4.47264837, 43.82090414, 51.6], [4.47266878, 43.82092456, 51.7]]]]}, "geometry_name": "geometrie", "properties": {"cleabs": "EQ_RESEA0000002216043671", "nature": "Parking", "nature_detaillee": null, "toponyme": null, "statut_du_toponyme": null, "importance": null, "numero": null, "fictif": false, "adresse_postale": null, "etat_de_l_objet": "En service", "date_creation": "2020-11-16T16:47:45.650Z", "date_modification": null, "date_d_apparition": null, "date_de_confirmation": "2018-07-23Z", "sources": null, "identifiants_sources": null, "methode_d_acquisition_planimetrique": "Photogrammétrie", "precision_planimetrique": 2.5, "methode_d_acquisition_altimetrique": "Photogrammétrie", "precision_altimetrique": 1.5, "insee_commune": "30155", "commune": "MANDUEL", "identifiant_voie_ban": null, "id_ban_odonyme": null, "source": "bdtopo"}}, {"type": "Feature", "id": "equipement_de_transport.95470", "geometry": {"type": "MultiPolygon", "coordinates": [[[[4.18461876, 43.70168278, 10.1], [4.18463251, 43.70162774, 10.1], [4.18461476, 43.70160903, 10.1], [4.18488986, 43.70135586, 10.1], [4.18492427, 43.70134018, 10.1], [4.18494901, 43.70133721, 10.1], [4.18496267, 43.70133797, 10.1], [4.18482827, 43.70125664, 10.1], [4.18463492, 43.70114445, 10.1], [4.18443504, 43.70101614, 10.3], [4.18437337, 43.70103301, 10.4], [4.18430592, 43.70101034, 10.5], [4.1840248, 43.70127258, 10.4], [4.18407374, 43.70129994, 10.4], [4.18405957, 43.7013343, 10.4], [4.18445548, 43.70158467, 10.1], [4.18461876, 43.70168278, 10.1]]]]}, "geometry_name": "geometrie", "properties": {"cleabs": "EQ_RESEA0000002216054770", "nature": "Parking", "nature_detaillee": null, "toponyme": null, "statut_du_toponyme": null, "importance": null, "numero": null, "fictif": false, "adresse_postale": null, "etat_de_l_objet": "En service", "date_creation": "2020-11-17T08:23:10.803Z", "date_modification": null, "date_d_apparition": null, "date_de_confirmation": "2018-07-23Z", "sources": null, "identifiants_sources": null, "methode_d_acquisition_planimetrique": "Photogrammétrie", "precision_planimetrique": 2.5, "methode_d_acquisition_altimetrique": "Photogrammétrie", "precision_altimetrique": 1.5, "insee_commune": "30006", "commune": "AIMARGUES", "identifiant_voie_ban": null, "id_ban_odonyme": null, "source": "bdtopo"}}, {"type": "Feature", "id": "equipement_de_transport.95471", "geometry": {"type": "MultiPolygon", "coordinates": [[[[4.43078472, 43.67394606, 1.8], [4.43062501, 43.67395536, 1.8], [4.43059466, 43.67388196, 1.9], [4.4305678, 43.67379952, 2.2], [4.43054906, 43.67369447, 2.5], [4.43052722, 43.67351476, 2.6], [4.43052536, 43.6733411, 2.5], [4.43052375, 43.67317733, 2.5], [4.43055959, 43.67312286, 2.5], [4.43061733, 43.6731509, 2.4], [4.43065107, 43.67311175, 2.4], [4.43115867, 43.67333007, 2.5], [4.43088075, 43.67367031, 2.5], [4.43094599, 43.67370095, 2.5], [4.43080016, 43.67391885, 2.1], [4.43078472, 43.67394606, 1.8]]]]}, "geometry_name": "geometrie", "properties": {"cleabs": "EQ_RESEA0000002216054846", "nature": "Parking", "nature_detaillee": null, "toponyme": null, "statut_du_toponyme": null, "importance": null, "numero": null, "fictif": false, "adresse_postale": null, "etat_de_l_objet": "En service", "date_creation": "2020-11-17T08:29:54.969Z", "date_modification": null, "date_d_apparition": null, "date_de_confirmation": "2018-07-23Z", "sources": null, "identifiants_sources": null, "methode_d_acquisition_planimetrique": "Photogrammétrie", "precision_planimetrique": 2.5, "methode_d_acquisition_altimetrique": "Photogrammétrie", "precision_altimetrique": 1.5, "insee_commune": "30258", "commune": "SAINT-GILLES", "identifiant_voie_ban": null, "id_ban_odonyme": null, "source": "bdtopo"}}, {"type": "Feature", "id": "equipement_de_transport.95475", "geometry": {"type": "MultiPolygon", "coordinates": [[[[4.43453735, 43.74753024, 74.1], [4.43406494, 43.74814846, 74.1], [4.43269103, 43.74786864, 75], [4.43272493, 43.74773499, 75.1], [4.43262511, 43.74771471, 75.1], [4.43285895, 43.74718693, 76], [4.43453735, 43.74753024, 74.1]]]]}, "geometry_name": "geometrie", "properties": {"cleabs": "EQ_RESEA0000002216054867", "nature": "Parking", "nature_detaillee": null, "toponyme": null, "statut_du_toponyme": null, "importance": null, "numero": null, "fictif": false, "adresse_postale": null, "etat_de_l_objet": "En service", "date_creation": "2020-11-17T08:44:05.841Z", "date_modification": null, "date_d_apparition": null, "date_de_confirmation": "2018-07-23Z", "sources": null, "identifiants_sources": null, "methode_d_acquisition_planimetrique": "Photogrammétrie", "precision_planimetrique": 2.5, "methode_d_acquisition_altimetrique": "Photogrammétrie", "precision_altimetrique": 1.5, "insee_commune": "30258", "commune": "SAINT-GILLES", "identifiant_voie_ban": null, "id_ban_odonyme": null, "source": "bdtopo"}}, {"type": "Feature", "id": "equipement_de_transport.95476", "geometry": {"type": "MultiPolygon", "coordinates": [[[[4.37818162, 43.84994029, 91.2], [4.3788977, 43.85003115, 90.7], [4.37888644, 43.85007989, 90.3], [4.37887381, 43.85012325, 90.3], [4.37897493, 43.85013908, 90.3], [4.37903464, 43.85024273, 90.3], [4.37889356, 43.85058113, 90], [4.37884115, 43.85057369, 90], [4.37883032, 43.85064043, 90], [4.37822535, 43.85056707, 90], [4.37815151, 43.8505482, 89.2], [4.37821543, 43.85031068, 89.1], [4.37809431, 43.85029061, 89.1], [4.37815782, 43.84998469, 90.1], [4.37818162, 43.84994029, 91.2]]]]}, "geometry_name": "geometrie", "properties": {"cleabs": "EQ_RESEA0000002216054868", "nature": "Parking", "nature_detaillee": null, "toponyme": "Place du Docteur Marc Monod", "statut_du_toponyme": "Collecté", "importance": "5", "numero": null, "fictif": false, "adresse_postale": null, "etat_de_l_objet": "En service", "date_creation": "2020-11-17T08:48:14.335Z", "date_modification": null, "date_d_apparition": null, "date_de_confirmation": "2018-07-23Z", "sources": null, "identifiants_sources": null, "methode_d_acquisition_planimetrique": "Photogrammétrie", "precision_planimetrique": 2.5, "methode_d_acquisition_altimetrique": "Photogrammétrie", "precision_altimetrique": 1.5, "insee_commune": "30189", "commune": "NIMES", "identifiant_voie_ban": null, "id_ban_odonyme": null, "source": "bdtopo"}}, {"type": "Feature", "id": "equipement_de_transport.95479", "geometry": {"type": "MultiPolygon", "coordinates": [[[[4.36519965, 43.81078731, 28.7], [4.36506208, 43.81075124, 28.7], [4.36501958, 43.81074097, 28.7], [4.36497582, 43.81083422, 28.7], [4.36449077, 43.81071609, 29.1], [4.36450604, 43.81067899, 28.8], [4.36444805, 43.81064462, 28.8], [4.36441851, 43.81060449, 28.7], [4.36441375, 43.81056135, 28.7], [4.36436739, 43.81054573, 28.7], [4.36453984, 43.81016826, 28.5], [4.36474891, 43.80971113, 28.1], [4.3648063, 43.80972031, 28.1], [4.36488714, 43.8096707, 28.4], [4.36493613, 43.80964038, 28.5], [4.36498842, 43.80959203, 28.6], [4.36501241, 43.80955573, 28.6], [4.36505267, 43.80947242, 28.7], [4.36508437, 43.80939462, 28.7], [4.3650906, 43.80934324, 28.6], [4.36509212, 43.80930272, 28.6], [4.36507633, 43.80926602, 28.6], [4.36505651, 43.80921677, 28.6], [4.36506249, 43.80915459, 28.4], [4.36508341, 43.80909403, 28.1], [4.36503575, 43.80907572, 28.1], [4.36556839, 43.80790892, 27.8], [4.36561453, 43.80791555, 27.8], [4.36565077, 43.80787189, 27.8], [4.3656974, 43.80784701, 27.8], [4.36575189, 43.80783912, 27.8], [4.36579437, 43.80784849, 27.8], [4.36582078, 43.80780946, 27.8], [4.36635462, 43.80794227, 27.8], [4.36639087, 43.80795082, 27.8], [4.36656376, 43.80769665, 27.7], [4.3666579, 43.80768377, 27.7], [4.36727273, 43.80782546, 27.2], [4.3673617, 43.80785585, 27.2], [4.36659236, 43.80889332, 27.9], [4.36614834, 43.8095037, 34.6], [4.36578835, 43.80941731, 34.1], [4.36572703, 43.80955578, 34.1], [4.36565727, 43.80970516, 34], [4.3656502, 43.80972144, 34.1], [4.36558518, 43.80986086, 34.1], [4.36584025, 43.80992517, 34.2], [4.36565692, 43.81015877, 34.2], [4.36541038, 43.81050387, 28.7], [4.36528041, 43.8106819, 28.7], [4.36519965, 43.81078731, 28.7]], [[4.36533596, 43.80874076, 27.5], [4.36586341, 43.80886555, 27.5], [4.36597923, 43.8086157, 27.4], [4.36545173, 43.8084882, 27.3], [4.36533596, 43.80874076, 27.5]]]]}, "geometry_name": "geometrie", "properties": {"cleabs": "EQ_RESEA0000002216055018", "nature": "Parking", "nature_detaillee": null, "toponyme": null, "statut_du_toponyme": null, "importance": "5", "numero": null, "fictif": false, "adresse_postale": null, "etat_de_l_objet": "En service", "date_creation": "2020-11-17T09:01:34.693Z", "date_modification": null, "date_d_apparition": null, "date_de_confirmation": "2018-07-23Z", "sources": null, "identifiants_sources": null, "methode_d_acquisition_planimetrique": "Photogrammétrie", "precision_planimetrique": 2.5, "methode_d_acquisition_altimetrique": "Photogrammétrie", "precision_altimetrique": 1.5, "insee_commune": "30189", "commune": "NIMES", "identifiant_voie_ban": null, "id_ban_odonyme": null, "source": "bdtopo"}}, {"type": "Feature", "id": "equipement_de_transport.95480", "geometry": {"type": "MultiPolygon", "coordinates": [[[[4.3639438, 43.81149245, 29], [4.36414883, 43.81154299, 29.1], [4.36423087, 43.81138716, 29.1], [4.36458754, 43.81148979, 29.1], [4.36444062, 43.81173914, 29.1], [4.36463717, 43.81179878, 29.5], [4.36446609, 43.81212943, 29.7], [4.36428605, 43.81250159, 29.9], [4.36426941, 43.8125333, 30], [4.36475622, 43.81267301, 29.6], [4.36477028, 43.81268904, 29.7], [4.36477776, 43.81279425, 29.1], [4.36476853, 43.81287627, 29.1], [4.36473413, 43.8129451, 29.1], [4.36465731, 43.81300726, 29.1], [4.36390761, 43.81372676, 29.4], [4.36355473, 43.81362677, 29.4], [4.36386935, 43.81285242, 29.4], [4.3639391, 43.81280654, 29.4], [4.36405434, 43.81253149, 29.4], [4.36395759, 43.8123833, 29.7], [4.36352187, 43.81230145, 29.8], [4.36378047, 43.8117834, 29.8], [4.3639438, 43.81149245, 29]]]]}, "geometry_name": "geometrie", "properties": {"cleabs": "EQ_RESEA0000002216055019", "nature": "Parking", "nature_detaillee": null, "toponyme": null, "statut_du_toponyme": null, "importance": "5", "numero": null, "fictif": false, "adresse_postale": null, "etat_de_l_objet": "En service", "date_creation": "2020-11-17T09:03:31.471Z", "date_modification": null, "date_d_apparition": null, "date_de_confirmation": "2018-07-23Z", "sources": null, "identifiants_sources": null, "methode_d_acquisition_planimetrique": "Photogrammétrie", "precision_planimetrique": 2.5, "methode_d_acquisition_altimetrique": "Photogrammétrie", "precision_altimetrique": 1.5, "insee_commune": "30189", "commune": "NIMES", "identifiant_voie_ban": null, "id_ban_odonyme": null, "source": "bdtopo"}}, {"type": "Feature", "id": "equipement_de_transport.95482", "geometry": {"type": "MultiPolygon", "coordinates": [[[[4.1983763, 43.5781741, 1], [4.19823514, 43.57799389, 1], [4.19822612, 43.57797689, 1], [4.19830573, 43.57793642, 1], [4.19830026, 43.57791128, 1], [4.19831721, 43.5778931, 1], [4.19923028, 43.57751858, 1], [4.19925008, 43.57751836, 1], [4.19928139, 43.57753601, 1], [4.19941221, 43.57763625, 1], [4.19939817, 43.5776751, 1], [4.19969387, 43.57808396, 1], [4.19989924, 43.578079, 1], [4.20000469, 43.57809043, 1], [4.20017104, 43.57811379, 1], [4.20020994, 43.57808006, 1], [4.19989324, 43.5778514, 1], [4.19970066, 43.57769785, 1], [4.19947443, 43.57753388, 1], [4.19928091, 43.57739474, 1], [4.19925864, 43.57739498, 1], [4.19922774, 43.57733773, 1], [4.19903911, 43.57719584, 1], [4.19901581, 43.577206, 1], [4.19898654, 43.57716763, 1], [4.19894178, 43.57715822, 1], [4.19872324, 43.57724342, 1], [4.19876138, 43.57729159, 1], [4.19869011, 43.57731667, 1], [4.19878936, 43.57744606, 1], [4.19858932, 43.57752835, 1], [4.19856158, 43.57756285, 1], [4.19848298, 43.57759252, 1], [4.1979136, 43.57782916, 1], [4.19787064, 43.57784673, 1], [4.19792433, 43.57792803, 1], [4.19787127, 43.57793581, 1], [4.19799664, 43.57842755, 1], [4.19806276, 43.57863018, 1], [4.19812936, 43.57861865, 1], [4.19805542, 43.5783972, 1], [4.19803496, 43.57830654, 1], [4.19807554, 43.5782935, 1], [4.19815173, 43.57826746, 1], [4.1983763, 43.5781741, 1]]]]}, "geometry_name": "geometrie", "properties": {"cleabs": "EQ_RESEA0000002216055022", "nature": "Parking", "nature_detaillee": null, "toponyme": null, "statut_du_toponyme": null, "importance": "5", "numero": null, "fictif": false, "adresse_postale": null, "etat_de_l_objet": "En service", "date_creation": "2020-11-17T09:09:54.783Z", "date_modification": null, "date_d_apparition": null, "date_de_confirmation": "2018-07-23Z", "sources": null, "identifiants_sources": null, "methode_d_acquisition_planimetrique": "Photogrammétrie", "precision_planimetrique": 2.5, "methode_d_acquisition_altimetrique": "Photogrammétrie", "precision_altimetrique": 1.5, "insee_commune": "30003", "commune": "AIGUES-MORTES", "identifiant_voie_ban": null, "id_ban_odonyme": null, "source": "bdtopo"}}, {"type": "Feature", "id": "equipement_de_transport.95529", "geometry": {"type": "MultiPolygon", "coordinates": [[[[4.1428048, 43.69034998, 9.4], [4.14278694, 43.69038706, 9.4], [4.14235377, 43.69030792, 9.7], [4.1424019, 43.69017153, 9.8], [4.14240792, 43.69016247, 9.8], [4.14296189, 43.69026734, 9.8], [4.14297127, 43.69024024, 9.8], [4.14285425, 43.69021807, 9.8], [4.14286798, 43.69016033, 9.8], [4.14277456, 43.69013972, 9.8], [4.14281613, 43.69004749, 9.8], [4.1428872, 43.69006654, 9.8], [4.14294023, 43.6899274, 9.8], [4.14372378, 43.69010185, 9.8], [4.14370703, 43.69013262, 9.8], [4.14374378, 43.69017183, 9.8], [4.14379483, 43.69018209, 9.8], [4.14373105, 43.69034205, 9.8], [4.14367752, 43.69033181, 9.8], [4.14365982, 43.69037699, 9.8], [4.1431629, 43.69027243, 9.8], [4.14315343, 43.69029502, 9.8], [4.14371138, 43.69041245, 9.8], [4.1436747, 43.69043893, 9.8], [4.14347119, 43.69049506, 9.8], [4.1434118, 43.69050199, 9.8], [4.14302072, 43.6904188, 9.8], [4.14303487, 43.69038176, 9.8], [4.14299756, 43.69037675, 9.7], [4.1428048, 43.69034998, 9.4]]]]}, "geometry_name": "geometrie", "properties": {"cleabs": "EQ_RESEA0000002216055248", "nature": "Parking", "nature_detaillee": null, "toponyme": null, "statut_du_toponyme": null, "importance": null, "numero": null, "fictif": false, "adresse_postale": null, "etat_de_l_objet": "En service", "date_creation": "2020-11-17T09:30:41.545Z", "date_modification": null, "date_d_apparition": null, "date_de_confirmation": "2018-07-08Z", "sources": null, "identifiants_sources": null, "methode_d_acquisition_planimetrique": "Photogrammétrie", "precision_planimetrique": 2.5, "methode_d_acquisition_altimetrique": "Photogrammétrie", "precision_altimetrique": 1.5, "insee_commune": "34145", "commune": "LUNEL", "identifiant_voie_ban": null, "id_ban_odonyme": null, "source": "bdtopo"}}, {"type": "Feature", "id": "equipement_de_transport.95568", "geometry": {"type": "MultiPolygon", "coordinates": [[[[4.19606461, 43.56833542, -1000], [4.19600274, 43.5683361, -1000], [4.1960018, 43.56829112, -1000], [4.19606367, 43.56829044, -1000], [4.19606461, 43.56833542, -1000]]]]}, "geometry_name": "geometrie", "properties": {"cleabs": "EQ_RESEA0000002216121978", "nature": "Parking", "nature_detaillee": null, "toponyme": "Parking P6", "statut_du_toponyme": "Collecté", "importance": "5", "numero": null, "fictif": true, "adresse_postale": null, "etat_de_l_objet": "En service", "date_creation": "2020-11-19T16:18:23.524Z", "date_modification": null, "date_d_apparition": null, "date_de_confirmation": null, "sources": null, "identifiants_sources": null, "methode_d_acquisition_planimetrique": "Orthophotographie", "precision_planimetrique": 3, "methode_d_acquisition_altimetrique": "Pas de Z", "precision_altimetrique": 9999, "insee_commune": "30003", "commune": "AIGUES-MORTES", "identifiant_voie_ban": null, "id_ban_odonyme": null, "source": "bdtopo"}}, {"type": "Feature", "id": "equipement_de_transport.95569", "geometry": {"type": "MultiPolygon", "coordinates": [[[[4.1979553, 43.56796544, -1000], [4.19789343, 43.56796612, -1000], [4.19789249, 43.56792114, -1000], [4.19795436, 43.56792046, -1000], [4.1979553, 43.56796544, -1000]]]]}, "geometry_name": "geometrie", "properties": {"cleabs": "EQ_RESEA0000002216121979", "nature": "Parking", "nature_detaillee": null, "toponyme": "Parking P7", "statut_du_toponyme": "Collecté", "importance": "5", "numero": null, "fictif": true, "adresse_postale": null, "etat_de_l_objet": "En service", "date_creation": "2020-11-19T16:18:23.524Z", "date_modification": null, "date_d_apparition": null, "date_de_confirmation": null, "sources": null, "identifiants_sources": null, "methode_d_acquisition_planimetrique": "Orthophotographie", "precision_planimetrique": 3, "methode_d_acquisition_altimetrique": "Pas de Z", "precision_altimetrique": 9999, "insee_commune": "30003", "commune": "AIGUES-MORTES", "identifiant_voie_ban": null, "id_ban_odonyme": null, "source": "bdtopo"}}, {"type": "Feature", "id": "equipement_de_transport.95570", "geometry": {"type": "MultiPolygon", "coordinates": [[[[4.19430008, 43.56650206, -1000], [4.19423821, 43.56650274, -1000], [4.19423728, 43.56645776, -1000], [4.19429914, 43.56645708, -1000], [4.19430008, 43.56650206, -1000]]]]}, "geometry_name": "geometrie", "properties": {"cleabs": "EQ_RESEA0000002216121980", "nature": "Parking", "nature_detaillee": null, "toponyme": "Parking P3", "statut_du_toponyme": "Collecté", "importance": "5", "numero": null, "fictif": true, "adresse_postale": null, "etat_de_l_objet": "En service", "date_creation": "2020-11-19T16:18:23.524Z", "date_modification": null, "date_d_apparition": null, "date_de_confirmation": null, "sources": null, "identifiants_sources": null, "methode_d_acquisition_planimetrique": "Orthophotographie", "precision_planimetrique": 3, "methode_d_acquisition_altimetrique": "Pas de Z", "precision_altimetrique": 9999, "insee_commune": "30003", "commune": "AIGUES-MORTES", "identifiant_voie_ban": null, "id_ban_odonyme": null, "source": "bdtopo"}}, {"type": "Feature", "id": "equipement_de_transport.95571", "geometry": {"type": "MultiPolygon", "coordinates": [[[[4.19756175, 43.56932945, -1000], [4.19749988, 43.56933013, -1000], [4.19749894, 43.56928515, -1000], [4.19756081, 43.56928447, -1000], [4.19756175, 43.56932945, -1000]]]]}, "geometry_name": "geometrie", "properties": {"cleabs": "EQ_RESEA0000002216121981", "nature": "Parking", "nature_detaillee": null, "toponyme": "Parking P8", "statut_du_toponyme": "Collecté", "importance": "5", "numero": null, "fictif": true, "adresse_postale": null, "etat_de_l_objet": "En service", "date_creation": "2020-11-19T16:18:23.524Z", "date_modification": null, "date_d_apparition": null, "date_de_confirmation": null, "sources": null, "identifiants_sources": null, "methode_d_acquisition_planimetrique": "Orthophotographie", "precision_planimetrique": 3, "methode_d_acquisition_altimetrique": "Pas de Z", "precision_altimetrique": 9999, "insee_commune": "30003", "commune": "AIGUES-MORTES", "identifiant_voie_ban": null, "id_ban_odonyme": null, "source": "bdtopo"}}, {"type": "Feature", "id": "equipement_de_transport.95609", "geometry": {"type": "MultiPolygon", "coordinates": [[[[4.34879384, 43.7294329, -1000], [4.3487318, 43.72943367, -1000], [4.34873074, 43.72938868, -1000], [4.34879278, 43.72938791, -1000], [4.34879384, 43.7294329, -1000]]]]}, "geometry_name": "geometrie", "properties": {"cleabs": "EQ_RESEA0000002216222401", "nature": "Parking", "nature_detaillee": null, "toponyme": null, "statut_du_toponyme": null, "importance": "5", "numero": null, "fictif": true, "adresse_postale": null, "etat_de_l_objet": "En service", "date_creation": "2020-11-23T16:26:12.198Z", "date_modification": null, "date_d_apparition": null, "date_de_confirmation": null, "sources": null, "identifiants_sources": null, "methode_d_acquisition_planimetrique": "Calculé", "precision_planimetrique": 20, "methode_d_acquisition_altimetrique": "Pas de Z", "precision_altimetrique": 9999, "insee_commune": "30128", "commune": "GENERAC", "identifiant_voie_ban": null, "id_ban_odonyme": null, "source": "bdtopo"}}, {"type": "Feature", "id": "equipement_de_transport.95966", "geometry": {"type": "MultiPolygon", "coordinates": [[[[4.50948432, 43.9154035, -1000], [4.50942209, 43.91540436, -1000], [4.5094209, 43.91535937, -1000], [4.50948313, 43.91535851, -1000], [4.50948432, 43.9154035, -1000]]]]}, "geometry_name": "geometrie", "properties": {"cleabs": "EQ_RESEA0000002222374331", "nature": "Parking", "nature_detaillee": null, "toponyme": null, "statut_du_toponyme": null, "importance": "5", "numero": null, "fictif": true, "adresse_postale": null, "etat_de_l_objet": "En service", "date_creation": "2021-01-07T16:00:12.560Z", "date_modification": null, "date_d_apparition": null, "date_de_confirmation": null, "sources": null, "identifiants_sources": null, "methode_d_acquisition_planimetrique": "Orthophotographie", "precision_planimetrique": 3, "methode_d_acquisition_altimetrique": "Pas de Z", "precision_altimetrique": 9999, "insee_commune": "30145", "commune": "LEDENON", "identifiant_voie_ban": null, "id_ban_odonyme": null, "source": "bdtopo"}}, {"type": "Feature", "id": "equipement_de_transport.96197", "geometry": {"type": "MultiPolygon", "coordinates": [[[[4.37646436, 43.86265269, -1000], [4.37640218, 43.86265347, -1000], [4.3764011, 43.86260848, -1000], [4.37646328, 43.8626077, -1000], [4.37646436, 43.86265269, -1000]]]]}, "geometry_name": "geometrie", "properties": {"cleabs": "EQ_RESEA0000002222551935", "nature": "Parking", "nature_detaillee": "Parking relais", "toponyme": "Parking Relais de Calvas", "statut_du_toponyme": "Collecté", "importance": "6", "numero": null, "fictif": true, "adresse_postale": null, "etat_de_l_objet": "En service", "date_creation": "2021-01-22T19:11:15.809Z", "date_modification": "2021-01-22T20:49:09.670Z", "date_d_apparition": null, "date_de_confirmation": null, "sources": null, "identifiants_sources": null, "methode_d_acquisition_planimetrique": "Calculé", "precision_planimetrique": 20, "methode_d_acquisition_altimetrique": "Pas de Z", "precision_altimetrique": 9999, "insee_commune": "30189", "commune": "NIMES", "identifiant_voie_ban": null, "id_ban_odonyme": null, "source": "bdtopo"}}, {"type": "Feature", "id": "equipement_de_transport.96239", "geometry": {"type": "MultiPolygon", "coordinates": [[[[4.36871665, 43.8313881, -1000], [4.36865451, 43.83138888, -1000], [4.36865343, 43.83134389, -1000], [4.36871557, 43.83134311, -1000], [4.36871665, 43.8313881, -1000]]]]}, "geometry_name": "geometrie", "properties": {"cleabs": "EQ_RESEA0000002222570293", "nature": "Parking", "nature_detaillee": null, "toponyme": null, "statut_du_toponyme": null, "importance": null, "numero": null, "fictif": true, "adresse_postale": null, "etat_de_l_objet": "En service", "date_creation": "2021-01-26T15:33:25.740Z", "date_modification": null, "date_d_apparition": null, "date_de_confirmation": null, "sources": null, "identifiants_sources": null, "methode_d_acquisition_planimetrique": "Calculé", "precision_planimetrique": 20, "methode_d_acquisition_altimetrique": "Pas de Z", "precision_altimetrique": 9999, "insee_commune": "30189", "commune": "NIMES", "identifiant_voie_ban": null, "id_ban_odonyme": null, "source": "bdtopo"}}, {"type": "Feature", "id": "equipement_de_transport.96240", "geometry": {"type": "MultiPolygon", "coordinates": [[[[4.36442552, 43.84001202, -1000], [4.36436337, 43.8400128, -1000], [4.36436229, 43.83996781, -1000], [4.36442445, 43.83996703, -1000], [4.36442552, 43.84001202, -1000]]]]}, "geometry_name": "geometrie", "properties": {"cleabs": "EQ_RESEA0000002222570360", "nature": "Parking", "nature_detaillee": null, "toponyme": "Parking Porte Auguste", "statut_du_toponyme": "Collecté", "importance": null, "numero": null, "fictif": true, "adresse_postale": null, "etat_de_l_objet": "En service", "date_creation": "2021-01-26T15:34:04.759Z", "date_modification": "2021-02-10T15:48:01.184Z", "date_d_apparition": null, "date_de_confirmation": null, "sources": null, "identifiants_sources": null, "methode_d_acquisition_planimetrique": "Calculé", "precision_planimetrique": 20, "methode_d_acquisition_altimetrique": "Pas de Z", "precision_altimetrique": 9999, "insee_commune": "30189", "commune": "NIMES", "identifiant_voie_ban": null, "id_ban_odonyme": null, "source": "bdtopo"}}, {"type": "Feature", "id": "equipement_de_transport.96241", "geometry": {"type": "MultiPolygon", "coordinates": [[[[4.36648683, 43.83188318, -1000], [4.36642468, 43.83188396, -1000], [4.3664236, 43.83183897, -1000], [4.36648575, 43.83183819, -1000], [4.36648683, 43.83188318, -1000]]]]}, "geometry_name": "geometrie", "properties": {"cleabs": "EQ_RESEA0000002222570427", "nature": "Parking", "nature_detaillee": null, "toponyme": null, "statut_du_toponyme": null, "importance": null, "numero": null, "fictif": true, "adresse_postale": null, "etat_de_l_objet": "En service", "date_creation": "2021-01-26T15:34:28.769Z", "date_modification": null, "date_d_apparition": null, "date_de_confirmation": null, "sources": null, "identifiants_sources": null, "methode_d_acquisition_planimetrique": "Calculé", "precision_planimetrique": 20, "methode_d_acquisition_altimetrique": "Pas de Z", "precision_altimetrique": 9999, "insee_commune": "30189", "commune": "NIMES", "identifiant_voie_ban": null, "id_ban_odonyme": null, "source": "bdtopo"}}, {"type": "Feature", "id": "equipement_de_transport.96297", "geometry": {"type": "MultiPolygon", "coordinates": [[[[4.26467404, 43.76031865, -1000], [4.26461197, 43.76031937, -1000], [4.26461097, 43.76027438, -1000], [4.26467304, 43.76027366, -1000], [4.26467404, 43.76031865, -1000]]]]}, "geometry_name": "geometrie", "properties": {"cleabs": "EQ_RESEA0000002222831345", "nature": "Parking", "nature_detaillee": null, "toponyme": null, "statut_du_toponyme": null, "importance": null, "numero": null, "fictif": true, "adresse_postale": null, "etat_de_l_objet": "En service", "date_creation": "2021-02-03T07:53:00.026Z", "date_modification": null, "date_d_apparition": null, "date_de_confirmation": null, "sources": null, "identifiants_sources": null, "methode_d_acquisition_planimetrique": "Orthophotographie", "precision_planimetrique": 3, "methode_d_acquisition_altimetrique": "Pas de Z", "precision_altimetrique": 9999, "insee_commune": "30333", "commune": "UCHAUD", "identifiant_voie_ban": null, "id_ban_odonyme": null, "source": "bdtopo"}}, {"type": "Feature", "id": "equipement_de_transport.96298", "geometry": {"type": "MultiPolygon", "coordinates": [[[[4.26522861, 43.76029691, -1000], [4.26516654, 43.76029763, -1000], [4.26516554, 43.76025264, -1000], [4.26522761, 43.76025192, -1000], [4.26522861, 43.76029691, -1000]]]]}, "geometry_name": "geometrie", "properties": {"cleabs": "EQ_RESEA0000002222831346", "nature": "Parking", "nature_detaillee": null, "toponyme": null, "statut_du_toponyme": null, "importance": "5", "numero": null, "fictif": true, "adresse_postale": null, "etat_de_l_objet": "En service", "date_creation": "2021-02-03T07:53:00.026Z", "date_modification": null, "date_d_apparition": null, "date_de_confirmation": null, "sources": null, "identifiants_sources": null, "methode_d_acquisition_planimetrique": "Orthophotographie", "precision_planimetrique": 3, "methode_d_acquisition_altimetrique": "Pas de Z", "precision_altimetrique": 9999, "insee_commune": "30333", "commune": "UCHAUD", "identifiant_voie_ban": null, "id_ban_odonyme": null, "source": "bdtopo"}}, {"type": "Feature", "id": "equipement_de_transport.96325", "geometry": {"type": "MultiPolygon", "coordinates": [[[[4.34494384, 43.72916103, -1000], [4.3448818, 43.7291618, -1000], [4.34488074, 43.72911681, -1000], [4.34494278, 43.72911605, -1000], [4.34494384, 43.72916103, -1000]]]]}, "geometry_name": "geometrie", "properties": {"cleabs": "EQ_RESEA0000002222864472", "nature": "Parking", "nature_detaillee": null, "toponyme": null, "statut_du_toponyme": null, "importance": "5", "numero": null, "fictif": true, "adresse_postale": null, "etat_de_l_objet": "En service", "date_creation": "2021-02-05T13:26:31.653Z", "date_modification": null, "date_d_apparition": null, "date_de_confirmation": null, "sources": null, "identifiants_sources": null, "methode_d_acquisition_planimetrique": "Orthophotographie", "precision_planimetrique": 3, "methode_d_acquisition_altimetrique": "Pas de Z", "precision_altimetrique": 9999, "insee_commune": "30128", "commune": "GENERAC", "identifiant_voie_ban": null, "id_ban_odonyme": null, "source": "bdtopo"}}, {"type": "Feature", "id": "equipement_de_transport.96350", "geometry": {"type": "MultiPolygon", "coordinates": [[[[4.31057366, 43.75631929, -1000], [4.31014541, 43.75605354, -1000], [4.31027046, 43.75592964, -1000], [4.31069244, 43.75619276, -1000], [4.31057366, 43.75631929, -1000]]]]}, "geometry_name": "geometrie", "properties": {"cleabs": "EQ_RESEA0000002222866586", "nature": "Parking", "nature_detaillee": "Aire de covoiturage", "toponyme": null, "statut_du_toponyme": null, "importance": "5", "numero": null, "fictif": false, "adresse_postale": null, "etat_de_l_objet": "En service", "date_creation": "2021-02-05T15:23:49.837Z", "date_modification": null, "date_d_apparition": null, "date_de_confirmation": "2021-01-27Z", "sources": null, "identifiants_sources": null, "methode_d_acquisition_planimetrique": "Calculé", "precision_planimetrique": 20, "methode_d_acquisition_altimetrique": "Pas de Z", "precision_altimetrique": 9999, "insee_commune": "30020", "commune": "AUBORD", "identifiant_voie_ban": null, "id_ban_odonyme": null, "source": "bdtopo"}}, {"type": "Feature", "id": "equipement_de_transport.96353", "geometry": {"type": "MultiPolygon", "coordinates": [[[[4.32471088, 43.7185474, -1000], [4.32464886, 43.71854816, -1000], [4.32464782, 43.71850317, -1000], [4.32470984, 43.71850242, -1000], [4.32471088, 43.7185474, -1000]]]]}, "geometry_name": "geometrie", "properties": {"cleabs": "EQ_RESEA0000002222880427", "nature": "Parking", "nature_detaillee": null, "toponyme": null, "statut_du_toponyme": null, "importance": "5", "numero": null, "fictif": true, "adresse_postale": null, "etat_de_l_objet": "En service", "date_creation": "2021-02-08T08:25:54.846Z", "date_modification": null, "date_d_apparition": null, "date_de_confirmation": null, "sources": null, "identifiants_sources": null, "methode_d_acquisition_planimetrique": "Calculé", "precision_planimetrique": 20, "methode_d_acquisition_altimetrique": "Pas de Z", "precision_altimetrique": 9999, "insee_commune": "30033", "commune": "BEAUVOISIN", "identifiant_voie_ban": null, "id_ban_odonyme": null, "source": "bdtopo"}}, {"type": "Feature", "id": "equipement_de_transport.96355", "geometry": {"type": "MultiPolygon", "coordinates": [[[[4.21058036, 43.58854551, -1000], [4.21051847, 43.5885462, -1000], [4.21051752, 43.58850121, -1000], [4.21057941, 43.58850052, -1000], [4.21058036, 43.58854551, -1000]]]]}, "geometry_name": "geometrie", "properties": {"cleabs": "EQ_RESEA0000002222880806", "nature": "Parking", "nature_detaillee": "Parking touristique isolé", "toponyme": null, "statut_du_toponyme": null, "importance": "5", "numero": null, "fictif": true, "adresse_postale": null, "etat_de_l_objet": "En service", "date_creation": "2021-02-08T10:30:36.868Z", "date_modification": "2024-09-09T15:30:16.466Z", "date_d_apparition": null, "date_de_confirmation": "2024-09-09Z", "sources": null, "identifiants_sources": null, "methode_d_acquisition_planimetrique": "Calculé", "precision_planimetrique": 20, "methode_d_acquisition_altimetrique": "Pas de Z", "precision_altimetrique": 9999, "insee_commune": "30003", "commune": "AIGUES-MORTES", "identifiant_voie_ban": null, "id_ban_odonyme": null, "source": "bdtopo"}}, {"type": "Feature", "id": "equipement_de_transport.96365", "geometry": {"type": "MultiPolygon", "coordinates": [[[[4.18556247, 43.56772442, -1000], [4.18550061, 43.56772509, -1000], [4.18549968, 43.56768011, -1000], [4.18556154, 43.56767943, -1000], [4.18556247, 43.56772442, -1000]]]]}, "geometry_name": "geometrie", "properties": {"cleabs": "EQ_RESEA0000002222888582", "nature": "Parking", "nature_detaillee": null, "toponyme": "Parking P9", "statut_du_toponyme": "Collecté", "importance": "5", "numero": null, "fictif": true, "adresse_postale": null, "etat_de_l_objet": "En service", "date_creation": "2021-02-08T14:56:49.229Z", "date_modification": null, "date_d_apparition": null, "date_de_confirmation": null, "sources": null, "identifiants_sources": null, "methode_d_acquisition_planimetrique": "Plan non métrique papier", "precision_planimetrique": 5, "methode_d_acquisition_altimetrique": "Pas de Z", "precision_altimetrique": 9999, "insee_commune": "30003", "commune": "AIGUES-MORTES", "identifiant_voie_ban": null, "id_ban_odonyme": null, "source": "bdtopo"}}, {"type": "Feature", "id": "equipement_de_transport.96409", "geometry": {"type": "MultiPolygon", "coordinates": [[[[4.15785247, 43.85123015, -1000], [4.15758895, 43.85111414, -1000], [4.15767142, 43.85101067, -1000], [4.15741348, 43.8509243, -1000], [4.15748123, 43.85083088, -1000], [4.15775452, 43.85093779, -1000], [4.15816973, 43.85117458, -1000], [4.158222, 43.85123793, -1000], [4.15816681, 43.85127631, -1000], [4.15809215, 43.85133561, -1000], [4.15785247, 43.85123015, -1000]]]]}, "geometry_name": "geometrie", "properties": {"cleabs": "EQ_RESEA0000002222941854", "nature": "Parking", "nature_detaillee": null, "toponyme": null, "statut_du_toponyme": null, "importance": "5", "numero": null, "fictif": false, "adresse_postale": null, "etat_de_l_objet": "En service", "date_creation": "2021-02-11T08:49:06.947Z", "date_modification": "2025-01-28T09:34:47.096Z", "date_d_apparition": null, "date_de_confirmation": null, "sources": null, "identifiants_sources": null, "methode_d_acquisition_planimetrique": "Calculé", "precision_planimetrique": 20, "methode_d_acquisition_altimetrique": "Pas de Z", "precision_altimetrique": 9999, "insee_commune": "30182", "commune": "MONTPEZAT", "identifiant_voie_ban": null, "id_ban_odonyme": null, "source": "bdtopo"}}, {"type": "Feature", "id": "equipement_de_transport.96439", "geometry": {"type": "MultiPolygon", "coordinates": [[[[4.46671138, 43.87623645, -1000], [4.46664919, 43.87623728, -1000], [4.46664803, 43.87619229, -1000], [4.46671022, 43.87619146, -1000], [4.46671138, 43.87623645, -1000]]]]}, "geometry_name": "geometrie", "properties": {"cleabs": "EQ_RESEA0000002222964450", "nature": "Parking", "nature_detaillee": null, "toponyme": null, "statut_du_toponyme": null, "importance": "5", "numero": null, "fictif": true, "adresse_postale": null, "etat_de_l_objet": "En service", "date_creation": "2021-02-12T15:36:46.501Z", "date_modification": null, "date_d_apparition": null, "date_de_confirmation": null, "sources": null, "identifiants_sources": null, "methode_d_acquisition_planimetrique": "Calculé", "precision_planimetrique": 20, "methode_d_acquisition_altimetrique": "Pas de Z", "precision_altimetrique": 9999, "insee_commune": "30257", "commune": "SAINT-GERVASY", "identifiant_voie_ban": null, "id_ban_odonyme": null, "source": "bdtopo"}}, {"type": "Feature", "id": "equipement_de_transport.96447", "geometry": {"type": "MultiPolygon", "coordinates": [[[[4.19009248, 43.88969138, -1000], [4.19003027, 43.88969206, -1000], [4.19002933, 43.88964707, -1000], [4.19009154, 43.88964639, -1000], [4.19009248, 43.88969138, -1000]]]]}, "geometry_name": "geometrie", "properties": {"cleabs": "EQ_RESEA0000002222980231", "nature": "Parking", "nature_detaillee": null, "toponyme": null, "statut_du_toponyme": null, "importance": "5", "numero": null, "fictif": true, "adresse_postale": null, "etat_de_l_objet": "En service", "date_creation": "2021-02-15T13:15:34.398Z", "date_modification": null, "date_d_apparition": null, "date_de_confirmation": null, "sources": null, "identifiants_sources": null, "methode_d_acquisition_planimetrique": "Calculé", "precision_planimetrique": 20, "methode_d_acquisition_altimetrique": "Pas de Z", "precision_altimetrique": 9999, "insee_commune": "30281", "commune": "SAINT-MAMERT-DU-GARD", "identifiant_voie_ban": null, "id_ban_odonyme": null, "source": "bdtopo"}}, {"type": "Feature", "id": "equipement_de_transport.96448", "geometry": {"type": "MultiPolygon", "coordinates": [[[[4.18907919, 43.88549567, -1000], [4.18901698, 43.88549635, -1000], [4.18901604, 43.88545135, -1000], [4.18907825, 43.88545068, -1000], [4.18907919, 43.88549567, -1000]]]]}, "geometry_name": "geometrie", "properties": {"cleabs": "EQ_RESEA0000002222980232", "nature": "Parking", "nature_detaillee": null, "toponyme": null, "statut_du_toponyme": null, "importance": "5", "numero": null, "fictif": true, "adresse_postale": null, "etat_de_l_objet": "En service", "date_creation": "2021-02-15T13:15:34.398Z", "date_modification": null, "date_d_apparition": null, "date_de_confirmation": null, "sources": null, "identifiants_sources": null, "methode_d_acquisition_planimetrique": "Calculé", "precision_planimetrique": 20, "methode_d_acquisition_altimetrique": "Pas de Z", "precision_altimetrique": 9999, "insee_commune": "30281", "commune": "SAINT-MAMERT-DU-GARD", "identifiant_voie_ban": null, "id_ban_odonyme": null, "source": "bdtopo"}}, {"type": "Feature", "id": "equipement_de_transport.96565", "geometry": {"type": "MultiPolygon", "coordinates": [[[[4.46492473, 43.90447639, -1000], [4.46486251, 43.90447722, -1000], [4.46486135, 43.90443223, -1000], [4.46492358, 43.9044314, -1000], [4.46492473, 43.90447639, -1000]]]]}, "geometry_name": "geometrie", "properties": {"cleabs": "EQ_RESEA0000002223168958", "nature": "Parking", "nature_detaillee": null, "toponyme": null, "statut_du_toponyme": null, "importance": "5", "numero": null, "fictif": true, "adresse_postale": null, "etat_de_l_objet": "En service", "date_creation": "2021-02-26T09:43:03.273Z", "date_modification": null, "date_d_apparition": null, "date_de_confirmation": null, "sources": null, "identifiants_sources": null, "methode_d_acquisition_planimetrique": "Calculé", "precision_planimetrique": 20, "methode_d_acquisition_altimetrique": "Pas de Z", "precision_altimetrique": 9999, "insee_commune": "30057", "commune": "CABRIERES", "identifiant_voie_ban": null, "id_ban_odonyme": null, "source": "bdtopo"}}, {"type": "Feature", "id": "equipement_de_transport.96566", "geometry": {"type": "MultiPolygon", "coordinates": [[[[4.41868942, 43.91061068, -1000], [4.41862719, 43.91061149, -1000], [4.41862607, 43.9105665, -1000], [4.4186883, 43.91056569, -1000], [4.41868942, 43.91061068, -1000]]]]}, "geometry_name": "geometrie", "properties": {"cleabs": "EQ_RESEA0000002223169727", "nature": "Parking", "nature_detaillee": null, "toponyme": null, "statut_du_toponyme": null, "importance": "5", "numero": null, "fictif": true, "adresse_postale": null, "etat_de_l_objet": "En service", "date_creation": "2021-02-26T10:11:59.422Z", "date_modification": null, "date_d_apparition": null, "date_de_confirmation": null, "sources": null, "identifiants_sources": null, "methode_d_acquisition_planimetrique": "Calculé", "precision_planimetrique": 20, "methode_d_acquisition_altimetrique": "Pas de Z", "precision_altimetrique": 9999, "insee_commune": "30206", "commune": "POULX", "identifiant_voie_ban": null, "id_ban_odonyme": null, "source": "bdtopo"}}, {"type": "Feature", "id": "equipement_de_transport.96568", "geometry": {"type": "MultiPolygon", "coordinates": [[[[4.20691836, 43.90646977, -1000], [4.20684457, 43.90645348, -1000], [4.20684665, 43.90619874, -1000], [4.20686447, 43.90609954, -1000], [4.20697305, 43.90587693, -1000], [4.20702211, 43.90584219, -1000], [4.20706552, 43.90583451, -1000], [4.20710772, 43.90582864, -1000], [4.20726062, 43.90587735, -1000], [4.20691836, 43.90646977, -1000]]]]}, "geometry_name": "geometrie", "properties": {"cleabs": "EQ_RESEA0000002223170267", "nature": "Parking", "nature_detaillee": null, "toponyme": "Parking de la Gare", "statut_du_toponyme": "Collecté", "importance": "5", "numero": null, "fictif": false, "adresse_postale": null, "etat_de_l_objet": "En service", "date_creation": "2021-02-26T13:01:55.167Z", "date_modification": "2025-04-01T13:54:27.993Z", "date_d_apparition": null, "date_de_confirmation": "2021-02-25Z", "sources": null, "identifiants_sources": null, "methode_d_acquisition_planimetrique": "Orthophotographie", "precision_planimetrique": 3, "methode_d_acquisition_altimetrique": "Pas de Z", "precision_altimetrique": 9999, "insee_commune": "30112", "commune": "FONS", "identifiant_voie_ban": null, "id_ban_odonyme": null, "source": "bdtopo"}}, {"type": "Feature", "id": "equipement_de_transport.96600", "geometry": {"type": "MultiPolygon", "coordinates": [[[[4.36148678, 43.8682328, -1000], [4.36142459, 43.86823357, -1000], [4.36142352, 43.86818858, -1000], [4.3614857, 43.86818781, -1000], [4.36148678, 43.8682328, -1000]]]]}, "geometry_name": "geometrie", "properties": {"cleabs": "EQ_RESEA0000002223175636", "nature": "Parking", "nature_detaillee": "Parking touristique isolé", "toponyme": null, "statut_du_toponyme": null, "importance": null, "numero": null, "fictif": true, "adresse_postale": null, "etat_de_l_objet": "En service", "date_creation": "2021-03-01T13:23:56.615Z", "date_modification": null, "date_d_apparition": null, "date_de_confirmation": null, "sources": null, "identifiants_sources": null, "methode_d_acquisition_planimetrique": "Levé non GPS", "precision_planimetrique": 5, "methode_d_acquisition_altimetrique": "Pas de Z", "precision_altimetrique": 9999, "insee_commune": "30189", "commune": "NIMES", "identifiant_voie_ban": null, "id_ban_odonyme": null, "source": "bdtopo"}}, {"type": "Feature", "id": "equipement_de_transport.96639", "geometry": {"type": "MultiPolygon", "coordinates": [[[[4.47282094, 43.9027761, -1000], [4.47275871, 43.90277694, -1000], [4.47275755, 43.90273195, -1000], [4.47281978, 43.90273111, -1000], [4.47282094, 43.9027761, -1000]]]]}, "geometry_name": "geometrie", "properties": {"cleabs": "EQ_RESEA0000002223190843", "nature": "Parking", "nature_detaillee": null, "toponyme": null, "statut_du_toponyme": null, "importance": "5", "numero": null, "fictif": true, "adresse_postale": null, "etat_de_l_objet": "En service", "date_creation": "2021-03-03T14:28:06.429Z", "date_modification": null, "date_d_apparition": null, "date_de_confirmation": null, "sources": null, "identifiants_sources": null, "methode_d_acquisition_planimetrique": "Calculé", "precision_planimetrique": 20, "methode_d_acquisition_altimetrique": "Pas de Z", "precision_altimetrique": 9999, "insee_commune": "30057", "commune": "CABRIERES", "identifiant_voie_ban": null, "id_ban_odonyme": null, "source": "bdtopo"}}, {"type": "Feature", "id": "equipement_de_transport.96643", "geometry": {"type": "MultiPolygon", "coordinates": [[[[4.42431815, 43.91190466, -1000], [4.42425591, 43.91190547, -1000], [4.42425479, 43.91186048, -1000], [4.42431702, 43.91185967, -1000], [4.42431815, 43.91190466, -1000]]]]}, "geometry_name": "geometrie", "properties": {"cleabs": "EQ_RESEA0000002223191912", "nature": "Parking", "nature_detaillee": null, "toponyme": null, "statut_du_toponyme": null, "importance": "5", "numero": null, "fictif": true, "adresse_postale": null, "etat_de_l_objet": "En service", "date_creation": "2021-03-03T15:49:38.376Z", "date_modification": null, "date_d_apparition": null, "date_de_confirmation": null, "sources": null, "identifiants_sources": null, "methode_d_acquisition_planimetrique": "Calculé", "precision_planimetrique": 20, "methode_d_acquisition_altimetrique": "Pas de Z", "precision_altimetrique": 9999, "insee_commune": "30206", "commune": "POULX", "identifiant_voie_ban": null, "id_ban_odonyme": null, "source": "bdtopo"}}, {"type": "Feature", "id": "equipement_de_transport.97030", "geometry": {"type": "MultiPolygon", "coordinates": [[[[4.56232245, 43.89035463, -1000], [4.56226025, 43.89035552, -1000], [4.56225901, 43.89031054, -1000], [4.56232122, 43.89030965, -1000], [4.56232245, 43.89035463, -1000]]]]}, "geometry_name": "geometrie", "properties": {"cleabs": "EQ_RESEA0000002223689335", "nature": "Parking", "nature_detaillee": null, "toponyme": null, "statut_du_toponyme": null, "importance": null, "numero": null, "fictif": true, "adresse_postale": null, "etat_de_l_objet": "En service", "date_creation": "2021-04-16T15:19:15.823Z", "date_modification": null, "date_d_apparition": null, "date_de_confirmation": null, "sources": null, "identifiants_sources": null, "methode_d_acquisition_planimetrique": "Calculé", "precision_planimetrique": 20, "methode_d_acquisition_altimetrique": "Pas de Z", "precision_altimetrique": 9999, "insee_commune": "30166", "commune": "MEYNES", "identifiant_voie_ban": null, "id_ban_odonyme": null, "source": "bdtopo"}}, {"type": "Feature", "id": "equipement_de_transport.97724", "geometry": {"type": "MultiPolygon", "coordinates": [[[[4.18075095, 43.71804416, -1000], [4.18068892, 43.71804483, -1000], [4.18068799, 43.71799985, -1000], [4.18075002, 43.71799917, -1000], [4.18075095, 43.71804416, -1000]]]]}, "geometry_name": "geometrie", "properties": {"cleabs": "EQ_RESEA0000002244418512", "nature": "Parking", "nature_detaillee": "Aire de covoiturage", "toponyme": null, "statut_du_toponyme": null, "importance": "5", "numero": null, "fictif": true, "adresse_postale": null, "etat_de_l_objet": "En service", "date_creation": "2021-06-15T12:59:53.039Z", "date_modification": "2021-06-24T15:59:41.532Z", "date_d_apparition": null, "date_de_confirmation": null, "sources": null, "identifiants_sources": null, "methode_d_acquisition_planimetrique": "Calculé", "precision_planimetrique": 20, "methode_d_acquisition_altimetrique": "Pas de Z", "precision_altimetrique": 9999, "insee_commune": "30123", "commune": "GALLARGUES-LE-MONTUEUX", "identifiant_voie_ban": null, "id_ban_odonyme": null, "source": "bdtopo"}}, {"type": "Feature", "id": "equipement_de_transport.97853", "geometry": {"type": "MultiPolygon", "coordinates": [[[[4.56943654, 43.83071137, -1000], [4.5693744, 43.83071226, -1000], [4.56937317, 43.83066727, -1000], [4.56943531, 43.83066638, -1000], [4.56943654, 43.83071137, -1000]]]]}, "geometry_name": "geometrie", "properties": {"cleabs": "EQ_RESEA0000002244484251", "nature": "Parking", "nature_detaillee": "Aire de covoiturage", "toponyme": null, "statut_du_toponyme": null, "importance": "5", "numero": null, "fictif": true, "adresse_postale": null, "etat_de_l_objet": "En service", "date_creation": "2021-06-23T13:05:56.604Z", "date_modification": null, "date_d_apparition": null, "date_de_confirmation": null, "sources": null, "identifiants_sources": null, "methode_d_acquisition_planimetrique": "Calculé", "precision_planimetrique": 20, "methode_d_acquisition_altimetrique": "Pas de Z", "precision_altimetrique": 9999, "insee_commune": "30135", "commune": "JONQUIERES-SAINT-VINCENT", "identifiant_voie_ban": null, "id_ban_odonyme": null, "source": "bdtopo"}}, {"type": "Feature", "id": "equipement_de_transport.100668", "geometry": {"type": "MultiPolygon", "coordinates": [[[[4.13869342, 43.67879686, -1000], [4.13863144, 43.67879751, -1000], [4.13863055, 43.67875252, -1000], [4.13869253, 43.67875187, -1000], [4.13869342, 43.67879686, -1000]]]]}, "geometry_name": "geometrie", "properties": {"cleabs": "EQ_RESEA0000002276043152", "nature": "Parking", "nature_detaillee": null, "toponyme": null, "statut_du_toponyme": null, "importance": "5", "numero": null, "fictif": true, "adresse_postale": null, "etat_de_l_objet": "En service", "date_creation": "2022-02-09T09:53:25.932Z", "date_modification": null, "date_d_apparition": null, "date_de_confirmation": null, "sources": null, "identifiants_sources": null, "methode_d_acquisition_planimetrique": "Calculé", "precision_planimetrique": 20, "methode_d_acquisition_altimetrique": "Pas de Z", "precision_altimetrique": 9999, "insee_commune": "34145", "commune": "LUNEL", "identifiant_voie_ban": null, "id_ban_odonyme": null, "source": "bdtopo"}}, {"type": "Feature", "id": "equipement_de_transport.101290", "geometry": {"type": "MultiPolygon", "coordinates": [[[[4.37186334, 43.81962564, -1000], [4.3718012, 43.81962642, -1000], [4.37180013, 43.81958143, -1000], [4.37186226, 43.81958065, -1000], [4.37186334, 43.81962564, -1000]]]]}, "geometry_name": "geometrie", "properties": {"cleabs": "EQ_RESEA0000002285456866", "nature": "Parking", "nature_detaillee": null, "toponyme": null, "statut_du_toponyme": null, "importance": "5", "numero": null, "fictif": true, "adresse_postale": null, "etat_de_l_objet": "En service", "date_creation": "2022-04-13T13:17:32.798Z", "date_modification": null, "date_d_apparition": null, "date_de_confirmation": null, "sources": null, "identifiants_sources": null, "methode_d_acquisition_planimetrique": "Calculé", "precision_planimetrique": 20, "methode_d_acquisition_altimetrique": "Pas de Z", "precision_altimetrique": 9999, "insee_commune": "30189", "commune": "NIMES", "identifiant_voie_ban": null, "id_ban_odonyme": null, "source": "bdtopo"}}, {"type": "Feature", "id": "equipement_de_transport.104134", "geometry": {"type": "MultiPolygon", "coordinates": [[[[4.46498451, 43.59099168, -1000], [4.46492263, 43.59099251, -1000], [4.46492148, 43.59094753, -1000], [4.46498336, 43.5909467, -1000], [4.46498451, 43.59099168, -1000]]]]}, "geometry_name": "geometrie", "properties": {"cleabs": "EQ_RESEA0000002288046878", "nature": "Parking", "nature_detaillee": "Parking touristique isolé", "toponyme": null, "statut_du_toponyme": null, "importance": "5", "numero": null, "fictif": true, "adresse_postale": null, "etat_de_l_objet": "En service", "date_creation": "2022-06-22T15:11:07.137Z", "date_modification": "2023-06-27T10:49:31.217Z", "date_d_apparition": null, "date_de_confirmation": "2023-06-19Z", "sources": null, "identifiants_sources": null, "methode_d_acquisition_planimetrique": "Orthophotographie", "precision_planimetrique": 3, "methode_d_acquisition_altimetrique": "Pas de Z", "precision_altimetrique": 9999, "insee_commune": "13004", "commune": "ARLES", "identifiant_voie_ban": null, "id_ban_odonyme": null, "source": "bdtopo"}}, {"type": "Feature", "id": "equipement_de_transport.104653", "geometry": {"type": "MultiPolygon", "coordinates": [[[[4.45057692, 43.50724927, -1000], [4.45051512, 43.5072501, -1000], [4.45051399, 43.50720512, -1000], [4.45057578, 43.50720429, -1000], [4.45057692, 43.50724927, -1000]]]]}, "geometry_name": "geometrie", "properties": {"cleabs": "EQ_RESEA0000002292305474", "nature": "Parking", "nature_detaillee": "Parking touristique isolé", "toponyme": null, "statut_du_toponyme": null, "importance": "5", "numero": null, "fictif": true, "adresse_postale": null, "etat_de_l_objet": "En service", "date_creation": "2022-08-23T15:19:25.403Z", "date_modification": "2023-07-11T15:25:18.984Z", "date_d_apparition": null, "date_de_confirmation": "2023-07-03Z", "sources": null, "identifiants_sources": null, "methode_d_acquisition_planimetrique": "Orthophotographie", "precision_planimetrique": 3, "methode_d_acquisition_altimetrique": "Pas de Z", "precision_altimetrique": 9999, "insee_commune": "13096", "commune": "SAINTES-MARIES-DE-LA-MER", "identifiant_voie_ban": null, "id_ban_odonyme": null, "source": "bdtopo"}}, {"type": "Feature", "id": "equipement_de_transport.104740", "geometry": {"type": "MultiPolygon", "coordinates": [[[[4.50684688, 43.75920266, -1000], [4.50678481, 43.75920352, -1000], [4.50678363, 43.75915854, -1000], [4.50684569, 43.75915768, -1000], [4.50684688, 43.75920266, -1000]]]]}, "geometry_name": "geometrie", "properties": {"cleabs": "EQ_RESEA0000002292398037", "nature": "Parking", "nature_detaillee": "Aire de covoiturage", "toponyme": null, "statut_du_toponyme": null, "importance": "5", "numero": null, "fictif": true, "adresse_postale": null, "etat_de_l_objet": "En service", "date_creation": "2022-09-02T14:35:48.622Z", "date_modification": null, "date_d_apparition": null, "date_de_confirmation": null, "sources": null, "identifiants_sources": null, "methode_d_acquisition_planimetrique": "Calculé", "precision_planimetrique": 20, "methode_d_acquisition_altimetrique": "Pas de Z", "precision_altimetrique": 9999, "insee_commune": "30034", "commune": "BELLEGARDE", "identifiant_voie_ban": null, "id_ban_odonyme": null, "source": "bdtopo"}}, {"type": "Feature", "id": "equipement_de_transport.107396", "geometry": {"type": "MultiPolygon", "coordinates": [[[[4.24531346, 43.73465781, 17.2], [4.24605295, 43.73447566, 17.2], [4.24631186, 43.7343962, 16.9], [4.24658019, 43.73429323, 16.9], [4.24672534, 43.73423308, 16.9], [4.24683844, 43.73418318, 16.9], [4.24698331, 43.73411043, 16.9], [4.24698557, 43.7341005, 16.9], [4.24697789, 43.73408979, 16.9], [4.24695523, 43.73407475, 16.9], [4.24645988, 43.73389773, 16.9], [4.24641499, 43.73388834, 17], [4.24639242, 43.7338778, 16.7], [4.2463408, 43.7338442, 16.8], [4.24626752, 43.73378474, 16.8], [4.24617479, 43.7338011, 16.8], [4.24612275, 43.73380529, 17.1], [4.24567583, 43.7338572, 17.1], [4.24560664, 43.7338715, 17.1], [4.24555662, 43.73391167, 17.1], [4.24554367, 43.7341719, 17.1], [4.24549532, 43.73428855, 17.1], [4.24541987, 43.73441451, 18.7], [4.24531346, 43.73465781, 17.2]]]]}, "geometry_name": "geometrie", "properties": {"cleabs": "EQ_RESEA0000002322422587", "nature": "Parking", "nature_detaillee": null, "toponyme": null, "statut_du_toponyme": null, "importance": null, "numero": null, "fictif": false, "adresse_postale": null, "etat_de_l_objet": "En service", "date_creation": "2022-10-28T11:27:15.158Z", "date_modification": null, "date_d_apparition": null, "date_de_confirmation": "2021-08-11Z", "sources": null, "identifiants_sources": null, "methode_d_acquisition_planimetrique": "Photogrammétrie", "precision_planimetrique": 2.5, "methode_d_acquisition_altimetrique": "Photogrammétrie", "precision_altimetrique": 1.5, "insee_commune": "30344", "commune": "VERGEZE", "identifiant_voie_ban": null, "id_ban_odonyme": null, "source": "bdtopo"}}, {"type": "Feature", "id": "equipement_de_transport.107422", "geometry": {"type": "MultiPolygon", "coordinates": [[[[4.36745729, 43.82427293, 34.5], [4.36702959, 43.82489392, 34.6], [4.36697791, 43.82496837, 34.6], [4.36694783, 43.82495794, 34.8], [4.36690639, 43.82499266, 35], [4.36680668, 43.82513792, 34.6], [4.36678988, 43.82516333, 34.6], [4.36678067, 43.82519405, 34.6], [4.36677684, 43.8252418, 34.6], [4.36677642, 43.825276, 34.6], [4.36678694, 43.82530017, 34.6], [4.36683972, 43.82532381, 34.6], [4.36747634, 43.82558854, 34.3], [4.36753367, 43.82554282, 34.3], [4.36753976, 43.82553734, 34.3], [4.36756932, 43.82552617, 34.3], [4.36757438, 43.82552971, 34.3], [4.367742, 43.8254169, 34.3], [4.36776871, 43.82539047, 34.3], [4.36778671, 43.82536324, 34.3], [4.36778639, 43.82534974, 34.3], [4.36774299, 43.82530259, 34.3], [4.36778589, 43.82527685, 34.8], [4.36729282, 43.82508862, 34.8], [4.3672601, 43.82507193, 34.8], [4.36731302, 43.82499747, 34.8], [4.36774955, 43.82438177, 34.4], [4.36745729, 43.82427293, 34.5]]]]}, "geometry_name": "geometrie", "properties": {"cleabs": "EQ_RESEA0000002322745733", "nature": "Parking", "nature_detaillee": null, "toponyme": null, "statut_du_toponyme": null, "importance": null, "numero": null, "fictif": false, "adresse_postale": null, "etat_de_l_objet": "En service", "date_creation": "2022-11-03T15:21:01.685Z", "date_modification": null, "date_d_apparition": null, "date_de_confirmation": "2021-08-11Z", "sources": null, "identifiants_sources": null, "methode_d_acquisition_planimetrique": "Photogrammétrie", "precision_planimetrique": 2.5, "methode_d_acquisition_altimetrique": "Photogrammétrie", "precision_altimetrique": 1.5, "insee_commune": "30189", "commune": "NIMES", "identifiant_voie_ban": null, "id_ban_odonyme": null, "source": "bdtopo"}}, {"type": "Feature", "id": "equipement_de_transport.107424", "geometry": {"type": "MultiPolygon", "coordinates": [[[[4.31867566, 43.82546682, 102.3], [4.31806827, 43.82527346, 103.6], [4.31764514, 43.82536137, 104], [4.31762461, 43.82538772, 104.2], [4.31691074, 43.82515874, 104.4], [4.3169683, 43.82506714, 104.4], [4.31695451, 43.82506191, 104.4], [4.31707085, 43.8248778, 104.9], [4.31708338, 43.82488215, 104.9], [4.31710497, 43.82484769, 104.9], [4.3172845, 43.82454671, 104.9], [4.31737852, 43.82452667, 104.9], [4.31737902, 43.82454827, 104.4], [4.31735524, 43.82459536, 104.4], [4.31718504, 43.82487012, 104.4], [4.31769343, 43.82502958, 104.4], [4.31766833, 43.82507309, 104.4], [4.31787004, 43.82514085, 104.9], [4.31786144, 43.82509145, 104.4], [4.31783787, 43.82498554, 104.4], [4.31783426, 43.82493698, 104.4], [4.3178423, 43.82490808, 104.4], [4.31786494, 43.82486551, 104.4], [4.3179517, 43.82474655, 104.4], [4.31797446, 43.82470938, 104.4], [4.3179815, 43.82469129, 104], [4.31796961, 43.82466084, 103.8], [4.31800969, 43.82467385, 103.2], [4.31810005, 43.82471056, 103.6], [4.31813895, 43.82472629, 103.8], [4.31816301, 43.8246918, 103.8], [4.31818803, 43.8246987, 103.8], [4.31822809, 43.82465681, 103.6], [4.31828938, 43.82456517, 102.9], [4.31833569, 43.82457901, 102.9], [4.3184098, 43.82445031, 101.9], [4.31841579, 43.82444034, 101.6], [4.31847594, 43.82446121, 101.6], [4.31874864, 43.82426531, 99.7], [4.31878776, 43.82423693, 98.9], [4.3188355, 43.82420486, 98.9], [4.31888675, 43.82416284, 98.9], [4.31891551, 43.82411659, 98.9], [4.31917313, 43.82396767, 96.8], [4.31959133, 43.82436672, 96.8], [4.31954583, 43.82438797, 97.6], [4.31942381, 43.82448755, 97.8], [4.31938655, 43.8245429, 97.8], [4.31929268, 43.82451523, 97.8], [4.31927712, 43.82454152, 98.3], [4.31917649, 43.82470564, 100.9], [4.3190911, 43.82482998, 100.9], [4.31903656, 43.82489094, 101.6], [4.31902457, 43.82490999, 101.6], [4.3190126, 43.82492993, 101.6], [4.31899696, 43.82495262, 101.6], [4.31897016, 43.82497635, 101.6], [4.31895684, 43.82499181, 101.6], [4.31893874, 43.82501543, 101.6], [4.31892439, 43.8250399, 101.8], [4.31894703, 43.82505133, 101.8], [4.31879241, 43.8253007, 101.8], [4.31868322, 43.82547123, 101.3], [4.31867566, 43.82546682, 102.3]]]]}, "geometry_name": "geometrie", "properties": {"cleabs": "EQ_RESEA0000002322746373", "nature": "Parking", "nature_detaillee": null, "toponyme": null, "statut_du_toponyme": null, "importance": null, "numero": null, "fictif": false, "adresse_postale": null, "etat_de_l_objet": "En service", "date_creation": "2022-11-03T15:58:50.538Z", "date_modification": "2022-12-15T19:09:12.494Z", "date_d_apparition": null, "date_de_confirmation": "2021-08-11Z", "sources": null, "identifiants_sources": null, "methode_d_acquisition_planimetrique": "Photogrammétrie", "precision_planimetrique": 2.5, "methode_d_acquisition_altimetrique": "Photogrammétrie", "precision_altimetrique": 1.5, "insee_commune": "30189", "commune": "NIMES", "identifiant_voie_ban": null, "id_ban_odonyme": null, "source": "bdtopo"}}, {"type": "Feature", "id": "equipement_de_transport.107425", "geometry": {"type": "MultiPolygon", "coordinates": [[[[4.32138081, 43.82670581, 81.9], [4.32127042, 43.82644794, 81.9], [4.32224465, 43.82621473, 80.2], [4.32230429, 43.8262131, 80.2], [4.32233603, 43.82629552, 78.4], [4.32248894, 43.82629547, 78], [4.32256622, 43.82630443, 77.8], [4.32254902, 43.82642074, 77.3], [4.32255402, 43.82647558, 77.1], [4.32237014, 43.82648051, 77.8], [4.32236778, 43.82643194, 77.8], [4.32176181, 43.82656979, 80.4], [4.32178145, 43.82661275, 80.4], [4.32138081, 43.82670581, 81.9]]]]}, "geometry_name": "geometrie", "properties": {"cleabs": "EQ_RESEA0000002322746374", "nature": "Parking", "nature_detaillee": null, "toponyme": null, "statut_du_toponyme": null, "importance": null, "numero": null, "fictif": false, "adresse_postale": null, "etat_de_l_objet": "En service", "date_creation": "2022-11-03T15:58:50.538Z", "date_modification": null, "date_d_apparition": null, "date_de_confirmation": "2021-08-11Z", "sources": null, "identifiants_sources": null, "methode_d_acquisition_planimetrique": "Photogrammétrie", "precision_planimetrique": 2.5, "methode_d_acquisition_altimetrique": "Photogrammétrie", "precision_altimetrique": 1.5, "insee_commune": "30189", "commune": "NIMES", "identifiant_voie_ban": null, "id_ban_odonyme": null, "source": "bdtopo"}}, {"type": "Feature", "id": "equipement_de_transport.107894", "geometry": {"type": "MultiPolygon", "coordinates": [[[[4.1565136, 43.6864102, -1000], [4.15631771, 43.68641228, -1000], [4.15611223, 43.68636947, -1000], [4.15586166, 43.68630464, -1000], [4.15575883, 43.68624814, -1000], [4.15571399, 43.68617662, -1000], [4.15569753, 43.6860985, -1000], [4.15576982, 43.68574767, -1000], [4.15585835, 43.68540296, -1000], [4.15597386, 43.68516596, -1000], [4.15602898, 43.68513207, -1000], [4.15610674, 43.68511415, -1000], [4.15625559, 43.68511617, -1000], [4.15698062, 43.68528034, -1000], [4.15708791, 43.68549608, -1000], [4.15697435, 43.68552249, -1000], [4.15692775, 43.68554818, -1000], [4.15690257, 43.68559074, -1000], [4.15671013, 43.68619393, -1000], [4.15667061, 43.68626364, -1000], [4.1566533, 43.68638892, -1000], [4.1565136, 43.6864102, -1000]]]]}, "geometry_name": "geometrie", "properties": {"cleabs": "EQ_RESEA0000002322941325", "nature": "Parking", "nature_detaillee": null, "toponyme": null, "statut_du_toponyme": null, "importance": "5", "numero": null, "fictif": false, "adresse_postale": null, "etat_de_l_objet": "En service", "date_creation": "2022-11-17T09:02:31.116Z", "date_modification": null, "date_d_apparition": null, "date_de_confirmation": null, "sources": null, "identifiants_sources": null, "methode_d_acquisition_planimetrique": "Calculé", "precision_planimetrique": 20, "methode_d_acquisition_altimetrique": "Pas de Z", "precision_altimetrique": 9999, "insee_commune": "34145", "commune": "LUNEL", "identifiant_voie_ban": null, "id_ban_odonyme": null, "source": "bdtopo"}}, {"type": "Feature", "id": "equipement_de_transport.108012", "geometry": {"type": "MultiPolygon", "coordinates": [[[[4.24647968, 43.8064087, -1000], [4.24596984, 43.80645052, -1000], [4.24595799, 43.80642006, -1000], [4.24592329, 43.80619636, -1000], [4.24625326, 43.80616918, -1000], [4.24643127, 43.80618335, -1000], [4.2464638, 43.80630718, -1000], [4.24680893, 43.80629153, -1000], [4.24704771, 43.8062996, -1000], [4.24700646, 43.80640267, -1000], [4.24680366, 43.80639149, -1000], [4.24647968, 43.8064087, -1000]]]]}, "geometry_name": "geometrie", "properties": {"cleabs": "EQ_RESEA0000002323656193", "nature": "Parking", "nature_detaillee": null, "toponyme": null, "statut_du_toponyme": null, "importance": "5", "numero": null, "fictif": false, "adresse_postale": null, "etat_de_l_objet": "En service", "date_creation": "2022-11-28T15:03:05.511Z", "date_modification": "2025-05-06T11:39:45.366Z", "date_d_apparition": null, "date_de_confirmation": null, "sources": null, "identifiants_sources": null, "methode_d_acquisition_planimetrique": "Calculé", "precision_planimetrique": 20, "methode_d_acquisition_altimetrique": "Pas de Z", "precision_altimetrique": 9999, "insee_commune": "30138", "commune": "LANGLADE", "identifiant_voie_ban": null, "id_ban_odonyme": null, "source": "bdtopo"}}, {"type": "Feature", "id": "equipement_de_transport.108019", "geometry": {"type": "MultiPolygon", "coordinates": [[[[4.20271876, 43.82673616, -1000], [4.20249254, 43.82673775, -1000], [4.20247229, 43.82648418, -1000], [4.20272883, 43.82650565, -1000], [4.20271876, 43.82673616, -1000]]]]}, "geometry_name": "geometrie", "properties": {"cleabs": "EQ_RESEA0000002323657372", "nature": "Parking", "nature_detaillee": null, "toponyme": null, "statut_du_toponyme": null, "importance": "5", "numero": null, "fictif": false, "adresse_postale": null, "etat_de_l_objet": "En service", "date_creation": "2022-11-28T16:19:23.146Z", "date_modification": "2025-04-01T13:54:54.656Z", "date_d_apparition": null, "date_de_confirmation": null, "sources": null, "identifiants_sources": null, "methode_d_acquisition_planimetrique": "Calculé", "precision_planimetrique": 20, "methode_d_acquisition_altimetrique": "Pas de Z", "precision_altimetrique": 9999, "insee_commune": "30245", "commune": "SAINT-COME-ET-MARUEJOLS", "identifiant_voie_ban": null, "id_ban_odonyme": null, "source": "bdtopo"}}, {"type": "Feature", "id": "equipement_de_transport.108029", "geometry": {"type": "MultiPolygon", "coordinates": [[[[4.41851505, 43.85770476, -1000], [4.41845288, 43.85770557, -1000], [4.41845176, 43.85766058, -1000], [4.41851393, 43.85765977, -1000], [4.41851505, 43.85770476, -1000]]]]}, "geometry_name": "geometrie", "properties": {"cleabs": "EQ_RESEA0000002323850832", "nature": "Parking", "nature_detaillee": "Aire de covoiturage", "toponyme": null, "statut_du_toponyme": null, "importance": "5", "numero": null, "fictif": true, "adresse_postale": null, "etat_de_l_objet": "En service", "date_creation": "2022-11-29T15:31:50.609Z", "date_modification": null, "date_d_apparition": null, "date_de_confirmation": null, "sources": null, "identifiants_sources": null, "methode_d_acquisition_planimetrique": "Levé non GPS", "precision_planimetrique": 5, "methode_d_acquisition_altimetrique": "Pas de Z", "precision_altimetrique": 9999, "insee_commune": "30189", "commune": "NIMES", "identifiant_voie_ban": null, "id_ban_odonyme": null, "source": "bdtopo"}}, {"type": "Feature", "id": "equipement_de_transport.108057", "geometry": {"type": "MultiPolygon", "coordinates": [[[[4.36963212, 43.82263638, -1000], [4.36956998, 43.82263717, -1000], [4.3695689, 43.82259218, -1000], [4.36963104, 43.8225914, -1000], [4.36963212, 43.82263638, -1000]]]]}, "geometry_name": "geometrie", "properties": {"cleabs": "EQ_RESEA0000002323940268", "nature": "Parking", "nature_detaillee": "Parking couvert", "toponyme": "Parking Georges Besse", "statut_du_toponyme": "Collecté", "importance": "5", "numero": null, "fictif": true, "adresse_postale": null, "etat_de_l_objet": "En service", "date_creation": "2022-11-30T14:48:03.702Z", "date_modification": null, "date_d_apparition": null, "date_de_confirmation": null, "sources": null, "identifiants_sources": null, "methode_d_acquisition_planimetrique": "Calculé", "precision_planimetrique": 20, "methode_d_acquisition_altimetrique": "Pas de Z", "precision_altimetrique": 9999, "insee_commune": "30189", "commune": "NIMES", "identifiant_voie_ban": null, "id_ban_odonyme": null, "source": "bdtopo"}}, {"type": "Feature", "id": "equipement_de_transport.116451", "geometry": {"type": "MultiPolygon", "coordinates": [[[[4.43390475, 43.67688743, -1000], [4.43378155, 43.67662177, -1000], [4.43372418, 43.67636064, -1000], [4.43390339, 43.67633758, -1000], [4.4340012, 43.67648028, -1000], [4.43416871, 43.67683176, -1000], [4.43390475, 43.67688743, -1000]]]]}, "geometry_name": "geometrie", "properties": {"cleabs": "EQ_RESEA0000002333572616", "nature": "Parking", "nature_detaillee": null, "toponyme": null, "statut_du_toponyme": null, "importance": null, "numero": null, "fictif": false, "adresse_postale": null, "etat_de_l_objet": "En service", "date_creation": "2023-06-30T13:13:02.500Z", "date_modification": null, "date_d_apparition": null, "date_de_confirmation": "2023-06-30Z", "sources": null, "identifiants_sources": null, "methode_d_acquisition_planimetrique": "Orthophotographie", "precision_planimetrique": 3, "methode_d_acquisition_altimetrique": "Pas de Z", "precision_altimetrique": 9999, "insee_commune": "30258", "commune": "SAINT-GILLES", "identifiant_voie_ban": null, "id_ban_odonyme": null, "source": "bdtopo"}}, {"type": "Feature", "id": "equipement_de_transport.144218", "geometry": {"type": "MultiPolygon", "coordinates": [[[[4.34391028, 43.7325028, -1000], [4.34384824, 43.73250356, -1000], [4.34384718, 43.73245858, -1000], [4.34390922, 43.73245781, -1000], [4.34391028, 43.7325028, -1000]]]]}, "geometry_name": "geometrie", "properties": {"cleabs": "EQ_RESEA0000002336586219", "nature": "Parking", "nature_detaillee": null, "toponyme": null, "statut_du_toponyme": null, "importance": null, "numero": null, "fictif": true, "adresse_postale": null, "etat_de_l_objet": "En service", "date_creation": "2023-11-23T16:03:56.508Z", "date_modification": null, "date_d_apparition": null, "date_de_confirmation": null, "sources": null, "identifiants_sources": null, "methode_d_acquisition_planimetrique": "Orthophotographie", "precision_planimetrique": 3, "methode_d_acquisition_altimetrique": "Pas de Z", "precision_altimetrique": 9999, "insee_commune": "30128", "commune": "GENERAC", "identifiant_voie_ban": null, "id_ban_odonyme": null, "source": "bdtopo"}}, {"type": "Feature", "id": "equipement_de_transport.146572", "geometry": {"type": "MultiPolygon", "coordinates": [[[[4.12364632, 43.68686078, -1000], [4.12321782, 43.6869534, -1000], [4.12318802, 43.68688801, -1000], [4.12315684, 43.68681544, -1000], [4.12359148, 43.68672006, -1000], [4.12364632, 43.68686078, -1000]]]]}, "geometry_name": "geometrie", "properties": {"cleabs": "EQ_RESEA0000002480822544", "nature": "Parking", "nature_detaillee": null, "toponyme": null, "statut_du_toponyme": null, "importance": "5", "numero": null, "fictif": false, "adresse_postale": null, "etat_de_l_objet": "En service", "date_creation": "2024-12-03T18:07:39.444Z", "date_modification": null, "date_d_apparition": null, "date_de_confirmation": null, "sources": null, "identifiants_sources": null, "methode_d_acquisition_planimetrique": "Calculé", "precision_planimetrique": 20, "methode_d_acquisition_altimetrique": "Pas de Z", "precision_altimetrique": 9999, "insee_commune": "34145", "commune": "LUNEL", "identifiant_voie_ban": null, "id_ban_odonyme": null, "source": "bdtopo"}}]}