{
  "type": "FeatureCollection",
  "features": [
    {
      "type": "Feature",
      "geometry": {
        "type": "Polygon",
        "coordinates": [
          [
            [
              4.485241917626271,
              43.83476449862673
            ],
            [
              4.485221110150473,
              43.834760971263925
            ],
            [
              4.485200079189664,
              43.834759212848475
            ],
            [
              4.485178974858245,
              43.834759235931564
            ],
            [
              4.484052397080466,
              43.834808102598224
            ],
            [
              4.48402795543041,
              43.83481036995956
            ],
            [
              4.48400385432017,
              43.834815025243664
            ],
            [
              4.483980326472578,
              43.83482202349863
            ],
            [
              4.483957599074982,
              43.83483129714858
            ],
            [
              4.483935891585501,
              43.83484275664619
            ],
            [
              4.483915413613915,
              43.83485629133734
            ],
            [
              4.483896362897653,
              43.83487177052966
            ],
            [
              4.483878923392415,
              43.83488904475444
            ],
            [
              4.48386326349588,
              43.834907947209985
            ],
            [
              4.483849534421641,
              43.834928295372194
            ],
            [
              4.48383786873907,
              43.83494989275711
            ],
            [
              4.483828379093214,
              43.83497253081812
            ],
            [
              4.483821157117081,
              43.83499599095976
            ],
            [
              4.483816272546825,
              43.835020046648445
            ],
            [
              4.483813772548365,
              43.83504446559995
            ],
            [
              4.483813681261949,
              43.83506901202233
            ],
            [
              4.483815999569045,
              43.83509344889278
            ],
            [
              4.4838196662357115,
              43.83511878222611
            ],
            [
              4.483823456765199,
              43.835139037568695
            ],
            [
              4.48382890392459,
              43.83515891155852
            ],
            [
              4.483953815035702,
              43.83555051155853
            ],
            [
              4.483965054874263,
              43.83557941438787
            ],
            [
              4.485767854874263,
              43.83947941438787
            ],
            [
              4.4857789254261915,
              43.839500631290406
            ],
            [
              4.486524625426192,
              43.840776731290404
            ],
            [
              4.486537881946944,
              43.840797077388096
            ],
            [
              4.48655305139819,
              43.84081604016169
            ],
            [
              4.48656999042263,
              43.840833440405504
            ],
            [
              4.486588538939795,
              43.84084911368036
            ],
            [
              4.486608521658879,
              43.840862911867625
            ],
            [
              4.4866297497352985,
              43.840874704568975
            ],
            [
              4.486652022555352,
              43.84088438033874
            ],
            [
              4.4866751296321,
              43.840891847737076
            ],
            [
              4.486698852594547,
              43.840897036194114
            ],
            [
              4.4867229672513345,
              43.84089989667689
            ],
            [
              4.486747245709438,
              43.84090040215271
            ],
            [
              4.486771458527846,
              43.84089854784464
            ],
            [
              4.486795376885867,
              43.8408943512766
            ],
            [
              4.486818774745578,
              43.84088785210784
            ],
            [
              4.492680919190023,
              43.83894804099673
            ],
            [
              4.4927038025923975,
              43.83893919993504
            ],
            [
              4.492725708440614,
              43.83892815691507
            ],
            [
              4.49274642546253,
              43.838915018441824
            ],
            [
              4.492765753851702,
              43.83889991123003
            ],
            [
              4.492783507194435,
              43.838882980982014
            ],
            [
              4.4927995142676505,
              43.838864390982465
            ],
            [
              4.492813620690261,
              43.83884432052364
            ],
            [
              4.492825690412109,
              43.83882296317618
            ],
            [
              4.492835607026107,
              43.83880052492217
            ],
            [
              4.492843274890934,
              43.838777222168574
            ],
            [
              4.49284862005345,
              43.83875327966006
            ],
            [
              4.492851590961946,
              43.838728928311454
            ],
            [
              4.492852158963333,
              43.83870440298066
            ],
            [
              4.492850318579492,
              43.83867994020356
            ],
            [
              4.492846087560105,
              43.838655775912734
            ],
            [
              4.492839506711467,
              43.838632143161995
            ],
            [
              4.492830639502929,
              43.838609269878695
            ],
            [
              4.492819571454767,
              43.83858737666546
            ],
            [
              4.4928064093133715,
              43.838566674672556
            ],
            [
              4.492791280021729,
              43.83854736356149
            ],
            [
              4.492774329495113,
              43.83852962957932
            ],
            [
              4.492755721213799,
              43.8385136437624
            ],
            [
              4.492735634646365,
              43.8384995602868
            ],
            [
              4.492714263518801,
              43.838487514981374
            ],
            [
              4.485331619074357,
              43.834791826092484
            ],
            [
              4.485312333580484,
              43.834783172104196
            ],
            [
              4.485292385483853,
              43.83477617959191
            ],
            [
              4.485271917626271,
              43.83477089862673
            ],
            [
              4.485241917626271,
              43.83476449862673
            ]
          ]
        ]
      },
      "properties": {
        "id": "ORI_029",
        "nb_batiments": 56,
        "type_dom": "yes",
        "surface_m2": 5843,
        "veh_estimes": 83,
        "statut_ppri": "interdiction",
        "lon_c": 4.487737,
        "lat_c": 43.837968
      }
    },
    {
      "type": "Feature",
      "geometry": {
        "type": "Polygon",
        "coordinates": [
          [
            [
              4.479737196129504,
              43.82588064232733
            ],
            [
              4.47971511213746,
              43.82587910614279
            ],
            [
              4.479692978868109,
              43.82587953153125
            ],
            [
              4.478155794423665,
              43.82597735153125
            ],
            [
              4.478131109376425,
              43.82598016059155
            ],
            [
              4.478106825551925,
              43.825985408281014
            ],
            [
              4.478083183249568,
              43.82599304267138
            ],
            [
              4.478060416420605,
              43.82600298821691
            ],
            [
              4.4780387503530825,
              43.82601514650196
            ],
            [
              4.478018399442518,
              43.82602939721479
            ],
            [
              4.477999565070354,
              43.82604559933817
            ],
            [
              4.477982433611202,
              43.82606359254479
            ],
            [
              4.477967174588583,
              43.82608319878374
            ],
            [
              4.477953938997413,
              43.82610422404244
            ],
            [
              4.477942857809836,
              43.826126460266465
            ],
            [
              4.477934040679208,
              43.826149687418344
            ],
            [
              4.477927574855013,
              43.82617367565493
            ],
            [
              4.4779235243194995,
              43.8261981876018
            ],
            [
              4.477921929154546,
              43.82622298070216
            ],
            [
              4.4779228051450275,
              43.826247809617115
            ],
            [
              4.477926143622624,
              43.82627242865333
            ],
            [
              4.477931911551593,
              43.826296594194346
            ],
            [
              4.477940051855675,
              43.82632006711122
            ],
            [
              4.477950483982886,
              43.826342615128844
            ],
            [
              4.47796310470262,
              43.82636401512441
            ],
            [
              4.47797778912716,
              43.82638405533532
            ],
            [
              4.477994391947499,
              43.82640253745461
            ],
            [
              4.478012748871236,
              43.826419278593406
            ],
            [
              4.478032678248327,
              43.826434113090556
            ],
            [
              4.478053982868589,
              43.826446894152035
            ],
            [
              4.478762607313034,
              43.82682541415203
            ],
            [
              4.4787927690438085,
              43.82683903923226
            ],
            [
              4.479769039043809,
              43.82720426923226
            ],
            [
              4.479790126194025,
              43.82721110766379
            ],
            [
              4.479811736663967,
              43.82721604928691
            ],
            [
              4.48127273110841,
              43.82748252150913
            ],
            [
              4.481283514163763,
              43.82748424557333
            ],
            [
              4.484725729719319,
              43.827957683351116
            ],
            [
              4.484747853939785,
              43.82795972867621
            ],
            [
              4.48477007238822,
              43.82795979963478
            ],
            [
              4.484792209221463,
              43.82795789566526
            ],
            [
              4.486763115888129,
              43.827699635665255
            ],
            [
              4.4867869629607915,
              43.827695325095185
            ],
            [
              4.48681028001258,
              43.8276887236571
            ],
            [
              4.486832847517071,
              43.82767989350252
            ],
            [
              4.48685445300471,
              43.82766891776597
            ],
            [
              4.486874893063184,
              43.82765589978231
            ],
            [
              4.486893975252514,
              43.82764096211384
            ],
            [
              4.4869115199168474,
              43.82762424539639
            ],
            [
              4.4869273618758925,
              43.82760590701526
            ],
            [
              4.486941351980064,
              43.82758611962346
            ],
            [
              4.4869533585147,
              43.82756506951622
            ],
            [
              4.4869632684401415,
              43.827542954877025
            ],
            [
              4.486970988455978,
              43.82751998391178
            ],
            [
              4.486976445879457,
              43.82749637288855
            ],
            [
              4.486979589329785,
              43.82747234410146
            ],
            [
              4.486980389211864,
              43.82744812377781
            ],
            [
              4.486978837994928,
              43.8274239399482
            ],
            [
              4.486974950283444,
              43.82740002029961
            ],
            [
              4.486968762679613,
              43.82737659003185
            ],
            [
              4.486960333438764,
              43.82735386973722
            ],
            [
              4.486949741920893,
              43.8273320733238
            ],
            [
              4.486937087843496,
              43.82731140600143
            ],
            [
              4.4869224903427485,
              43.827292062349734
            ],
            [
              4.486906086851856,
              43.8272742244862
            ],
            [
              4.486888031807138,
              43.82725806035155
            ],
            [
              4.486868495194041,
              43.827243722128586
            ],
            [
              4.4868476609467445,
              43.82723134480947
            ],
            [
              4.486825725216456,
              43.827221044924734
            ],
            [
              4.485123221707685,
              43.82652031334578
            ],
            [
              4.485102365456213,
              43.826512793278525
            ],
            [
              4.485080924480159,
              43.826507152429045
            ],
            [
              4.485059067737438,
              43.82650343524804
            ],
            [
              4.483656584579543,
              43.82632854682699
            ],
            [
              4.483654036129504,
              43.82632824232733
            ],
            [
              4.479737196129504,
              43.82588064232733
            ]
          ]
        ]
      },
      "properties": {
        "id": "ORI_004",
        "nb_batiments": 28,
        "type_dom": "yes",
        "surface_m2": 2523,
        "veh_estimes": 36,
        "statut_ppri": "interdiction",
        "lon_c": 4.48229,
        "lat_c": 43.826951
      }
    },
    {
      "type": "Feature",
      "geometry": {
        "type": "Polygon",
        "coordinates": [
          [
            [
              4.486220078306018,
              43.8296917773448
            ],
            [
              4.4861983739132265,
              43.82967996808822
            ],
            [
              4.486175608892061,
              43.82967036116266
            ],
            [
              4.486152006038087,
              43.82966305058871
            ],
            [
              4.4861277963465325,
              43.8296581079131
            ],
            [
              4.486103216751589,
              43.829655581508575
            ],
            [
              4.486078507807606,
              43.82965549610043
            ],
            [
              4.486053911334834,
              43.82965785252453
            ],
            [
              4.486029668052799,
              43.82966262771913
            ],
            [
              4.486006015224437,
              43.82966977495061
            ],
            [
              4.485983184334061,
              43.8296792242708
            ],
            [
              4.4859613988218845,
              43.82969088320156
            ],
            [
              4.485940871897263,
              43.82970463763986
            ],
            [
              4.485921804452072,
              43.82972035297445
            ],
            [
              4.4859043830946295,
              43.82973787540328
            ],
            [
              4.4858887783234,
              43.82975703343873
            ],
            [
              4.485875142858376,
              43.82977763958589
            ],
            [
              4.485863610146441,
              43.829799492177564
            ],
            [
              4.485713715409599,
              43.8301211237565
            ],
            [
              4.485704087281608,
              43.83014490166535
            ],
            [
              4.485696948900387,
              43.83016954174066
            ],
            [
              4.48569237556851,
              43.830194784055
            ],
            [
              4.485690415529922,
              43.83022036232794
            ],
            [
              4.485691089461012,
              43.83024600673503
            ],
            [
              4.485694390252501,
              43.83027144675416
            ],
            [
              4.485994884989344,
              43.83191901517522
            ],
            [
              4.48600038508469,
              43.83194261827865
            ],
            [
              4.4860081468407085,
              43.83196557721339
            ],
            [
              4.486018097179263,
              43.831987675817494
            ],
            [
              4.486030142416373,
              43.83200870602918
            ],
            [
              4.486044169144265,
              43.832028469845746
            ],
            [
              4.48606004529912,
              43.8320467811878
            ],
            [
              4.486077621404479,
              43.83206346765121
            ],
            [
              4.486096731978583,
              43.83207837213033
            ],
            [
              4.486117197092416,
              43.8320913542972
            ],
            [
              4.486138824063757,
              43.83210229192269
            ],
            [
              4.486161409271318,
              43.83211108202735
            ],
            [
              4.486184740071869,
              43.832117641851006
            ],
            [
              4.486208596802303,
              43.83212190963189
            ],
            [
              4.486232754847807,
              43.83212384518818
            ],
            [
              4.486256986756634,
              43.83212343029631
            ],
            [
              4.486552915328062,
              43.83210397315345
            ],
            [
              4.486576429261845,
              43.83210130360279
            ],
            [
              4.486599585001998,
              43.8320964206446
            ],
            [
              4.486622174676465,
              43.83208936811384
            ],
            [
              4.486643995494831,
              43.83208020932197
            ],
            [
              4.486664851568806,
              43.832069026488654
            ],
            [
              4.486684555670728,
              43.83205592000362
            ],
            [
              4.486702930914343,
              43.83204100752546
            ],
            [
              4.486719812342724,
              43.83202442292542
            ],
            [
              4.486735048409118,
              43.83200631508558
            ],
            [
              4.486748502337398,
              43.83198684656236
            ],
            [
              4.487307742996738,
              43.8310894883206
            ],
            [
              4.48732338025512,
              43.83106023153067
            ],
            [
              4.487478811024351,
              43.83071624691529
            ],
            [
              4.487487660899461,
              43.83069383947673
            ],
            [
              4.4874943107788345,
              43.83067068364169
            ],
            [
              4.48749869879302,
              43.830646994848486
            ],
            [
              4.487500784116611,
              43.83062299349399
            ],
            [
              4.487500547348078,
              43.83059890288311
            ],
            [
              4.4874979906902785,
              43.83057494715116
            ],
            [
              4.487493137929963,
              43.8305513491786
            ],
            [
              4.487486034216466,
              43.830528328517296
            ],
            [
              4.487476745641639,
              43.83050609934796
            ],
            [
              4.487465358624953,
              43.830484868487325
            ],
            [
              4.487451979109453,
              43.83046483346406
            ],
            [
              4.4874367315760875,
              43.83044618068094
            ],
            [
              4.487419757885555,
              43.83042908368056
            ],
            [
              4.487401215958456,
              43.8304137015308
            ],
            [
              4.487381278306018,
              43.830400177344785
            ],
            [
              4.486220078306018,
              43.8296917773448
            ]
          ]
        ]
      },
      "properties": {
        "id": "ORI_031",
        "nb_batiments": 11,
        "type_dom": "yes",
        "surface_m2": 1297,
        "veh_estimes": 19,
        "statut_ppri": "interdiction",
        "lon_c": 4.486512,
        "lat_c": 43.830727
      }
    },
    {
      "type": "Feature",
      "geometry": {
        "type": "Polygon",
        "coordinates": [
          [
            [
              4.455135082303939,
              43.82252214350026
            ],
            [
              4.455140005215704,
              43.822497835591626
            ],
            [
              4.455142492787976,
              43.822473159257484
            ],
            [
              4.4551425204866755,
              43.82244835787213
            ],
            [
              4.455140088038617,
              43.822423676043215
            ],
            [
              4.455135219434212,
              43.82239935719921
            ],
            [
              4.455127962690851,
              43.82237564118862
            ],
            [
              4.455118389379326,
              43.8223527619144
            ],
            [
              4.455106593917957,
              43.822330945027055
            ],
            [
              4.4550926926413705,
              43.82231040569913
            ],
            [
              4.455076822653134,
              43.82229134650303
            ],
            [
              4.455059140473549,
              43.822273955413145
            ],
            [
              4.4550398204959425,
              43.82225840395187
            ],
            [
              4.45501905326669,
              43.82224484549799
            ],
            [
              4.454997043605915,
              43.82223341377393
            ],
            [
              4.454974008587424,
              43.822224221526895
            ],
            [
              4.4549501753977765,
              43.82221735941689
            ],
            [
              4.454925779095622,
              43.82221289512259
            ],
            [
              4.4549010602934,
              43.82221087267379
            ],
            [
              4.454876262784255,
              43.82221131201724
            ],
            [
              4.454851631137594,
              43.82221420881983
            ],
            [
              4.454827408286979,
              43.822219534511376
            ],
            [
              4.454803833134153,
              43.822227236566405
            ],
            [
              4.4547811381928355,
              43.82223723902216
            ],
            [
              4.454454598192835,
              43.82240097902216
            ],
            [
              4.454424903164085,
              43.822418534538464
            ],
            [
              4.454270938164085,
              43.82252455620513
            ],
            [
              4.454251919541941,
              43.82253904196433
            ],
            [
              4.454234373190672,
              43.82255527990648
            ],
            [
              4.454218459907688,
              43.82257312122461
            ],
            [
              4.454204325524716,
              43.822592402418195
            ],
            [
              4.454192099571379,
              43.82261294679146
            ],
            [
              4.454181894088155,
              43.82263456607267
            ],
            [
              4.454129869088155,
              43.82276000218378
            ],
            [
              4.454121709832449,
              43.822782719729965
            ],
            [
              4.454115781910246,
              43.822806118877324
            ],
            [
              4.454112140702398,
              43.82282998102232
            ],
            [
              4.45411082022642,
              43.822854083235946
            ],
            [
              4.454111832818689,
              43.82287820034638
            ],
            [
              4.454115169019191,
              43.82290210704261
            ],
            [
              4.454120797659904,
              43.82292557997942
            ],
            [
              4.4541286661559765,
              43.822948399863904
            ],
            [
              4.454138700996997,
              43.822970353504246
            ],
            [
              4.454150808433755,
              43.82299123580138
            ],
            [
              4.454164875354084,
              43.823010851665146
            ],
            [
              4.45418077033959,
              43.823029017836845
            ],
            [
              4.45419834489342,
              43.82304556460137
            ],
            [
              4.4542174348275685,
              43.8230603373727
            ],
            [
              4.454237861796782,
              43.823073198138125
            ],
            [
              4.454259434964734,
              43.823084026747594
            ],
            [
              4.4542819527868796,
              43.82309272203623
            ],
            [
              4.454305204893367,
              43.823099202769406
            ],
            [
              4.454328974054384,
              43.82310340840171
            ],
            [
              4.454353038209607,
              43.82310529964256
            ],
            [
              4.454377172542764,
              43.8231048588233
            ],
            [
              4.454401151581957,
              43.82310209006221
            ],
            [
              4.454851907831956,
              43.823027818534435
            ],
            [
              4.454875460757806,
              43.82302276014266
            ],
            [
              4.454898416727983,
              43.82301545596054
            ],
            [
              4.454920562137909,
              43.82300597395323
            ],
            [
              4.454941690925242,
              43.822994402350524
            ],
            [
              4.4549616064872835,
              43.82298084882582
            ],
            [
              4.454980123510355,
              43.82296543949423
            ],
            [
              4.454997069694142,
              43.82294831773911
            ],
            [
              4.455012287354936,
              43.822929642877845
            ],
            [
              4.455025634892887,
              43.82290958867943
            ],
            [
              4.455036988109572,
              43.82288834174755
            ],
            [
              4.455046241363668,
              43.82286609978424
            ],
            [
              4.455053308553938,
              43.82284306975026
            ],
            [
              4.455135082303939,
              43.82252214350026
            ]
          ]
        ]
      },
      "properties": {
        "id": "ORI_006",
        "nb_batiments": 6,
        "type_dom": "yes",
        "surface_m2": 738,
        "veh_estimes": 11,
        "statut_ppri": "interdiction",
        "lon_c": 4.454583,
        "lat_c": 43.822705
      }
    },
    {
      "type": "Feature",
      "geometry": {
        "type": "Polygon",
        "coordinates": [
          [
            [
              4.466429101564126,
              43.82104914197662
            ],
            [
              4.466404385265373,
              43.82104447851746
            ],
            [
              4.466379325230893,
              43.821042324928065
            ],
            [
              4.466354175672334,
              43.82104270305468
            ],
            [
              4.466329191709487,
              43.82104560906154
            ],
            [
              4.466304626782322,
              43.82105101346981
            ],
            [
              4.466280730080065,
              43.821058861456606
            ],
            [
              4.466257744013401,
              43.8210690734111
            ],
            [
              4.466235901755427,
              43.82108154574216
            ],
            [
              4.466215424876325,
              43.821096151929126
            ],
            [
              4.466196521095731,
              43.821112743805294
            ],
            [
              4.466179382175599,
              43.821131153060904
            ],
            [
              4.466164181974954,
              43.82115119295052
            ],
            [
              4.466151074686245,
              43.82117266018737
            ],
            [
              4.466140193271197,
              43.821195337005534
            ],
            [
              4.466131648112039,
              43.82121899336896
            ],
            [
              4.4661255258917745,
              43.82124338930498
            ],
            [
              4.465996865891775,
              43.82189310930499
            ],
            [
              4.465994417414121,
              43.82190774279191
            ],
            [
              4.465970497414121,
              43.8220824427919
            ],
            [
              4.465968403794778,
              43.8221059631393
            ],
            [
              4.465968541016382,
              43.82212957608393
            ],
            [
              4.4659709078520775,
              43.822153070510346
            ],
            [
              4.465975483140781,
              43.822176236362736
            ],
            [
              4.465982225976364,
              43.82219886652297
            ],
            [
              4.465991076073389,
              43.82222075866234
            ],
            [
              4.466001954306099,
              43.82224171705056
            ],
            [
              4.466014763415854,
              43.82226155430569
            ],
            [
              4.466029388880685,
              43.822280093069466
            ],
            [
              4.466045699939203,
              43.82229716759299
            ],
            [
              4.4665724370820605,
              43.822798776164426
            ],
            [
              4.46659089585675,
              43.82281471034936
            ],
            [
              4.4666108206678965,
              43.82282876831911
            ],
            [
              4.466632021542458,
              43.822840816038
            ],
            [
              4.466654296340769,
              43.8228507386371
            ],
            [
              4.466677432683839,
              43.822858441509425
            ],
            [
              4.466701209978285,
              43.822863851211956
            ],
            [
              4.466725401519574,
              43.82286691616591
            ],
            [
              4.466749776653537,
              43.82286760714849
            ],
            [
              4.466774102975544,
              43.82286591757153
            ],
            [
              4.466798148546359,
              43.82286186354429
            ],
            [
              4.466821684103569,
              43.822855483719884
            ],
            [
              4.466844485247484,
              43.82284683892672
            ],
            [
              4.4668663345806765,
              43.82283601158856
            ],
            [
              4.466887023780751,
              43.82282310493861
            ],
            [
              4.466906355586602,
              43.82280824203528
            ],
            [
              4.466924145679191,
              43.82279156458888
            ],
            [
              4.466940224438941,
              43.82277323161047
            ],
            [
              4.466954438562973,
              43.82275341789576
            ],
            [
              4.466966652526768,
              43.822732312358546
            ],
            [
              4.4669767498763315,
              43.8227101162295
            ],
            [
              4.466984634338517,
              43.82268704113755
            ],
            [
              4.466990230738948,
              43.822663307092064
            ],
            [
              4.4669934857187625,
              43.822639140385235
            ],
            [
              4.466994368243367,
              43.82261477143444
            ],
            [
              4.466978711100509,
              43.82137638286301
            ],
            [
              4.466977144278381,
              43.821351432735135
            ],
            [
              4.466973090809911,
              43.82132676426932
            ],
            [
              4.466966591314782,
              43.82130262466752
            ],
            [
              4.466957710924242,
              43.82127925583194
            ],
            [
              4.466946538628415,
              43.82125689194099
            ],
            [
              4.4669331863845425,
              43.82123575710255
            ],
            [
              4.466917787995057,
              43.821216063108196
            ],
            [
              4.4669004977667575,
              43.821198007310855
            ],
            [
              4.466881488964501,
              43.82118177064713
            ],
            [
              4.466860952074922,
              43.82116751582413
            ],
            [
              4.466839092897572,
              43.82115538568901
            ],
            [
              4.46681613048261,
              43.821145501797496
            ],
            [
              4.466792294935705,
              43.82113796319577
            ],
            [
              4.466738994935705,
              43.82112399819576
            ],
            [
              4.466734301564125,
              43.82112281697662
            ],
            [
              4.466429101564126,
              43.82104914197662
            ]
          ]
        ]
      },
      "properties": {
        "id": "ORI_007",
        "nb_batiments": 9,
        "type_dom": "yes",
        "surface_m2": 761,
        "veh_estimes": 11,
        "statut_ppri": "interdiction",
        "lon_c": 4.466466,
        "lat_c": 43.821795
      }
    },
    {
      "type": "Feature",
      "geometry": {
        "type": "Polygon",
        "coordinates": [
          [
            [
              4.467085051970504,
              43.82566780133973
            ],
            [
              4.4670923154430815,
              43.825644409171616
            ],
            [
              4.4670972525763375,
              43.825620418000774
            ],
            [
              4.4670998158822535,
              43.82559605858728
            ],
            [
              4.467099980705565,
              43.825571565233155
            ],
            [
              4.467097745460912,
              43.82554717352873
            ],
            [
              4.467093131648089,
              43.82552311808664
            ],
            [
              4.467086183645243,
              43.82549963028514
            ],
            [
              4.467076968282028,
              43.82547693604261
            ],
            [
              4.467065574196797,
              43.82545525364457
            ],
            [
              4.467052110984026,
              43.82543479164406
            ],
            [
              4.467036708140186,
              43.82541574685567
            ],
            [
              4.467019513818165,
              43.82539830246249
            ],
            [
              4.4670006934022615,
              43.82538262625414
            ],
            [
              4.466980427917423,
              43.82536886901287
            ],
            [
              4.466958912288051,
              43.82535716306328
            ],
            [
              4.466936353463118,
              43.82534762099952
            ],
            [
              4.4669129684256115,
              43.825340334602345
            ],
            [
              4.466888982105482,
              43.82533537395624
            ],
            [
              4.466864625216141,
              43.825332786775405
            ],
            [
              4.466840132035333,
              43.82533259794474
            ],
            [
              4.466815738151732,
              43.82533480928051
            ],
            [
              4.466791678198914,
              43.825339399512906
            ],
            [
              4.4667681835985285,
              43.82534632449058
            ],
            [
              4.46674548033436,
              43.82535551760536
            ],
            [
              4.466723786778695,
              43.82536689043287
            ],
            [
              4.466703311591892,
              43.82538033358311
            ],
            [
              4.4666842517153835,
              43.82539571775259
            ],
            [
              4.466666790477377,
              43.82541289496803
            ],
            [
              4.466651095829515,
              43.82543170000969
            ],
            [
              4.4665143259882445,
              43.82561295239065
            ],
            [
              4.466504467724565,
              43.82562699539936
            ],
            [
              4.46608210201028,
              43.826274889685074
            ],
            [
              4.466069784874158,
              43.82629596879826
            ],
            [
              4.466059584693155,
              43.826318149807314
            ],
            [
              4.46605159893861,
              43.82634122075397
            ],
            [
              4.46604590392115,
              43.82636496117585
            ],
            [
              4.466042554061473,
              43.826389144213195
            ],
            [
              4.466041581370315,
              43.82641353877667
            ],
            [
              4.466042995142562,
              43.82643791175562
            ],
            [
              4.466046781868427,
              43.82646203024567
            ],
            [
              4.466052905362547,
              43.826485663774285
            ],
            [
              4.466061307109768,
              43.82650858650315
            ],
            [
              4.466071906824303,
              43.82653057938625
            ],
            [
              4.466084603216933,
              43.82655143226301
            ],
            [
              4.466099274962909,
              43.82657094586661
            ],
            [
              4.4661157818613155,
              43.82658893372807
            ],
            [
              4.466133966174804,
              43.82660522395821
            ],
            [
              4.46615365413691,
              43.826619660890124
            ],
            [
              4.466174657612539,
              43.82663210656675
            ],
            [
              4.466196775895752,
              43.82664244205913
            ],
            [
              4.466219797627684,
              43.82665056860292
            ],
            [
              4.466243502816252,
              43.826656408542135
            ],
            [
              4.466267664938373,
              43.82665990607122
            ],
            [
              4.466292053104574,
              43.82666102776833
            ],
            [
              4.466316434265342,
              43.826659762914716
            ],
            [
              4.466340575438107,
              43.82665612359711
            ],
            [
              4.4666172554381065,
              43.82660046359711
            ],
            [
              4.466641981450764,
              43.8265941597874
            ],
            [
              4.466665935187108,
              43.8265853659126
            ],
            [
              4.466688866599281,
              43.82657417377006
            ],
            [
              4.466710536311246,
              43.82656070019213
            ],
            [
              4.466730718117583,
              43.826545085826574
            ],
            [
              4.4667492013447925,
              43.82652749366836
            ],
            [
              4.4667657930504765,
              43.8265081073582
            ],
            [
              4.466780320037419,
              43.8264871292656
            ],
            [
              4.466792630661555,
              43.826464778376305
            ],
            [
              4.466802596414949,
              43.82644128800641
            ],
            [
              4.467085051970504,
              43.82566780133973
            ]
          ]
        ]
      },
      "properties": {
        "id": "ORI_016",
        "nb_batiments": 6,
        "type_dom": "yes",
        "surface_m2": 683,
        "veh_estimes": 10,
        "statut_ppri": "interdiction",
        "lon_c": 4.466604,
        "lat_c": 43.826047
      }
    },
    {
      "type": "Feature",
      "geometry": {
        "type": "Polygon",
        "coordinates": [
          [
            [
              4.469072852138842,
              43.82808440559824
            ],
            [
              4.469049823883331,
              43.82808206034436
            ],
            [
              4.469026677404997,
              43.82808185709985
            ],
            [
              4.469003611517064,
              43.828083797610475
            ],
            [
              4.468980824340539,
              43.828087865208495
            ],
            [
              4.468479084340538,
              43.828201645208495
            ],
            [
              4.468455536542937,
              43.82820821193257
            ],
            [
              4.4684327435205615,
              43.8282170492833
            ],
            [
              4.468410923639161,
              43.828228072595536
            ],
            [
              4.468390285941426,
              43.828241176261784
            ],
            [
              4.4683710281442846,
              43.82825623474398
            ],
            [
              4.468353334744692,
              43.8282731037762
            ],
            [
              4.468337375252091,
              43.828291621746736
            ],
            [
              4.4683233025644356,
              43.828311611246455
            ],
            [
              4.4683112515033825,
              43.828332880768414
            ],
            [
              4.4683013375226395,
              43.82835522654258
            ],
            [
              4.46829365560188,
              43.828378434487995
            ],
            [
              4.468288279336804,
              43.828402282263795
            ],
            [
              4.468285260234055,
              43.8284265413993
            ],
            [
              4.468284627217776,
              43.828450979482845
            ],
            [
              4.468286386352504,
              43.828475362388374
            ],
            [
              4.468290520785064,
              43.82849945651846
            ],
            [
              4.4682969909060315,
              43.82852303104224
            ],
            [
              4.46830573472921,
              43.8285458601069
            ],
            [
              4.468316668485475,
              43.828567725001385
            ],
            [
              4.46832968742532,
              43.82858841625176
            ],
            [
              4.46834466682239,
              43.828607735628054
            ],
            [
              4.468361463168416,
              43.82862549804335
            ],
            [
              4.468379915548067,
              43.828641533327016
            ],
            [
              4.4683998471805895,
              43.828655687854976
            ],
            [
              4.468421067113428,
              43.82866782602153
            ],
            [
              4.468443372051623,
              43.828677831538464
            ],
            [
              4.469417012051623,
              43.829058511538456
            ],
            [
              4.469440487623865,
              43.82906637273358
            ],
            [
              4.469464626134647,
              43.82907187120411
            ],
            [
              4.46948919041507,
              43.82907495292574
            ],
            [
              4.4695139391129075,
              43.82907558761953
            ],
            [
              4.4695386290639725,
              43.8290737690494
            ],
            [
              4.469563017681282,
              43.82906951508342
            ],
            [
              4.4695868653385595,
              43.8290628675182
            ],
            [
              4.469609937724639,
              43.8290538916683
            ],
            [
              4.469632008145653,
              43.829042675724416
            ],
            [
              4.469652859752373,
              43.829029329886936
            ],
            [
              4.469672287670828,
              43.82901398528315
            ],
            [
              4.470087081516981,
              43.828651585283154
            ],
            [
              4.470104856956943,
              43.8286344330693
            ],
            [
              4.470120851160902,
              43.828615608878856
            ],
            [
              4.470134907682045,
              43.82859529684008
            ],
            [
              4.470146889026938,
              43.828573695634546
            ],
            [
              4.470156678000424,
              43.82855101655379
            ],
            [
              4.4701641788519595,
              43.82852748143254
            ],
            [
              4.470169318212193,
              43.82850332047886
            ],
            [
              4.470172045810631,
              43.82847877002239
            ],
            [
              4.470172334967352,
              43.82845407020267
            ],
            [
              4.47017018285398,
              43.82842946262022
            ],
            [
              4.470165610521345,
              43.82840518797336
            ],
            [
              4.470158662693579,
              43.8283814837038
            ],
            [
              4.470149407330646,
              43.82835858167413
            ],
            [
              4.470137934963595,
              43.82833670589985
            ],
            [
              4.470124357809033,
              43.828316070358184
            ],
            [
              4.470108808671483,
              43.82829687689504
            ],
            [
              4.4700914396443565,
              43.8282793132507
            ],
            [
              4.47007242062226,
              43.8282635512234
            ],
            [
              4.470051937639177,
              43.82824974498894
            ],
            [
              4.470030191048778,
              43.82823802959257
            ],
            [
              4.470007393564671,
              43.82822851962809
            ],
            [
              4.469983768179751,
              43.828221308116916
            ],
            [
              4.469959545984994,
              43.82821646559824
            ],
            [
              4.469072852138842,
              43.82808440559824
            ]
          ]
        ]
      },
      "properties": {
        "id": "ORI_008",
        "nb_batiments": 7,
        "type_dom": "yes",
        "surface_m2": 643,
        "veh_estimes": 9,
        "statut_ppri": "interdiction",
        "lon_c": 4.469153,
        "lat_c": 43.828522
      }
    },
    {
      "type": "Feature",
      "geometry": {
        "type": "Polygon",
        "coordinates": [
          [
            [
              4.474602174834016,
              43.825786871872964
            ],
            [
              4.474601944643322,
              43.825761654577455
            ],
            [
              4.474599172559303,
              43.82573658905272
            ],
            [
              4.474593886845943,
              43.82571193086513
            ],
            [
              4.474586141396017,
              43.825687931427936
            ],
            [
              4.4745760151816105,
              43.82566483543776
            ],
            [
              4.4745636114489225,
              43.82564287837977
            ],
            [
              4.474549056665574,
              43.82562228412663
            ],
            [
              4.474532499231156,
              43.825603262655974
            ],
            [
              4.474514107964151,
              43.82558600790943
            ],
            [
              4.474494070380676,
              43.82557069581522
            ],
            [
              4.4744725907825815,
              43.82555748249444
            ],
            [
              4.4744498881744015,
              43.825546502669205
            ],
            [
              4.4744261940303955,
              43.825537868289075
            ],
            [
              4.474401749934458,
              43.825531667389605
            ],
            [
              4.4743768051169415,
              43.82552796319475
            ],
            [
              4.474351613913523,
              43.825526793472235
            ],
            [
              4.474326433172013,
              43.825528170148466
            ],
            [
              4.473736482060903,
              43.82559041903735
            ],
            [
              4.473711600381588,
              43.82559432141578
            ],
            [
              4.473687238255247,
              43.82560070994637
            ],
            [
              4.473663643436531,
              43.82560951965991
            ],
            [
              4.473641055876827,
              43.82562066096458
            ],
            [
              4.4736197052840385,
              43.82563402055703
            ],
            [
              4.4735998087865285,
              43.82564946257471
            ],
            [
              4.473581568725001,
              43.825666829977465
            ],
            [
              4.4735651705947586,
              43.82568594614464
            ],
            [
              4.473550781159284,
              43.82570661667123
            ],
            [
              4.473538546754308,
              43.82572863134493
            ],
            [
              4.473528591799623,
              43.82575176628388
            ],
            [
              4.473521017533777,
              43.82577578621352
            ],
            [
              4.473515900984512,
              43.82580044685922
            ],
            [
              4.473513294185418,
              43.8258254974305
            ],
            [
              4.473513223646766,
              43.82585068317145
            ],
            [
              4.473523134757876,
              43.82605855428256
            ],
            [
              4.473525439051669,
              43.826082518703345
            ],
            [
              4.4735300400461675,
              43.82610614991329
            ],
            [
              4.473536894987421,
              43.82612922832341
            ],
            [
              4.473545940177062,
              43.82615153948155
            ],
            [
              4.473557091564219,
              43.82617287606511
            ],
            [
              4.47357024552654,
              43.82619303980754
            ],
            [
              4.473585279833086,
              43.82621184334072
            ],
            [
              4.4736020547801445,
              43.82622911193605
            ],
            [
              4.474149714780144,
              43.82674103193605
            ],
            [
              4.474168618443048,
              43.826757021979404
            ],
            [
              4.474189012474525,
              43.82677106168872
            ],
            [
              4.474210696437281,
              43.82678301307846
            ],
            [
              4.474233457216274,
              43.82679275868759
            ],
            [
              4.474257071113261,
              43.826800202733985
            ],
            [
              4.474281306045358,
              43.826805272055815
            ],
            [
              4.474305923826003,
              43.82680791683061
            ],
            [
              4.474330682505908,
              43.826808111064906
            ],
            [
              4.4743553387509944,
              43.82680585284973
            ],
            [
              4.474379650233939,
              43.82680116437933
            ],
            [
              4.474403378015818,
              43.826794091733106
            ],
            [
              4.4744262888944615,
              43.826784704422664
            ],
            [
              4.474448157696411,
              43.82677309470867
            ],
            [
              4.4744687694899845,
              43.82675937669412
            ],
            [
              4.474487921697667,
              43.82674368520284
            ],
            [
              4.4745054260871,
              43.826726174454485
            ],
            [
              4.47452111062106,
              43.82670701654875
            ],
            [
              4.474534821148293,
              43.82668639977401
            ],
            [
              4.474546422918539,
              43.82666452675674
            ],
            [
              4.474555801906898,
              43.826641612470034
            ],
            [
              4.474562865934484,
              43.826617882120864
            ],
            [
              4.474567545574387,
              43.82659356893662
            ],
            [
              4.474569794834015,
              43.826568911872954
            ],
            [
              4.474602174834016,
              43.825786871872964
            ]
          ]
        ]
      },
      "properties": {
        "id": "ORI_010",
        "nb_batiments": 6,
        "type_dom": "yes",
        "surface_m2": 519,
        "veh_estimes": 7,
        "statut_ppri": "interdiction",
        "lon_c": 4.474097,
        "lat_c": 43.825997
      }
    },
    {
      "type": "Feature",
      "geometry": {
        "type": "Polygon",
        "coordinates": [
          [
            [
              4.494495942078498,
              43.840153491028964
            ],
            [
              4.494470198880279,
              43.84015393626457
            ],
            [
              4.49444463824194,
              43.840157028877854
            ],
            [
              4.494419531687916,
              43.84016273601675
            ],
            [
              4.494395145919018,
              43.8401709970557
            ],
            [
              4.494371739979331,
              43.8401817242397
            ],
            [
              4.4943495625044525,
              43.84019480361649
            ],
            [
              4.494328849080298,
              43.84021009624704
            ],
            [
              4.494103264464914,
              43.840395342400896
            ],
            [
              4.494085300092122,
              43.84041161613485
            ],
            [
              4.4940689975009285,
              43.84042955432392
            ],
            [
              4.4940545101834575,
              43.840448988076496
            ],
            [
              4.494041974540673,
              43.84046973441995
            ],
            [
              4.494031508598135,
              43.84049159802334
            ],
            [
              4.494023210894766,
              43.84051437303653
            ],
            [
              4.494017159555086,
              43.84053784502823
            ],
            [
              4.4940134115536585,
              43.840561793005016
            ],
            [
              4.494012002178659,
              43.84058599149192
            ],
            [
              4.49401294469963,
              43.84061021265541
            ],
            [
              4.494016230242553,
              43.84063422844844
            ],
            [
              4.494021827873389,
              43.840657812757534
            ],
            [
              4.494029684889336,
              43.84068074353177
            ],
            [
              4.49403972731503,
              43.84070280487336
            ],
            [
              4.494051860599046,
              43.84072378907041
            ],
            [
              4.49406597050411,
              43.840743498552534
            ],
            [
              4.494081924182671,
              43.84076174775107
            ],
            [
              4.494099571427686,
              43.84077836484618
            ],
            [
              4.494118746086846,
              43.840793193384634
            ],
            [
              4.494139267626937,
              43.8408060937528
            ],
            [
              4.494160942833594,
              43.840816944491166
            ],
            [
              4.4941835676304525,
              43.840825643437874
            ],
            [
              4.494206929000568,
              43.84083210869061
            ],
            [
              4.494650667462107,
              43.84093201638291
            ],
            [
              4.494675132876862,
              43.84093625981041
            ],
            [
              4.494699898700862,
              43.84093805345414
            ],
            [
              4.494724720246079,
              43.84093737959276
            ],
            [
              4.4947493522739626,
              43.840934244884075
            ],
            [
              4.4947735514184,
              43.840928680299214
            ],
            [
              4.494797078590201,
              43.840920740816664
            ],
            [
              4.494819701339309,
              43.84091050487904
            ],
            [
              4.494841196151424,
              43.84089807361811
            ],
            [
              4.4948613506563415,
              43.84088356985558
            ],
            [
              4.4948799657261835,
              43.8408671368896
            ],
            [
              4.494896857442795,
              43.84084893707899
            ],
            [
              4.494911858914866,
              43.840829150239124
            ],
            [
              4.494924821926834,
              43.840807971865324
            ],
            [
              4.49493561840326,
              43.84078561120136
            ],
            [
              4.494944141674223,
              43.84076228917211
            ],
            [
              4.4949503075292245,
              43.840738236200814
            ],
            [
              4.494954055049201,
              43.84071368993246
            ],
            [
              4.494982316587662,
              43.840436982240156
            ],
            [
              4.4949836057758334,
              43.84041295159862
            ],
            [
              4.49498257669581,
              43.84038890841387
            ],
            [
              4.494979238897742,
              43.84036507581345
            ],
            [
              4.4949736233573425,
              43.84034167497063
            ],
            [
              4.494965782188411,
              43.840318923051846
            ],
            [
              4.494955788159212,
              43.84029703120133
            ],
            [
              4.494943734017161,
              43.84027620258164
            ],
            [
              4.494929731628101,
              43.840256630488255
            ],
            [
              4.494913910938163,
              43.84023849655574
            ],
            [
              4.4948964187678175,
              43.840221969072104
            ],
            [
              4.4948774174493495,
              43.84020720141707
            ],
            [
              4.494857083320365,
              43.84019433063865
            ],
            [
              4.494835605087328,
              43.84018347618131
            ],
            [
              4.494813182074309,
              43.84017473877747
            ],
            [
              4.494790022373207,
              43.84016819951271
            ],
            [
              4.494766340912593,
              43.84016391907326
            ],
            [
              4.494742357463114,
              43.84016193718281
            ],
            [
              4.494495942078498,
              43.840153491028964
            ]
          ]
        ]
      },
      "properties": {
        "id": "ORI_030",
        "nb_batiments": 4,
        "type_dom": "yes",
        "surface_m2": 462,
        "veh_estimes": 7,
        "statut_ppri": "interdiction",
        "lon_c": 4.494547,
        "lat_c": 43.840523
      }
    },
    {
      "type": "Feature",
      "geometry": {
        "type": "Polygon",
        "coordinates": [
          [
            [
              4.475653790126756,
              43.822148527942126
            ],
            [
              4.4756385863561405,
              43.82212891578954
            ],
            [
              4.475621511261052,
              43.82211090933798
            ],
            [
              4.475602733435685,
              43.82209468637757
            ],
            [
              4.475582438286466,
              43.822080407088784
            ],
            [
              4.475560826201405,
              43.82206821246089
            ],
            [
              4.475538110571528,
              43.82205822289988
            ],
            [
              4.475514515683921,
              43.82205053703956
            ],
            [
              4.475490274507187,
              43.82204523076774
            ],
            [
              4.475465626391189,
              43.822042356476906
            ],
            [
              4.4754408147037825,
              43.82204194254691
            ],
            [
              4.475416084427874,
              43.82204399306477
            ],
            [
              4.475391679742539,
              43.82204848778431
            ],
            [
              4.475367841612073,
              43.822055382326056
            ],
            [
              4.4753448054067855,
              43.82206460861545
            ],
            [
              4.475322798579024,
              43.82207607555497
            ],
            [
              4.475302038417381,
              43.822089669923606
            ],
            [
              4.475282729901257,
              43.822105257494776
            ],
            [
              4.475265063676951,
              43.822122684361645
            ],
            [
              4.475249214175284,
              43.822141778456725
            ],
            [
              4.475235337889322,
              43.822162351250846
            ],
            [
              4.47522357182921,
              43.82218419961462
            ],
            [
              4.47510359182921,
              43.82243623961461
            ],
            [
              4.475094125168465,
              43.822458944897114
            ],
            [
              4.475086938281028,
              43.82248247139639
            ],
            [
              4.475082100901468,
              43.822506590834166
            ],
            [
              4.475079659967014,
              43.822531069178844
            ],
            [
              4.475079639162122,
              43.82255566891637
            ],
            [
              4.4750820386886625,
              43.822580151354806
            ],
            [
              4.475086835263961,
              43.82260427894036
            ],
            [
              4.475093982346715,
              43.8226278175624
            ],
            [
              4.475103410588579,
              43.822650538825016
            ],
            [
              4.4751150285070596,
              43.82267222226315
            ],
            [
              4.475128723373167,
              43.82269265748181
            ],
            [
              4.475144362305233,
              43.82271164619749
            ],
            [
              4.475161793558263,
              43.82272900416215
            ],
            [
              4.475180847996318,
              43.82274456295097
            ],
            [
              4.475201340733656,
              43.822758171596604
            ],
            [
              4.475223072928669,
              43.82276969805396
            ],
            [
              4.475245833713264,
              43.822779030481506
            ],
            [
              4.475269402238909,
              43.822786078326445
            ],
            [
              4.47529354981954,
              43.82279077320333
            ],
            [
              4.475318042150506,
              43.82279306955765
            ],
            [
              4.475342641582036,
              43.82279294510781
            ],
            [
              4.475367109425155,
              43.82279040106134
            ],
            [
              4.475391208267697,
              43.822785462103205
            ],
            [
              4.475414704277919,
              43.822778176156255
            ],
            [
              4.475437369473375,
              43.82276861391623
            ],
            [
              4.4754589839330405,
              43.82275686816582
            ],
            [
              4.475479337931207,
              43.822743052874365
            ],
            [
              4.47549823397246,
              43.82272730209203
            ],
            [
              4.4756784001263075,
              43.82256142209203
            ],
            [
              4.4756951915425,
              43.822544406886294
            ],
            [
              4.475710279137452,
              43.822525864142094
            ],
            [
              4.475723524663237,
              43.82250596376696
            ],
            [
              4.4757348067508405,
              43.822484888108406
            ],
            [
              4.475744022022274,
              43.82246283028312
            ],
            [
              4.475751086037826,
              43.82243999240738
            ],
            [
              4.475755934069781,
              43.822416583745095
            ],
            [
              4.4757585216955285,
              43.82239281879029
            ],
            [
              4.475758825204603,
              43.82236891530171
            ],
            [
              4.475756841815946,
              43.82234509230749
            ],
            [
              4.475752589703386,
              43.822321568098204
            ],
            [
              4.475746107829112,
              43.822298558226635
            ],
            [
              4.475737455586667,
              43.82227627353268
            ],
            [
              4.475726712256717,
              43.822254918211435
            ],
            [
              4.475713976280604,
              43.82223468794212
            ],
            [
              4.475653790126756,
              43.822148527942126
            ]
          ]
        ]
      },
      "properties": {
        "id": "ORI_009",
        "nb_batiments": 3,
        "type_dom": "yes",
        "surface_m2": 405,
        "veh_estimes": 6,
        "statut_ppri": "interdiction",
        "lon_c": 4.475429,
        "lat_c": 43.822404
      }
    },
    {
      "type": "Feature",
      "geometry": {
        "type": "Polygon",
        "coordinates": [
          [
            [
              4.471229899996682,
              43.82736739114789
            ],
            [
              4.471208634925414,
              43.827354169338626
            ],
            [
              4.471186152788824,
              43.82734314332256
            ],
            [
              4.471162679575762,
              43.827334423932406
            ],
            [
              4.47113845123731,
              43.82732809881486
            ],
            [
              4.471113711315013,
              43.82732423154957
            ],
            [
              4.471088708492824,
              43.82732286101
            ],
            [
              4.471063694097348,
              43.82732400097272
            ],
            [
              4.4710389195715186,
              43.82732763997892
            ],
            [
              4.4710146339471235,
              43.82733374144954
            ],
            [
              4.470991081341542,
              43.82734224405305
            ],
            [
              4.470968498503903,
              43.827353062321876
            ],
            [
              4.470947112435296,
              43.827366087511535
            ],
            [
              4.4709271381069735,
              43.82738118869374
            ],
            [
              4.470908776299472,
              43.82739821407249
            ],
            [
              4.4708922115843865,
              43.82741699250986
            ],
            [
              4.47082103444153,
              43.82750633822415
            ],
            [
              4.4708070401694195,
              43.82752574377605
            ],
            [
              4.470794966914858,
              43.827546399323026
            ],
            [
              4.470784925468677,
              43.82756811531841
            ],
            [
              4.4707770079767135,
              43.82759069248425
            ],
            [
              4.470771287094234,
              43.82761392364006
            ],
            [
              4.470767815319205,
              43.82763759560395
            ],
            [
              4.470766624510548,
              43.827661491148966
            ],
            [
              4.470767725595777,
              43.827685390996415
            ],
            [
              4.4707711084707284,
              43.82770907582813
            ],
            [
              4.470776742092278,
              43.82773232829907
            ],
            [
              4.470784574763215,
              43.827754935031756
            ],
            [
              4.470913123334643,
              43.82807543217462
            ],
            [
              4.470923615467607,
              43.82809820918133
            ],
            [
              4.470936338814169,
              43.82811981921004
            ],
            [
              4.470951165101292,
              43.8281400443948
            ],
            [
              4.470967944854713,
              43.82815868083125
            ],
            [
              4.470986508905894,
              43.82817554063232
            ],
            [
              4.471006670097532,
              43.82819045382247
            ],
            [
              4.471028225170427,
              43.82820327005128
            ],
            [
              4.4710509568126735,
              43.82821386010932
            ],
            [
              4.471074635850544,
              43.82822211723074
            ],
            [
              4.471099023558945,
              43.82822795816966
            ],
            [
              4.471123874068176,
              43.828231324039464
            ],
            [
              4.471148936842713,
              43.82823218090643
            ],
            [
              4.471173959207039,
              43.828230520131896
            ],
            [
              4.471198688893039,
              43.82822635845928
            ],
            [
              4.471222876583292,
              43.82821973784536
            ],
            [
              4.4712462784246245,
              43.82821072503721
            ],
            [
              4.471268658486556,
              43.8281994108993
            ],
            [
              4.471289791139887,
              43.828185909497456
            ],
            [
              4.471309463331423,
              43.82817035694884
            ],
            [
              4.471327476731919,
              43.82815291004965
            ],
            [
              4.47149976816049,
              43.82796839290679
            ],
            [
              4.471515641451721,
              43.82794962042665
            ],
            [
              4.47152959227979,
              43.82792937834718
            ],
            [
              4.471541485478095,
              43.827907862789566
            ],
            [
              4.471551205815974,
              43.82788528221347
            ],
            [
              4.471558659115144,
              43.82786185539729
            ],
            [
              4.471563773162177,
              43.82783780931844
            ],
            [
              4.471566498408162,
              43.82781337695425
            ],
            [
              4.47156680844877,
              43.827788795024716
            ],
            [
              4.471564700280085,
              43.82776430169889
            ],
            [
              4.471560194327704,
              43.827740134287396
            ],
            [
              4.4715533342488385,
              43.827716526943135
            ],
            [
              4.471544186509332,
              43.82769370839263
            ],
            [
              4.471532839739683,
              43.82767189971996
            ],
            [
              4.471467919739684,
              43.827560839719965
            ],
            [
              4.471452951322732,
              43.82753816190756
            ],
            [
              4.471435607898984,
              43.82751724439495
            ],
            [
              4.471416094753652,
              43.82749833477198
            ],
            [
              4.471394642853825,
              43.82748165686218
            ],
            [
              4.471229899996682,
              43.82736739114789
            ]
          ]
        ]
      },
      "properties": {
        "id": "ORI_019",
        "nb_batiments": 5,
        "type_dom": "yes",
        "surface_m2": 411,
        "veh_estimes": 6,
        "statut_ppri": "interdiction",
        "lon_c": 4.471164,
        "lat_c": 43.82774
      }
    },
    {
      "type": "Feature",
      "geometry": {
        "type": "Polygon",
        "coordinates": [
          [
            [
              4.492634639821773,
              43.830931645013465
            ],
            [
              4.492611058491113,
              43.83092361591472
            ],
            [
              4.492586794660997,
              43.8309179756904
            ],
            [
              4.492562089682161,
              43.83091478044345
            ],
            [
              4.492537189293424,
              43.83091406195678
            ],
            [
              4.492512341177332,
              43.83091582737714
            ],
            [
              4.49248779249648,
              43.830920059144
            ],
            [
              4.492463787434998,
              43.830926715164246
            ],
            [
              4.49244056476967,
              43.830935729230895
            ],
            [
              4.49241835549484,
              43.830947011681594
            ],
            [
              4.492397380524717,
              43.83096045029055
            ],
            [
              4.492377848495964,
              43.83097591138479
            ],
            [
              4.492359953692403,
              43.83099324117382
            ],
            [
              4.4923438741124775,
              43.831012267279355
            ],
            [
              4.492329769698724,
              43.83103280044996
            ],
            [
              4.492317780746829,
              43.83105463644352
            ],
            [
              4.492308026510115,
              43.83107755805883
            ],
            [
              4.492300604013343,
              43.831101337296076
            ],
            [
              4.492295587087603,
              43.83112573762473
            ],
            [
              4.49229302563593,
              43.831150516336315
            ],
            [
              4.492292945136916,
              43.831175426958595
            ],
            [
              4.4922953463912805,
              43.83120022170723
            ],
            [
              4.492300205513902,
              43.831224653950464
            ],
            [
              4.492307474171405,
              43.831248480662374
            ],
            [
              4.492317080062925,
              43.831271464840206
            ],
            [
              4.492328927639285,
              43.831293377861826
            ],
            [
              4.492342899053413,
              43.83131400175985
            ],
            [
              4.4923588553325615,
              43.8313331313897
            ],
            [
              4.492376637760661,
              43.831350576470186
            ],
            [
              4.492396069457057,
              43.83136616347623
            ],
            [
              4.49278648215547,
              43.8316485285556
            ],
            [
              4.492806342097122,
              43.831661501978324
            ],
            [
              4.492827343222327,
              43.831672532831405
            ],
            [
              4.492849296097973,
              43.831681521614996
            ],
            [
              4.492872002706027,
              43.83168838724901
            ],
            [
              4.492895258229681,
              43.831693067804444
            ],
            [
              4.492918852900834,
              43.83169552106204
            ],
            [
              4.492942573892225,
              43.831695724893066
            ],
            [
              4.4932344945271465,
              43.83168435981371
            ],
            [
              4.493258696534132,
              43.83168223509903
            ],
            [
              4.493282577624173,
              43.831677769106086
            ],
            [
              4.493305911850116,
              43.831671004089145
            ],
            [
              4.493328478438875,
              43.831662004054344
            ],
            [
              4.493350063880243,
              43.8316508541541
            ],
            [
              4.493370463946982,
              43.831637659881416
            ],
            [
              4.49338948562709,
              43.83162254607183
            ],
            [
              4.493406948949953,
              43.831605655722235
            ],
            [
              4.493422688689103,
              43.83158714863802
            ],
            [
              4.4934365559254905,
              43.83156719992103
            ],
            [
              4.4934484194564535,
              43.8315459983129
            ],
            [
              4.493458167037072,
              43.83152374440927
            ],
            [
              4.493465706442153,
              43.83150064876194
            ],
            [
              4.493470966338811,
              43.83147692988672
            ],
            [
              4.493473896961365,
              43.83145281219599
            ],
            [
              4.493474470582194,
              43.83142852387547
            ],
            [
              4.493472681774074,
              43.83140429472526
            ],
            [
              4.493468547461531,
              43.83138035398562
            ],
            [
              4.49346210676071,
              43.83135692816808
            ],
            [
              4.4934534206092795,
              43.8313342389123
            ],
            [
              4.493442571189889,
              43.83131250088908
            ],
            [
              4.493429661152602,
              43.83129191976929
            ],
            [
              4.493414812643692,
              43.831272690277935
            ],
            [
              4.493398166149977,
              43.83125499435181
            ],
            [
              4.4933798791696224,
              43.831238999418105
            ],
            [
              4.493360124721997,
              43.83122485681037
            ],
            [
              4.493339089710683,
              43.83121270033664
            ],
            [
              4.493316973155108,
              43.83120264501347
            ],
            [
              4.492634639821773,
              43.830931645013465
            ]
          ]
        ]
      },
      "properties": {
        "id": "ORI_039",
        "nb_batiments": 4,
        "type_dom": "yes",
        "surface_m2": 449,
        "veh_estimes": 6,
        "statut_ppri": "interdiction",
        "lon_c": 4.492974,
        "lat_c": 43.831368
      }
    },
    {
      "type": "Feature",
      "geometry": {
        "type": "Polygon",
        "coordinates": [
          [
            [
              4.478620181371121,
              43.821563901697935
            ],
            [
              4.478643475913881,
              43.82155628779485
            ],
            [
              4.4786659119940415,
              43.82154642729032
            ],
            [
              4.478687273539888,
              43.82153441514641
            ],
            [
              4.478707354828058,
              43.8215203670466
            ],
            [
              4.4787259624647655,
              43.821504418281805
            ],
            [
              4.4787429172483,
              43.821486722447325
            ],
            [
              4.478758055894826,
              43.821467449963734
            ],
            [
              4.478771232610901,
              43.82144678643557
            ],
            [
              4.478782320497548,
              43.82142493086393
            ],
            [
              4.478791212772357,
              43.82140209372988
            ],
            [
              4.47879782379786,
              43.82137849496753
            ],
            [
              4.478802089906268,
              43.82135436184586
            ],
            [
              4.478803970012624,
              43.821329926780024
            ],
            [
              4.4788034460104775,
              43.82130542509306
            ],
            [
              4.478800522946254,
              43.8212810927496
            ],
            [
              4.478795228970661,
              43.82125716408343
            ],
            [
              4.478787615067576,
              43.82123386954066
            ],
            [
              4.47877775456305,
              43.821211433460505
            ],
            [
              4.478765742419131,
              43.82119007191466
            ],
            [
              4.478751694319331,
              43.82116999062649
            ],
            [
              4.4787357455545305,
              43.82115138298978
            ],
            [
              4.478718049720054,
              43.82113442820625
            ],
            [
              4.478698777236459,
              43.82111928955972
            ],
            [
              4.4786781137083,
              43.821106112843644
            ],
            [
              4.478656258136649,
              43.821095024956996
            ],
            [
              4.478633421002607,
              43.82108613268219
            ],
            [
              4.4786098222402595,
              43.821079521656685
            ],
            [
              4.478585689118589,
              43.82107525554828
            ],
            [
              4.478561254052749,
              43.82107337544192
            ],
            [
              4.478536752365781,
              43.821073899444066
            ],
            [
              4.478512420022325,
              43.82107682250829
            ],
            [
              4.47848849135615,
              43.821082116483886
            ],
            [
              4.477792754992515,
              43.82127228739298
            ],
            [
              4.477769460449755,
              43.821279901296066
            ],
            [
              4.477747024369594,
              43.82128976180059
            ],
            [
              4.477725662823747,
              43.821301773944505
            ],
            [
              4.477705581535578,
              43.82131582204431
            ],
            [
              4.47768697389887,
              43.82133177080911
            ],
            [
              4.477670019115336,
              43.82134946664359
            ],
            [
              4.47765488046881,
              43.82136873912718
            ],
            [
              4.4776417037527345,
              43.82138940265534
            ],
            [
              4.4776306158660875,
              43.82141125822699
            ],
            [
              4.4776217235912785,
              43.821434095361035
            ],
            [
              4.4776151125657755,
              43.82145769412338
            ],
            [
              4.477610846457368,
              43.82148182724505
            ],
            [
              4.477608966351012,
              43.82150626231089
            ],
            [
              4.477609490353158,
              43.821530763997856
            ],
            [
              4.477612413417382,
              43.821555096341314
            ],
            [
              4.477617707392975,
              43.82157902500749
            ],
            [
              4.47762532129606,
              43.82160231955025
            ],
            [
              4.4776351818005855,
              43.82162475563041
            ],
            [
              4.477647193944505,
              43.82164611717626
            ],
            [
              4.477661242044305,
              43.82166619846443
            ],
            [
              4.477677190809105,
              43.82168480610113
            ],
            [
              4.477694886643582,
              43.821701760884665
            ],
            [
              4.477714159127177,
              43.8217168995312
            ],
            [
              4.477734822655336,
              43.82173007624727
            ],
            [
              4.477756678226987,
              43.82174116413392
            ],
            [
              4.4777795153610285,
              43.821750056408725
            ],
            [
              4.477803114123376,
              43.82175666743423
            ],
            [
              4.477827247245047,
              43.821760933542635
            ],
            [
              4.477851682310887,
              43.821762813648995
            ],
            [
              4.4778761839978545,
              43.82176228964685
            ],
            [
              4.477900516341311,
              43.821759366582626
            ],
            [
              4.477924445007486,
              43.82175407260703
            ],
            [
              4.478620181371121,
              43.821563901697935
            ]
          ]
        ]
      },
      "properties": {
        "id": "ORI_003",
        "nb_batiments": 2,
        "type_dom": "yes",
        "surface_m2": 251,
        "veh_estimes": 4,
        "statut_ppri": "interdiction",
        "lon_c": 4.478206,
        "lat_c": 43.821418
      }
    },
    {
      "type": "Feature",
      "geometry": {
        "type": "Polygon",
        "coordinates": [
          [
            [
              4.461436313771924,
              43.82208056176517
            ],
            [
              4.461440581880248,
              43.822056428686736
            ],
            [
              4.461442463981129,
              43.82203199346791
            ],
            [
              4.461441941948906,
              43.82200749143319
            ],
            [
              4.461439020811036,
              43.821983158550566
            ],
            [
              4.461433728699673,
              43.82195922915901
            ],
            [
              4.461426116580742,
              43.821935933711636
            ],
            [
              4.46141625776311,
              43.821913496556334
            ],
            [
              4.46140424719258,
              43.82189213377518
            ],
            [
              4.461390200537512,
              43.82187205110343
            ],
            [
              4.461374253074872,
              43.82185344194821
            ],
            [
              4.461356558387445,
              43.82183648552583
            ],
            [
              4.461337286884742,
              43.821821345135916
            ],
            [
              4.46131662416187,
              43.82180816658871
            ],
            [
              4.461294769212144,
              43.82179707680081
            ],
            [
              4.461271932510679,
              43.82178818257295
            ],
            [
              4.461248333987394,
              43.8217815695614
            ],
            [
              4.461224200908966,
              43.82177730145308
            ],
            [
              4.461199765690136,
              43.8217754193522
            ],
            [
              4.461175263655416,
              43.82177594138442
            ],
            [
              4.461150930772797,
              43.821778862522294
            ],
            [
              4.461127001381238,
              43.821784154633654
            ],
            [
              4.461103705933862,
              43.82179176675258
            ],
            [
              4.461081268778563,
              43.82180162557022
            ],
            [
              4.46105990599741,
              43.821813636140746
            ],
            [
              4.461039823325665,
              43.82182768279581
            ],
            [
              4.461021214170434,
              43.821843630258456
            ],
            [
              4.461004257748056,
              43.821861324945885
            ],
            [
              4.460989117358146,
              43.82188059644859
            ],
            [
              4.460975938810937,
              43.821901259171455
            ],
            [
              4.460964849023043,
              43.821923114121184
            ],
            [
              4.460955954795182,
              43.821945950822645
            ],
            [
              4.460949341783631,
              43.82196954934593
            ],
            [
              4.460886614005854,
              43.82224471379038
            ],
            [
              4.46088234589753,
              43.822268846868816
            ],
            [
              4.460880463796649,
              43.82229328208764
            ],
            [
              4.460880985828871,
              43.82231778412236
            ],
            [
              4.460883906966742,
              43.822342117004986
            ],
            [
              4.460889199078105,
              43.82236604639654
            ],
            [
              4.460896811197036,
              43.822389341843916
            ],
            [
              4.460906670014667,
              43.82241177899922
            ],
            [
              4.4609186805851975,
              43.82243314178037
            ],
            [
              4.460932727240266,
              43.82245322445212
            ],
            [
              4.460948674702905,
              43.822471833607345
            ],
            [
              4.4609663693903325,
              43.82248879002972
            ],
            [
              4.4609856408930355,
              43.822503930419636
            ],
            [
              4.461006303615908,
              43.82251710896684
            ],
            [
              4.461028158565633,
              43.82252819875474
            ],
            [
              4.461050995267098,
              43.8225370929826
            ],
            [
              4.461074593790384,
              43.82254370599415
            ],
            [
              4.461098726868811,
              43.82254797410247
            ],
            [
              4.461123162087642,
              43.82254985620335
            ],
            [
              4.461147664122362,
              43.82254933417113
            ],
            [
              4.461171997004981,
              43.82254641303326
            ],
            [
              4.46119592639654,
              43.8225411209219
            ],
            [
              4.4612192218439155,
              43.82253350880297
            ],
            [
              4.4612416589992145,
              43.822523649985335
            ],
            [
              4.4612630217803675,
              43.822511639414806
            ],
            [
              4.461283104452113,
              43.82249759275974
            ],
            [
              4.461301713607344,
              43.822481645297096
            ],
            [
              4.461318670029722,
              43.82246395060967
            ],
            [
              4.461333810419632,
              43.822444679106965
            ],
            [
              4.461346988966841,
              43.8224240163841
            ],
            [
              4.461358078754735,
              43.82240216143437
            ],
            [
              4.461366972982596,
              43.82237932473291
            ],
            [
              4.461373585994147,
              43.82235572620962
            ],
            [
              4.461436313771924,
              43.82208056176517
            ]
          ]
        ]
      },
      "properties": {
        "id": "ORI_011",
        "nb_batiments": 2,
        "type_dom": "yes",
        "surface_m2": 266,
        "veh_estimes": 4,
        "statut_ppri": "interdiction",
        "lon_c": 4.461161,
        "lat_c": 43.822163
      }
    },
    {
      "type": "Feature",
      "geometry": {
        "type": "Polygon",
        "coordinates": [
          [
            [
              4.468128627056681,
              43.82747584
            ],
            [
              4.468125620462342,
              43.827414639366246
            ],
            [
              4.468116629634467,
              43.82735402812805
            ],
            [
              4.468101741159648,
              43.82729459000477
            ],
            [
              4.468081098422033,
              43.827236897418025
            ],
            [
              4.468054900222471,
              43.82718150597896
            ],
            [
              4.468023398863946,
              43.827128949137425
            ],
            [
              4.46798689772176,
              43.82707973304452
            ],
            [
              4.467945748321865,
              43.827034331678135
            ],
            [
              4.467900346955478,
              43.82699318227824
            ],
            [
              4.4678511308625755,
              43.82695668113605
            ],
            [
              4.467798574021036,
              43.826925179777525
            ],
            [
              4.467743182581976,
              43.82689898157796
            ],
            [
              4.4676854899952305,
              43.82687833884035
            ],
            [
              4.467626051871951,
              43.82686345036553
            ],
            [
              4.467565440633755,
              43.82685445953766
            ],
            [
              4.46750424,
              43.826851452943316
            ],
            [
              4.467443039366246,
              43.82685445953766
            ],
            [
              4.467382428128049,
              43.82686345036553
            ],
            [
              4.46732299000477,
              43.82687833884035
            ],
            [
              4.467265297418025,
              43.82689898157796
            ],
            [
              4.467209905978964,
              43.826925179777525
            ],
            [
              4.467157349137425,
              43.82695668113605
            ],
            [
              4.467108133044523,
              43.82699318227824
            ],
            [
              4.467062731678135,
              43.827034331678135
            ],
            [
              4.467021582278241,
              43.82707973304452
            ],
            [
              4.4669850811360545,
              43.827128949137425
            ],
            [
              4.466953579777529,
              43.82718150597896
            ],
            [
              4.4669273815779675,
              43.827236897418025
            ],
            [
              4.466906738840352,
              43.82729459000477
            ],
            [
              4.466891850365533,
              43.82735402812805
            ],
            [
              4.466882859537659,
              43.827414639366246
            ],
            [
              4.466879852943319,
              43.82747584
            ],
            [
              4.466882859537659,
              43.82753704063375
            ],
            [
              4.466891850365533,
              43.82759765187195
            ],
            [
              4.466906738840352,
              43.82765708999523
            ],
            [
              4.4669273815779675,
              43.82771478258197
            ],
            [
              4.466953579777529,
              43.82777017402103
            ],
            [
              4.4669850811360545,
              43.82782273086257
            ],
            [
              4.467021582278241,
              43.827871946955476
            ],
            [
              4.467062731678135,
              43.82791734832186
            ],
            [
              4.467108133044523,
              43.82795849772176
            ],
            [
              4.467157349137425,
              43.82799499886394
            ],
            [
              4.467209905978964,
              43.82802650022247
            ],
            [
              4.467265297418025,
              43.828052698422034
            ],
            [
              4.46732299000477,
              43.828073341159644
            ],
            [
              4.467382428128049,
              43.82808822963447
            ],
            [
              4.467443039366246,
              43.82809722046234
            ],
            [
              4.46750424,
              43.82810022705668
            ],
            [
              4.467565440633755,
              43.82809722046234
            ],
            [
              4.467626051871951,
              43.82808822963447
            ],
            [
              4.4676854899952305,
              43.828073341159644
            ],
            [
              4.467743182581976,
              43.828052698422034
            ],
            [
              4.467798574021036,
              43.82802650022247
            ],
            [
              4.4678511308625755,
              43.82799499886394
            ],
            [
              4.467900346955478,
              43.82795849772176
            ],
            [
              4.467945748321865,
              43.82791734832186
            ],
            [
              4.46798689772176,
              43.827871946955476
            ],
            [
              4.468023398863946,
              43.82782273086257
            ],
            [
              4.468054900222471,
              43.82777017402103
            ],
            [
              4.468081098422033,
              43.82771478258197
            ],
            [
              4.468101741159648,
              43.82765708999523
            ],
            [
              4.468116629634467,
              43.82759765187195
            ],
            [
              4.468125620462342,
              43.82753704063375
            ],
            [
              4.468128627056681,
              43.82747584
            ]
          ]
        ]
      },
      "properties": {
        "id": "ORI_012",
        "nb_batiments": 1,
        "type_dom": "yes",
        "surface_m2": 307,
        "veh_estimes": 4,
        "statut_ppri": "interdiction",
        "lon_c": 4.467504,
        "lat_c": 43.827476
      }
    },
    {
      "type": "Feature",
      "geometry": {
        "type": "Polygon",
        "coordinates": [
          [
            [
              4.4812413508391815,
              43.83244019900923
            ],
            [
              4.481219474537348,
              43.83242880859504
            ],
            [
              4.481196581526288,
              43.83241963122277
            ],
            [
              4.4811728950199905,
              43.83241275637465
            ],
            [
              4.481148645969272,
              43.832408251082605
            ],
            [
              4.4811240708099325,
              43.83240615927462
            ],
            [
              4.481099409157433,
              43.83240650134648
            ],
            [
              4.481074901470568,
              43.83240927396289
            ],
            [
              4.48105078670692,
              43.832414450089956
            ],
            [
              4.48102729999295,
              43.83242197925884
            ],
            [
              4.481004670331434,
              43.83243178805779
            ],
            [
              4.480983118368625,
              43.83244378084797
            ],
            [
              4.480962854242875,
              43.83245784069594
            ],
            [
              4.480944075535723,
              43.832473830513784
            ],
            [
              4.4809269653454145,
              43.83249159439582
            ],
            [
              4.480911690501636,
              43.832510959138645
            ],
            [
              4.480898399938875,
              43.83253173592999
            ],
            [
              4.480887223244258,
              43.832553722189665
            ],
            [
              4.480878269394039,
              43.832576703544795
            ],
            [
              4.480871625691049,
              43.832600455919994
            ],
            [
              4.480867356913461,
              43.83262474772222
            ],
            [
              4.480865504683188,
              43.83264934209882
            ],
            [
              4.480866087060051,
              43.83267399924696
            ],
            [
              4.4808690983656945,
              43.83269847875176
            ],
            [
              4.480874509238951,
              43.83272254193043
            ],
            [
              4.4808822669221176,
              43.832745954159485
            ],
            [
              4.480892295775369,
              43.83276848716238
            ],
            [
              4.480904498014262,
              43.83278992123533
            ],
            [
              4.480918754663163,
              43.832810047389444
            ],
            [
              4.480934926715305,
              43.83282866938844
            ],
            [
              4.480952856488139,
              43.83284560566204
            ],
            [
              4.48181211648814,
              43.83358046566204
            ],
            [
              4.481831501902072,
              43.833595462313355
            ],
            [
              4.4818522637409215,
              43.83360848690055
            ],
            [
              4.4818742021061695,
              43.833619414020674
            ],
            [
              4.481897105771497,
              43.83362813846556
            ],
            [
              4.481920754216513,
              43.833634576234765
            ],
            [
              4.481944919749961,
              43.833638665344345
            ],
            [
              4.481969369701969,
              43.833640366423666
            ],
            [
              4.481993868664232,
              43.83363966309444
            ],
            [
              4.482018180756571,
              43.83363656212844
            ],
            [
              4.482042071898018,
              43.833631093382294
            ],
            [
              4.482065312060594,
              43.83362330951003
            ],
            [
              4.482087677484054,
              43.83361328545609
            ],
            [
              4.482108952830291,
              43.833601117733764
            ],
            [
              4.48212893325665,
              43.83358692349597
            ],
            [
              4.48214742638818,
              43.833570839407244
            ],
            [
              4.482164254169861,
              43.833553020327926
            ],
            [
              4.482179254580944,
              43.83353363782315
            ],
            [
              4.482192283194918,
              43.83351287851098
            ],
            [
              4.482203214570066,
              43.8334909422656
            ],
            [
              4.482211943457247,
              43.83346804029292
            ],
            [
              4.4822183858132485,
              43.83344439309703
            ],
            [
              4.482222479609969,
              43.83342022835718
            ],
            [
              4.482224185431636,
              43.83339577873558
            ],
            [
              4.482223486854309,
              43.833371279637355
            ],
            [
              4.4822203906040095,
              43.833346966944
            ],
            [
              4.4821832931040095,
              43.83313806444399
            ],
            [
              4.482178418935401,
              43.833116308204104
            ],
            [
              4.482171624128162,
              43.83309507327797
            ],
            [
              4.4821629628205235,
              43.83307452885674
            ],
            [
              4.482152504022226,
              43.833054838629934
            ],
            [
              4.482112101522226,
              43.83298634112994
            ],
            [
              4.482098108277186,
              43.83296515702193
            ],
            [
              4.482082036857947,
              43.83294550284114
            ],
            [
              4.482064053307237,
              43.8329275816458
            ],
            [
              4.482044343423074,
              43.83291157858968
            ],
            [
              4.482023110839182,
              43.83289765900923
            ],
            [
              4.4812413508391815,
              43.83244019900923
            ]
          ]
        ]
      },
      "properties": {
        "id": "ORI_013",
        "nb_batiments": 4,
        "type_dom": "yes",
        "surface_m2": 297,
        "veh_estimes": 4,
        "statut_ppri": "interdiction",
        "lon_c": 4.481731,
        "lat_c": 43.833085
      }
    },
    {
      "type": "Feature",
      "geometry": {
        "type": "Polygon",
        "coordinates": [
          [
            [
              4.48370338175397,
              43.83302508171138
            ],
            [
              4.483704915463309,
              43.83300061765943
            ],
            [
              4.483704043891007,
              43.83297612107879
            ],
            [
              4.48370077543078,
              43.83295182788489
            ],
            [
              4.4836951415596875,
              43.83292797203449
            ],
            [
              4.483687196534988,
              43.83290478327247
            ],
            [
              4.483677016871612,
              43.83288248491927
            ],
            [
              4.483664700605284,
              43.83286129172023
            ],
            [
              4.48365036634838,
              43.832841407777444
            ],
            [
              4.483634152147631,
              43.832823024584144
            ],
            [
              4.483616214154653,
              43.83280631918054
            ],
            [
              4.483596725122124,
              43.832791452448795
            ],
            [
              4.483575872740082,
              43.83277856756366
            ],
            [
              4.4835538578283645,
              43.83276778861362
            ],
            [
              4.483530892402606,
              43.83275921940587
            ],
            [
              4.483507197632411,
              43.832752942466556
            ],
            [
              4.48348300171137,
              43.832749018246034
            ],
            [
              4.483458537659428,
              43.8327474845367
            ],
            [
              4.483434041078779,
              43.832748356109
            ],
            [
              4.483409747884886,
              43.83275162456923
            ],
            [
              4.483385892034487,
              43.83275725844032
            ],
            [
              4.483362703272462,
              43.832765203465016
            ],
            [
              4.483340404919264,
              43.83277538312839
            ],
            [
              4.483319211720226,
              43.83278769939472
            ],
            [
              4.483299327777439,
              43.832802033651625
            ],
            [
              4.483280944584141,
              43.83281824785237
            ],
            [
              4.483264239180535,
              43.83283618584535
            ],
            [
              4.483249372448787,
              43.832855674877884
            ],
            [
              4.483236487563653,
              43.83287652725992
            ],
            [
              4.483225708613619,
              43.83289854217164
            ],
            [
              4.483217139405867,
              43.8329215075974
            ],
            [
              4.483210862466551,
              43.83294520236759
            ],
            [
              4.48320693824603,
              43.83296939828863
            ],
            [
              4.483186933801585,
              43.83314774717751
            ],
            [
              4.483185400092246,
              43.83317221122946
            ],
            [
              4.4831862716645485,
              43.8331967078101
            ],
            [
              4.483189540124775,
              43.833221001004
            ],
            [
              4.483195173995868,
              43.8332448568544
            ],
            [
              4.483203119020567,
              43.83326804561642
            ],
            [
              4.4832132986839435,
              43.83329034396962
            ],
            [
              4.483225614950271,
              43.83331153716866
            ],
            [
              4.483239949207175,
              43.833331421111446
            ],
            [
              4.483256163407924,
              43.833349804304746
            ],
            [
              4.4832741014009025,
              43.83336650970835
            ],
            [
              4.483293590433432,
              43.833381376440094
            ],
            [
              4.483314442815473,
              43.83339426132523
            ],
            [
              4.483336457727191,
              43.83340504027527
            ],
            [
              4.483359423152949,
              43.83341360948302
            ],
            [
              4.483383117923144,
              43.833419886422334
            ],
            [
              4.483407313844185,
              43.833423810642856
            ],
            [
              4.4834317778961275,
              43.83342534435219
            ],
            [
              4.483456274476776,
              43.83342447277989
            ],
            [
              4.483480567670669,
              43.83342120431966
            ],
            [
              4.483504423521068,
              43.83341557044857
            ],
            [
              4.483527612283093,
              43.833407625423874
            ],
            [
              4.483549910636291,
              43.8333974457605
            ],
            [
              4.483571103835329,
              43.83338512949417
            ],
            [
              4.483590987778117,
              43.833370795237265
            ],
            [
              4.483609370971414,
              43.83335458103652
            ],
            [
              4.48362607637502,
              43.83333664304354
            ],
            [
              4.483640943106768,
              43.833317154011006
            ],
            [
              4.483653827991902,
              43.83329630162897
            ],
            [
              4.483664606941936,
              43.83327428671725
            ],
            [
              4.483673176149688,
              43.83325132129149
            ],
            [
              4.483679453089004,
              43.8332276265213
            ],
            [
              4.483683377309525,
              43.83320343060026
            ],
            [
              4.48370338175397,
              43.83302508171138
            ]
          ]
        ]
      },
      "properties": {
        "id": "ORI_022",
        "nb_batiments": 2,
        "type_dom": "yes",
        "surface_m2": 250,
        "veh_estimes": 4,
        "statut_ppri": "interdiction",
        "lon_c": 4.483445,
        "lat_c": 43.833086
      }
    },
    {
      "type": "Feature",
      "geometry": {
        "type": "Polygon",
        "coordinates": [
          [
            [
              4.476216012379775,
              43.826585215151255
            ],
            [
              4.476227161468381,
              43.826562926431436
            ],
            [
              4.476236033716714,
              43.826539637541
            ],
            [
              4.476242540781549,
              43.82651558037335
            ],
            [
              4.476246617870389,
              43.82649099447181
            ],
            [
              4.476248224386627,
              43.82646612464444
            ],
            [
              4.476247344333771,
              43.82644121852642
            ],
            [
              4.476243986474732,
              43.82641652411428
            ],
            [
              4.476238184244565,
              43.826392287296564
            ],
            [
              4.4762299954175475,
              43.826368749405404
            ],
            [
              4.476219501531909,
              43.82634614481357
            ],
            [
              4.476206807077931,
              43.82632469860071
            ],
            [
              4.476192038457514,
              43.8263046243122
            ],
            [
              4.4761753427255595,
              43.82628612183284
            ],
            [
              4.476156886125707,
              43.82626937539651
            ],
            [
              4.476136852435006,
              43.82625455175172
            ],
            [
              4.476115441133998,
              43.82624179850126
            ],
            [
              4.4760928654204415,
              43.82623124263249
            ],
            [
              4.476069350086446,
              43.82622298925288
            ],
            [
              4.476045129280159,
              43.82621712054341
            ],
            [
              4.476020444174296,
              43.826213694940314
            ],
            [
              4.47599554056472,
              43.8262127465532
            ],
            [
              4.475970666422993,
              43.82621428482539
            ],
            [
              4.4759460694272555,
              43.826218294439926
            ],
            [
              4.475773469427255,
              43.82625535443992
            ],
            [
              4.475749815645329,
              43.82626166035883
            ],
            [
              4.4757268928351674,
              43.826270251679276
            ],
            [
              4.475704921225057,
              43.82628104586113
            ],
            [
              4.475684111904736,
              43.82629393920051
            ],
            [
              4.475664664797379,
              43.826308807826145
            ],
            [
              4.475646766738853,
              43.82632550888939
            ],
            [
              4.475630589682714,
              43.8263438819367
            ],
            [
              4.475616289048186,
              43.82636375045111
            ],
            [
              4.4756040022269845,
              43.826384923548126
            ],
            [
              4.475593847263344,
              43.826407197809644
            ],
            [
              4.4755859217199205,
              43.82643035923823
            ],
            [
              4.475580301740468,
              43.826454185313096
            ],
            [
              4.475577041318299,
              43.826478447127954
            ],
            [
              4.475576171777548,
              43.82650291159017
            ],
            [
              4.475577701472228,
              43.82652734366022
            ],
            [
              4.475593281472229,
              43.82666642366022
            ],
            [
              4.475597263649754,
              43.82669090696761
            ],
            [
              4.4756036548463705,
              43.826714874501576
            ],
            [
              4.47561239201751,
              43.826738089839594
            ],
            [
              4.475623388977246,
              43.826760323979
            ],
            [
              4.4756365372484606,
              43.82678135759596
            ],
            [
              4.475651707132892,
              43.82680098320895
            ],
            [
              4.475668748990511,
              43.82681900722535
            ],
            [
              4.475687494715621,
              43.8268352518512
            ],
            [
              4.47570775939509,
              43.82684955684489
            ],
            [
              4.475729343132394,
              43.82686178109794
            ],
            [
              4.475752033019449,
              43.82687180402686
            ],
            [
              4.475775605236797,
              43.82687952676264
            ],
            [
              4.475799827261424,
              43.82688487312603
            ],
            [
              4.475824460160436,
              43.826887790379004
            ],
            [
              4.475849260947955,
              43.82688824974494
            ],
            [
              4.475873984982004,
              43.82688624669254
            ],
            [
              4.4759362249820045,
              43.82687807669253
            ],
            [
              4.475961500914997,
              43.826873425139816
            ],
            [
              4.4759861649919825,
              43.82686620066491
            ],
            [
              4.476009956039117,
              43.826856479769496
            ],
            [
              4.4760326221272795,
              43.82684436539049
            ],
            [
              4.47605392323981,
              43.826829985809965
            ],
            [
              4.476073633814106,
              43.82681349329675
            ],
            [
              4.476091545130153,
              43.82679506249403
            ],
            [
              4.476107467520717,
              43.82677488857002
            ],
            [
              4.476121232379775,
              43.82675318515125
            ],
            [
              4.476216012379775,
              43.826585215151255
            ]
          ]
        ]
      },
      "properties": {
        "id": "ORI_015",
        "nb_batiments": 4,
        "type_dom": "yes",
        "surface_m2": 236,
        "veh_estimes": 3,
        "statut_ppri": "interdiction",
        "lon_c": 4.475892,
        "lat_c": 43.826558
      }
    },
    {
      "type": "Feature",
      "geometry": {
        "type": "Polygon",
        "coordinates": [
          [
            [
              4.477695045792667,
              43.82353068
            ],
            [
              4.4776920393970245,
              43.823469483410825
            ],
            [
              4.47768304916333,
              43.823408876178256
            ],
            [
              4.477668161672448,
              43.823349441983076
            ],
            [
              4.477647520299055,
              43.82329175320908
            ],
            [
              4.47762132383086,
              43.82323636543068
            ],
            [
              4.477589824554172,
              43.82318381206248
            ],
            [
              4.477553325824245,
              43.823134599222136
            ],
            [
              4.4775121791438,
              43.823089200856195
            ],
            [
              4.477466780777864,
              43.82304805417575
            ],
            [
              4.477417567937517,
              43.823011555445824
            ],
            [
              4.4773650145693145,
              43.822980056169136
            ],
            [
              4.477309626790921,
              43.822953859700945
            ],
            [
              4.47725193801692,
              43.82293321832755
            ],
            [
              4.477192503821741,
              43.82291833083667
            ],
            [
              4.477131896589174,
              43.822909340602976
            ],
            [
              4.4770707000000005,
              43.82290633420733
            ],
            [
              4.477009503410827,
              43.822909340602976
            ],
            [
              4.47694889617826,
              43.82291833083667
            ],
            [
              4.476889461983081,
              43.82293321832755
            ],
            [
              4.47683177320908,
              43.822953859700945
            ],
            [
              4.476776385430687,
              43.822980056169136
            ],
            [
              4.476723832062484,
              43.823011555445824
            ],
            [
              4.476674619222137,
              43.82304805417575
            ],
            [
              4.476629220856201,
              43.823089200856195
            ],
            [
              4.476588074175756,
              43.823134599222136
            ],
            [
              4.476551575445829,
              43.82318381206248
            ],
            [
              4.476520076169141,
              43.82323636543068
            ],
            [
              4.476493879700946,
              43.82329175320908
            ],
            [
              4.476473238327553,
              43.823349441983076
            ],
            [
              4.476458350836671,
              43.823408876178256
            ],
            [
              4.4764493606029765,
              43.823469483410825
            ],
            [
              4.476446354207334,
              43.82353068
            ],
            [
              4.4764493606029765,
              43.82359187658917
            ],
            [
              4.476458350836671,
              43.82365248382174
            ],
            [
              4.476473238327553,
              43.82371191801692
            ],
            [
              4.476493879700946,
              43.82376960679092
            ],
            [
              4.476520076169141,
              43.823824994569314
            ],
            [
              4.476551575445829,
              43.823877547937514
            ],
            [
              4.476588074175756,
              43.82392676077786
            ],
            [
              4.476629220856201,
              43.8239721591438
            ],
            [
              4.476674619222137,
              43.824013305824245
            ],
            [
              4.476723832062484,
              43.82404980455417
            ],
            [
              4.476776385430687,
              43.82408130383086
            ],
            [
              4.47683177320908,
              43.82410750029905
            ],
            [
              4.476889461983081,
              43.824128141672446
            ],
            [
              4.47694889617826,
              43.824143029163324
            ],
            [
              4.477009503410827,
              43.82415201939702
            ],
            [
              4.4770707000000005,
              43.82415502579266
            ],
            [
              4.477131896589174,
              43.82415201939702
            ],
            [
              4.477192503821741,
              43.824143029163324
            ],
            [
              4.47725193801692,
              43.824128141672446
            ],
            [
              4.477309626790921,
              43.82410750029905
            ],
            [
              4.4773650145693145,
              43.82408130383086
            ],
            [
              4.477417567937517,
              43.82404980455417
            ],
            [
              4.477466780777864,
              43.824013305824245
            ],
            [
              4.4775121791438,
              43.8239721591438
            ],
            [
              4.477553325824245,
              43.82392676077786
            ],
            [
              4.477589824554172,
              43.823877547937514
            ],
            [
              4.47762132383086,
              43.823824994569314
            ],
            [
              4.477647520299055,
              43.82376960679092
            ],
            [
              4.477668161672448,
              43.82371191801692
            ],
            [
              4.47768304916333,
              43.82365248382174
            ],
            [
              4.4776920393970245,
              43.82359187658917
            ],
            [
              4.477695045792667,
              43.82353068
            ]
          ]
        ]
      },
      "properties": {
        "id": "ORI_027",
        "nb_batiments": 1,
        "type_dom": "yes",
        "surface_m2": 216,
        "veh_estimes": 3,
        "statut_ppri": "interdiction",
        "lon_c": 4.477071,
        "lat_c": 43.823531
      }
    },
    {
      "type": "Feature",
      "geometry": {
        "type": "Polygon",
        "coordinates": [
          [
            [
              4.486715245256314,
              43.82678527988561
            ],
            [
              4.486739746838418,
              43.82678466127567
            ],
            [
              4.4867640698043285,
              43.826781644069484
            ],
            [
              4.48678797991059,
              43.82677625732441
            ],
            [
              4.486811246889805,
              43.82676855291775
            ],
            [
              4.486833646668248,
              43.82675860504714
            ],
            [
              4.486854963523805,
              43.82674650951603
            ],
            [
              4.486874992163505,
              43.826732382810974
            ],
            [
              4.4868935397006,
              43.82671636097988
            ],
            [
              4.486910427512168,
              43.82669859832174
            ],
            [
              4.486925492959351,
              43.82667926590065
            ],
            [
              4.486938590953657,
              43.826658549898404
            ],
            [
              4.486949595354242,
              43.82663664982143
            ],
            [
              4.486958400182712,
              43.826613776579435
            ],
            [
              4.486964920643755,
              43.82659015045424
            ],
            [
              4.486969093941769,
              43.82656599897835
            ],
            [
              4.48697087988561,
              43.826541554743685
            ],
            [
              4.486970261275664,
              43.82651705316158
            ],
            [
              4.486967244069482,
              43.82649273019567
            ],
            [
              4.48696185732441,
              43.82646882008941
            ],
            [
              4.486954152917748,
              43.8264455531102
            ],
            [
              4.486944205047141,
              43.82642315333175
            ],
            [
              4.486932109516025,
              43.826401836476194
            ],
            [
              4.486917982810974,
              43.82638180783649
            ],
            [
              4.486901960979881,
              43.8263632602994
            ],
            [
              4.486884198321738,
              43.82634637248783
            ],
            [
              4.486864865900652,
              43.82633130704065
            ],
            [
              4.486844149898408,
              43.82631820904634
            ],
            [
              4.48682224982143,
              43.82630720464576
            ],
            [
              4.486799376579433,
              43.82629839981729
            ],
            [
              4.48677575045424,
              43.82629187935624
            ],
            [
              4.486751598978352,
              43.82628770605823
            ],
            [
              4.4867271547436856,
              43.82628592011439
            ],
            [
              4.4866420976008285,
              43.82628389154295
            ],
            [
              4.486617596018725,
              43.826284510152895
            ],
            [
              4.486593273052814,
              43.82628752735908
            ],
            [
              4.486569362946553,
              43.82629291410415
            ],
            [
              4.486546095967338,
              43.826300618510814
            ],
            [
              4.486523696188895,
              43.82631056638142
            ],
            [
              4.486502379333338,
              43.826322661912535
            ],
            [
              4.486482350693637,
              43.82633678861759
            ],
            [
              4.486463803156543,
              43.82635281044868
            ],
            [
              4.486446915344975,
              43.82637057310682
            ],
            [
              4.486431849897792,
              43.82638990552791
            ],
            [
              4.486418751903486,
              43.82641062153016
            ],
            [
              4.4864077475029,
              43.82643252160713
            ],
            [
              4.48639894267443,
              43.82645539484913
            ],
            [
              4.486392422213387,
              43.826479020974325
            ],
            [
              4.4863882489153735,
              43.82650317245021
            ],
            [
              4.486386462971533,
              43.82652761668488
            ],
            [
              4.486387081581479,
              43.82655211826698
            ],
            [
              4.486390098787661,
              43.826576441232895
            ],
            [
              4.486395485532733,
              43.82660035133915
            ],
            [
              4.486403189939395,
              43.826623618318365
            ],
            [
              4.486413137810001,
              43.82664601809681
            ],
            [
              4.486425233341118,
              43.82666733495237
            ],
            [
              4.486439360046169,
              43.82668736359207
            ],
            [
              4.486455381877262,
              43.82670591112916
            ],
            [
              4.486473144535405,
              43.82672279894073
            ],
            [
              4.4864924769564904,
              43.826737864387916
            ],
            [
              4.486513192958735,
              43.82675096238222
            ],
            [
              4.486535093035712,
              43.826761966782804
            ],
            [
              4.48655796627771,
              43.82677077161127
            ],
            [
              4.486581592402903,
              43.82677729207232
            ],
            [
              4.4866057438787905,
              43.82678146537033
            ],
            [
              4.486630188113457,
              43.826783251314176
            ],
            [
              4.486715245256314,
              43.82678527988561
            ]
          ]
        ]
      },
      "properties": {
        "id": "ORI_034",
        "nb_batiments": 2,
        "type_dom": "yes",
        "surface_m2": 185,
        "veh_estimes": 3,
        "statut_ppri": "interdiction",
        "lon_c": 4.486679,
        "lat_c": 43.826535
      }
    },
    {
      "type": "Feature",
      "geometry": {
        "type": "Polygon",
        "coordinates": [
          [
            [
              4.493253944350035,
              43.83741375905908
            ],
            [
              4.493277422182209,
              43.83742080986034
            ],
            [
              4.493301478061581,
              43.837425525480086
            ],
            [
              4.493325880316881,
              43.83742786050433
            ],
            [
              4.493350393941051,
              43.83742779244552
            ],
            [
              4.49337478285449,
              43.83742532195908
            ],
            [
              4.493398812178628,
              43.83742047283716
            ],
            [
              4.4934222504979395,
              43.837413291779455
            ],
            [
              4.493444872088596,
              43.83740384794347
            ],
            [
              4.493466459092314,
              43.83739223227851
            ],
            [
              4.493486803614446,
              43.837378556649774
            ],
            [
              4.493505709726123,
              43.837362952761055
            ],
            [
              4.493522995351154,
              43.83734557088632
            ],
            [
              4.49353849401952,
              43.837326578422534
            ],
            [
              4.493552056470575,
              43.8373061582775
            ],
            [
              4.493563552090499,
              43.83728450710837
            ],
            [
              4.493572870170188,
              43.83726183342775
            ],
            [
              4.493579920971441,
              43.837238355595574
            ],
            [
              4.493584636591189,
              43.8372142997162
            ],
            [
              4.493586971615434,
              43.8371898974609
            ],
            [
              4.493586903556617,
              43.837165383836734
            ],
            [
              4.493584433070182,
              43.837140994923296
            ],
            [
              4.493579583948263,
              43.83711696559916
            ],
            [
              4.493572402890555,
              43.83709352727985
            ],
            [
              4.49356295905457,
              43.83707090568919
            ],
            [
              4.493551343389611,
              43.83704931868547
            ],
            [
              4.49353766776088,
              43.83702897416334
            ],
            [
              4.49352206387216,
              43.83701006805166
            ],
            [
              4.493504681997427,
              43.836992782426634
            ],
            [
              4.493485689533637,
              43.836977283758266
            ],
            [
              4.4934652693886,
              43.836963721307214
            ],
            [
              4.493443618219474,
              43.836952225687284
            ],
            [
              4.493420944538854,
              43.8369429076076
            ],
            [
              4.49283130009441,
              43.83673377427426
            ],
            [
              4.492807822262235,
              43.836726723473
            ],
            [
              4.492783766382863,
              43.836722007853254
            ],
            [
              4.492759364127563,
              43.83671967282901
            ],
            [
              4.4927348505033935,
              43.83671974088782
            ],
            [
              4.4927104615899545,
              43.83672221137426
            ],
            [
              4.492686432265816,
              43.83672706049618
            ],
            [
              4.492662993946505,
              43.836734241553884
            ],
            [
              4.492640372355848,
              43.83674368538987
            ],
            [
              4.49261878535213,
              43.83675530105483
            ],
            [
              4.492598440829998,
              43.836768976683565
            ],
            [
              4.492579534718321,
              43.836784580572285
            ],
            [
              4.49256224909329,
              43.83680196244702
            ],
            [
              4.492546750424924,
              43.836820954910806
            ],
            [
              4.492533187973869,
              43.83684137505584
            ],
            [
              4.492521692353946,
              43.83686302622497
            ],
            [
              4.4925123742742565,
              43.83688569990559
            ],
            [
              4.4925053234730035,
              43.836909177737766
            ],
            [
              4.4925006078532554,
              43.83693323361714
            ],
            [
              4.49249827282901,
              43.83695763587244
            ],
            [
              4.492498340887828,
              43.836982149496606
            ],
            [
              4.492500811374263,
              43.837006538410044
            ],
            [
              4.492505660496182,
              43.83703056773418
            ],
            [
              4.492512841553889,
              43.83705400605349
            ],
            [
              4.4925222853898745,
              43.83707662764415
            ],
            [
              4.492533901054833,
              43.83709821464787
            ],
            [
              4.492547576683564,
              43.83711855917
            ],
            [
              4.492563180572285,
              43.83713746528168
            ],
            [
              4.492580562447017,
              43.837154750906706
            ],
            [
              4.492599554910807,
              43.837170249575074
            ],
            [
              4.492619975055844,
              43.837183812026126
            ],
            [
              4.49264162622497,
              43.837195307646056
            ],
            [
              4.492664299905591,
              43.83720462572574
            ],
            [
              4.493253944350035,
              43.83741375905908
            ]
          ]
        ]
      },
      "properties": {
        "id": "ORI_035",
        "nb_batiments": 2,
        "type_dom": "yes",
        "surface_m2": 155,
        "veh_estimes": 2,
        "statut_ppri": "interdiction",
        "lon_c": 4.493043,
        "lat_c": 43.837074
      }
    },
    {
      "type": "Feature",
      "geometry": {
        "type": "Polygon",
        "coordinates": [
          [
            [
              4.4744303442158255,
              43.84058354
            ],
            [
              4.474427336961027,
              43.840522325922294
            ],
            [
              4.4744183441581376,
              43.84046170136963
            ],
            [
              4.474403452412765,
              43.84040225018957
            ],
            [
              4.474382805140559,
              43.840344544929486
            ],
            [
              4.474356601186037,
              43.840289141322586
            ],
            [
              4.474325092907606,
              43.840236572935886
            ],
            [
              4.474288583747211,
              43.840187346031676
            ],
            [
              4.474247425308025,
              43.84014193469197
            ],
            [
              4.474202013968317,
              43.84010077625278
            ],
            [
              4.474152787064113,
              43.840064267092394
            ],
            [
              4.474100218677409,
              43.84003275881396
            ],
            [
              4.474044815070507,
              43.840006554859436
            ],
            [
              4.4739871098104285,
              43.839985907587234
            ],
            [
              4.473927658630372,
              43.83997101584186
            ],
            [
              4.473867034077702,
              43.83996202303897
            ],
            [
              4.47380582,
              43.839959015784174
            ],
            [
              4.473744605922298,
              43.83996202303897
            ],
            [
              4.473683981369628,
              43.83997101584186
            ],
            [
              4.473624530189571,
              43.839985907587234
            ],
            [
              4.473566824929493,
              43.840006554859436
            ],
            [
              4.473511421322591,
              43.84003275881396
            ],
            [
              4.473458852935887,
              43.840064267092394
            ],
            [
              4.473409626031683,
              43.84010077625278
            ],
            [
              4.4733642146919745,
              43.84014193469197
            ],
            [
              4.473323056252789,
              43.840187346031676
            ],
            [
              4.4732865470923935,
              43.840236572935886
            ],
            [
              4.473255038813963,
              43.840289141322586
            ],
            [
              4.473228834859441,
              43.840344544929486
            ],
            [
              4.473208187587235,
              43.84040225018957
            ],
            [
              4.473193295841862,
              43.84046170136963
            ],
            [
              4.473184303038973,
              43.840522325922294
            ],
            [
              4.473181295784174,
              43.84058354
            ],
            [
              4.473184303038973,
              43.8406447540777
            ],
            [
              4.473193295841862,
              43.84070537863037
            ],
            [
              4.473208187587235,
              43.840764829810425
            ],
            [
              4.473228834859441,
              43.84082253507051
            ],
            [
              4.473255038813963,
              43.84087793867741
            ],
            [
              4.4732865470923935,
              43.84093050706411
            ],
            [
              4.473323056252789,
              43.84097973396832
            ],
            [
              4.4733642146919745,
              43.84102514530802
            ],
            [
              4.473409626031683,
              43.84106630374721
            ],
            [
              4.473458852935887,
              43.8411028129076
            ],
            [
              4.473511421322591,
              43.84113432118603
            ],
            [
              4.473566824929493,
              43.84116052514056
            ],
            [
              4.473624530189571,
              43.84118117241276
            ],
            [
              4.473683981369628,
              43.84119606415813
            ],
            [
              4.473744605922298,
              43.84120505696102
            ],
            [
              4.47380582,
              43.84120806421582
            ],
            [
              4.473867034077702,
              43.84120505696102
            ],
            [
              4.473927658630372,
              43.84119606415813
            ],
            [
              4.4739871098104285,
              43.84118117241276
            ],
            [
              4.474044815070507,
              43.84116052514056
            ],
            [
              4.474100218677409,
              43.84113432118603
            ],
            [
              4.474152787064113,
              43.8411028129076
            ],
            [
              4.474202013968317,
              43.84106630374721
            ],
            [
              4.474247425308025,
              43.84102514530802
            ],
            [
              4.474288583747211,
              43.84097973396832
            ],
            [
              4.474325092907606,
              43.84093050706411
            ],
            [
              4.474356601186037,
              43.84087793867741
            ],
            [
              4.474382805140559,
              43.84082253507051
            ],
            [
              4.474403452412765,
              43.840764829810425
            ],
            [
              4.4744183441581376,
              43.84070537863037
            ],
            [
              4.474427336961027,
              43.8406447540777
            ],
            [
              4.4744303442158255,
              43.84058354
            ]
          ]
        ]
      },
      "properties": {
        "id": "ORI_001",
        "nb_batiments": 1,
        "type_dom": "yes",
        "surface_m2": 29,
        "veh_estimes": 1,
        "statut_ppri": "interdiction",
        "lon_c": 4.473806,
        "lat_c": 43.840584
      }
    },
    {
      "type": "Feature",
      "geometry": {
        "type": "Polygon",
        "coordinates": [
          [
            [
              4.4765251970944195,
              43.82495897272727
            ],
            [
              4.476522190626846,
              43.82489777467391
            ],
            [
              4.47651320017805,
              43.82483716599125
            ],
            [
              4.47649831233097,
              43.824777730374045
            ],
            [
              4.47647767046371,
              43.82472004021978
            ],
            [
              4.476451473368738,
              43.82466465111618
            ],
            [
              4.476419973338397,
              43.82461209649058
            ],
            [
              4.476383473735201,
              43.82456288247277
            ],
            [
              4.47634232607028,
              43.82451748302063
            ],
            [
              4.476296926618141,
              43.82447633535571
            ],
            [
              4.476247712600326,
              43.824439835752514
            ],
            [
              4.47619515797473,
              43.82440833572217
            ],
            [
              4.476139768871127,
              43.8243821386272
            ],
            [
              4.476082078716862,
              43.82436149675994
            ],
            [
              4.476022643099659,
              43.82434660891286
            ],
            [
              4.475962034417002,
              43.824337618464064
            ],
            [
              4.475900836363636,
              43.82433461199649
            ],
            [
              4.475839638310271,
              43.824337618464064
            ],
            [
              4.475779029627613,
              43.82434660891286
            ],
            [
              4.47571959401041,
              43.82436149675994
            ],
            [
              4.475661903856146,
              43.8243821386272
            ],
            [
              4.475606514752543,
              43.82440833572217
            ],
            [
              4.4755539601269465,
              43.824439835752514
            ],
            [
              4.475504746109132,
              43.82447633535571
            ],
            [
              4.475459346656993,
              43.82451748302063
            ],
            [
              4.475418198992072,
              43.82456288247277
            ],
            [
              4.475381699388875,
              43.82461209649058
            ],
            [
              4.475350199358535,
              43.82466465111618
            ],
            [
              4.475324002263562,
              43.82472004021978
            ],
            [
              4.475303360396302,
              43.824777730374045
            ],
            [
              4.475288472549223,
              43.82483716599125
            ],
            [
              4.475279482100427,
              43.82489777467391
            ],
            [
              4.475276475632853,
              43.82495897272727
            ],
            [
              4.475279482100427,
              43.82502017078064
            ],
            [
              4.475288472549223,
              43.8250807794633
            ],
            [
              4.475303360396302,
              43.8251402150805
            ],
            [
              4.475324002263562,
              43.825197905234766
            ],
            [
              4.475350199358535,
              43.82525329433837
            ],
            [
              4.475381699388875,
              43.825305848963964
            ],
            [
              4.475418198992072,
              43.82535506298178
            ],
            [
              4.475459346656993,
              43.82540046243392
            ],
            [
              4.475504746109132,
              43.825441610098835
            ],
            [
              4.4755539601269465,
              43.82547810970203
            ],
            [
              4.475606514752543,
              43.82550960973238
            ],
            [
              4.475661903856146,
              43.82553580682735
            ],
            [
              4.47571959401041,
              43.825556448694606
            ],
            [
              4.475779029627613,
              43.825571336541685
            ],
            [
              4.475839638310271,
              43.82558032699048
            ],
            [
              4.475900836363636,
              43.825583333458056
            ],
            [
              4.475962034417002,
              43.82558032699048
            ],
            [
              4.476022643099659,
              43.825571336541685
            ],
            [
              4.476082078716862,
              43.825556448694606
            ],
            [
              4.476139768871127,
              43.82553580682735
            ],
            [
              4.47619515797473,
              43.82550960973238
            ],
            [
              4.476247712600326,
              43.82547810970203
            ],
            [
              4.476296926618141,
              43.825441610098835
            ],
            [
              4.47634232607028,
              43.82540046243392
            ],
            [
              4.476383473735201,
              43.82535506298178
            ],
            [
              4.476419973338397,
              43.825305848963964
            ],
            [
              4.476451473368738,
              43.82525329433837
            ],
            [
              4.47647767046371,
              43.825197905234766
            ],
            [
              4.47649831233097,
              43.8251402150805
            ],
            [
              4.47651320017805,
              43.8250807794633
            ],
            [
              4.476522190626846,
              43.82502017078064
            ],
            [
              4.4765251970944195,
              43.82495897272727
            ]
          ]
        ]
      },
      "properties": {
        "id": "ORI_002",
        "nb_batiments": 1,
        "type_dom": "yes",
        "surface_m2": 91,
        "veh_estimes": 1,
        "statut_ppri": "interdiction",
        "lon_c": 4.475901,
        "lat_c": 43.824959
      }
    },
    {
      "type": "Feature",
      "geometry": {
        "type": "Polygon",
        "coordinates": [
          [
            [
              4.459979520171432,
              43.823688590909086
            ],
            [
              4.459976513767836,
              43.82362739415804
            ],
            [
              4.459967523510361,
              43.823566786765156
            ],
            [
              4.4599526359801,
              43.82350735241276
            ],
            [
              4.459931994552107,
              43.823449663486166
            ],
            [
              4.459905798014618,
              43.82339427556126
            ],
            [
              4.45987429865461,
              43.823341722054046
            ],
            [
              4.459837799828138,
              43.82329250908353
            ],
            [
              4.459796653038854,
              43.82324711059751
            ],
            [
              4.459751254552832,
              43.82320596380822
            ],
            [
              4.459702041582309,
              43.823169464981746
            ],
            [
              4.459649488075095,
              43.82313796562174
            ],
            [
              4.459594100150192,
              43.82311176908425
            ],
            [
              4.459536411223596,
              43.82309112765626
            ],
            [
              4.459476976871204,
              43.823076240126
            ],
            [
              4.459416369478322,
              43.82306724986852
            ],
            [
              4.459355172727273,
              43.82306424346493
            ],
            [
              4.459293975976224,
              43.82306724986852
            ],
            [
              4.459233368583342,
              43.823076240126
            ],
            [
              4.45917393423095,
              43.82309112765626
            ],
            [
              4.459116245304354,
              43.82311176908425
            ],
            [
              4.459060857379451,
              43.82313796562174
            ],
            [
              4.459008303872237,
              43.823169464981746
            ],
            [
              4.458959090901714,
              43.82320596380822
            ],
            [
              4.458913692415692,
              43.82324711059751
            ],
            [
              4.458872545626408,
              43.82329250908353
            ],
            [
              4.458836046799936,
              43.823341722054046
            ],
            [
              4.458804547439928,
              43.82339427556126
            ],
            [
              4.458778350902438,
              43.823449663486166
            ],
            [
              4.458757709474446,
              43.82350735241276
            ],
            [
              4.458742821944185,
              43.823566786765156
            ],
            [
              4.458733831686709,
              43.82362739415804
            ],
            [
              4.458730825283114,
              43.823688590909086
            ],
            [
              4.458733831686709,
              43.823749787660134
            ],
            [
              4.458742821944185,
              43.823810395053016
            ],
            [
              4.458757709474446,
              43.82386982940541
            ],
            [
              4.458778350902438,
              43.823927518332006
            ],
            [
              4.458804547439928,
              43.82398290625691
            ],
            [
              4.458836046799936,
              43.824035459764126
            ],
            [
              4.458872545626408,
              43.82408467273464
            ],
            [
              4.458913692415692,
              43.824130071220665
            ],
            [
              4.458959090901714,
              43.82417121800995
            ],
            [
              4.459008303872237,
              43.824207716836426
            ],
            [
              4.459060857379451,
              43.82423921619643
            ],
            [
              4.459116245304354,
              43.82426541273392
            ],
            [
              4.45917393423095,
              43.82428605416191
            ],
            [
              4.459233368583342,
              43.82430094169217
            ],
            [
              4.459293975976224,
              43.82430993194965
            ],
            [
              4.459355172727273,
              43.824312938353245
            ],
            [
              4.459416369478322,
              43.82430993194965
            ],
            [
              4.459476976871204,
              43.82430094169217
            ],
            [
              4.459536411223596,
              43.82428605416191
            ],
            [
              4.459594100150192,
              43.82426541273392
            ],
            [
              4.459649488075095,
              43.82423921619643
            ],
            [
              4.459702041582309,
              43.824207716836426
            ],
            [
              4.459751254552832,
              43.82417121800995
            ],
            [
              4.459796653038854,
              43.824130071220665
            ],
            [
              4.459837799828138,
              43.82408467273464
            ],
            [
              4.45987429865461,
              43.824035459764126
            ],
            [
              4.459905798014618,
              43.82398290625691
            ],
            [
              4.459931994552107,
              43.823927518332006
            ],
            [
              4.4599526359801,
              43.82386982940541
            ],
            [
              4.459967523510361,
              43.823810395053016
            ],
            [
              4.459976513767836,
              43.823749787660134
            ],
            [
              4.459979520171432,
              43.823688590909086
            ]
          ]
        ]
      },
      "properties": {
        "id": "ORI_005",
        "nb_batiments": 1,
        "type_dom": "yes",
        "surface_m2": 91,
        "veh_estimes": 1,
        "statut_ppri": "interdiction",
        "lon_c": 4.459355,
        "lat_c": 43.823689
      }
    },
    {
      "type": "Feature",
      "geometry": {
        "type": "Polygon",
        "coordinates": [
          [
            [
              4.473896779346541,
              43.82787897785321
            ],
            [
              4.473893745691318,
              43.827854774095904
            ],
            [
              4.473888365407332,
              43.82783098171318
            ],
            [
              4.473880689816683,
              43.82780782765867
            ],
            [
              4.473870792136223,
              43.82778553279708
            ],
            [
              4.4738587667791405,
              43.827764309797324
            ],
            [
              4.4738447284543605,
              43.8277443611039
            ],
            [
              4.47382881107235,
              43.827725877005825
            ],
            [
              4.473811166467752,
              43.82770903382144
            ],
            [
              4.47379196295105,
              43.82769399221654
            ],
            [
              4.473771383703065,
              43.8276808956718
            ],
            [
              4.473749625027611,
              43.82766986911412
            ],
            [
              4.473726894478965,
              43.827661017724964
            ],
            [
              4.4737034088820264,
              43.82765442593703
            ],
            [
              4.4736793922640405,
              43.82765015662885
            ],
            [
              4.473655073717621,
              43.82764825052503
            ],
            [
              4.4736306852154515,
              43.827648725807734
            ],
            [
              4.4736064593975176,
              43.827651577943286
            ],
            [
              4.473582627351974,
              43.82765677972538
            ],
            [
              4.473554187351975,
              43.82766445972538
            ],
            [
              4.473531255487928,
              43.827671856215034
            ],
            [
              4.473509143082963,
              43.82768142804843
            ],
            [
              4.473488055944469,
              43.82769308613737
            ],
            [
              4.473468190337343,
              43.827706721976234
            ],
            [
              4.47344973115729,
              43.827722208651785
            ],
            [
              4.473432850209939,
              43.82773940202447
            ],
            [
              4.473417704611791,
              43.827758142069946
            ],
            [
              4.473404435327883,
              43.82777825436848
            ],
            [
              4.473393165859782,
              43.82779955172833
            ],
            [
              4.473384001096115,
              43.827821835928
            ],
            [
              4.473377026336336,
              43.82784489956114
            ],
            [
              4.473372306496818,
              43.82786852796699
            ],
            [
              4.473369885506648,
              43.82789250122823
            ],
            [
              4.473369785898779,
              43.827916596217875
            ],
            [
              4.473380005898778,
              43.82814807621788
            ],
            [
              4.4733823299605096,
              43.82817277733671
            ],
            [
              4.473387093270083,
              43.82819712600026
            ],
            [
              4.473394248823613,
              43.82822088193822
            ],
            [
              4.473403726010775,
              43.828243810729255
            ],
            [
              4.473415431311587,
              43.82826568611422
            ],
            [
              4.4734570913115865,
              43.82833502611422
            ],
            [
              4.4734708716548015,
              43.828355581803876
            ],
            [
              4.473486618627636,
              43.828374672824886
            ],
            [
              4.47350417762613,
              43.82839211174138
            ],
            [
              4.473523376255838,
              43.828407727337876
            ],
            [
              4.473544026024394,
              43.82842136630027
            ],
            [
              4.473565924192133,
              43.828432894721075
            ],
            [
              4.473588855762595,
              43.82844219941412
            ],
            [
              4.4736125955933606,
              43.82844918902583
            ],
            [
              4.4736369106064995,
              43.82845379493211
            ],
            [
              4.473661562076934,
              43.82845597191212
            ],
            [
              4.473686307976248,
              43.82845569859225
            ],
            [
              4.473710905348917,
              43.82845297765596
            ],
            [
              4.473735112697659,
              43.82844783581742
            ],
            [
              4.473758692354443,
              43.82844032355928
            ],
            [
              4.473781412813934,
              43.828430514636956
            ],
            [
              4.473803051006398,
              43.82841850535456
            ],
            [
              4.473823394487817,
              43.82840441361939
            ],
            [
              4.473842243525657,
              43.82838837778423
            ],
            [
              4.473859413059849,
              43.82837055528911
            ],
            [
              4.47387473451971,
              43.828351121115496
            ],
            [
              4.473888057478973,
              43.82833026606831
            ],
            [
              4.473899251132671,
              43.828308194902654
            ],
            [
              4.473908205581386,
              43.82828512431348
            ],
            [
              4.4739148329102365,
              43.8282612808081
            ],
            [
              4.473919068052033,
              43.82823689848232
            ],
            [
              4.473920869426105,
              43.828212216722086
            ],
            [
              4.473920219346541,
              43.82818747785321
            ],
            [
              4.473896779346541,
              43.82787897785321
            ]
          ]
        ]
      },
      "properties": {
        "id": "ORI_014",
        "nb_batiments": 4,
        "type_dom": "yes",
        "surface_m2": 73,
        "veh_estimes": 1,
        "statut_ppri": "interdiction",
        "lon_c": 4.473642,
        "lat_c": 43.828037
      }
    },
    {
      "type": "Feature",
      "geometry": {
        "type": "Polygon",
        "coordinates": [
          [
            [
              4.472279844986297,
              43.82063758180337
            ],
            [
              4.472304189790676,
              43.820634768074
            ],
            [
              4.472328141574462,
              43.8206295816854
            ],
            [
              4.472351469668882,
              43.82062207258534
            ],
            [
              4.4723739494116375,
              43.820612313090535
            ],
            [
              4.472395364310516,
              43.82060039719026
            ],
            [
              4.472415508128333,
              43.82058643964116
            ],
            [
              4.472434186869113,
              43.82057057486206
            ],
            [
              4.472451220646371,
              43.82055295563944
            ],
            [
              4.47246644541552,
              43.820533751656065
            ],
            [
              4.472479714553711,
              43.820513147856786
            ],
            [
              4.472490900271889,
              43.82049134266745
            ],
            [
              4.472499894845473,
              43.82046854608395
            ],
            [
              4.472506611651804,
              43.82044497764985
            ],
            [
              4.472510986004364,
              43.820420864342054
            ],
            [
              4.4725129757757465,
              43.8203964383849
            ],
            [
              4.472512561803366,
              43.8203719350137
            ],
            [
              4.4725097480740015,
              43.82034759020932
            ],
            [
              4.472504561685406,
              43.820323638425535
            ],
            [
              4.472497052585338,
              43.82030031033111
            ],
            [
              4.472487293090533,
              43.82027783058836
            ],
            [
              4.472475377190264,
              43.820256415689485
            ],
            [
              4.472461419641163,
              43.820236271871664
            ],
            [
              4.472445554862058,
              43.820217593130884
            ],
            [
              4.472427935639445,
              43.82020055935363
            ],
            [
              4.472408731656068,
              43.82018533458448
            ],
            [
              4.472388127856786,
              43.820172065446286
            ],
            [
              4.472366322667449,
              43.82016087972811
            ],
            [
              4.472343526083951,
              43.82015188515452
            ],
            [
              4.472319957649852,
              43.82014516834819
            ],
            [
              4.472295844342056,
              43.820140793995634
            ],
            [
              4.472271418384899,
              43.82013880422425
            ],
            [
              4.472246915013701,
              43.82013921819663
            ],
            [
              4.472175785013702,
              43.82014391819663
            ],
            [
              4.472151440209323,
              43.820146731925995
            ],
            [
              4.472127488425538,
              43.82015191831459
            ],
            [
              4.472104160331117,
              43.82015942741466
            ],
            [
              4.472081680588362,
              43.82016918690946
            ],
            [
              4.472060265689484,
              43.820181102809734
            ],
            [
              4.472040121871666,
              43.820195060358834
            ],
            [
              4.4720214431308865,
              43.820210925137935
            ],
            [
              4.472004409353628,
              43.82022854436055
            ],
            [
              4.471989184584479,
              43.82024774834393
            ],
            [
              4.471975915446288,
              43.82026835214321
            ],
            [
              4.471964729728111,
              43.82029015733254
            ],
            [
              4.471955735154526,
              43.820312953916044
            ],
            [
              4.471949018348195,
              43.820336522350146
            ],
            [
              4.471944643995635,
              43.82036063565794
            ],
            [
              4.471942654224253,
              43.8203850616151
            ],
            [
              4.471943068196634,
              43.82040956498629
            ],
            [
              4.471945881925998,
              43.82043390979067
            ],
            [
              4.471951068314593,
              43.82045786157446
            ],
            [
              4.471958577414662,
              43.82048118966888
            ],
            [
              4.471968336909466,
              43.820503669411636
            ],
            [
              4.471980252809735,
              43.82052508431051
            ],
            [
              4.471994210358837,
              43.82054522812833
            ],
            [
              4.472010075137941,
              43.82056390686911
            ],
            [
              4.472027694360555,
              43.820580940646366
            ],
            [
              4.472046898343931,
              43.820596165415516
            ],
            [
              4.472067502143213,
              43.82060943455371
            ],
            [
              4.47208930733255,
              43.82062062027189
            ],
            [
              4.472112103916048,
              43.82062961484547
            ],
            [
              4.472135672350148,
              43.820636331651805
            ],
            [
              4.472159785657944,
              43.82064070600436
            ],
            [
              4.4721842116151,
              43.820642695775746
            ],
            [
              4.472208714986298,
              43.820642281803366
            ],
            [
              4.472279844986297,
              43.82063758180337
            ]
          ]
        ]
      },
      "properties": {
        "id": "ORI_017",
        "nb_batiments": 2,
        "type_dom": "yes",
        "surface_m2": 42,
        "veh_estimes": 1,
        "statut_ppri": "interdiction",
        "lon_c": 4.472228,
        "lat_c": 43.820391
      }
    },
    {
      "type": "Feature",
      "geometry": {
        "type": "Polygon",
        "coordinates": [
          [
            [
              4.468055288464275,
              43.823992870278886
            ],
            [
              4.468031479456439,
              43.82398688813175
            ],
            [
              4.46800719815484,
              43.82398327242557
            ],
            [
              4.4679826791755755,
              43.823982058096824
            ],
            [
              4.467958159431284,
              43.82398325687885
            ],
            [
              4.467933875841994,
              43.823986857188515
            ],
            [
              4.467910063045909,
              43.823992824238125
            ],
            [
              4.467886951132227,
              43.824001100371554
            ],
            [
              4.467864763417932,
              43.82401160562133
            ],
            [
              4.467843714290003,
              43.824024238481336
            ],
            [
              4.467824007133923,
              43.82403887688759
            ],
            [
              4.46780583236848,
              43.82405537939769
            ],
            [
              4.467789365605864,
              43.824073586557475
            ],
            [
              4.467774765954825,
              43.82409332244175
            ],
            [
              4.467762174483302,
              43.82411439635413
            ],
            [
              4.467751712855361,
              43.82413660466968
            ],
            [
              4.4677434821556306,
              43.82415973280234
            ],
            [
              4.467737561912573,
              43.824183557278424
            ],
            [
              4.467734009330057,
              43.82420784789587
            ],
            [
              4.467732858734619,
              43.824232369948575
            ],
            [
              4.4677341212437955,
              43.82425688649419
            ],
            [
              4.467737784658694,
              43.82428116064361
            ],
            [
              4.467743813581866,
              43.824304957849826
            ],
            [
              4.467802073581867,
              43.824495117849814
            ],
            [
              4.467810284674569,
              43.82451790813066
            ],
            [
              4.467820665139511,
              43.82453979568173
            ],
            [
              4.467833117311896,
              43.824560574573596
            ],
            [
              4.467847524035226,
              43.82458004930766
            ],
            [
              4.467863749763579,
              43.824598036655544
            ],
            [
              4.467881641836886,
              43.824614367382935
            ],
            [
              4.467901031917243,
              43.82462888784188
            ],
            [
              4.467921737572719,
              43.82464146141638
            ],
            [
              4.467943563993768,
              43.82465196980771
            ],
            [
              4.467966305826103,
              43.82466031414749
            ],
            [
              4.467989749102769,
              43.824666415927844
            ],
            [
              4.468013673257263,
              43.82467021774004
            ],
            [
              4.468899253257264,
              43.82476719774005
            ],
            [
              4.468923801727259,
              43.824768667979995
            ],
            [
              4.46894837577962,
              43.82476771669917
            ],
            [
              4.468972737128758,
              43.824764353121786
            ],
            [
              4.468996649551592,
              43.82475860986323
            ],
            [
              4.469019881178115,
              43.82475054261378
            ],
            [
              4.469042206739751,
              43.82474022959859
            ],
            [
              4.469063409753703,
              43.8247277708192
            ],
            [
              4.469083284622112,
              43.824713287083824
            ],
            [
              4.469101638625655,
              43.82469691883595
            ],
            [
              4.46911829379228,
              43.82467882479247
            ],
            [
              4.469133088622938,
              43.82465918040471
            ],
            [
              4.469145879657572,
              43.8246381761571
            ],
            [
              4.469156542866203,
              43.82461601572014
            ],
            [
              4.469164974851601,
              43.82459291397547
            ],
            [
              4.469171093851894,
              43.824569094932244
            ],
            [
              4.469174840533374,
              43.82454478955501
            ],
            [
              4.469176178565845,
              43.82452023352411
            ],
            [
              4.469175094974894,
              43.824495664950376
            ],
            [
              4.469171600267707,
              43.82447132206627
            ],
            [
              4.469165728331179,
              43.82444744091584
            ],
            [
              4.46915753610333,
              43.82442425306584
            ],
            [
              4.469147103021191,
              43.824401983360374
            ],
            [
              4.469134530250541,
              43.82438084774061
            ],
            [
              4.469119939704932,
              43.824361051150916
            ],
            [
              4.469103472863542,
              43.82434278555158
            ],
            [
              4.4690852893993025,
              43.824326228057416
            ],
            [
              4.469065565630607,
              43.824311539220396
            ],
            [
              4.4690444928116175,
              43.82429886147278
            ],
            [
              4.469022275277744,
              43.82428831774606
            ],
            [
              4.468999128464276,
              43.82428001027888
            ],
            [
              4.468055288464275,
              43.823992870278886
            ]
          ]
        ]
      },
      "properties": {
        "id": "ORI_018",
        "nb_batiments": 3,
        "type_dom": "yes",
        "surface_m2": 82,
        "veh_estimes": 1,
        "statut_ppri": "interdiction",
        "lon_c": 4.468317,
        "lat_c": 43.824391
      }
    },
    {
      "type": "Feature",
      "geometry": {
        "type": "Polygon",
        "coordinates": [
          [
            [
              4.462744099584102,
              43.821024519999995
            ],
            [
              4.46274109331466,
              43.82096332597971
            ],
            [
              4.462732103458355,
              43.82090272129129
            ],
            [
              4.462717216592415,
              43.82084328959102
            ],
            [
              4.462696576085498,
              43.820785603238654
            ],
            [
              4.462670380716968,
              43.82073021778531
            ],
            [
              4.462638882762546,
              43.820677666623176
            ],
            [
              4.46260238556475,
              43.82062845584867
            ],
            [
              4.462561240611546,
              43.82058305938845
            ],
            [
              4.462515844151326,
              43.820541914435246
            ],
            [
              4.462466633376819,
              43.82050541723745
            ],
            [
              4.462414082214682,
              43.820473919283025
            ],
            [
              4.462358696761337,
              43.8204477239145
            ],
            [
              4.462301010408975,
              43.82042708340758
            ],
            [
              4.462241578708704,
              43.82041219654164
            ],
            [
              4.462180974020286,
              43.820403206685334
            ],
            [
              4.46211978,
              43.82040020041589
            ],
            [
              4.462058585979714,
              43.820403206685334
            ],
            [
              4.461997981291296,
              43.82041219654164
            ],
            [
              4.461938549591025,
              43.82042708340758
            ],
            [
              4.4618808632386635,
              43.8204477239145
            ],
            [
              4.461825477785318,
              43.820473919283025
            ],
            [
              4.461772926623182,
              43.82050541723745
            ],
            [
              4.461723715848674,
              43.820541914435246
            ],
            [
              4.461678319388454,
              43.82058305938845
            ],
            [
              4.46163717443525,
              43.82062845584867
            ],
            [
              4.461600677237454,
              43.820677666623176
            ],
            [
              4.461569179283032,
              43.82073021778531
            ],
            [
              4.461542983914502,
              43.820785603238654
            ],
            [
              4.4615223434075855,
              43.82084328959102
            ],
            [
              4.4615074565416455,
              43.82090272129129
            ],
            [
              4.46149846668534,
              43.82096332597971
            ],
            [
              4.4614954604158985,
              43.821024519999995
            ],
            [
              4.46149846668534,
              43.82108571402028
            ],
            [
              4.4615074565416455,
              43.8211463187087
            ],
            [
              4.4615223434075855,
              43.82120575040897
            ],
            [
              4.461542983914502,
              43.821263436761335
            ],
            [
              4.461569179283032,
              43.82131882221468
            ],
            [
              4.461600677237454,
              43.82137137337681
            ],
            [
              4.46163717443525,
              43.82142058415132
            ],
            [
              4.461678319388454,
              43.82146598061154
            ],
            [
              4.461723715848674,
              43.82150712556474
            ],
            [
              4.461772926623182,
              43.82154362276254
            ],
            [
              4.461825477785318,
              43.821575120716965
            ],
            [
              4.4618808632386635,
              43.82160131608549
            ],
            [
              4.461938549591025,
              43.82162195659241
            ],
            [
              4.461997981291296,
              43.82163684345835
            ],
            [
              4.462058585979714,
              43.821645833314655
            ],
            [
              4.46211978,
              43.8216488395841
            ],
            [
              4.462180974020286,
              43.821645833314655
            ],
            [
              4.462241578708704,
              43.82163684345835
            ],
            [
              4.462301010408975,
              43.82162195659241
            ],
            [
              4.462358696761337,
              43.82160131608549
            ],
            [
              4.462414082214682,
              43.821575120716965
            ],
            [
              4.462466633376819,
              43.82154362276254
            ],
            [
              4.462515844151326,
              43.82150712556474
            ],
            [
              4.462561240611546,
              43.82146598061154
            ],
            [
              4.46260238556475,
              43.82142058415132
            ],
            [
              4.462638882762546,
              43.82137137337681
            ],
            [
              4.462670380716968,
              43.82131882221468
            ],
            [
              4.462696576085498,
              43.821263436761335
            ],
            [
              4.462717216592415,
              43.82120575040897
            ],
            [
              4.462732103458355,
              43.8211463187087
            ],
            [
              4.46274109331466,
              43.82108571402028
            ],
            [
              4.462744099584102,
              43.821024519999995
            ]
          ]
        ]
      },
      "properties": {
        "id": "ORI_020",
        "nb_batiments": 1,
        "type_dom": "yes",
        "surface_m2": 26,
        "veh_estimes": 1,
        "statut_ppri": "interdiction",
        "lon_c": 4.46212,
        "lat_c": 43.821025
      }
    },
    {
      "type": "Feature",
      "geometry": {
        "type": "Polygon",
        "coordinates": [
          [
            [
              4.473871814571812,
              43.822457740000004
            ],
            [
              4.4738688082302005,
              43.82239654451067
            ],
            [
              4.47385981815808,
              43.822335938367345
            ],
            [
              4.473844930934759,
              43.822276505240325
            ],
            [
              4.473824289932336,
              43.82221881750312
            ],
            [
              4.473798093934949,
              43.82216343072017
            ],
            [
              4.4737665952243715,
              43.82211087829646
            ],
            [
              4.473730097150407,
              43.82206166634057
            ],
            [
              4.473688951209457,
              43.82201626879055
            ],
            [
              4.473643553659429,
              43.8219751228496
            ],
            [
              4.473594341703544,
              43.82193862477563
            ],
            [
              4.47354178927984,
              43.82190712606506
            ],
            [
              4.473486402496885,
              43.82188093006767
            ],
            [
              4.473428714759677,
              43.82186028906525
            ],
            [
              4.473369281632661,
              43.82184540184193
            ],
            [
              4.4733086754893385,
              43.8218364117698
            ],
            [
              4.47324748,
              43.821833405428194
            ],
            [
              4.473186284510662,
              43.8218364117698
            ],
            [
              4.47312567836734,
              43.82184540184193
            ],
            [
              4.473066245240323,
              43.82186028906525
            ],
            [
              4.473008557503116,
              43.82188093006767
            ],
            [
              4.472953170720161,
              43.82190712606506
            ],
            [
              4.472900618296457,
              43.82193862477563
            ],
            [
              4.472851406340572,
              43.8219751228496
            ],
            [
              4.472806008790544,
              43.82201626879055
            ],
            [
              4.472764862849594,
              43.82206166634057
            ],
            [
              4.472728364775629,
              43.82211087829646
            ],
            [
              4.472696866065052,
              43.82216343072017
            ],
            [
              4.472670670067664,
              43.82221881750312
            ],
            [
              4.472650029065242,
              43.822276505240325
            ],
            [
              4.472635141841921,
              43.822335938367345
            ],
            [
              4.4726261517698,
              43.82239654451067
            ],
            [
              4.472623145428189,
              43.822457740000004
            ],
            [
              4.4726261517698,
              43.82251893548934
            ],
            [
              4.472635141841921,
              43.82257954163266
            ],
            [
              4.472650029065242,
              43.822638974759684
            ],
            [
              4.472670670067664,
              43.82269666249689
            ],
            [
              4.472696866065052,
              43.82275204927984
            ],
            [
              4.472728364775629,
              43.822804601703545
            ],
            [
              4.472764862849594,
              43.822853813659435
            ],
            [
              4.472806008790544,
              43.82289921120946
            ],
            [
              4.472851406340572,
              43.82294035715041
            ],
            [
              4.472900618296457,
              43.822976855224375
            ],
            [
              4.472953170720161,
              43.82300835393495
            ],
            [
              4.473008557503116,
              43.82303454993234
            ],
            [
              4.473066245240323,
              43.82305519093476
            ],
            [
              4.47312567836734,
              43.82307007815808
            ],
            [
              4.473186284510662,
              43.82307906823021
            ],
            [
              4.47324748,
              43.823082074571815
            ],
            [
              4.4733086754893385,
              43.82307906823021
            ],
            [
              4.473369281632661,
              43.82307007815808
            ],
            [
              4.473428714759677,
              43.82305519093476
            ],
            [
              4.473486402496885,
              43.82303454993234
            ],
            [
              4.47354178927984,
              43.82300835393495
            ],
            [
              4.473594341703544,
              43.822976855224375
            ],
            [
              4.473643553659429,
              43.82294035715041
            ],
            [
              4.473688951209457,
              43.82289921120946
            ],
            [
              4.473730097150407,
              43.822853813659435
            ],
            [
              4.4737665952243715,
              43.822804601703545
            ],
            [
              4.473798093934949,
              43.82275204927984
            ],
            [
              4.473824289932336,
              43.82269666249689
            ],
            [
              4.473844930934759,
              43.822638974759684
            ],
            [
              4.47385981815808,
              43.82257954163266
            ],
            [
              4.4738688082302005,
              43.82251893548934
            ],
            [
              4.473871814571812,
              43.822457740000004
            ]
          ]
        ]
      },
      "properties": {
        "id": "ORI_021",
        "nb_batiments": 1,
        "type_dom": "yes",
        "surface_m2": 15,
        "veh_estimes": 1,
        "statut_ppri": "interdiction",
        "lon_c": 4.473247,
        "lat_c": 43.822458
      }
    },
    {
      "type": "Feature",
      "geometry": {
        "type": "Polygon",
        "coordinates": [
          [
            [
              4.463772981059907,
              43.82307814
            ],
            [
              4.463769974687054,
              43.82301694387472
            ],
            [
              4.4637609845215085,
              43.82295633710157
            ],
            [
              4.463746097143479,
              43.82289690335693
            ],
            [
              4.4637254559265545,
              43.82283921502023
            ],
            [
              4.463699259656938,
              43.822783827661695
            ],
            [
              4.463667760619026,
              43.82273127469186
            ],
            [
              4.463631262165772,
              43.822682062224565
            ],
            [
              4.463590115797233,
              43.82263666420277
            ],
            [
              4.463544717775433,
              43.82259551783423
            ],
            [
              4.463495505308137,
              43.822559019380975
            ],
            [
              4.463442952338307,
              43.82252752034306
            ],
            [
              4.463387564979771,
              43.82250132407344
            ],
            [
              4.463329876643072,
              43.82248068285652
            ],
            [
              4.463270442898425,
              43.82246579547849
            ],
            [
              4.463209836125283,
              43.822456805312946
            ],
            [
              4.46314864,
              43.822453798940096
            ],
            [
              4.463087443874717,
              43.822456805312946
            ],
            [
              4.463026837101575,
              43.82246579547849
            ],
            [
              4.462967403356928,
              43.82248068285652
            ],
            [
              4.462909715020229,
              43.82250132407344
            ],
            [
              4.462854327661693,
              43.82252752034306
            ],
            [
              4.462801774691863,
              43.822559019380975
            ],
            [
              4.462752562224567,
              43.82259551783423
            ],
            [
              4.462707164202767,
              43.82263666420277
            ],
            [
              4.462666017834228,
              43.822682062224565
            ],
            [
              4.462629519380974,
              43.82273127469186
            ],
            [
              4.462598020343062,
              43.822783827661695
            ],
            [
              4.4625718240734455,
              43.82283921502023
            ],
            [
              4.462551182856521,
              43.82289690335693
            ],
            [
              4.4625362954784915,
              43.82295633710157
            ],
            [
              4.462527305312946,
              43.82301694387472
            ],
            [
              4.462524298940093,
              43.82307814
            ],
            [
              4.462527305312946,
              43.82313933612528
            ],
            [
              4.4625362954784915,
              43.82319994289843
            ],
            [
              4.462551182856521,
              43.82325937664307
            ],
            [
              4.4625718240734455,
              43.82331706497977
            ],
            [
              4.462598020343062,
              43.823372452338305
            ],
            [
              4.462629519380974,
              43.82342500530814
            ],
            [
              4.462666017834228,
              43.823474217775434
            ],
            [
              4.462707164202767,
              43.82351961579723
            ],
            [
              4.462752562224567,
              43.82356076216577
            ],
            [
              4.462801774691863,
              43.823597260619024
            ],
            [
              4.462854327661693,
              43.82362875965694
            ],
            [
              4.462909715020229,
              43.82365495592656
            ],
            [
              4.462967403356928,
              43.82367559714348
            ],
            [
              4.463026837101575,
              43.82369048452151
            ],
            [
              4.463087443874717,
              43.823699474687054
            ],
            [
              4.46314864,
              43.823702481059904
            ],
            [
              4.463209836125283,
              43.823699474687054
            ],
            [
              4.463270442898425,
              43.82369048452151
            ],
            [
              4.463329876643072,
              43.82367559714348
            ],
            [
              4.463387564979771,
              43.82365495592656
            ],
            [
              4.463442952338307,
              43.82362875965694
            ],
            [
              4.463495505308137,
              43.823597260619024
            ],
            [
              4.463544717775433,
              43.82356076216577
            ],
            [
              4.463590115797233,
              43.82351961579723
            ],
            [
              4.463631262165772,
              43.823474217775434
            ],
            [
              4.463667760619026,
              43.82342500530814
            ],
            [
              4.463699259656938,
              43.823372452338305
            ],
            [
              4.4637254559265545,
              43.82331706497977
            ],
            [
              4.463746097143479,
              43.82325937664307
            ],
            [
              4.4637609845215085,
              43.82319994289843
            ],
            [
              4.463769974687054,
              43.82313933612528
            ],
            [
              4.463772981059907,
              43.82307814
            ]
          ]
        ]
      },
      "properties": {
        "id": "ORI_023",
        "nb_batiments": 1,
        "type_dom": "yes",
        "surface_m2": 89,
        "veh_estimes": 1,
        "statut_ppri": "interdiction",
        "lon_c": 4.463149,
        "lat_c": 43.823078
      }
    },
    {
      "type": "Feature",
      "geometry": {
        "type": "Polygon",
        "coordinates": [
          [
            [
              4.463622348775997,
              43.82190352
            ],
            [
              4.4636193424622945,
              43.82184232507875
            ],
            [
              4.463610352473631,
              43.82178171949805
            ],
            [
              4.463595465388511,
              43.82172228692276
            ],
            [
              4.4635748245777025,
              43.821664599721075
            ],
            [
              4.463548628823497,
              43.82160921345229
            ],
            [
              4.463517130405328,
              43.82155666151644
            ],
            [
              4.463480632670182,
              43.8215074500174
            ],
            [
              4.463439487111198,
              43.821462052888805
            ],
            [
              4.463394089982604,
              43.821420907329816
            ],
            [
              4.4633448784835625,
              43.82138440959467
            ],
            [
              4.4632923265477125,
              43.821352911176504
            ],
            [
              4.463236940278923,
              43.821326715422295
            ],
            [
              4.463179253077241,
              43.82130607461149
            ],
            [
              4.463119820501954,
              43.82129118752637
            ],
            [
              4.463059214921249,
              43.821282197537705
            ],
            [
              4.462998020000001,
              43.821279191224
            ],
            [
              4.462936825078752,
              43.821282197537705
            ],
            [
              4.462876219498047,
              43.82129118752637
            ],
            [
              4.46281678692276,
              43.82130607461149
            ],
            [
              4.462759099721078,
              43.821326715422295
            ],
            [
              4.462703713452289,
              43.821352911176504
            ],
            [
              4.462651161516439,
              43.82138440959467
            ],
            [
              4.4626019500173975,
              43.821420907329816
            ],
            [
              4.462556552888803,
              43.821462052888805
            ],
            [
              4.462515407329819,
              43.8215074500174
            ],
            [
              4.462478909594673,
              43.82155666151644
            ],
            [
              4.4624474111765045,
              43.82160921345229
            ],
            [
              4.462421215422299,
              43.821664599721075
            ],
            [
              4.4624005746114905,
              43.82172228692276
            ],
            [
              4.46238568752637,
              43.82178171949805
            ],
            [
              4.462376697537707,
              43.82184232507875
            ],
            [
              4.462373691224004,
              43.82190352
            ],
            [
              4.462376697537707,
              43.82196471492125
            ],
            [
              4.46238568752637,
              43.82202532050195
            ],
            [
              4.4624005746114905,
              43.82208475307724
            ],
            [
              4.462421215422299,
              43.822142440278924
            ],
            [
              4.4624474111765045,
              43.82219782654771
            ],
            [
              4.462478909594673,
              43.82225037848356
            ],
            [
              4.462515407329819,
              43.8222995899826
            ],
            [
              4.462556552888803,
              43.822344987111194
            ],
            [
              4.4626019500173975,
              43.82238613267018
            ],
            [
              4.462651161516439,
              43.82242263040533
            ],
            [
              4.462703713452289,
              43.822454128823495
            ],
            [
              4.462759099721078,
              43.822480324577704
            ],
            [
              4.46281678692276,
              43.82250096538851
            ],
            [
              4.462876219498047,
              43.82251585247363
            ],
            [
              4.462936825078752,
              43.82252484246229
            ],
            [
              4.462998020000001,
              43.822527848776
            ],
            [
              4.463059214921249,
              43.82252484246229
            ],
            [
              4.463119820501954,
              43.82251585247363
            ],
            [
              4.463179253077241,
              43.82250096538851
            ],
            [
              4.463236940278923,
              43.822480324577704
            ],
            [
              4.4632923265477125,
              43.822454128823495
            ],
            [
              4.4633448784835625,
              43.82242263040533
            ],
            [
              4.463394089982604,
              43.82238613267018
            ],
            [
              4.463439487111198,
              43.822344987111194
            ],
            [
              4.463480632670182,
              43.8222995899826
            ],
            [
              4.463517130405328,
              43.82225037848356
            ],
            [
              4.463548628823497,
              43.82219782654771
            ],
            [
              4.4635748245777025,
              43.822142440278924
            ],
            [
              4.463595465388511,
              43.82208475307724
            ],
            [
              4.463610352473631,
              43.82202532050195
            ],
            [
              4.4636193424622945,
              43.82196471492125
            ],
            [
              4.463622348775997,
              43.82190352
            ]
          ]
        ]
      },
      "properties": {
        "id": "ORI_024",
        "nb_batiments": 1,
        "type_dom": "yes",
        "surface_m2": 10,
        "veh_estimes": 1,
        "statut_ppri": "interdiction",
        "lon_c": 4.462998,
        "lat_c": 43.821904
      }
    },
    {
      "type": "Feature",
      "geometry": {
        "type": "Polygon",
        "coordinates": [
          [
            [
              4.469737830207878,
              43.82010744764999
            ],
            [
              4.46975312574535,
              43.820088300167825
            ],
            [
              4.469766470849183,
              43.820067745661184
            ],
            [
              4.46977773699873,
              43.8200459820812
            ],
            [
              4.469786815694815,
              43.82002321902303
            ],
            [
              4.469793619504629,
              43.81999967570738
            ],
            [
              4.4697980829037665,
              43.819975578869254
            ],
            [
              4.469800162907252,
              43.81995116057436
            ],
            [
              4.469799839483517,
              43.81992665598425
            ],
            [
              4.469797115747306,
              43.8199023010915
            ],
            [
              4.46979201792969,
              43.819878330447054
            ],
            [
              4.4697845951254385,
              43.81985497490132
            ],
            [
              4.469774918820214,
              43.81983245938096
            ],
            [
              4.469763082202126,
              43.81981100072276
            ],
            [
              4.469749199264277,
              43.81979080558531
            ],
            [
              4.469733403706948,
              43.819772068458846
            ],
            [
              4.469715847649989,
              43.81975496979212
            ],
            [
              4.4696967001678285,
              43.81973967425465
            ],
            [
              4.469676145661185,
              43.81972632915082
            ],
            [
              4.469654382081194,
              43.81971506300127
            ],
            [
              4.469631619023027,
              43.81970598430519
            ],
            [
              4.46960807570738,
              43.81969918049537
            ],
            [
              4.4695839788692515,
              43.81969471709623
            ],
            [
              4.469559560574365,
              43.81969263709275
            ],
            [
              4.469535055984249,
              43.819692960516484
            ],
            [
              4.469510701091502,
              43.81969568425269
            ],
            [
              4.469486730447055,
              43.819700782070306
            ],
            [
              4.469463374901316,
              43.81970820487456
            ],
            [
              4.469440859380962,
              43.819717881179784
            ],
            [
              4.4694194007227575,
              43.81972971779788
            ],
            [
              4.469399205585315,
              43.81974360073572
            ],
            [
              4.469380468458846,
              43.81975939629305
            ],
            [
              4.469363369792122,
              43.81977695235001
            ],
            [
              4.469188719792123,
              43.81997483568335
            ],
            [
              4.469173424254651,
              43.81999398316551
            ],
            [
              4.469160079150818,
              43.82001453767215
            ],
            [
              4.46914881300127,
              43.82003630125214
            ],
            [
              4.469139734305186,
              43.82005906431031
            ],
            [
              4.4691329304953715,
              43.820082607625956
            ],
            [
              4.469128467096234,
              43.82010670446408
            ],
            [
              4.469126387092748,
              43.82013112275897
            ],
            [
              4.469126710516484,
              43.82015562734909
            ],
            [
              4.469129434252695,
              43.82017998224183
            ],
            [
              4.469134532070311,
              43.82020395288628
            ],
            [
              4.469141954874562,
              43.82022730843202
            ],
            [
              4.469151631179787,
              43.82024982395237
            ],
            [
              4.469163467797874,
              43.82027128261058
            ],
            [
              4.469177350735723,
              43.82029147774802
            ],
            [
              4.469193146293053,
              43.82031021487449
            ],
            [
              4.469210702350011,
              43.82032731354121
            ],
            [
              4.469229849832172,
              43.820342609078686
            ],
            [
              4.4692504043388155,
              43.82035595418252
            ],
            [
              4.469272167918807,
              43.820367220332066
            ],
            [
              4.469294930976973,
              43.82037629902815
            ],
            [
              4.469318474292621,
              43.820383102837965
            ],
            [
              4.469342571130749,
              43.8203875662371
            ],
            [
              4.469366989425636,
              43.820389646240585
            ],
            [
              4.469391494015752,
              43.82038932281685
            ],
            [
              4.469415848908499,
              43.82038659908064
            ],
            [
              4.469439819552946,
              43.82038150126303
            ],
            [
              4.469463175098684,
              43.82037407845878
            ],
            [
              4.469485690619039,
              43.82036440215355
            ],
            [
              4.469507149277243,
              43.82035256553546
            ],
            [
              4.4695273444146855,
              43.820338682597615
            ],
            [
              4.4695460815411545,
              43.820322887040284
            ],
            [
              4.469563180207879,
              43.820305330983324
            ],
            [
              4.469737830207878,
              43.82010744764999
            ]
          ]
        ]
      },
      "properties": {
        "id": "ORI_025",
        "nb_batiments": 2,
        "type_dom": "yes",
        "surface_m2": 21,
        "veh_estimes": 1,
        "statut_ppri": "interdiction",
        "lon_c": 4.469463,
        "lat_c": 43.820041
      }
    },
    {
      "type": "Feature",
      "geometry": {
        "type": "Polygon",
        "coordinates": [
          [
            [
              4.4804289356764775,
              43.82072047754086
            ],
            [
              4.480451018318114,
              43.82073110495603
            ],
            [
              4.4804740362946385,
              43.820739516719904
            ],
            [
              4.4804977679303555,
              43.820745631822604
            ],
            [
              4.480521984676638,
              43.820749391372345
            ],
            [
              4.480546453312984,
              43.82075075916261
            ],
            [
              4.480570938193047,
              43.82074972202082
            ],
            [
              4.480595203514048,
              43.82074628993523
            ],
            [
              4.480619015587682,
              43.820740495958695
            ],
            [
              4.480642145090663,
              43.82073239589038
            ],
            [
              4.480664369273231,
              43.82072206773837
            ],
            [
              4.4806854741043605,
              43.820709610968414
            ],
            [
              4.480705256332991,
              43.82069514554601
            ],
            [
              4.480723525445446,
              43.8206788107811
            ],
            [
              4.480740105500185,
              43.820660763986375
            ],
            [
              4.48075483682222,
              43.820641178962354
            ],
            [
              4.480767577540864,
              43.82062024432352
            ],
            [
              4.480778204956033,
              43.820598161681886
            ],
            [
              4.480786616719909,
              43.820575143705355
            ],
            [
              4.480792731822608,
              43.82055141206964
            ],
            [
              4.480796491372347,
              43.82052719532336
            ],
            [
              4.4807978591626085,
              43.82050272668701
            ],
            [
              4.480796822020824,
              43.82047824180695
            ],
            [
              4.480793389935235,
              43.82045397648595
            ],
            [
              4.480787595958702,
              43.820430164412315
            ],
            [
              4.480779495890387,
              43.82040703490934
            ],
            [
              4.480769167738376,
              43.820384810726765
            ],
            [
              4.480756710968418,
              43.82036370589564
            ],
            [
              4.4807422455460175,
              43.820343923667004
            ],
            [
              4.4807259107811,
              43.82032565455455
            ],
            [
              4.480707863986382,
              43.82030907449981
            ],
            [
              4.4806882789623605,
              43.82029434317778
            ],
            [
              4.480667344323524,
              43.82028160245913
            ],
            [
              4.479976104323523,
              43.81990610245914
            ],
            [
              4.479954021681887,
              43.81989547504397
            ],
            [
              4.479931003705362,
              43.8198870632801
            ],
            [
              4.479907272069645,
              43.8198809481774
            ],
            [
              4.479883055323362,
              43.81987718862766
            ],
            [
              4.479858586687016,
              43.819875820837396
            ],
            [
              4.479834101806953,
              43.81987685797918
            ],
            [
              4.479809836485952,
              43.81988029006477
            ],
            [
              4.479786024412318,
              43.81988608404131
            ],
            [
              4.479762894909338,
              43.81989418410962
            ],
            [
              4.47974067072677,
              43.81990451226163
            ],
            [
              4.47971956589564,
              43.81991696903159
            ],
            [
              4.47969978366701,
              43.81993143445399
            ],
            [
              4.479681514554555,
              43.819947769218906
            ],
            [
              4.479664934499815,
              43.81996581601363
            ],
            [
              4.479650203177781,
              43.81998540103765
            ],
            [
              4.479637462459136,
              43.82000633567648
            ],
            [
              4.479626835043967,
              43.82002841831812
            ],
            [
              4.479618423280091,
              43.82005143629465
            ],
            [
              4.479612308177392,
              43.82007516793036
            ],
            [
              4.479608548627653,
              43.820099384676645
            ],
            [
              4.479607180837392,
              43.82012385331299
            ],
            [
              4.479608217979177,
              43.82014833819305
            ],
            [
              4.479611650064766,
              43.82017260351405
            ],
            [
              4.479617444041298,
              43.82019641558769
            ],
            [
              4.479625544109614,
              43.820219545090666
            ],
            [
              4.479635872261625,
              43.82024176927324
            ],
            [
              4.4796483290315825,
              43.820262874104365
            ],
            [
              4.479662794453983,
              43.820282656333
            ],
            [
              4.4796791292189,
              43.82030092544545
            ],
            [
              4.479697176013619,
              43.82031750550019
            ],
            [
              4.47971676103764,
              43.820332236822225
            ],
            [
              4.4797376956764765,
              43.82034497754087
            ],
            [
              4.4804289356764775,
              43.82072047754086
            ]
          ]
        ]
      },
      "properties": {
        "id": "ORI_026",
        "nb_batiments": 2,
        "type_dom": "yes",
        "surface_m2": 80,
        "veh_estimes": 1,
        "statut_ppri": "interdiction",
        "lon_c": 4.480203,
        "lat_c": 43.820313
      }
    },
    {
      "type": "Feature",
      "geometry": {
        "type": "Polygon",
        "coordinates": [
          [
            [
              4.484994339097853,
              43.82097802
            ],
            [
              4.484991332830753,
              43.82091682602737
            ],
            [
              4.484982342981449,
              43.82085622138616
            ],
            [
              4.484967456127103,
              43.82079678973217
            ],
            [
              4.484946815636262,
              43.82073910342474
            ],
            [
              4.484920620288135,
              43.820683718014536
            ],
            [
              4.484889122358245,
              43.82063116689333
            ],
            [
              4.484852625188874,
              43.82058195615715
            ],
            [
              4.484811480267716,
              43.82053655973228
            ],
            [
              4.484766083842853,
              43.82049541481113
            ],
            [
              4.484716873106673,
              43.82045891764175
            ],
            [
              4.484664321985466,
              43.82042741971186
            ],
            [
              4.484608936575258,
              43.820401224363735
            ],
            [
              4.484551250267824,
              43.8203805838729
            ],
            [
              4.484491818613841,
              43.82036569701855
            ],
            [
              4.484431213972624,
              43.820356707169246
            ],
            [
              4.48437002,
              43.820353700902146
            ],
            [
              4.484308826027376,
              43.820356707169246
            ],
            [
              4.484248221386159,
              43.82036569701855
            ],
            [
              4.484188789732176,
              43.8203805838729
            ],
            [
              4.484131103424742,
              43.820401224363735
            ],
            [
              4.484075718014534,
              43.82042741971186
            ],
            [
              4.484023166893327,
              43.82045891764175
            ],
            [
              4.483973956157147,
              43.82049541481113
            ],
            [
              4.483928559732284,
              43.82053655973228
            ],
            [
              4.483887414811126,
              43.82058195615715
            ],
            [
              4.483850917641755,
              43.82063116689333
            ],
            [
              4.483819419711865,
              43.820683718014536
            ],
            [
              4.483793224363738,
              43.82073910342474
            ],
            [
              4.483772583872897,
              43.82079678973217
            ],
            [
              4.483757697018551,
              43.82085622138616
            ],
            [
              4.483748707169247,
              43.82091682602737
            ],
            [
              4.483745700902147,
              43.82097802
            ],
            [
              4.483748707169247,
              43.821039213972625
            ],
            [
              4.483757697018551,
              43.82109981861384
            ],
            [
              4.483772583872897,
              43.821159250267826
            ],
            [
              4.483793224363738,
              43.821216936575254
            ],
            [
              4.483819419711865,
              43.82127232198546
            ],
            [
              4.483850917641755,
              43.82132487310667
            ],
            [
              4.483887414811126,
              43.82137408384285
            ],
            [
              4.483928559732284,
              43.821419480267714
            ],
            [
              4.483973956157147,
              43.82146062518887
            ],
            [
              4.484023166893327,
              43.821497122358245
            ],
            [
              4.484075718014534,
              43.821528620288134
            ],
            [
              4.484131103424742,
              43.82155481563626
            ],
            [
              4.484188789732176,
              43.8215754561271
            ],
            [
              4.484248221386159,
              43.821590342981445
            ],
            [
              4.484308826027376,
              43.82159933283075
            ],
            [
              4.48437002,
              43.82160233909785
            ],
            [
              4.484431213972624,
              43.82159933283075
            ],
            [
              4.484491818613841,
              43.821590342981445
            ],
            [
              4.484551250267824,
              43.8215754561271
            ],
            [
              4.484608936575258,
              43.82155481563626
            ],
            [
              4.484664321985466,
              43.821528620288134
            ],
            [
              4.484716873106673,
              43.821497122358245
            ],
            [
              4.484766083842853,
              43.82146062518887
            ],
            [
              4.484811480267716,
              43.821419480267714
            ],
            [
              4.484852625188874,
              43.82137408384285
            ],
            [
              4.484889122358245,
              43.82132487310667
            ],
            [
              4.484920620288135,
              43.82127232198546
            ],
            [
              4.484946815636262,
              43.821216936575254
            ],
            [
              4.484967456127103,
              43.821159250267826
            ],
            [
              4.484982342981449,
              43.82109981861384
            ],
            [
              4.484991332830753,
              43.821039213972625
            ],
            [
              4.484994339097853,
              43.82097802
            ]
          ]
        ]
      },
      "properties": {
        "id": "ORI_028",
        "nb_batiments": 1,
        "type_dom": "yes",
        "surface_m2": 19,
        "veh_estimes": 1,
        "statut_ppri": "interdiction",
        "lon_c": 4.48437,
        "lat_c": 43.820978
      }
    },
    {
      "type": "Feature",
      "geometry": {
        "type": "Polygon",
        "coordinates": [
          [
            [
              4.490016636094603,
              43.832163200000004
            ],
            [
              4.490013629264133,
              43.83210199455969
            ],
            [
              4.49000463773014,
              43.83204137856123
            ],
            [
              4.489989748086013,
              43.83198193576982
            ],
            [
              4.489969103727166,
              43.83192423865203
            ],
            [
              4.489942903470058,
              43.831868842862654
            ],
            [
              4.489911399637488,
              43.83181628189342
            ],
            [
              4.489874895628586,
              43.831767061935196
            ],
            [
              4.489833742996912,
              43.831721657003094
            ],
            [
              4.489788338064806,
              43.83168050437142
            ],
            [
              4.489739118106585,
              43.831644000362516
            ],
            [
              4.489686557137353,
              43.83161249652995
            ],
            [
              4.489631161347976,
              43.83158629627284
            ],
            [
              4.4895734642301885,
              43.83156565191399
            ],
            [
              4.489514021438775,
              43.83155076226986
            ],
            [
              4.489453405440312,
              43.831541770735875
            ],
            [
              4.4893922,
              43.8315387639054
            ],
            [
              4.489330994559689,
              43.831541770735875
            ],
            [
              4.489270378561225,
              43.83155076226986
            ],
            [
              4.489210935769812,
              43.83156565191399
            ],
            [
              4.489153238652024,
              43.83158629627284
            ],
            [
              4.489097842862647,
              43.83161249652995
            ],
            [
              4.489045281893415,
              43.831644000362516
            ],
            [
              4.488996061935194,
              43.83168050437142
            ],
            [
              4.488950657003088,
              43.831721657003094
            ],
            [
              4.4889095043714144,
              43.831767061935196
            ],
            [
              4.488873000362513,
              43.83181628189342
            ],
            [
              4.488841496529942,
              43.831868842862654
            ],
            [
              4.4888152962728345,
              43.83192423865203
            ],
            [
              4.488794651913987,
              43.83198193576982
            ],
            [
              4.488779762269861,
              43.83204137856123
            ],
            [
              4.488770770735868,
              43.83210199455969
            ],
            [
              4.488767763905397,
              43.832163200000004
            ],
            [
              4.488770770735868,
              43.832224405440314
            ],
            [
              4.488779762269861,
              43.83228502143878
            ],
            [
              4.488794651913987,
              43.83234446423019
            ],
            [
              4.4888152962728345,
              43.83240216134798
            ],
            [
              4.488841496529942,
              43.83245755713735
            ],
            [
              4.488873000362513,
              43.83251011810659
            ],
            [
              4.4889095043714144,
              43.83255933806481
            ],
            [
              4.488950657003088,
              43.832604742996914
            ],
            [
              4.488996061935194,
              43.83264589562859
            ],
            [
              4.489045281893415,
              43.83268239963749
            ],
            [
              4.489097842862647,
              43.83271390347006
            ],
            [
              4.489153238652024,
              43.83274010372717
            ],
            [
              4.489210935769812,
              43.83276074808602
            ],
            [
              4.489270378561225,
              43.832775637730144
            ],
            [
              4.489330994559689,
              43.83278462926413
            ],
            [
              4.4893922,
              43.83278763609461
            ],
            [
              4.489453405440312,
              43.83278462926413
            ],
            [
              4.489514021438775,
              43.832775637730144
            ],
            [
              4.4895734642301885,
              43.83276074808602
            ],
            [
              4.489631161347976,
              43.83274010372717
            ],
            [
              4.489686557137353,
              43.83271390347006
            ],
            [
              4.489739118106585,
              43.83268239963749
            ],
            [
              4.489788338064806,
              43.83264589562859
            ],
            [
              4.489833742996912,
              43.832604742996914
            ],
            [
              4.489874895628586,
              43.83255933806481
            ],
            [
              4.489911399637488,
              43.83251011810659
            ],
            [
              4.489942903470058,
              43.83245755713735
            ],
            [
              4.489969103727166,
              43.83240216134798
            ],
            [
              4.489989748086013,
              43.83234446423019
            ],
            [
              4.49000463773014,
              43.83228502143878
            ],
            [
              4.490013629264133,
              43.832224405440314
            ],
            [
              4.490016636094603,
              43.832163200000004
            ]
          ]
        ]
      },
      "properties": {
        "id": "ORI_032",
        "nb_batiments": 1,
        "type_dom": "yes",
        "surface_m2": 21,
        "veh_estimes": 1,
        "statut_ppri": "interdiction",
        "lon_c": 4.489392,
        "lat_c": 43.832163
      }
    },
    {
      "type": "Feature",
      "geometry": {
        "type": "Polygon",
        "coordinates": [
          [
            [
              4.491848682807909,
              43.836504940625666
            ],
            [
              4.491858258380888,
              43.83648237464009
            ],
            [
              4.49186557599149,
              43.836458978745625
            ],
            [
              4.491870565167127,
              43.83643497825752
            ],
            [
              4.491873177859308,
              43.8364106043136
            ],
            [
              4.49187338890638,
              43.83638609164826
            ],
            [
              4.491871196275845,
              43.836361676331876
            ],
            [
              4.491866621083933,
              43.836337593497284
            ],
            [
              4.491859707392242,
              43.83631407507536
            ],
            [
              4.491850521783405,
              43.83629134756134
            ],
            [
              4.491839152719855,
              43.83626962983364
            ],
            [
              4.491825709691889,
              43.83624913104582
            ],
            [
              4.491810322163214,
              43.83623004861243
            ],
            [
              4.491793138324145,
              43.83621256630773
            ],
            [
              4.491774323664445,
              43.83619685249587
            ],
            [
              4.491754059379571,
              43.83618305850945
            ],
            [
              4.491732540625665,
              43.8361713171921
            ],
            [
              4.49170997464009,
              43.836161741619115
            ],
            [
              4.491686578745623,
              43.83615442400851
            ],
            [
              4.491662578257517,
              43.836149434832876
            ],
            [
              4.491638204313594,
              43.8361468221407
            ],
            [
              4.491613691648255,
              43.836146611093625
            ],
            [
              4.4915892763318706,
              43.83614880372416
            ],
            [
              4.491565193497283,
              43.83615337891607
            ],
            [
              4.491541675075354,
              43.83616029260776
            ],
            [
              4.491518947561342,
              43.8361694782166
            ],
            [
              4.491497229833634,
              43.83618084728015
            ],
            [
              4.491476731045817,
              43.836194290308114
            ],
            [
              4.4914576486124265,
              43.83620967783679
            ],
            [
              4.491440166307725,
              43.83622686167586
            ],
            [
              4.491424452495864,
              43.83624567633556
            ],
            [
              4.4914106585094435,
              43.836265940620436
            ],
            [
              4.491398917192091,
              43.83628745937434
            ],
            [
              4.491084517192092,
              43.836937659374335
            ],
            [
              4.491074941619113,
              43.83696022535991
            ],
            [
              4.491067624008511,
              43.836983621254376
            ],
            [
              4.491062634832874,
              43.83700762174248
            ],
            [
              4.491060022140693,
              43.8370319956864
            ],
            [
              4.491059811093621,
              43.83705650835174
            ],
            [
              4.4910620037241555,
              43.837080923668125
            ],
            [
              4.491066578916068,
              43.83710500650272
            ],
            [
              4.491073492607758,
              43.837128524924644
            ],
            [
              4.491082678216595,
              43.83715125243866
            ],
            [
              4.4910940472801455,
              43.837172970166364
            ],
            [
              4.491107490308112,
              43.83719346895418
            ],
            [
              4.491122877836786,
              43.83721255138757
            ],
            [
              4.491140061675855,
              43.83723003369227
            ],
            [
              4.491158876335556,
              43.837245747504134
            ],
            [
              4.49117914062043,
              43.83725954149055
            ],
            [
              4.491200659374336,
              43.837271282807905
            ],
            [
              4.491223225359911,
              43.837280858380886
            ],
            [
              4.491246621254378,
              43.83728817599149
            ],
            [
              4.491270621742483,
              43.837293165167125
            ],
            [
              4.491294995686407,
              43.8372957778593
            ],
            [
              4.491319508351745,
              43.83729598890638
            ],
            [
              4.49134392366813,
              43.837293796275844
            ],
            [
              4.491368006502718,
              43.83728922108393
            ],
            [
              4.491391524924647,
              43.83728230739224
            ],
            [
              4.491414252438658,
              43.837273121783404
            ],
            [
              4.491435970166367,
              43.837261752719854
            ],
            [
              4.491456468954183,
              43.83724830969189
            ],
            [
              4.491475551387574,
              43.83723292216321
            ],
            [
              4.491493033692276,
              43.83721573832414
            ],
            [
              4.491508747504136,
              43.83719692366444
            ],
            [
              4.491522541490557,
              43.837176659379566
            ],
            [
              4.491534282807909,
              43.83715514062566
            ],
            [
              4.491848682807909,
              43.836504940625666
            ]
          ]
        ]
      },
      "properties": {
        "id": "ORI_033",
        "nb_batiments": 2,
        "type_dom": "yes",
        "surface_m2": 66,
        "veh_estimes": 1,
        "statut_ppri": "interdiction",
        "lon_c": 4.491467,
        "lat_c": 43.836721
      }
    },
    {
      "type": "Feature",
      "geometry": {
        "type": "Polygon",
        "coordinates": [
          [
            [
              4.488353402211957,
              43.82892459999999
            ],
            [
              4.48835039554464,
              43.82886339788076
            ],
            [
              4.488341404498539,
              43.8288027851714
            ],
            [
              4.488326515662342,
              43.82874334560542
            ],
            [
              4.488305872423682,
              43.82868565161834
            ],
            [
              4.488279673588231,
              43.82863025883481
            ],
            [
              4.488248171465097,
              43.828577700717595
            ],
            [
              4.488211669436946,
              43.82852848343011
            ],
            [
              4.488170519038262,
              43.82848308096173
            ],
            [
              4.488125116569883,
              43.828441930563045
            ],
            [
              4.488075899282395,
              43.82840542853489
            ],
            [
              4.488023341165183,
              43.828373926411764
            ],
            [
              4.487967948381648,
              43.828347727576315
            ],
            [
              4.487910254394575,
              43.82832708433765
            ],
            [
              4.487850814828598,
              43.828312195501454
            ],
            [
              4.487790202119231,
              43.82830320445535
            ],
            [
              4.487729,
              43.82830019778804
            ],
            [
              4.487667797880769,
              43.82830320445535
            ],
            [
              4.4876071851714014,
              43.828312195501454
            ],
            [
              4.487547745605425,
              43.82832708433765
            ],
            [
              4.487490051618352,
              43.828347727576315
            ],
            [
              4.487434658834816,
              43.828373926411764
            ],
            [
              4.487382100717605,
              43.82840542853489
            ],
            [
              4.487332883430117,
              43.828441930563045
            ],
            [
              4.487287480961737,
              43.82848308096173
            ],
            [
              4.487246330563054,
              43.82852848343011
            ],
            [
              4.487209828534903,
              43.828577700717595
            ],
            [
              4.487178326411769,
              43.82863025883481
            ],
            [
              4.4871521275763175,
              43.82868565161834
            ],
            [
              4.487131484337658,
              43.82874334560542
            ],
            [
              4.487116595501461,
              43.8288027851714
            ],
            [
              4.4871076044553595,
              43.82886339788076
            ],
            [
              4.487104597788043,
              43.82892459999999
            ],
            [
              4.4871076044553595,
              43.82898580211923
            ],
            [
              4.487116595501461,
              43.82904641482859
            ],
            [
              4.487131484337658,
              43.82910585439457
            ],
            [
              4.4871521275763175,
              43.82916354838164
            ],
            [
              4.487178326411769,
              43.82921894116518
            ],
            [
              4.487209828534903,
              43.82927149928239
            ],
            [
              4.487246330563054,
              43.829320716569875
            ],
            [
              4.487287480961737,
              43.829366119038255
            ],
            [
              4.487332883430117,
              43.82940726943694
            ],
            [
              4.487382100717605,
              43.829443771465094
            ],
            [
              4.487434658834816,
              43.82947527358822
            ],
            [
              4.487490051618352,
              43.82950147242367
            ],
            [
              4.487547745605425,
              43.829522115662336
            ],
            [
              4.4876071851714014,
              43.82953700449853
            ],
            [
              4.487667797880769,
              43.829545995544635
            ],
            [
              4.487729,
              43.82954900221195
            ],
            [
              4.487790202119231,
              43.829545995544635
            ],
            [
              4.487850814828598,
              43.82953700449853
            ],
            [
              4.487910254394575,
              43.829522115662336
            ],
            [
              4.487967948381648,
              43.82950147242367
            ],
            [
              4.488023341165183,
              43.82947527358822
            ],
            [
              4.488075899282395,
              43.829443771465094
            ],
            [
              4.488125116569883,
              43.82940726943694
            ],
            [
              4.488170519038262,
              43.829366119038255
            ],
            [
              4.488211669436946,
              43.829320716569875
            ],
            [
              4.488248171465097,
              43.82927149928239
            ],
            [
              4.488279673588231,
              43.82921894116518
            ],
            [
              4.488305872423682,
              43.82916354838164
            ],
            [
              4.488326515662342,
              43.82910585439457
            ],
            [
              4.488341404498539,
              43.82904641482859
            ],
            [
              4.48835039554464,
              43.82898580211923
            ],
            [
              4.488353402211957,
              43.82892459999999
            ]
          ]
        ]
      },
      "properties": {
        "id": "ORI_036",
        "nb_batiments": 1,
        "type_dom": "yes",
        "surface_m2": 17,
        "veh_estimes": 1,
        "statut_ppri": "interdiction",
        "lon_c": 4.487729,
        "lat_c": 43.828925
      }
    },
    {
      "type": "Feature",
      "geometry": {
        "type": "Polygon",
        "coordinates": [
          [
            [
              4.489652278426064,
              43.8362086
            ],
            [
              4.489649271391754,
              43.83614739041048
            ],
            [
              4.489640279248213,
              43.836086770302764
            ],
            [
              4.489625388594695,
              43.83602732348164
            ],
            [
              4.4896047428363355,
              43.835969622452474
            ],
            [
              4.489578540803072,
              43.83591422290773
            ],
            [
              4.4895470348348105,
              43.835861658375315
            ],
            [
              4.489510528351246,
              43.8358124350804
            ],
            [
              4.489469372929775,
              43.835767027070226
            ],
            [
              4.4894239649196,
              43.835725871648755
            ],
            [
              4.489374741624684,
              43.83568936516519
            ],
            [
              4.489322177092265,
              43.83565785919693
            ],
            [
              4.489266777547524,
              43.83563165716367
            ],
            [
              4.489209076518363,
              43.835611011405305
            ],
            [
              4.489149629697233,
              43.83559612075179
            ],
            [
              4.489089009589521,
              43.835587128608246
            ],
            [
              4.489027800000001,
              43.83558412157394
            ],
            [
              4.48896659041048,
              43.835587128608246
            ],
            [
              4.488905970302768,
              43.83559612075179
            ],
            [
              4.488846523481638,
              43.835611011405305
            ],
            [
              4.488788822452477,
              43.83563165716367
            ],
            [
              4.488733422907736,
              43.83565785919693
            ],
            [
              4.488680858375317,
              43.83568936516519
            ],
            [
              4.488631635080401,
              43.835725871648755
            ],
            [
              4.488586227070226,
              43.835767027070226
            ],
            [
              4.488545071648755,
              43.8358124350804
            ],
            [
              4.488508565165191,
              43.835861658375315
            ],
            [
              4.488477059196929,
              43.83591422290773
            ],
            [
              4.488450857163666,
              43.835969622452474
            ],
            [
              4.488430211405306,
              43.83602732348164
            ],
            [
              4.4884153207517885,
              43.836086770302764
            ],
            [
              4.488406328608247,
              43.83614739041048
            ],
            [
              4.488403321573937,
              43.8362086
            ],
            [
              4.488406328608247,
              43.83626980958952
            ],
            [
              4.4884153207517885,
              43.836330429697234
            ],
            [
              4.488430211405306,
              43.83638987651836
            ],
            [
              4.488450857163666,
              43.836447577547524
            ],
            [
              4.488477059196929,
              43.836502977092266
            ],
            [
              4.488508565165191,
              43.83655554162468
            ],
            [
              4.488545071648755,
              43.8366047649196
            ],
            [
              4.488586227070226,
              43.83665017292977
            ],
            [
              4.488631635080401,
              43.83669132835124
            ],
            [
              4.488680858375317,
              43.83672783483481
            ],
            [
              4.488733422907736,
              43.83675934080307
            ],
            [
              4.488788822452477,
              43.83678554283633
            ],
            [
              4.488846523481638,
              43.83680618859469
            ],
            [
              4.488905970302768,
              43.83682107924821
            ],
            [
              4.48896659041048,
              43.83683007139175
            ],
            [
              4.489027800000001,
              43.83683307842606
            ],
            [
              4.489089009589521,
              43.83683007139175
            ],
            [
              4.489149629697233,
              43.83682107924821
            ],
            [
              4.489209076518363,
              43.83680618859469
            ],
            [
              4.489266777547524,
              43.83678554283633
            ],
            [
              4.489322177092265,
              43.83675934080307
            ],
            [
              4.489374741624684,
              43.83672783483481
            ],
            [
              4.4894239649196,
              43.83669132835124
            ],
            [
              4.489469372929775,
              43.83665017292977
            ],
            [
              4.489510528351246,
              43.8366047649196
            ],
            [
              4.4895470348348105,
              43.83655554162468
            ],
            [
              4.489578540803072,
              43.836502977092266
            ],
            [
              4.4896047428363355,
              43.836447577547524
            ],
            [
              4.489625388594695,
              43.83638987651836
            ],
            [
              4.489640279248213,
              43.836330429697234
            ],
            [
              4.489649271391754,
              43.83626980958952
            ],
            [
              4.489652278426064,
              43.8362086
            ]
          ]
        ]
      },
      "properties": {
        "id": "ORI_037",
        "nb_batiments": 1,
        "type_dom": "yes",
        "surface_m2": 10,
        "veh_estimes": 1,
        "statut_ppri": "interdiction",
        "lon_c": 4.489028,
        "lat_c": 43.836209
      }
    },
    {
      "type": "Feature",
      "geometry": {
        "type": "Polygon",
        "coordinates": [
          [
            [
              4.4904527586509815,
              43.83113316666666
            ],
            [
              4.490449751872404,
              43.83107196228268
            ],
            [
              4.490440760493594,
              43.83101134733037
            ],
            [
              4.490425871106444,
              43.83095190556486
            ],
            [
              4.49040522710389,
              43.830894209442846
            ],
            [
              4.490379027298965,
              43.83083881460953
            ],
            [
              4.490347524010111,
              43.830786254547434
            ],
            [
              4.4903110206312205,
              43.83073703543868
            ],
            [
              4.490269868709787,
              43.83069163129021
            ],
            [
              4.490224464561312,
              43.83065047936877
            ],
            [
              4.490175245452563,
              43.830613975989884
            ],
            [
              4.490122685390465,
              43.83058247270103
            ],
            [
              4.490067290557147,
              43.830556272896104
            ],
            [
              4.490009594435136,
              43.83053562889355
            ],
            [
              4.489950152669628,
              43.8305207395064
            ],
            [
              4.4898895377173185,
              43.83051174812759
            ],
            [
              4.4898283333333335,
              43.830508741349014
            ],
            [
              4.489767128949349,
              43.83051174812759
            ],
            [
              4.489706513997039,
              43.8305207395064
            ],
            [
              4.489647072231531,
              43.83053562889355
            ],
            [
              4.48958937610952,
              43.830556272896104
            ],
            [
              4.489533981276202,
              43.83058247270103
            ],
            [
              4.489481421214104,
              43.830613975989884
            ],
            [
              4.489432202105355,
              43.83065047936877
            ],
            [
              4.48938679795688,
              43.83069163129021
            ],
            [
              4.489345646035447,
              43.83073703543868
            ],
            [
              4.489309142656556,
              43.830786254547434
            ],
            [
              4.489277639367702,
              43.83083881460953
            ],
            [
              4.489251439562777,
              43.830894209442846
            ],
            [
              4.489230795560223,
              43.83095190556486
            ],
            [
              4.489215906173073,
              43.83101134733037
            ],
            [
              4.489206914794263,
              43.83107196228268
            ],
            [
              4.489203908015686,
              43.83113316666666
            ],
            [
              4.489206914794263,
              43.83119437105064
            ],
            [
              4.489215906173073,
              43.83125498600295
            ],
            [
              4.489230795560223,
              43.83131442776846
            ],
            [
              4.489251439562777,
              43.831372123890475
            ],
            [
              4.489277639367702,
              43.83142751872379
            ],
            [
              4.489309142656556,
              43.83148007878589
            ],
            [
              4.489345646035447,
              43.83152929789464
            ],
            [
              4.48938679795688,
              43.83157470204311
            ],
            [
              4.489432202105355,
              43.83161585396455
            ],
            [
              4.489481421214104,
              43.83165235734344
            ],
            [
              4.489533981276202,
              43.83168386063229
            ],
            [
              4.48958937610952,
              43.83171006043722
            ],
            [
              4.489647072231531,
              43.83173070443977
            ],
            [
              4.489706513997039,
              43.83174559382692
            ],
            [
              4.489767128949349,
              43.83175458520573
            ],
            [
              4.4898283333333335,
              43.83175759198431
            ],
            [
              4.4898895377173185,
              43.83175458520573
            ],
            [
              4.489950152669628,
              43.83174559382692
            ],
            [
              4.490009594435136,
              43.83173070443977
            ],
            [
              4.490067290557147,
              43.83171006043722
            ],
            [
              4.490122685390465,
              43.83168386063229
            ],
            [
              4.490175245452563,
              43.83165235734344
            ],
            [
              4.490224464561312,
              43.83161585396455
            ],
            [
              4.490269868709787,
              43.83157470204311
            ],
            [
              4.4903110206312205,
              43.83152929789464
            ],
            [
              4.490347524010111,
              43.83148007878589
            ],
            [
              4.490379027298965,
              43.83142751872379
            ],
            [
              4.49040522710389,
              43.831372123890475
            ],
            [
              4.490425871106444,
              43.83131442776846
            ],
            [
              4.490440760493594,
              43.83125498600295
            ],
            [
              4.490449751872404,
              43.83119437105064
            ],
            [
              4.4904527586509815,
              43.83113316666666
            ]
          ]
        ]
      },
      "properties": {
        "id": "ORI_038",
        "nb_batiments": 1,
        "type_dom": "yes",
        "surface_m2": 55,
        "veh_estimes": 1,
        "statut_ppri": "interdiction",
        "lon_c": 4.489828,
        "lat_c": 43.831133
      }
    }
  ]
}