{"type":"FeatureCollection","features":[{"type":"Feature","geometry":{"type":"Polygon","coordinates":[[[4.459404180346271,43.818274282649575],[4.459409816521582,43.818274210971246],[4.460701279791017,43.818212334698195],[4.460707298122285,43.8182118297274],[4.460712586815938,43.818209689558714],[4.461009441385562,43.81807525344001],[4.4610136350602625,43.81807314093539],[4.461008526588513,43.818073176338984],[4.4594687371883595,43.81813844179763],[4.459462713756341,43.81813891837397],[4.459460615305074,43.81814303423236],[4.459405600983186,43.81827033277279],[4.459404180346271,43.818274282649575]]]},"properties":{"scenario":"t20","wse_m":53.94,"source":"ppri+lidar"}},{"type":"Feature","geometry":{"type":"Polygon","coordinates":[[[4.468237430617629,43.83309680281979],[4.468238979517629,43.83310086267514],[4.468485434624049,43.83364450356114],[4.468491691131961,43.83366087501917],[4.468495787666156,43.83367760052812],[4.468497687735358,43.83369453110763],[4.4684973744129595,43.83371151595048],[4.468494850487887,43.83372840376605],[4.468490138439805,43.833745044127795],[4.468483280238961,43.83376128881318],[4.468474336972404,43.83377699312405],[4.4684633882999165,43.83379201717541],[4.468450531744497,43.833806227141594],[4.468447505089265,43.83380896856433],[4.468442365694785,43.83381414918146],[4.468442180209195,43.83381851566964],[4.468446578544964,43.83398970166412],[4.468446963418862,43.833993876367764],[4.468452390581808,43.8339953157403],[4.4686916244980575,43.834049484171665],[4.468715036752216,43.834055735031235],[4.468737465516673,43.8340636532011],[4.468758684867025,43.83407315892189],[4.468778481060948,43.83408415644289],[4.468796654691182,43.834096534986465],[4.468813022694159,43.83411016986396],[4.4688274201939855,43.83412492373155],[4.468839702163271,43.83414064797376],[4.46884974488402,43.83415718420042],[4.468857447193897,43.83417436584211],[4.468953874506587,43.83443302359443],[4.468955530366949,43.83443674399607],[4.4689586567831245,43.83443355709286],[4.469107317065501,43.83426544579041],[4.469121490945626,43.83425103054095],[4.469137551691076,43.834237692398],[4.469155344078409,43.83422556027058],[4.469174696148737,43.834214751411885],[4.469195420869642,43.83420537028605],[4.469217317942796,43.834197507558564],[4.469240175739738,43.83419123922013],[4.469263773347179,43.8341866258521],[4.469287882701992,43.83418371204112],[4.469312270795325,43.83418252594821],[4.469336701924486,43.83418307903653],[4.469360939970865,43.834185365960664],[4.469814991735276,43.83424476252626],[4.46982034540261,43.83424527188624],[4.46981770496908,43.83424186236117],[4.469799982174539,43.83422135560297],[4.469788371715234,43.83420637596323],[4.4697787867694085,43.834190663369604],[4.469771314632732,43.83417436092859],[4.469766023357734,43.83415761711882],[4.469762961134052,43.83414058443857],[4.469762155849609,43.834123418016986],[4.469763614836685,43.834106274201154],[4.46976732480521,43.83408930913214],[4.469773251963884,43.83407267732283],[4.469781342328004,43.83405653025081],[4.4697915222112075,43.83404101497864],[4.469803698896649,43.834026272814555],[4.469817761481476,43.83401243802543],[4.46983358188695,43.833999636614],[4.469851016024962,43.833987985171206],[4.46986990511036,43.83397758981439],[4.469875906006351,43.8339746032834],[4.469881407086368,43.8339712554918],[4.469888143242548,43.8339667308437],[4.469907033566668,43.833956284206344],[4.469927215771313,43.83394719123592],[4.469948505362175,43.83393953505495],[4.469970707722124,43.83393338565165],[4.469993619890263,43.83392879924015],[4.46999882580943,43.83392794876703],[4.46999696055162,43.833923981793575],[4.469852333010898,43.83365986180219],[4.469844484507519,43.83364318986548],[4.469838924796406,43.83362604243097],[4.469835707121791,43.83360858372262],[4.469834862297719,43.83359098094536],[4.469836398413008,43.833573402683676],[4.4698403007538765,43.83355601728715],[4.469846531944934,43.83353899125812],[4.469855032307222,43.833522487657],[4.469865720429821,43.833506664540764],[4.469878493949622,43.83349167344913],[4.470102842923242,43.833255119225264],[4.470105857603863,43.833251595750525],[4.470104202491648,43.83324762815825],[4.469977060145727,43.83298774692217],[4.469974671960847,43.83298356361042],[4.46996880814776,43.8329819917399],[4.469606666787423,43.832899996980835],[4.469583782601717,43.83289390889954],[4.469561832166207,43.8328862275951],[4.469541026555573,43.832877026930845],[4.469521565835606,43.8328663953802],[4.4695036371393515,43.832854435176],[4.469487412867637,43.83284126132721],[4.469473049031271,43.83282700051318],[4.4694606837508735,43.8328117898653],[4.469450435928737,43.83279577564845],[4.469442404105526,43.832779111854464],[4.469436665512766,43.83276195872132],[4.46943327533026,43.83274448119229],[4.469432266155563,43.83272684732987],[4.469433647690608,43.83270922669971],[4.4694643732202035,43.8324996752998],[4.469464708519829,43.83249533930473],[4.469459534100249,43.83249314177645],[4.468779933099687,43.832236556967764],[4.468774544454,43.83223476166375],[4.4687702226951425,43.83223770309851],[4.468351791324783,43.832552086738],[4.468347960647847,43.83255526303528],[4.468351951824661,43.83255833402851],[4.468438047184866,43.8326183822287],[4.468455091563559,43.83263152348842],[4.4684702345967935,43.83264583302336],[4.468483324386592,43.8326611672977],[4.468494229630304,43.832677372496526],[4.468502840937706,43.8326942860688],[4.468509071928357,43.83271173835771],[4.468512860098123,43.83272955430251],[4.468514167446234,43.832747555194594],[4.468512980856554,43.832765560469944],[4.468509312229235,43.83278338952041],[4.4685031983614545,43.832800863505376],[4.468494700578377,43.83281780714563],[4.468483904118122,43.832834050481665],[4.4684709172768,43.83284943057844],[4.468455870322284,43.83286379315988],[4.468438914187558,43.832876994156365],[4.468420218956745,43.83288890114988],[4.46839997215904,43.832899394702444],[4.468378376887613,43.832908369554026],[4.468358145880478,43.832914926658084],[4.468357033072527,43.83291533739328],[4.468354108893351,43.832919255092435],[4.468239682548691,43.833092919239114],[4.468237430617629,43.83309680281979]]]},"properties":{"scenario":"t20","wse_m":53.94,"source":"ppri+lidar"}},{"type":"Feature","geometry":{"type":"Polygon","coordinates":[[[4.4540420845569635,43.81272119431043],[4.4540419097327035,43.81272529334627],[4.454820097985627,43.84330779346803],[4.454820490993012,43.84331200034356],[4.4548263140115525,43.843312129613864],[4.471161557150507,43.84309305317418],[4.471167505022667,43.84309276098128],[4.471170961668719,43.84308924554237],[4.471486203796182,43.842732785163754],[4.471501511709121,43.84271733781344],[4.471518985338309,43.84270314521731],[4.471538429750097,43.84269036570488],[4.47155962802565,43.84267914184158],[4.4715823436808515,43.84266959883826],[4.471606323304437,43.84266184315442],[4.472203699806431,43.84249543063754],[4.472209022693844,43.84249373114204],[4.4722101473848745,43.84248959980096],[4.472242904913288,43.8423289267318],[4.472247606479763,43.84231172035307],[4.472254599708481,43.84229492690507],[4.472263818182865,43.84227870587495],[4.472275174353428,43.84226321131342],[4.472288560369277,43.84224859037185],[4.472303849102426,43.842234981904724],[4.472320895355166,43.84222251515102],[4.472339537239025,43.84221130850681],[4.472359597712219,43.842201468400944],[4.472380886261018,43.84219308828422],[4.472403200709013,43.842186247742056],[4.473864335953937,43.841797935418036],[4.4738697950016615,43.841796258842194],[4.473869765720029,43.84179491893461],[4.4738684456542765,43.84178041416107],[4.473869218627215,43.84176285805802],[4.473872352327438,43.84174544009695],[4.473877816905884,43.84172832617529],[4.473885560313149,43.84171167929439],[4.4738955087953265,43.84169565800721],[4.473907567596534,43.84168041490809],[4.47392162186147,43.84166609517939],[4.473937537729399,43.84165283520876],[4.473955163609141,43.841640761290165],[4.473974331622906,43.84162998842101],[4.473994859205252,43.84162061920676],[4.474016550841907,43.84161274288392],[4.474039199931912,43.84160643446997],[4.474062590755343,43.84160175404893],[4.474086500527885,43.84159874619908],[4.474110701522663,43.84159743956848],[4.474134963239154,43.84159784660204],[4.474356539605118,43.841609411854044],[4.474362240518385,43.84160950377319],[4.474361779604752,43.841608704809],[4.474353147893038,43.841591268947035],[4.474347037619452,43.841573283344275],[4.474343513488864,43.84155493846673],[4.474342612818976,43.841536428584895],[4.474344345145241,43.84151794971648],[4.4743486921199915,43.841499697550475],[4.4743556077068405,43.84148186537504],[4.4743589388930145,43.8414747128238],[4.474360302950263,43.84147044872872],[4.474470870118319,43.841027453264886],[4.474471624001679,43.84102330833811],[4.474467023686261,43.84102078021494],[4.473347773014775,43.840464668860875],[4.473328740339795,43.84045420355881],[4.473311183807866,43.84044246396451],[4.473295265632654,43.840429558546695],[4.4732811328898405,43.840415606545754],[4.473268916158217,43.840400736871814],[4.473258728313237,43.84038508691389],[4.473250663484128,43.84036880127029],[4.473244796184241,43.84035203041263],[4.4732411806226455,43.840334929295594],[4.4732398502033215,43.84031765592506],[4.47324081721661,43.84030036989841],[4.473244072725724,43.8402832309297],[4.473249586649403,43.84026639737421],[4.47325730803991,43.84025002476511],[4.4732671655538505,43.840234264376605],[4.473279068111393,43.84021926182612],[4.473387590251466,43.84009653773375],[4.473390507119527,43.840092845971505],[4.473385336307456,43.84009082632642],[4.473027775131264,43.839967404540324],[4.47300576477955,43.83995879787683],[4.472985060619713,43.83994863399662],[4.472965872217034,43.83993701577776],[4.472948393794063,43.839924060819015],[4.472932802264718,43.83990990024939],[4.472919255443582,43.83989467740096],[4.472907890448565,43.83987854635789],[4.472898822313038,43.839861670396935],[4.472892142821554,43.83984422033459],[4.472887919580878,43.83982637279825],[4.472886195335776,43.8398083084383],[4.472883374810807,43.8396988736633],[4.472882996124258,43.83969474515233],[4.472877480504071,43.83969365813538],[4.471153042199191,43.8394168927864],[4.471131129519141,43.839412607614626],[4.47110984800211,43.83940689397653],[4.471089374982974,43.8393997994828],[4.471069881059369,43.83939138325062],[4.471051528670104,43.83938171541094],[4.47103447074157,43.83937087652403],[4.471018849413423,43.83935895690827],[4.470792207971555,43.83916939525692],[4.47077835128571,43.83915669357517],[4.47076612699587,43.83914314227049],[4.470755633945661,43.8391288509179],[4.470746956979822,43.839113935076284],[4.470740166258195,43.839098515354],[4.470591318978648,43.83869931200526],[4.470585928276357,43.838681190720266],[4.4705831412111605,43.8386627642125],[4.470582987344006,43.83864422793904],[4.470585468304468,43.838625778521106],[4.470590557773562,43.83860761165838],[4.470598201763034,43.838589920053224],[4.470608319188124,43.83857289136653],[4.470620802727763,43.838556706227315],[4.4706355199630305,43.83854153631655],[4.470652314781835,43.838527542546274],[4.4707333534074145,43.83846665807871],[4.470737283336029,43.838463397195184],[4.470734441830272,43.83845601652324],[4.470729014100056,43.83843863017385],[4.470725988943733,43.838420940478926],[4.470725396030626,43.83840312094383],[4.470727241173912,43.8383853463473],[4.470731506273697,43.838367791027096],[4.470738149494629,43.8383506271701],[4.470747105676313,43.83833402312349],[4.470758286972502,43.83831814174353],[4.470771583712775,43.838303138798274],[4.470786865478271,43.838289161439775],[4.470794845969884,43.838282561981416],[4.470795027602552,43.838278247269265],[4.470782519162581,43.837792220984404],[4.4707821232821905,43.83778799565094],[4.470779247373621,43.837787726385876],[4.4707555247006825,43.83778465287453],[4.470732324520009,43.83777993147313],[4.47070986477428,43.83777360653459],[4.470688356450331,43.83776573747545],[4.4706680015971045,43.837756398217756],[4.470648991427562,43.83774567649459],[4.470631504522418,43.8377336730258],[4.470615705152537,43.83772050057195],[4.470601741735786,43.83770628287488],[4.470589745442819,43.83769115349545],[4.470579828964893,43.83767525455864],[4.470572085455288,43.83765873541853],[4.470566587654302,43.83764175125527],[4.47056338720598,43.837624461617224],[4.470562514173055,43.837607028922264],[4.470563976754611,43.837589616931915],[4.4705677612091455,43.83757238921314],[4.470573831983738,43.83755550760163],[4.470645879815948,43.837388766313794],[4.470647326467722,43.83738474178554],[4.470639779034097,43.83738322524582],[4.47063228091827,43.83738200047703],[4.470609466158614,43.837376553479146],[4.470587484106194,43.83736953820211],[4.4705665399641346,43.837361020133905],[4.47054682924638,43.83735107879106],[4.470528535952531,43.837339806976395],[4.470511830850199,43.83732730991273],[4.470496869880867,43.83731370426049],[4.470483792704197,43.83729911702875],[4.470472721394325,43.837283684389526],[4.470463759300333,43.837267550406644],[4.470458004884152,43.837253366968724],[4.470457468918219,43.83725227146312],[4.470453143281014,43.83724892730681],[4.470335535677189,43.837166911079855],[4.470330999470895,43.8371640446285],[4.470325271980371,43.8371630878316],[4.470313878663528,43.837161616831146],[4.470290958231477,43.83715698489964],[4.47026875450479,43.83715078816643],[4.470247470862201,43.83714308339162],[4.470227302254551,43.83713394114844],[4.470208433419072,43.837123445176864],[4.470191037187242,43.83711169161653],[4.470175272901697,43.837098788126085],[4.470161284956701,43.83708485289709],[4.470149201475573,43.837070013571335],[4.470139133137155,43.83705440607179],[4.47013117216206,43.83703817335746],[4.470125391468031,43.83702146411395],[4.470121844002092,43.837004431391605],[4.470069272215483,43.836631762525684],[4.47006836225482,43.83662743536434],[4.470064731441056,43.83662393522395],[4.469786593266134,43.83638165940313],[4.469772215925397,43.83636783416525],[4.469759739272453,43.83635307338706],[4.469749278641532,43.83633751351904],[4.469740930730267,43.83632129839849],[4.469734772705848,43.83630457791977],[4.469730861491744,43.836287506648745],[4.469729233241562,43.836270242393866],[4.46972990300492,43.83625294474736],[4.469732864588395,43.83623577361004],[4.469738090612861,43.836218887713116],[4.469745532766643,43.836202443150825],[4.4697551222522,43.836186591937505],[4.469766770422148,43.836171480602545],[4.469780369598777,43.83615724883565],[4.4697957940694755,43.83614402819566],[4.469802455971122,43.836139321142895],[4.469807022122176,43.8361357230049],[4.469808455167219,43.83613129421944],[4.469850471962994,43.83596299194378],[4.469855683530798,43.83594655792921],[4.469862996857316,43.835930549064045],[4.46987234775315,43.83591510585495],[4.469883654145738,43.83590036384393],[4.46989681679973,43.83588645241853],[4.469911720188004,43.83587349367637],[4.469921466856647,43.835866474462016],[4.4699243686734444,43.8358641480481],[4.469924561939735,43.83585972046859],[4.4699143781303246,43.83546376979156],[4.469914008541128,43.83545982427323],[4.469910029591886,43.83546253408798],[4.469839750261574,43.83551533666317],[4.469822282080478,43.83552725223921],[4.469803308073064,43.83553789308687],[4.469783005055577,43.83554716004504],[4.469761562229462,43.835554966755716],[4.469739179418209,43.835561240468806],[4.469716065205178,43.83556592272005],[4.469692434989786,43.83556896987589],[4.469668508980168,43.83557035354008],[4.469644510141027,43.835570060818426],[4.46962066211577,43.8355680944387],[4.469597187142343,43.83556447272548],[4.4695743039821565,43.83555922942928],[4.469552225881405,43.83555241341194],[4.469531158583803,43.83554408819142],[4.469511298413233,43.83553433134976],[4.469492830444193,43.83552323381012],[4.469475926777094,43.835510898989476],[4.469460744934466,43.835497441834775],[4.469447426393023,43.83548298775192],[4.469436095265299,43.83546767143682],[4.469426857143075,43.83545163562043],[4.4694197981134405,43.83543502973851],[4.4694167688077275,43.83542431915863],[4.469415655681943,43.83542113091182],[4.469413207831882,43.83541732092102],[4.468903047766475,43.83471187140255],[4.468900002570542,43.83470811998115],[4.468894876693175,43.83470584740012],[4.468465920837826,43.83453599525589],[4.468460794247295,43.83453419618418],[4.468459915278123,43.83453827090327],[4.468408319570728,43.83489010353827],[4.468407982904118,43.83489449531149],[4.468412929323584,43.83489705004966],[4.4686928936253905,43.835026776614036],[4.468713863497724,43.83503764282583],[4.468733165675421,43.83505002289405],[4.468750592503085,43.83506378363311],[4.468765956500073,43.83507877700383],[4.468779092377457,43.83509484170627],[4.468789858816248,43.835111804914774],[4.46879813998779,43.83512948413737],[4.468803846799934,43.83514768917897],[4.468804084923637,43.83514868585333],[4.468807004423689,43.835165694161525],[4.46880767570864,43.83518282637017],[4.468806092689068,43.83519992711956],[4.4688022697182435,43.83521684133509],[4.468796241462046,43.83523341563362],[4.468788062584664,43.83524949971427],[4.46877780725295,43.83526494772155],[4.4687655684639225,43.835279619567935],[4.468751457201467,43.83529338220423],[4.468735601429955,43.83530611082623],[4.468718144933841,43.83531769000638],[4.468699246013787,43.835328014740625],[4.468679076051149,43.83533699140062],[4.468667141207664,43.83534175168694],[4.468662901660934,43.83534390577642],[4.468427483404961,43.835476736150376],[4.468422999559258,43.8354795316758],[4.468423871597261,43.8354848245023],[4.468425552123301,43.83550189565455],[4.468424985022964,43.8355190051702],[4.468422175422076,43.835535998341435],[4.468417148723678,43.83555272151232],[4.4684099503783825,43.83556902346818],[4.468400645473476,43.83558475680291],[4.46838931814444,43.83559977925196],[4.468376070814234,43.835613954978534],[4.468361023267201,43.83562715580216],[4.468344311565988,43.835639262357454],[4.468326086821244,43.835650165173746],[4.468306513825248,43.83565976566476],[4.468303174349749,43.83566124101856],[4.468298376515371,43.835663853245464],[4.467400918624155,43.836203663186964],[4.467381697102249,43.836214129595135],[4.467361168403773,43.836223202655745],[4.467339524636278,43.83623079746283],[4.467316968342415,43.836236842943926],[4.467293710604512,43.836241282525194],[4.46726996906921,43.83624407466083],[4.467245965910668,43.836245193221956],[4.467221925751399,43.836244627740975],[4.467198073560178,43.83624238350973],[4.4671746325467145,43.8362384815298],[4.4671518220728,43.83623295831608],[4.467129855599448,43.83622586555504],[4.4671089386892815,43.836217269620974],[4.467089267082832,43.836207250954885],[4.467071024866766,43.83619590331175],[4.46705438275119,43.836183332883024],[4.467039496472137,43.836169657302996],[4.467026505334197,43.83615500454786],[4.467015530906938,43.83613951173812],[4.467012326712712,43.836133654144064],[4.467009205787264,43.836128665684235],[4.467003728605936,43.836127115392635],[4.466200431646637,43.83593154611241],[4.466179076840138,43.83592554096822],[4.466158576266998,43.83591813855311],[4.4661391039709555,43.835909401711504],[4.466120825265756,43.83589940461674],[4.466103895331665,43.835888232141265],[4.466088457898022,43.83587597913615],[4.465662080593861,43.83550453386995],[4.465648271949636,43.835491309630605],[4.46563620273768,43.83547722183412],[4.465625975340891,43.83546238998862],[4.465617676517669,43.835446939913865],[4.465611376665988,43.83543100267406],[4.465299914538435,43.83447933773778],[4.46529519922712,43.83446052401662],[4.465293267804548,43.83444145435668],[4.465294142067169,43.83442234398998],[4.4652978121447235,43.83440340860783],[4.465456691469159,43.83381346758471],[4.465457540087532,43.83380924122487],[4.465455059135885,43.83380536641245],[4.465228777313211,43.83349241954434],[4.465218635048082,43.83347656372385],[4.4652106645719,43.83346007069419],[4.465204941006333,43.833443095906006],[4.46520151829524,43.83342579935042],[4.465200428696307,43.83340834405124],[4.465201682477093,43.83339089452817],[4.465205267818335,43.83337361524645],[4.465211150925421,43.833356669066525],[4.465219276347,43.83334021570918],[4.4652295674976825,43.83332441025011],[4.465241927379944,43.833309401658326],[4.465256239498386,43.83329533139212],[4.465272368957775,43.833282332065856],[4.465290163734488,43.83327052619992],[4.465436994575624,43.833182210867385],[4.465441395167299,43.83317928821001],[4.465441441927079,43.83317850171543],[4.46544132303327,43.83316231244829],[4.465443657968914,43.83314445658316],[4.46544843636767,43.83312685760885],[4.465455610773851,43.83310969029775],[4.4654651099375995,43.83309312513533],[4.465476839522543,43.83307732662707],[4.465490683042692,43.8330624516648],[4.465506503019295,43.83304864796869],[4.465524142346164,43.8330360526203],[4.465543425849869,43.8330247907012],[4.465564162029382,43.833014974051],[4.465586144957801,43.83300670015649],[4.46560915632736,43.83300005118378],[4.4656143994797235,43.83299895944745],[4.4656232456380724,43.83299675706492],[4.465624631748888,43.83299245899245],[4.465678779582452,43.83277561867281],[4.46567955828059,43.83277125641881],[4.465674882909882,43.83276844708558],[4.4653725239674396,43.83260463774847],[4.465353515974823,43.832593231262145],[4.465336164536138,43.8325805162852],[4.465320640761565,43.83256661820651],[4.465307097737434,43.83255167408205],[4.465295669016591,43.832535831283195],[4.465286467301393,43.8325192460435],[4.465279583332375,43.83250208191799],[4.465275084993467,43.832484508170076],[4.465273016642641,43.83246669810264],[4.4652733986745625,43.83244882734876],[4.465276227319559,43.832431072139805],[4.465281474680878,43.83241360756756],[4.465289089009888,43.832396605857554],[4.465298995216467,43.83238023467065],[4.465311095609575,43.832364655449744],[4.4653252708606965,43.832350021827686],[4.465341381180628,43.83233647811231],[4.465355682491241,43.83232662735755],[4.465357228878586,43.83232545488235],[4.465353482870141,43.83232225198384],[4.464877071979362,43.83195306962249],[4.464861371090322,43.83193964313962],[4.464847555862297,43.83192517120359],[4.464835758274037,43.8319097920683],[4.464826091029009,43.831893652654315],[4.46481864647876,43.831876907145116],[4.464813495740731,43.83185971551422],[4.464810688018923,43.831842241996945],[4.464810250133915,43.83182465352133],[4.464812186266724,43.83180711811347],[4.464816477918948,43.83178980329231],[4.464900540326101,43.831525657285844],[4.464901559803612,43.831521588698834],[4.464898029294087,43.83151833814453],[4.464475148371354,43.83116453927507],[4.464460475426354,43.831151006638905],[4.464447654318713,43.83113652168102],[4.464436802188064,43.83112121674445],[4.4644280181840825,43.83110523166388],[4.464421382560635,43.831088712488054],[4.464416955942599,43.8310718101454],[4.464414778772018,43.83105467906507],[4.464414870938683,43.83103747576584],[4.464417231598462,43.831020357426304],[4.464421839181108,43.83100348044856],[4.464428651587395,43.8309869990294],[4.464437606573834,43.83097106375149],[4.46444862232142,43.83095582020747],[4.464461598183239,43.83094140766987],[4.4644764156040555,43.83092795781866],[4.464492939203548,43.830915593538116],[4.464511018013213,43.83090442779413],[4.464530486855712,43.830894562602154],[4.464551167854001,43.83088608809512],[4.465589141814643,43.830506967860806],[4.46561157181211,43.83049975733584],[4.465634874550021,43.83049418285899],[4.465658822957611,43.83049029875002],[4.465683183672641,43.830488142857114],[4.465707719315304,43.830487736188054],[4.465732190801285,43.830489082705604],[4.465756359671419,43.8304921692888],[4.465779990415253,43.83049696586083],[4.465802852765898,43.83050342568214],[4.465824723943772,43.830511485805864],[4.4658453908274,43.8305210676911],[4.4658646520301275,43.83053207796835],[4.465882319862477,43.83054440934924],[4.465898222161061,43.83055794167196],[4.465912203966226,43.83057254307218],[4.465924129032057,43.83058807126798],[4.46593388115405,43.83060437494616],[4.465935452090499,43.83060740302245],[4.465941263713677,43.83060799917882],[4.466489523816821,43.830644652544024],[4.466495352456782,43.83064483115248],[4.4664948894533225,43.83064062122637],[4.466447388245932,43.83037600936844],[4.466445424110861,43.8303581428919],[4.466445924384628,43.83034022358477],[4.466448884103813,43.83032242914918],[4.466454273915223,43.83030493604881],[4.466462040367078,43.83028791775893],[4.46647210643916,43.83027154304602],[4.466484372306687,43.83025597429421],[4.466498716330303,43.83024136589499],[4.466514996262415,43.83022786271615],[4.4665330506578504,43.83021559866514],[4.466552700474899,43.8302046953613],[4.466573750850819,43.83019526092966],[4.466595993034236,43.83018738892888],[4.46935010737293,43.82933282280165],[4.4693731888349335,43.829326620703306],[4.469397004481676,43.82932210172376],[4.469421320756571,43.829319310179976],[4.469445899193579,43.82931827344815],[4.469470498755756,43.829319001695374],[4.469494878198988,43.82932148777984],[4.469518798437776,43.82932570732093],[4.469542024889843,43.82933161893819],[4.46956432977659,43.82933916465735],[4.469585494356834,43.82934827047865],[4.469605311071943,43.8293588471026],[4.469623585581294,43.82937079080573],[4.469640138668143,43.829383984457756],[4.4696548079971805,43.829398298670164],[4.4696674497065505,43.82941359306521],[4.469677939818723,43.82942971765243],[4.469686175456376,43.829446514299676],[4.469692075851358,43.829463818283806],[4.4696955831368586,43.82948145990613],[4.469696662914963,43.82949926615659],[4.469695304594096,43.829517062410446],[4.469691521492969,43.82953467414089],[4.469685350710056,43.82955192863053],[4.4696768527598545,43.82956865666519],[4.4696661109795075,43.82958469419357],[4.469653230711576,43.82959988393592],[4.469641169037896,43.82961137911246],[4.469639960695165,43.829612650739726],[4.4696442602842,43.82961540517143],[4.471528028738257,43.83070944734893],[4.471532788594527,43.83071194266211],[4.471537069781029,43.83070902812181],[4.471808348281299,43.830505183888775],[4.471825805730004,43.830493273469685],[4.471844767536355,43.83048263646481],[4.47186505716881,43.83047337190256],[4.4718864857343155,43.83046556603419],[4.471908853736836,43.8304592915307],[4.471931952934594,43.83045460680644],[4.471955568278719,43.83045155547517],[4.471979479915258,43.83045016594416],[4.472003465231915,43.83045045114963],[4.47202730093047,43.830452408436386],[4.472578734353657,43.83051732511383],[4.472584556879727,43.83051780436337],[4.472589525993377,43.83051555577535],[4.472749594572961,43.83043514300377],[4.472771050343823,43.83042549491009],[4.472793747632887,43.830417472559986],[4.472817452173998,43.830411158754565],[4.472841919305113,43.83040661866048],[4.472866896493479,43.830403899137416],[4.472892125942041,43.83040302825435],[4.472917347250156,43.830404014999964],[4.472942300101206,43.8304068491897],[4.472966726949315,43.83041150157109],[4.472990375677496,43.83041792412555],[4.4730130021997505,43.83042605056392],[4.473034372980315,43.83043579701079],[4.473054267444,43.83044706287007],[4.473072480252795,43.830459731863236],[4.4730807547771025,43.830466103785604],[4.4730867160760095,43.830466235155484],[4.473633804378619,43.83045884441413],[4.473639254540041,43.830458576697694],[4.473635511124354,43.83045569662756],[4.473247510263852,43.83018510521805],[4.473231382761227,43.83017274244296],[4.473216938898499,43.83015933302194],[4.473204307604963,43.830144996651775],[4.473193601630083,43.8301298613034],[4.473184916537091,43.830114062079566],[4.473178329850016,43.830097740008874],[4.473173900361719,43.83008104078687],[4.473171667609162,43.83006411347556],[4.473171651520557,43.83004710917277],[4.473173852237541,43.83003017966342],[4.473178250113987,43.83001347606473],[4.473184805891444,43.82999714747718],[4.473297985318664,43.829758030280715],[4.473306853343317,43.829741882452346],[4.473317831154498,43.829726429005916],[4.473330816415331,43.829711813998415],[4.4733456880757645,43.829698173670955],[4.473362307501023,43.829685635178464],[4.473380519763996,43.82967431540459],[4.473400155089472,43.82966431987193],[4.473421030436778,43.829655741758586],[4.473442951206072,43.82964866102945],[4.47346571305237,43.82964314369073],[4.4734891037904,43.82963924117495],[4.47351290537255,43.829636989861086],[4.473536895921438,43.82963641073584],[4.4735608517981955,43.829637509197774],[4.473584549687154,43.829640275007065],[4.4741746006637975,43.829730486938864],[4.474180572975126,43.82973117816797],[4.474185773535996,43.829728942830585],[4.474528635552036,43.82956440143883],[4.474549100785494,43.829555571475275],[4.474570639544154,43.82954820016478],[4.474593054036472,43.829542355198306],[4.474616138429224,43.82953809025036],[4.474639680737631,43.82953544448607],[4.474663464771981,43.829534442201556],[4.474687272122848,43.82953509260082],[4.474710884166696,43.82953738971124],[4.474734084073444,43.82954131243836],[4.474756658797577,43.829546824759724],[4.474778401034495,43.82955387605549],[4.474799111124156,43.82956240157341],[4.474818598884517,43.82957232302336],[4.474836685357976,43.82958354929625],[4.474853204454719,43.82959597730072],[4.4748680044779405,43.82960949290979],[4.474880949516883,43.82962397200883],[4.474891920694957,43.82963928163535],[4.474900817261406,43.829655281199955],[4.474907557516577,43.829671823777375],[4.4749120795622135,43.82968875745565],[4.474926614659562,43.82976182102536],[4.474927766904682,43.829766078652426],[4.474933756346152,43.829765927642576],[4.47570713628074,43.8297180813247],[4.4757319028930045,43.82971744643484],[4.475756633773556,43.82971859968491],[4.4757810831914115,43.82972152961601],[4.475805008212184,43.82972620711573],[4.475828171111856,43.82973258570752],[4.475850341738793,43.82974060201238],[4.475871299800542,43.82975017637868],[4.4758908370526544,43.82976121367346],[4.475908759367831,43.82977360422779],[4.4759248886647995,43.82978722492635],[4.475939064677788,43.82980194043074],[4.4760609230133985,43.829942926519884],[4.476072964412404,43.829958531309266],[4.476082808294966,43.82997492380277],[4.47609035756696,43.82999194231794],[4.476095537766261,43.83000941899763],[4.47609829779724,43.83002718146552],[4.476098610434824,43.83004505452637],[4.476096472593103,43.830062861893936],[4.476091905355864,43.830080427929744],[4.476084953768722,43.83009757937554],[4.476075686394909,43.83011414706205],[4.4760641946390916,43.830129967577626],[4.4760505918458975,43.83014488488007],[4.4760350121820105,43.83015875183565],[4.476017609312899,43.83017143167048],[4.47599855488719,43.83018279931947],[4.475978036843653,43.83019274265995],[4.47595625755751,43.830201163617566],[4.475933431844316,43.83020797913373],[4.475909784841137,43.83021312198476],[4.474887398908657,43.83039594055996],[4.474881938046672,43.83039712047706],[4.474882824208849,43.83040119586684],[4.475085364966546,43.83110983984405],[4.475086905544772,43.831114135163446],[4.475091102370742,43.83111736985586],[4.47545659137361,43.83137224570565],[4.475474289443995,43.8313859445041],[4.47548992203402,43.83140090226337],[4.475503319366256,43.83141695653664],[4.4755143359386365,43.83143393296845],[4.475522852104715,43.83145164718813],[4.475528775373164,43.831469906812224],[4.475532041412349,43.83148851353369],[4.475532614749111,43.83150726527572],[4.475532370321728,43.83151316155731],[4.475536594644488,43.83151599642061],[4.476032598400901,43.831818515338306],[4.47603749001705,43.831821206572265],[4.476042148877401,43.83182136425632],[4.476066243125988,43.83182303357643],[4.476089998968489,43.83182639100116],[4.476113191256795,43.831831404710236],[4.476135600183791,43.83183802718583],[4.476157013366536,43.83184619566283],[4.476177227859106,43.831855832723754],[4.476196052076006,43.83186684703243],[4.4762133076079165,43.83187913419963],[4.4762288309125875,43.83189257777242],[4.47624247486483,43.83190705033783],[4.476254110150943,43.83192241473032],[4.476263626494328,43.83193852533194],[4.4762709337007065,43.83195522945223],[4.476275962513,43.831972368775475],[4.476290779515648,43.83203858402956],[4.476292048815891,43.83204288837901],[4.476296439705741,43.832045932775685],[4.476919238814189,43.83243668393571],[4.476923802887566,43.83243928434758],[4.476929502388135,43.83244009388796],[4.4772916467386095,43.832478761323976],[4.477297606403063,43.83247918138543],[4.477301813476574,43.83247609696537],[4.477903570160401,43.83198900679498],[4.477920875928687,43.83197632302335],[4.477939830202611,43.831964940854974],[4.4779602470132005,43.831954971964834],[4.47798192604227,43.8319465141617],[4.478004654587805,43.83193965042838],[4.478028209650834,43.83193444810762],[4.478052360123318,43.83193095824138],[4.4780768690555846,43.83192921507009],[4.478101495981074,43.83192923569665],[4.47812599927558,43.83193101991867],[4.478150138527854,43.831934550230514],[4.478173676898307,43.8319397919949],[4.478196383442672,43.83194669378289],[4.478218035377833,43.83195518787835],[4.478238420267601,43.83196519094241],[4.478257338106971,43.83197660483101],[4.478274603284433,43.831989317557934],[4.479228270270533,43.83276485932387],[4.479232575981896,43.83276802789095],[4.479237979683873,43.83277013817377],[4.480308524391465,43.833139630277195],[4.480328845803109,43.83314750058432],[4.480348073179641,43.83315669921431],[4.4803660413085495,43.833167147127654],[4.480382595797213,43.833178754550225],[4.48039759439952,43.83319142174474],[4.480508086070476,43.833294002158496],[4.48052163096245,43.83330788192761],[4.480533307104453,43.833322624577356],[4.480543010401615,43.83333809867627],[4.480550654346862,43.83335416627193],[4.480556170792171,43.83337068412069],[4.480559510556175,43.83338750496475],[4.480706544322367,43.83449834583906],[4.480707576120527,43.83450325594776],[4.480709352044478,43.83450805327951],[4.480969033380124,43.835080550031904],[4.480970456914112,43.83508323367863],[4.480970108344229,43.83508037009384],[4.480612049159553,43.83320368845627],[4.480611011550018,43.83319965021608],[4.4806061654254306,43.83319751360609],[4.479327279226387,43.832691275105596],[4.479304812118433,43.83268122403407],[4.479283944651248,43.83266950442774],[4.479264912303716,43.83265624853715],[4.478183817851934,43.8318187730129],[4.478168164023051,43.83180539581414],[4.478154382375805,43.831790979557375],[4.478142603677417,43.83177566103286],[4.478132939689627,43.831759585592],[4.477872386424947,43.83126111668251],[4.477864650100863,43.8312436843802],[4.477859400431327,43.831225773277914],[4.477856691745625,43.83120756874724],[4.477856552074936,43.831189259196435],[4.477858982862322,43.83117103412048],[4.477863958947898,43.83115308213993],[4.477871428829319,43.83113558904867],[4.477881315194904,43.831118735891245],[4.477893515723852,43.83110269708899],[4.477907904145289,43.831087638634926],[4.478062356995657,43.83094238311309],[4.47806561211591,43.830938991430095],[4.478062408839693,43.83093795413035],[4.47804754362822,43.8309337684087],[4.478026254768879,43.83092600025192],[4.478006091589235,43.83091679169555],[4.477987239492115,43.83090622741366],[4.477969871824477,43.83089440454634],[4.477954148283447,43.830881431806525],[4.477940213447894,43.83086742848028],[4.477928195449014,43.83085252332997],[4.477918204792192,43.83083685341026],[4.477910333340923,43.83082056280779],[4.477904653472181,43.83080380131636],[4.477901217410952,43.83078672305948],[4.4779000567501,43.830769485073226],[4.4779011821599335,43.830752245862264],[4.4779045832901785,43.83073516394233],[4.4779102288652055,43.83071839638273],[4.477918066971702,43.8307020973621],[4.477928025536075,43.83068641675063],[4.477940012987243,43.83067149873216],[4.477953919098677,43.830657480478294],[4.477969616001984,43.8306444908872],[4.4779916013602525,43.8306279680044],[4.477995452684126,43.830624778447145],[4.477994012450105,43.83062067241978],[4.477732623658925,43.830002428114874],[4.4777306863856134,43.82999851356561],[4.477725846571575,43.82999627419042],[4.477421921391684,43.82986979981237],[4.477416697172032,43.829867862704056],[4.4774112840228,43.82986950561302],[4.47693913534198,43.830032652499135],[4.476916871120353,43.83003940556561],[4.476893807167892,43.83004456368686],[4.476870160922344,43.83004807823412],[4.476846155311236,43.83004991607362],[4.476822016650152,43.83005005987888],[4.476797972509048,43.83004850829417],[4.4767742495667635,43.83004527594725],[4.476751071473914,43.83004039331141],[4.476728656744342,43.83003390641828],[4.476707216695014,43.83002587642374],[4.476686953453755,43.83001637903142],[4.476668058053646,43.83000550377895],[4.476650708632021,43.829993353193835],[4.476635068751045,43.829980041826786],[4.476621285855739,43.82996569517188],[4.476518866607446,43.82984720143836],[4.476506818486844,43.82983158701507],[4.476496970604044,43.82981518402115],[4.476489420206828,43.829798154439345],[4.476484241854657,43.82978066643981],[4.4764814866824585,43.829762892719636],[4.476481181895739,43.82974500879717],[4.476483330502021,43.82972719127892],[4.476487911281231,43.829709616115444],[4.476494878995338,43.829692456863846],[4.476504164835172,43.829675882973916],[4.4765156771,43.829660058114705],[4.476529302103151,43.82964513855844],[4.476544905294739,43.82963127163723],[4.4765623325904,43.829618594288185],[4.476581411892917,43.8296072317012],[4.476601954791706,43.82959729608272],[4.47662375842338,43.82958888554768],[4.476646607475027,43.829582083150726],[4.477645891031712,43.82932581182969],[4.477651183252897,43.82932425116852],[4.477655323729228,43.82932141279402],[4.478465913954391,43.82871220369035],[4.478483195611909,43.82870039997683],[4.478501954777346,43.82868984444591],[4.478522020118626,43.82868063350345],[4.47854320837438,43.828672851274774],[4.478565326027694,43.82866656883647],[4.478588171073499,43.82866184356727],[4.478611534863487,43.82865871862393],[4.478635204011696,43.82865722254715],[4.478658962343344,43.82865736900086],[4.478682592869147,43.82865915664746],[4.478705879767055,43.82866256916009],[4.479247125869282,43.82876158656924],[4.479252914949847,43.82876242891141],[4.479256195452658,43.82875887453556],[4.4794898999648005,43.828476537324846],[4.479502768616894,43.82846252147201],[4.47951738937671,43.828449437085496],[4.479533634402508,43.82843739857215],[4.4795513616506195,43.828426511193875],[4.479570416117433,43.8284168701473],[4.479590631194727,43.828408559731315],[4.47961183012642,43.82840165261015],[4.479633827554079,43.828396209177896],[4.479656431137604,43.82839227703052],[4.479679443236966,43.8283898905497],[4.480354981966938,43.828343035811024],[4.480360946141195,43.82834240492006],[4.480366272785909,43.82833714477998],[4.4803811986033155,43.82832379173384],[4.480397814810077,43.82831152961367],[4.4804159700501245,43.8283004701136],[4.48043549894881,43.82829071397322],[4.480456223619291,43.82828235005992],[4.480477955282852,43.828275454559424],[4.480500495988456,43.82827009028186],[4.480523640415801,43.828266306089695],[4.480547177745523,43.82826413645256],[4.480570893579467,43.828263601133344],[4.48059457189355,43.8282647050082],[4.480617997005449,43.82826743802212],[4.480640955539154,43.82827177528045],[4.481102248240282,43.82837617620987],[4.481106424513797,43.82837696341992],[4.481102853650868,43.82837520904418],[4.480680806676957,43.82818873091565],[4.480660384432054,43.82817866633417],[4.480641442850479,43.82816718404821],[4.480624168983652,43.82815439744795],[4.480608733413589,43.82814043280389],[4.480595288568405,43.82812542801986],[4.480583967217059,43.828109531271146],[4.480574881158297,43.82809289954131],[4.480568120116666,43.828075697071824],[4.480563750856532,43.82805809374009],[4.480561816522854,43.82804026338204],[4.480562336215209,43.82802238207533],[4.480565304799265,43.82800462640053],[4.480570692957571,43.82798717169745],[4.480578447479165,43.82797019033358],[4.480588491785124,43.827953850001954],[4.48060072668485,43.82793831206525],[4.480615031355676,43.82792372996215],[4.480631264536035,43.82791024769243],[4.480899474334947,43.82770865337674],[4.480918308789172,43.82769589334612],[4.480938868190536,43.82768461488684],[4.480960931196763,43.82767493942209],[4.480984260278227,43.827666971117274],[4.481008604275165,43.827660795758604],[4.481033701101589,43.82765647982952],[4.481059280566818,43.82765406979496],[4.481804590889408,43.827612159755475],[4.481828307474271,43.82761164823027],[4.481851983401738,43.82761277586195],[4.481875403010867,43.82761553237905],[4.481898352975423,43.82761989267285],[4.4819206242469845,43.82762581702597],[4.481942013959087,43.82763325147427],[4.481962327275084,43.827642128298265],[4.481981379162841,43.82765236664005],[4.481998996080157,43.82766387323977],[4.482015017555537,43.827676543285065],[4.4820292976499045,43.827690261365824],[4.482041706285963,43.82770490252544],[4.482052130433083,43.82772033339887],[4.482060475136934,43.82773641342763],[4.482066664384451,43.82775299613992],[4.482086930718879,43.82781980934048],[4.482088469195786,43.82782390997326],[4.4820943359366945,43.82782403862138],[4.482454807301636,43.8278191392426],[4.482461028530261,43.8278188268262],[4.482467036812668,43.827817617485],[4.4834437423589995,43.82758198712236],[4.483449204759292,43.8275804513095],[4.483449380406715,43.82757621091083],[4.483444937716782,43.82740502924832],[4.48344455022342,43.82740087536711],[4.483438807590495,43.827401097096214],[4.4832151087926855,43.82741766137209],[4.483189506111693,43.82741859530046],[4.483163906701278,43.82741761550926],[4.483138582761363,43.82741473241673],[4.483113803562704,43.82740997667887],[4.4830898325836275,43.82740339886377],[4.483066924708392,43.82739506891365],[4.4830453235169365,43.82738507540129],[4.4830252586948305,43.82737352458809],[4.4830103180751895,43.8273629317831],[4.483008568996852,43.82736180247431],[4.483002603373466,43.82736205180383],[4.4809919996665375,43.82751806741653],[4.480966592776883,43.8275190904616],[4.480941174525642,43.82751822792494],[4.4809160112148945,43.82751548884316],[4.48089136647568,43.8275109019131],[4.480867498505921,43.82750451519116],[4.480844657365254,43.82749639558973],[4.480823082355165,43.82748662817628],[4.480581318472355,43.827364286803615],[4.480562154281074,43.82735354546591],[4.480544525894139,43.82734150419503],[4.480528600855947,43.827328277434844],[4.4805145305214555,43.82731399089632],[4.480502448617676,43.827298780362845],[4.480492469972732,43.82728279039948],[4.480484689424541,43.827266172979215],[4.48047918091952,43.82724908603833],[4.480475996809832,43.82723169197541],[4.4804751673559,43.82721415610791],[4.4804767004388895,43.827196645100784],[4.480480581485871,43.82717932538265],[4.480486773608424,43.82716236156382],[4.480495217953296,43.82714591487199],[4.480505834261837,43.827130141619776],[4.480518521632857,43.827115191719194],[4.480533159481665,43.82710120725681],[4.480549608686168,43.82708832114345],[4.480567712909149,43.82707665585088],[4.480587300084126,43.827066322247944],[4.480608184050721,43.82705741854686],[4.4806301663239205,43.827050029369694],[4.481002903644744,43.82694038934707],[4.48100832849252,43.82693856519163],[4.481011451253981,43.82693487182712],[4.481162967817819,43.82673426591147],[4.48117541578543,43.82671951510936],[4.481189760956697,43.82670569687743],[4.481205871006131,43.82669293867918],[4.481223597328778,43.82668135819994],[4.481242776411004,43.82667106226136],[4.4812632313388,43.826662145836096],[4.4812847734296755,43.826654691171655],[4.481307203973097,43.82664876703192],[4.481330316063415,43.8266444280627],[4.481353896508379,43.82664171428784],[4.481377727795624,43.82664065073994],[4.4814015900990185,43.82664124722938],[4.481425263306338,43.82664349825402],[4.482178586391823,43.826741969250484],[4.482184033687921,43.82674248526247],[4.482181724054882,43.826738876543175],[4.482170909368024,43.82672392588701],[4.482160665335902,43.82670789602577],[4.482152640899775,43.82669121642263],[4.482146913337618,43.82667404771176],[4.482143537807022,43.826656555237655],[4.482142546814065,43.82663890746258],[4.482143949900348,43.826621274344376],[4.482147733551193,43.826603825699486],[4.482153861325866,43.82658672956765],[4.482162274208619,43.826570150593554],[4.482172891177108,43.826554248441276],[4.482185609982749,43.82653917625653],[4.482200308135483,43.82652507919203],[4.48221684408346,43.826512093009335],[4.482235058576283,43.82650034277171],[4.482254776198677,43.82648994163956],[4.482275807059843,43.82648098978064],[4.483035247827448,43.82619305413123],[4.483040243915777,43.82619093568262],[4.483042377464004,43.82618703890079],[4.4832097915763445,43.82583317110682],[4.48321885049246,43.825816713770074],[4.483230100375986,43.825800980952216],[4.483243432223585,43.825786125090524],[4.483258716859796,43.82577229012523],[4.483275806188664,43.82575961010489],[4.483294534628702,43.825748207887536],[4.483314720717224,43.8257381939504],[4.483336168868563,43.825729665319464],[4.483358671269101,43.82572270462934],[4.4833820098907635,43.825717379322796],[4.483405958603469,43.82571374099714],[4.483430285366075,43.8257118249044],[4.48345475447459,43.825711649609744],[4.483479128845852,43.825713216811614],[4.4844543061287725,43.825811131454095],[4.484460311730407,43.82581151950218],[4.484465331836966,43.82581113227154],[4.484478529369574,43.82580963007196],[4.484502232415258,43.82580859254605],[4.484525964058365,43.82580919706973],[4.484549507766433,43.825811438127126],[4.484572648721706,43.82581529527041],[4.484595175781131,43.82582073330616],[4.4846168834028175,43.82582770261663],[4.484637573521404,43.82583613961236],[4.4846570573552125,43.82584596731234],[4.484675157128717,43.825857096046484],[4.484691707694585,43.82586942427366],[4.484706558040525,43.82588283950832],[4.484719572667166,43.82589721934661],[4.484730632824409,43.82591243258337],[4.48473963759497,43.825928340409156],[4.48474650481522,43.82594479767688],[4.484775575941647,43.82602876242245],[4.484777057877763,43.826032387846446],[4.484779351781875,43.82603576949588],[4.485610929588649,43.827142183312716],[4.485612158493541,43.82714364090295],[4.485611267488328,43.827142059762],[4.485410710863863,43.82683125827865],[4.485401522575589,43.82681499204156],[4.485394569352835,43.82679815459573],[4.485389917487611,43.82678090647415],[4.48538761132999,43.82676341212524],[4.485387672865342,43.8267458383448],[4.485390101504796,43.82672835268579],[4.485394874090941,43.82671112186088],[4.485401945118693,43.82669431015292],[4.48541124716923,43.82667807784863],[4.485422691552856,43.82666257971041],[4.485612275121315,43.82643349635835],[4.485625904109672,43.826418732200956],[4.485641476415239,43.82640501225194],[4.485658840443155,43.82639247007245],[4.485677827156809,43.82638122775816],[4.485698251723389,43.82637139475077],[4.485719915313195,43.82636306677258],[4.485742607035172,43.8263563248947],[4.485766105989879,43.82635123474788],[4.485790183419838,43.82634784588361],[4.485814604936393,43.82634619129169],[4.485839132801377,43.82634628707924],[4.485863528241373,43.82634813231379],[4.485887553772051,43.82635170903237],[4.485910975509973,43.82635698241643],[4.485933565449334,43.82636390113072],[4.48595510368149,43.82637239782302],[4.485975380535695,43.82638238977983],[4.485994198620161,43.82639377973148],[4.486011374743611,43.82640645679907],[4.486026741698616,43.826420297573776],[4.486040149889328,43.82643516731825],[4.4860514687878,43.82645092127817],[4.486060588204703,43.82646740609144],[4.486067419362038,43.82648446128102],[4.486162396220598,43.8267743633762],[4.486163697340684,43.82677762427747],[4.486164415871618,43.82677427014851],[4.4861885867827,43.82660907208718],[4.486192550684082,43.826590903407585],[4.4861990553350575,43.82657312251736],[4.486208032793307,43.826555915134925],[4.486219389288684,43.826539460988315],[4.486233006202715,43.826523931937984],[4.486248741307608,43.82650949018183],[4.486266430251855,43.82649628656101],[4.486285888276875,43.826484458984545],[4.4863069121468,43.82647413098889],[4.486329282271223,43.82646541044755],[4.486352764998753,43.82645838844459],[4.486521494952586,43.82641509841459],[4.486526916509688,43.82641348605213],[4.486525772591498,43.82640932433316],[4.486125549043256,43.825253471860606],[4.486123781555484,43.82524928119297],[4.486117735472765,43.82524947764883],[4.483710639687185,43.825416549188894],[4.483704229991835,43.825417241281016],[4.483698160279507,43.82541888531891],[4.478037239281115,43.82720237037838],[4.478031790479612,43.82720432230144],[4.478026632110046,43.82720665138857],[4.47730008852182,43.82757170938412],[4.477295498457374,43.82757425621464],[4.47729351402965,43.827578188747445],[4.477238430650912,43.82770572784924],[4.477236909361873,43.82770996908081],[4.477236893864047,43.82771016179788],[4.47723666073516,43.82772753381622],[4.477233989580331,43.827745245632784],[4.4772289125358755,43.82776267946004],[4.477221479354729,43.8277796644462],[4.4772117628801835,43.82779603413796],[4.477199858332082,43.82781162811184],[4.477185882373735,43.82782629354624],[4.477169971968668,43.82783988671915],[4.4771522830384045,43.82785227441671],[4.477132988934454,43.8278633352387],[4.477112278739474,43.82787296078829],[4.477090355414219,43.82788105673435],[4.477067433808512,43.827887543735955],[4.4770437385556505,43.827892358219955],[4.4767511591209095,43.82794063643618],[4.476745447227979,43.827941791699615],[4.476741131245171,43.82794473637367],[4.476232804994684,43.828326765691564],[4.476215455053667,43.828338611172235],[4.476196617141932,43.828349198641],[4.4761764646081925,43.82835843067029],[4.476155182898811,43.8283662223054],[4.476132967851264,43.82837250184632],[4.476110023891989,43.828377211507664],[4.476086562155178,43.828380307950276],[4.4760627985398305,43.82838176268012],[4.476038951722962,43.828381562310504],[4.476015241147251,43.828379708685276],[4.47599188500162,43.828376218861834],[4.475969098213374,43.82837112495417],[4.475947090470349,43.828364473837304],[4.475926064291279,43.82835632671597],[4.475906213162153,43.82834675856143],[4.475887719755687,43.82833585742139],[4.475870754250337,43.82832372360992],[4.475855472764276,43.82831046878425],[4.475842015918778,43.828296214917266],[4.475830507544232,43.82828109317511],[4.475821053540659,43.82826524271007],[4.4758137409032575,43.82824880938016],[4.475756141509374,43.82809434160603],[4.475754318116513,43.828090267937014],[4.4757484562019965,43.82809084062739],[4.4755408837744906,43.82811878164773],[4.475517330104939,43.82812111515612],[4.475493576247897,43.82812180927962],[4.475469839415811,43.828120857671024],[4.475446336665435,43.82811826903209],[4.475423282912953,43.82811406703412],[4.475400888968659,43.82810829010149],[4.475379359609208,43.82810099106018],[4.475358891705027,43.828092236654776],[4.475339672420038,43.82808210693815],[4.475321877500171,43.828070694539335],[4.475305669666265,43.82805810381654],[4.4752911971261105,43.82804444990284],[4.47513079683655,43.82787712581726],[4.475127589878979,43.8278741082199],[4.4751274298882295,43.82787791383673],[4.475129981376407,43.82797677923837],[4.4751292112508,43.82799468942152],[4.475125984923547,43.82801245539981],[4.475120334372699,43.828029901071574],[4.475112315606063,43.82804685350995],[4.475102008106126,43.82806314467695],[4.475089514042267,43.828078613089275],[4.475074957258086,43.828093105418795],[4.47505848204388,43.82810647801262],[4.475040251706418,43.82811859831688],[4.475020446950215,43.8281293461908],[4.474999264086322,43.828138615097565],[4.4749769130864125,43.82814631316035],[4.474953615501445,43.82815236407308],[4.4749296022655205,43.82815670785682],[4.474905111406738,43.82815930145436],[4.4746537321802915,43.82817672475998],[4.474628955184008,43.82817754224757],[4.474604188978689,43.82817656834775],[4.474579680073074,43.828173812754166],[4.47455567241482,43.82816930289443],[4.474532404962316,43.828163083657124],[4.474510109306166,43.828155216945],[4.474489007364023,43.8281457810588],[4.4744693091717105,43.82813486991787],[4.474451210792617,43.828122592125325],[4.474434892366196,43.828109069887056],[4.4744205163149635,43.82809443779538],[4.4744082257278714,43.82807884148928],[4.474398142936114,43.828062436204796],[4.474390368295584,43.82804538522994],[4.474384979188048,43.82802785827939],[4.474382029251017,43.828010029805164],[4.47438154784396,43.827992077260326],[4.474383539756164,43.82797417933268],[4.474383644859115,43.82797359868909],[4.474383532970122,43.82797346586112],[4.474370420366331,43.827959474362984],[4.4743589159437835,43.82794421006213],[4.474349499927271,43.827928213271306],[4.474342260207979,43.8279116333112],[4.474337264362444,43.827894624945834],[4.474334559021849,43.82787734693801],[4.474334169436804,43.827859960567345],[4.474336099241736,43.82784262812481],[4.474340330421039,43.82782551139781],[4.474346823477311,43.82780877016006],[4.47435551780012,43.82779256068017],[4.474366332231825,43.827777034262965],[4.474379165825196,43.82776233583729],[4.474393898785732,43.82774860260302],[4.47441039358991,43.82773596275059],[4.474428496268892,43.82772453426434],[4.474448037845742,43.82771442382134],[4.474468835912708,43.827705725795475],[4.474490696333847,43.8276985213767],[4.474836082882205,43.827598978142795],[4.4748593199176465,43.82759322613085],[4.474883227467785,43.82758916192786],[4.474907572245806,43.82758682519172],[4.474932116698603,43.82758623872402],[4.474956621324717,43.82758740824737],[4.474971138209626,43.82758915448089],[4.47498111497957,43.827579760776885],[4.474997689982222,43.8275669577861],[4.475015908339621,43.82755538416247],[4.475035596878318,43.827545149917746],[4.47505656845053,43.82753635233225],[4.475078623713045,43.82752907503036],[4.4785654107996775,43.826524063921624],[4.478580965554238,43.82651864503909],[4.4792445570719535,43.82624479986767],[4.479249757540196,43.82624239494884],[4.479250142886457,43.826241882898344],[4.4792623274484615,43.826227367307254],[4.47927634786801,43.82621374795455],[4.479292079266041,43.82620114614571],[4.479309381524327,43.82618967412312],[4.4793281005335235,43.82617943406622],[4.47934806956578,43.82617051718149],[4.479369110759764,43.826163002890084],[4.479391036704812,43.82615695812049],[4.479413652110149,43.82615243671237],[4.479436755544253,43.82614947893708],[4.479460141228948,43.826148111139],[4.479483600872164,43.82614834550087],[4.479496720538722,43.82614892565025],[4.479502356098702,43.82614831625528],[4.4801712542127206,43.826050859097386],[4.480177325653475,43.82604974054043],[4.480183210003384,43.82604818375584],[4.486461954234901,43.82412102057803],[4.486465558413066,43.82411975911572],[4.486461610832047,43.824120240722266],[4.485710161710298,43.82423974054148],[4.485687026835928,43.824242598292685],[4.485663622827688,43.82424386375339],[4.48564015828854,43.82424352564434],[4.485616842360983,43.824241586979184],[4.485593882862885,43.8242380650375],[4.485571484435121,43.82423299121079],[4.4855498467175385,43.82422641072275],[4.485529162569508,43.824218382226114],[4.485509616350887,43.82420897727984],[4.485491382278802,43.82419827971134],[4.485474622874793,43.824186384869265],[4.485459487516252,43.824173398773624],[4.485446111105003,43.82415943717085],[4.485350056897139,43.82404832420636],[4.485346843564845,43.82404498582009],[4.485344200999096,43.82404886472643],[4.485332729422967,43.8240638582873],[4.485319339858552,43.82407799378885],[4.485304153743022,43.82409114302707],[4.485287308807901,43.824103186743024],[4.485268957829923,43.82411401570433],[4.485249267245394,43.82412353169599],[4.485228415640674,43.824131648411125],[4.485206592132446,43.8241382922338],[4.485183994652455,43.82414340290671],[4.485160828152308,43.824146934077696],[4.485137302744578,43.82414885372019],[4.485113631797106,43.82414914442362],[4.485090029997767,43.82414780355141],[4.4850667114072715,43.82414484326483],[4.485043887517638,43.82414029041277],[4.485038449437178,43.82413900101194],[4.48503253126318,43.82414027971021],[4.48426806814117,43.82433640659475],[4.484244789524995,43.824341466104386],[4.48422093973259,43.82434485560271],[4.484196746749023,43.82434654268879],[4.484172441840092,43.8243465112354],[4.484148257341544,43.82434476154322],[4.484124424438062,43.824341310337935],[4.484101170953266,43.824336190610346],[4.484078719171842,43.824329451301],[4.484057283714626,43.82432115683234],[4.484037069486956,43.8243113864929],[4.484018269719914,43.82430023367927],[4.484001064123177,43.82428780500336],[4.4837240473670095,43.82406710356728],[4.483709390928655,43.82405428244379],[4.483696432937098,43.82404053595669],[4.483685284192152,43.82402598164933],[4.483676040022922,43.82401074397249],[4.483668779472695,43.823994953220144],[4.483663564623113,43.82397874441547],[4.483660440063367,43.82396225615612],[4.48353500247374,43.82295697493853],[4.483533999502693,43.822939611912304],[4.483535314094372,43.82292225979151],[4.483538933990466,43.82290508035351],[4.483544825439898,43.822888233765696],[4.483552933513574,43.822871877092034],[4.483563182616562,43.822856162828764],[4.483575477192942,43.82284123748275],[4.48358970261675,43.822827240205484],[4.483605726260685,43.82281430149581],[4.4836233987326555,43.82280254198333],[4.483642555268598,43.822792071303695],[4.483663017268606,43.82278298707654],[4.483684593962022,43.82277537399536],[4.4837070841860145,43.82276930303792],[4.483730278261,43.82276483080452],[4.483753959945474,43.82276199899036],[4.483777908452018,43.822760833996824],[4.483877691214389,43.82275947625312],[4.483883501465607,43.82275919026343],[4.483883677867181,43.82275497577117],[4.483865228451111,43.8220442434726],[4.483864782226091,43.82203965817597],[4.4838624293966545,43.82203538882167],[4.4835367093470335,43.82152279695959],[4.483527661692784,43.82150650993296],[4.483520848614232,43.82148966218279],[4.4835163349288845,43.82147241399831],[4.483514163577726,43.82145492947828],[4.48351435521676,43.8214373749698],[4.483516908020575,43.82141991748564],[4.483521797699786,43.82140272311543],[4.483528977732207,43.82138595544528],[4.483538379805534,43.82136977400164],[4.483549914467341,43.82135433273345],[4.483563471976176,43.82133977854759],[4.483578923345679,43.821326249911195],[4.483596121571796,43.821313875534294],[4.483614903031371,43.82130277314536],[4.483635089038855,43.82129304837127],[4.483656487546302,43.821284793732296],[4.483678894970459,43.82127808776209],[4.483702098129615,43.82127299426033],[4.484210129046897,43.821180796458094],[4.484215575149207,43.82117961129631],[4.484219327831223,43.82117652533513],[4.484515598946717,43.82090904421647],[4.484518912995147,43.82090573480618],[4.484513612504348,43.82090432719103],[4.483724390975529,43.82072571175157],[4.483701410380057,43.82071959602482],[4.4836793722178285,43.82071187307916],[4.483658490293666,43.820702617839494],[4.483638967194772,43.820691920096344],[4.4836209923252826,43.820679883634796],[4.483604740068737,43.820666625227524],[4.483590368096292,43.82065227350192],[4.4835780158370815,43.82063696769216],[4.483567803125568,43.82062085628845],[4.48355982903901,43.82060409559637],[4.483554170936328,43.820586848220444],[4.483464500779873,43.820237861039985],[4.483461244602287,43.82022055430819],[4.483460320742073,43.8202031005433],[4.483461737898304,43.820185664130356],[4.4834654827216385,43.82016840929082],[4.483471519940135,43.82015149853588],[4.4834797926915275,43.820135091135874],[4.483490223058839,43.820119341620305],[4.483502712804291,43.820104398322336],[4.483517144294593,43.82009040198192],[4.483803953940878,43.81983870610714],[4.483807455386217,43.819835301651594],[4.483802680512739,43.81983283891409],[4.483615263203541,43.819746010169354],[4.483595726707724,43.819735966408615],[4.483577616536272,43.819724607379456],[4.483561100958883,43.81971203862433],[4.483546333428788,43.81969837692575],[4.4835334511569584,43.81968374922112],[4.483522573837244,43.81966829142352],[4.483513802534271,43.819652147158635],[4.483507218744457,43.81963546643027],[4.4835028836388515,43.81961840422668],[4.483500837494827,43.81960111908044],[4.483501099321927,43.8195837715954],[4.483503666685308,43.81956652295448],[4.483508515728448,43.81954953342208],[4.4835156013948785,43.81953296085492],[4.483524857846898,43.81951695923542],[4.483547438424709,43.81948266399256],[4.483549498289196,43.81947910225807],[4.483544490429581,43.81948042993303],[4.483436737337227,43.81951335102162],[4.483413206378209,43.81951954912861],[4.483388933584122,43.81952400166984],[4.483364165264905,43.81952666346283],[4.483339152759016,43.81952750749679],[4.48331414988289,43.8195265252068],[4.483289410355237,43.819523726560774],[4.483265185222345,43.819519139958146],[4.483241720310495,43.81951281194189],[4.483219253731357,43.81950480672604],[4.483198013465689,43.8194952055441],[4.483178215049839,43.81948410582474],[4.483160059388553,43.81947162020311],[4.483143730716277,43.819457875377736],[4.483129394727625,43.81944301082493],[4.4828606373276525,43.8191320730822],[4.482857064131947,43.81912837700172],[4.482850836481211,43.81912822931955],[4.4823893411726985,43.819134504156466],[4.482365681354058,43.81913400966952],[4.482342193763783,43.81913188797457],[4.482319091379866,43.819128158310505],[4.482296583687268,43.81912285449675],[4.48227487477834,43.81911602462657],[4.482254161502121,43.819107730631046],[4.482234631679352,43.819098047717446],[4.482216462399353,43.81908706368725],[4.482199818414213,43.819074878139965],[4.482184850644884,43.81906160157001],[4.482171694812678,43.819047354364734],[4.482160470208626,43.81903226571274],[4.48215127861182,43.81901647243253],[4.482144203366555,43.81900011773173],[4.482139308626656,43.818983349908656],[4.48213025944958,43.818942920397845],[4.482127534899491,43.818925270339804],[4.48212722610479,43.81890751178474],[4.4821293360700825,43.81888981765448],[4.482133844247627,43.818872360243354],[4.482140706737486,43.818855309540524],[4.482149856715095,43.818838831574666],[4.482161205082025,43.81882308679748],[4.482174641333626,43.81880822852108],[4.4821900346351145,43.818794401425436],[4.482207235095584,43.818781740149404],[4.482226075227574,43.81877036797976],[4.482246371577963,43.818760395650855],[4.482835728799529,43.81850060893619],[4.482839570316776,43.81849872396731],[4.482835007269683,43.818499335382654],[4.480743828825681,43.81885658672798],[4.480720378725599,43.81885974130883],[4.480696619007254,43.81886125397473],[4.480672768439026,43.818861110797805],[4.480649046625816,43.81885931309633],[4.480625671986975,43.81885587742273],[4.480602859745147,43.818850835411084],[4.480580819944549,43.81884423348585],[4.480559755516933,43.81883613243449],[4.480539860413049,43.81882660684762],[4.480521317816818,43.818815744432285],[4.480504298458638,43.81880364520439],[4.480488959043379,43.818790420567645],[4.480475440807536,43.818776192288006],[4.480463868218805,43.81876109137228],[4.48006719808204,43.81817931964966],[4.480057663869878,43.81816345832568],[4.480050276723356,43.81814700750921],[4.4800451048831285,43.818130119173055],[4.4800421961246855,43.81811294933173],[4.480041577317072,43.81809565660008],[4.480043254174752,43.81807840072814],[4.4802485275543615,43.81682807320074],[4.480248947860828,43.81682350543911],[4.480245616604799,43.81681961458824],[4.4798695138316385,43.81642725344577],[4.479865833686416,43.81642379021791],[4.479855955753679,43.8164196733929],[4.479854921255985,43.81641929019689],[4.479834526540686,43.81640981673352],[4.479815502634713,43.8163989503704],[4.479798030327394,43.816386794374026],[4.479782275662412,43.81637346426661],[4.479768388359864,43.81635908672822],[4.479756500393427,43.81634379839288],[4.479746724736227,43.81632774455003],[4.47973915428726,43.816311077763906],[4.479733860988605,43.81629395642351],[4.479730895141817,43.81627654323744],[4.479730284929957,43.816259003687684],[4.479732036149858,43.816241504456876],[4.479736132157105,43.816224211844386],[4.479742534024303,43.81620729018582],[4.479751180911078,43.81619090029145],[4.479802695507452,43.81610593060029],[4.479813480986003,43.81609025949875],[4.479826318404857,43.81607542143107],[4.479841086263529,43.81606155683127],[4.479857644791302,43.816048796919794],[4.4798758372701135,43.816037262461855],[4.479895491517821,43.81602706262435],[4.4799164215177925,43.81601829394269],[4.479938429179443,43.81601103940723],[4.479961306213013,43.816005367677825],[4.479984836100882,43.81600133243398],[4.480221034346718,43.81596952164367],[4.480226800671248,43.81596852641518],[4.480225820887611,43.81596429309057],[4.480160512507898,43.81574891931365],[4.480158974494164,43.81574481868459],[4.4801470147892655,43.81574455616145],[4.48014702282367,43.815744364248204],[4.480133676091827,43.81574406491861],[4.480109185987433,43.815741739701245],[4.480085135520275,43.81573766590724],[4.48006176219444,43.81573188376633],[4.480039296826908,43.815724450378596],[4.480017961268113,43.81571543915048],[4.479997966211088,43.81570493907],[4.479979509110785,43.81569305382789],[4.479962772234159,43.81567990079357],[4.4799479208602335,43.8156656098561],[4.4799351016479605,43.815650322141536],[4.4799244411879595,43.815634188619114],[4.479916044752465,43.81561736861056],[4.479909995255797,43.81560002821654],[4.4799063524356395,43.81558233867648],[4.479905152263206,43.81556447467758],[4.4799064065881,43.81554661262963],[4.479910103021391,43.81552892892298],[4.479961125879231,43.815346600199106],[4.4799620062156125,43.815342402117764],[4.4799566003947655,43.81534100431336],[4.479934052899226,43.815334253323826],[4.479912528151204,43.815325934075425],[4.4798922335705695,43.81531612673552],[4.479873364722561,43.81530492581122],[4.479856103433238,43.81529243923862],[4.479840616037329,43.81527878734276],[4.479827051775391,43.81526410167807],[4.479815541355693,43.815248523760516],[4.479806195694709,43.81523220370413],[4.479799104848345,43.81521529877418],[4.47979433714419,43.815197971871925],[4.479791938523165,43.81518038996464],[4.4797919320969015,43.81516272247679],[4.479794317925116,43.815145139657375],[4.479799073015115,43.81512781093927],[4.479806151543446,43.81511090330671],[4.479815485297544,43.81509457968597],[4.47982698433312,43.81507899737558],[4.479828018960242,43.81507774714611],[4.479830350003994,43.815074594989845],[4.479826119363532,43.81507643902892],[4.479249830327666,43.81535588691695],[4.479228938797906,43.81536497594857],[4.479206918360521,43.81537253968368],[4.479183980748164,43.815378505394726],[4.479160346512626,43.815382815719566],[4.4791362429041195,43.81538542921308],[4.479111901686149,43.81538632074577],[4.479087556906969,43.81538548174522],[4.4790634426490765,43.81538292027875],[4.479039790778371,43.815378660975576],[4.479016828714642,43.81537274479024],[4.478994777244794,43.81536522860867],[4.478973848399869,43.8153561847012],[4.478954243416274,43.81534570002766],[4.478936150800804,43.815333875401286],[4.478919744518083,43.81532082451917],[4.478905182317855,43.81530667286924],[4.478892604218185,43.81529155652343],[4.478882131159186,43.81527562082938],[4.4788738638401915,43.81525901901289],[4.478841194565392,43.81518173250776],[4.478839287534699,43.81517790677829],[4.478834769904178,43.81518162362397],[4.478817806248428,43.81519427304587],[4.4787992146430575,43.81520565980954],[4.478779173526685,43.81521567462644],[4.478757875250434,43.815224221375765],[4.478735524231766,43.81523121802693],[4.478712334992481,43.81523659742693],[4.4786885300997215,43.81524030794503],[4.478664338029759,43.81524231396808],[4.478639990975042,43.815242596242534],[4.4786157226155865,43.81524115205915],[4.478591765876082,43.81523799527903],[4.478568350690243,43.815233156200556],[4.478545701793879,43.81522668126862],[4.478524036567853,43.81521863262876],[4.47850356295165,43.81520908753082],[4.478484477447568,43.815198137587316],[4.4784669632346885,43.815185887894266],[4.4784511884107605,43.81517245602246],[4.47843730437881,43.81515797088891],[4.478425444394038,43.8151425715196],[4.478415722284886,43.81512640571509],[4.4784082313605795,43.81510962863195],[4.478336983665732,43.81491854186436],[4.4783352714494296,43.8149147040819],[4.478334803103581,43.81491504654393],[4.47832017488801,43.8149268420267],[4.478302311946522,43.81493869017829],[4.47828294102876,43.81494922290627],[4.4782622461360235,43.81495834016147],[4.478240423846183,43.81496595534004],[4.478217681446401,43.81497199610625],[4.478194234964092,43.81497640507945],[4.478170307114855,43.814979140379265],[4.478146125186874,43.81498017602332],[4.478121918881866,43.81497950217416],[4.478097918133112,43.81497712523261],[4.478074350921278,43.81497306777696],[4.478051441108794,43.814967368348654],[4.4780294063133494,43.814960081085935],[4.478008455840728,43.81495127520974],[4.477988788696585,43.81494103436619],[4.4779705916961,43.81492945583182],[4.477954037689426,43.81491664958982],[4.477939283919804,43.814902737285024],[4.477926470529952,43.814887851068576],[4.477915719230884,43.81487213234259],[4.477907132145851,43.81485573041691],[4.477900790840337,43.81483880109087],[4.4777636032915105,43.814386310328665],[4.47776209526546,43.81438228093968],[4.477756394763442,43.8143829049241],[4.47728479740254,43.814451618862066],[4.477260370073027,43.814454271416544],[4.477235699775966,43.81445515519643],[4.477211030162069,43.81445426147326],[4.477186604875297,43.81445159907373],[4.477162665146507,43.81444719429241],[4.47713944741091,43.81444109063216],[4.4771171809729315,43.814433348374415],[4.477096085741474,43.81442404398383],[4.4770763700580085,43.814413269353025],[4.477058228638909,43.81440113089509],[4.477041840652375,43.81438774849258],[4.477027367948929,43.814373254313395],[4.477014953462952,43.81435779150556],[4.477004719801077,43.81434151278338],[4.476887846194225,43.814128062239334],[4.476885421896138,43.814124205273835],[4.476878725046553,43.814126519042695],[4.476871206861622,43.81412946238482],[4.476848828788999,43.81413627401861],[4.476825639810065,43.81414147241073],[4.476801861122031,43.81414500797422],[4.47677771954743,43.81414684698367],[4.476753445370434,43.81414697189693],[4.476729270140136,43.814145381522486],[4.476705424461753,43.81414209103073],[4.476682135796856,43.8141371318094],[4.476659626293565,43.814130551164034],[4.4766381106674675,43.814122411866734],[4.476617794153407,43.814112791557456],[4.47659887054775,43.81410178200331],[4.476581520359764,43.8140894882232],[4.47657372666069,43.81408339859605],[4.476568747655253,43.81408554436998],[4.476015817955398,43.81435098160031],[4.475993782100925,43.81436041467988],[4.475970523215694,43.81436815650318],[4.475946288017067,43.81437412494912],[4.475921333578887,43.814378256707535],[4.475895924604527,43.81438050795093],[4.475870330618964,43.814380854799275],[4.475844823109735,43.8143792935734],[4.475819672647057,43.814375840833954],[4.47579514601368,43.81437053320579],[4.475771503374916,43.81436342698945],[4.475527695646394,43.81427924044102],[4.475522387841761,43.814277630160724],[4.475519055662607,43.814281027707224],[4.475284033898269,43.81454693682631],[4.475281086059356,43.8145506626194],[4.475284132192153,43.814555106481734],[4.475288818092682,43.814557517140315],[4.4753074210514985,43.814569261619944],[4.475539280099224,43.81473099450719],[4.475556158993152,43.81474399665777],[4.475571176783335,43.81475814524373],[4.475584185832954,43.81477330117459],[4.475595058252203,43.81478931545685],[4.475603687155586,43.81480603065868],[4.475609987712738,43.81482328245757],[4.475613897982436,43.81484090125571],[4.475615379521608,43.81485871384722],[4.475614417763345,43.81487654512102],[4.475611022160185,43.81489421978208],[4.475605226091284,43.814911564074905],[4.475597086534359,43.81492840749159],[4.47551966877234,43.815066271593516],[4.475509735183228,43.815081800871006],[4.475497809488223,43.81509657672232],[4.475483999521424,43.81511046553991],[4.475468430155326,43.81512334173693],[4.475451242171721,43.815135088882876],[4.475432590988723,43.81514560075641],[4.475412645255429,43.81515478230581],[4.475391585326947,43.8151625505086],[4.475223234123845,43.8152175133721],[4.4752000857316325,43.81522408302856],[4.475176146727366,43.81522894519372],[4.475151656652043,43.81523205121525],[4.475126860560998,43.81523337001329],[4.4751020065717455,43.815232888391556],[4.475077343381162,43.81523061116925],[4.475053117776881,43.815226561133024],[4.4750295721677835,43.81522077880884],[4.475006942158327,43.81521332205642],[4.47498545419095,43.815204265490365],[4.47496532328019,43.815193699733456],[4.474946750861143,43.815181730509835],[4.474929922773831,43.815168477587044],[4.4748829296620425,43.81512753414047],[4.474868073217672,43.81511319334002],[4.474855260741853,43.81509785345909],[4.474844619355547,43.815081666696756],[4.474836254638358,43.81506479365451],[4.474830249581039,43.81504740174281],[4.4748266637621645,43.81502966352008],[4.47482553275708,43.815011754980574],[4.474826867785024,43.81499385380822],[4.474830655597902,43.81497613761368],[4.47483685861182,43.814958782172155],[4.474911944708966,43.81478491016136],[4.474913397358957,43.814780846102785],[4.474907602763716,43.81478071546076],[4.4746713865665395,43.81478391050072],[4.4746655770797075,43.81478419599821],[4.4746654000232775,43.81478841045452],[4.474670330437605,43.814979556564964],[4.474669578839645,43.81499730050285],[4.474666416824325,43.8150149045092],[4.474660875152748,43.81503219731423],[4.47465300773787,43.81504901067577],[4.474642891120052,43.81506518101596],[4.474630623722473,43.81508055101279],[4.474616324893623,43.81509497113075],[4.474600133746208,43.81510830107553],[4.474582207803745,43.815120411159214],[4.474562721468027,43.815131183561824],[4.474541864322366,43.81514051347778],[4.474519839287102,43.815148310135505],[4.474496860645359,43.81515449768058],[4.474473151958226,43.81515901591376],[4.474448943889662,43.815161820876725],[4.473998253264833,43.81519764340543],[4.473992675874541,43.815198283754704],[4.473993884664914,43.815202278062024],[4.474037368869244,43.815318928065174],[4.474042484235268,43.815335848906024],[4.474045329540583,43.815353047457116],[4.4740458784283,43.815370364415685],[4.474044125812224,43.81538763938209],[4.4740400879240365,43.81540471234547],[4.47403380216303,43.8154214251659],[4.474025326749769,43.81543762303916],[4.474014740186873,43.81545315593065],[4.474002140531951,43.81546787996511],[4.473987644489372,43.81548165875934],[4.473971386329324,43.81549436468539],[4.4739535166441335,43.81550588005286],[4.473942225586244,43.815511853108504],[4.473933705781809,43.81551687029632],[4.473025881685855,43.81610841511695],[4.473021718536758,43.81611139945159],[4.47301938625331,43.816115290669046],[4.472592623979987,43.81693166539318],[4.472583280419775,43.816947269018726],[4.472571944516994,43.816962164373805],[4.4725587174943255,43.81697621845001],[4.472543717461508,43.81698930575102],[4.472527078360695,43.81700130941332],[4.4725089487704395,43.817012122249615],[4.472489490578966,43.81702164770624],[4.472468877538575,43.817029800725074],[4.472447293714098,43.81703650850327],[4.472424931839262,43.81704171114329],[4.472306078475797,43.81706493934709],[4.472300526659997,43.81706623586712],[4.472299397115207,43.81707037982117],[4.472275654083999,43.817186887805136],[4.472270981071805,43.81720401682712],[4.472264037825314,43.81722073737795],[4.472254889687588,43.81723689209543],[4.472243622752804,43.81725232894241],[4.472230343056051,43.81726690263771],[4.47221517557545,43.81728047602345],[4.472198263055979,43.81729292135591],[4.472179764666081,43.817304121507746],[4.472159854499679,43.81731397107042],[4.472138719937723,43.81732237734618],[4.472116559884662,43.817329261220486],[4.472093582896459,43.817334557906726],[4.472070005217746,43.81733821755582],[4.472058938429616,43.817339532467],[4.472057475559245,43.817343576753096],[4.471910460455266,43.81784756423938],[4.471904576441256,43.81786390268748],[4.4718966037399746,43.81787976997563],[4.47188661252068,43.817895026449435],[4.47187469071862,43.81790953783033],[4.471860943261131,43.8179231763976],[4.471845491144154,43.81793582211239],[4.47182847036734,43.81794736367431],[4.471810030737057,43.81795769950101],[4.471790334547901,43.81796673862231],[4.4713724816433045,43.818139161531576],[4.4713505735015815,43.81814719086537],[4.47132767813548,43.818153615873086],[4.471304018976505,43.81815837385428],[4.47127982691009,43.81816141837659],[4.471255338022357,43.81816271972907],[4.471230791296136,43.81816226521201],[4.471206426278712,43.81816005926097],[4.471182480744056,43.81815612340348],[4.471159188372361,43.81815049604886],[4.471136776469551,43.81814323211353],[4.471115463748978,43.818134402484915],[4.471095458197009,43.818124093329786],[4.471076955043293,43.818112405253274],[4.470835548843977,43.817944003293114],[4.470831090672243,43.81794118448127],[4.470825372664636,43.81794229091825],[4.470479440868104,43.81802254920498],[4.470455608013076,43.818027148086365],[4.470431263023793,43.818030014064675],[4.470406645611386,43.818031118920274],[4.470381998169465,43.81803045177427],[4.470357563387326,43.81802801919567],[4.470333581860268,43.818023845136665],[4.470310289720525,43.81801797069687],[4.470287916312142,43.818010453718536],[4.470266681932717,43.818001368217],[4.470246795664205,43.81799080365192],[4.470228453314196,43.81797886404641],[4.470211835487893,43.81796566696264],[4.470197105809804,43.81795134234446],[4.47018440931265,43.817936031237714],[4.470173871009347,43.81791988440141],[4.470165594662135,43.817903060823454],[4.470159661760948,43.817885726154984],[4.470049752797683,43.81747913947422],[4.470046276987697,43.81746188280965],[4.470045124062699,43.817444463576706],[4.470046304845233,43.81742704532237],[4.470049808246972,43.81740979158424],[4.470055601372905,43.81739286435517],[4.470063629830259,43.81737642256227],[4.470073818239256,43.817360620574874],[4.470086070940912,43.81734560675513],[4.470100272895201,43.81733152206512],[4.470116290761211,43.81731849874335],[4.47013397414907,43.81730665906329],[4.470153157031961,43.817296114185325],[4.470173659304903,43.81728696311318],[4.470195288475727,43.817279291764294],[4.470217841472317,43.81727317216337],[4.470619221161856,43.817180049389485],[4.47062415298235,43.81717870616714],[4.470619114997382,43.81717758844298],[4.4700891572502846,43.8170805726406],[4.47006499634881,43.81707518953969],[4.470041715506304,43.817068057355854],[4.4700195555215405,43.817059249858936],[4.469998745599713,43.81704885814689],[4.469979500981678,43.81703698970355],[4.469962020717647,43.817023767286805],[4.469946485608368,43.817009327658944],[4.469933056335087,43.81699382017196],[4.469921871797617,43.81697740522283],[4.469913047677721,43.81696025259445],[4.469906675242673,43.81694253969948],[4.4695296731218805,43.81562272949689],[4.469528669419913,43.81561992104369],[4.469528546605162,43.81562282064982],[4.46954360067135,43.81620847669447],[4.469542898225127,43.8162257549579],[4.469539909887519,43.816242904736],[4.469534663222004,43.81625976783298],[4.469527206623802,43.81627618869737],[4.46951760887353,43.81629201585683],[4.469505958502822,43.81630710331556],[4.4694923629777135,43.81632131190081],[4.469476947707391,43.816334510546895],[4.469459854887394,43.81634657750405],[4.46944124218797,43.81635740146169],[4.469421281299659,43.81636688257498],[4.469400156349552,43.81637493338615],[4.469378062202805,43.81638147963101],[4.469182228447842,43.81643169734355],[4.469176775487704,43.81643331780905],[4.46917673991307,43.81644123125199],[4.469176866309947,43.816443258243886],[4.469175518997698,43.816461149413676],[4.469171721567123,43.81647885491862],[4.469165511653116,43.81649619927567],[4.4691569508013655,43.816513010581],[4.469146123858436,43.81652912221383],[4.469133138130898,43.81654437448788],[4.469118122321864,43.81655861623403],[4.469101225255412,43.81657170629864],[4.469082614401598,43.81658351494263],[4.4690624742166225,43.81659392512726],[4.469041004314635,43.816602833674324],[4.469018417489301,43.81661015228866],[4.468994946256201,43.8166158063493],[4.46899462510214,43.81661650083895],[4.4689857312607115,43.81663299139731],[4.468974642989959,43.81664876948321],[4.468961467573336,43.816663682434815],[4.468946332488889,43.81667758596083],[4.468929384175876,43.816690345536635],[4.468910786617917,43.816701837705914],[4.468890719756363,43.816711951275096],[4.468869377749266,43.81672058838945],[4.468846967092759,43.81672766547968],[4.468823704623061,43.81673311407064],[4.468799815418416,43.81673688144395],[4.46877553062127,43.81673893114794],[4.468751085201779,43.816739243350504],[4.468726715684253,43.81673781503085],[4.468702657858589,43.81673466000887],[4.468679144498793,43.81672980881133],[4.468656403110683,43.816723308376496],[4.468634653730594,43.81671522160004],[4.468624253098575,43.81671087369467],[4.468619611094354,43.81671324668807],[4.468255315758566,43.81691885746487],[4.468234844323782,43.816929256727626],[4.468213033403781,43.816938113929524],[4.468190103766663,43.816945339418574],[4.468166287504391,43.816950860058796],[4.468141825683532,43.81695461997057],[4.468116965905143,43.81695658109629],[4.4680919597984845,43.81695672358552],[4.468067060473996,43.816955045996],[4.468042519961237,43.816951565308216],[4.4680185866577995,43.816946316753466],[4.467995502814961,43.816939353457386],[4.467136315170251,43.816642611060125],[4.467133180566416,43.816641661040926],[4.4671359499830805,43.81664308686794],[4.468101689848042,43.81709072832538],[4.468121581883305,43.81710097951519],[4.468139988970581,43.81711259437845],[4.468156733502477,43.8171254608456],[4.468171653912957,43.81713945477054],[4.468184606236274,43.81715444112844],[4.4681954654961045,43.81717027531852],[4.468204126911461,43.817186804559306],[4.468210506907765,43.81720386936279],[4.468214543923317,43.817221305073225],[4.468216199003359,43.81723894345585],[4.468215456176036,43.81725661432023],[4.468212322606585,43.81727414716235],[4.468206828528286,43.81729137280978],[4.468199026950829,43.81730812505402],[4.4681889931489,43.817324242254266],[4.468176823935939,43.81733956889701],[4.468162636730056,43.81735395709667],[4.468146568421113,43.817367268022515],[4.468128774049931,43.81737937323828],[4.468109425312323,43.81739015594137],[4.468088708902417,43.81739951209005],[4.467534336116521,43.81762327892555],[4.467529339701438,43.8176255339444],[4.467529989862996,43.817633226974046],[4.467530300018256,43.81765055328674],[4.4675283076192365,43.817667820895274],[4.467524031131902,43.8176848697419],[4.467517510194071,43.81770154179662],[4.467508805248088,43.817717682521774],[4.467497996980624,43.8177331423046],[4.467485185574833,43.81774777784409],[4.467470709324246,43.81776124917715],[4.467470636026605,43.817761325094246],[4.467468182826043,43.81776539463377],[4.467396881589179,43.81790175926446],[4.467387536452478,43.81791736245426],[4.4673761990037715,43.81793225727825],[4.467362970479544,43.81794631073276],[4.467347969002944,43.81795939732701],[4.467331328529016,43.81797140020378],[4.4673131976485765,43.81798221218285],[4.46729373826137,43.81799173671814],[4.467273124130371,43.81799988875978],[4.4672515393301575,43.818006595513666],[4.467229176603164,43.81801179709141],[4.466615464278913,43.81813170353561],[4.466610054395551,43.81813296220694],[4.466609890897696,43.81813707490677],[4.466610935693017,43.81817780067595],[4.466610191485086,43.818195454713184],[4.466607061044592,43.81821297092399],[4.4666015745172505,43.81823018061749],[4.466593784739332,43.81824691805455],[4.466583766728901,43.81826302204401],[4.4665716169634075,43.81827833749502],[4.466557452450625,43.8182927169107],[4.466541409601836,43.81830602180865],[4.466523642918142,43.81831812405457],[4.466504323502559,43.81832890709644],[4.466483637412178,43.81833826708684],[4.46646178386633,43.818346113883194],[4.466438973327942,43.818352371915914],[4.46641542547662,43.8183569809162],[4.4663913670929585,43.818359896496425],[4.466367029874427,43.818361090577646],[4.466248718673733,43.81836268154337],[4.466243088434282,43.818362952807526],[4.4662437826667825,43.8183670074699],[4.466258433174858,43.81842835678086],[4.466261396955565,43.81844580887331],[4.466261994610045,43.81846338708456],[4.466260220431577,43.8184809236326],[4.466256091352337,43.81849825113293],[4.466249646781864,43.81851520419632],[4.466240948230982,43.81853162100721],[4.466230078724749,43.8185473448685],[4.466217142010064,43.81856222569704],[4.4662022615654555,43.8185761214563],[4.466185579422539,43.81858889951204],[4.46616725481035,43.81860043789832],[4.466147462635539,43.81861062648178],[4.466126391812879,43.81861936801275],[4.466104243462089,43.81862657905362],[4.466081228988105,43.8186321907752],[4.466069174946412,43.81863420760345],[4.466063432125572,43.81863537976303],[4.466058242273063,43.818638301752685],[4.46604935751632,43.81864380784228],[4.466029156747561,43.81865400453503],[4.4660076616865565,43.81866270392776],[4.465985083296885,43.8186698206399],[4.465961643174764,43.81867528482417],[4.465937571374152,43.818679042852054],[4.465913104148807,43.81868105784017],[4.465888481633515,43.818681310012344],[4.4658639454872056,43.8186797968936],[4.465839736521113,43.818676533334525],[4.46581609233525,43.818671551365505],[4.465793244986421,43.818664899882286],[4.465771418710625,43.818656644166204],[4.465750827722241,43.81864686524333],[4.465731674111577,43.81863565908928],[4.465714145861431,43.81862313568721],[4.465698415002118,43.818609417948416],[4.4656846359230915,43.81859464050588],[4.465672943857698,43.81857894839301],[4.465627612497346,43.81851015658339],[4.465624786858107,43.818506370489644],[4.465619389249464,43.818508172189595],[4.4653839530059,43.818597400419144],[4.465379022213983,43.81859949153848],[4.465380144677083,43.81860354847555],[4.465520801180416,43.819010270852914],[4.465525516626485,43.81902739174511],[4.465527918953873,43.819044762887955],[4.465527985556772,43.81906222083496],[4.465525715806382,43.819079601322734],[4.465521131056888,43.81909674081657],[4.465514274444635,43.819113478049125],[4.465505210482312,43.81912965553783],[4.465494024452025,43.81914512106669],[4.465480821602926,43.8191597291185],[4.46546572616095,43.81917334224405],[4.465448880160007,43.81918583235544],[4.4654304421055855,43.819197081931286],[4.465410585483355,43.81920698512254],[4.46538949712682,43.81921544874844],[4.465367375459351,43.81922239317327],[4.465344428627162,43.819227753055735],[4.465301632855481,43.81923611361],[4.465277890025914,43.819239861178026],[4.465253755267005,43.819241912205825],[4.465229459243297,43.81924224709096],[4.465205234160641,43.81924086263286],[4.465181311546864,43.81923777206323],[4.465157920038904,43.81923300491983],[4.465135283197592,43.81922660676392],[4.4651136173709505,43.819218638745],[4.465093129626433,43.819209177016205],[4.465074015771873,43.81919831200659],[4.465056458484072,43.8191861475568],[4.465040625562871,43.819172799926584],[4.465026668327452,43.81915839668365],[4.465014720170146,43.81914307548447],[4.465004895281597,43.81912698275859],[4.464565163765902,43.818299521440565],[4.464563203910323,43.81829631960791],[4.464563052424837,43.818299820104],[4.464571139815712,43.81861550219314],[4.464570435837215,43.81863278045053],[4.464567445882277,43.81864993011814],[4.464562197529293,43.818666793001256],[4.464554739189046,43.81868321355032],[4.464545139658227,43.818699040295975],[4.464533487484891,43.818714127246146],[4.4645198901517045,43.81872833523283],[4.464504473084532,43.81874153319584],[4.464487378495485,43.81875359939177],[4.464468764071134,43.818764422516956],[4.464448801517926,43.81877390273433],[4.464427674978316,43.81878195259435],[4.464405579332116,43.8187884978416],[4.464311749835051,43.81881255283288],[4.464288957324787,43.81881752071544],[4.464265613048781,43.818820887276125],[4.464241931075623,43.8188226216433],[4.464218128570698,43.818822707912695],[4.464194423804709,43.818821145293214],[4.464171034152062,43.8188179481142],[4.464148174097465,43.81881314569403],[4.464126053269048,43.81880678207123],[4.464104874516003,43.81879891560066],[4.463989374800121,43.818750823837156],[4.463969263522372,43.81874149120825],[4.463950482331435,43.8187308038978],[4.463933204674034,43.81871886060503],[4.463917590111213,43.8187057716282],[4.463903782844766,43.818691657846195],[4.463891910385536,43.81867664960193],[4.463882082375858,43.818660885498794],[4.463874389577044,43.818644511120446],[4.463868903031238,43.81862767768646],[4.463752870405065,43.818175447755465],[4.4637515651734,43.818171438492364],[4.463745902007286,43.81817182954972],[4.4632618816571075,43.81822225091234],[4.463256120450722,43.818223059924065],[4.463254338912815,43.81822710864423],[4.463204034608123,43.81836415687577],[4.463196577647676,43.818381065052286],[4.463186856830359,43.81839735917266],[4.463174966696933,43.81841288076362],[4.4631610228867515,43.81842747886528],[4.463145161013122,43.81844101149922],[4.463127535344394,43.81845334704955],[4.463108317303603,43.81846436554289],[4.46308769380124,43.81847395981521],[4.463065865417393,43.818482036554194],[4.463043044450916,43.81848851720679],[4.463019452854606,43.81849333874315],[4.462995320076492,43.818496454269784],[4.462970880828189,43.81849783348548],[4.462946372802086,43.81849746297629],[4.462922034359505,43.81849534634568],[4.462898102212387,43.81849150417967],[4.4622186014345235,43.818356645460966],[4.462195785243973,43.8183512469661],[4.462173794593219,43.81834428014258],[4.462152834555529,43.818335809959486],[4.462133100592961,43.818325915405424],[4.462114776733553,43.81831468875192],[4.462098033855159,43.81830223469287],[4.462083028091932,43.81828866936833],[4.462069899378314,43.81827411928122],[4.4620587701440995,43.81825872011783],[4.462049744172761,43.81824261548231],[4.462042905633678,43.818225955557565],[4.46160868050608,43.81694445132537],[4.461606850838282,43.81694005078139],[4.461602250313995,43.8169368848351],[4.461114304556748,43.81663434305862],[4.461097102847593,43.81662260609402],[4.461081518521415,43.816609739118206],[4.46106769249528,43.81659585847831],[4.4610557497869,43.816581089687226],[4.461045798384212,43.81656556628864],[4.461037928268962,43.816549428649566],[4.461032210603113,43.81653282269098],[4.461028697085438,43.81651589856845],[4.460963467144412,43.816052810799505],[4.460962592359213,43.81604861097446],[4.460958294037974,43.81604572087309],[4.460544030424751,43.815792891502916],[4.460526783667611,43.81578131170398],[4.4605111257198535,43.81576860332384],[4.460497196788463,43.81575488015893],[4.460485121597792,43.815740265092344],[4.460475008272741,43.815724888993635],[4.46046694737062,43.8157088895468],[4.460461011070287,43.81569241001742],[4.460457252525904,43.815675597969815],[4.460455705391023,43.815658603945714],[4.460413657026514,43.81401254811935],[4.460414409148673,43.81399483936094],[4.460417562113337,43.81397726995489],[4.460423085364451,43.813960010157814],[4.460792215521017,43.8130196404206],[4.4608003281885,43.813002358249165],[4.460810816495407,43.81298576000156],[4.460823572557313,43.81297001640681],[4.460838465164055,43.812955289402886],[4.460855341129393,43.81294173047103],[4.460874026866733,43.812929479077646],[4.460894330174634,43.81291866123977],[4.460916042213798,43.81290938822893],[4.46155460763029,43.81266738595182],[4.461559627773684,43.81266524989504],[4.4615571842518875,43.81266142274523],[4.461498492243659,43.812580213586145],[4.46149548415598,43.81257651732972],[4.461490507891152,43.81257884582354],[4.460703195392455,43.812989356294665],[4.460698565274847,43.81299202579259],[4.460696715174605,43.812996096769226],[4.460233929533695,43.81420903647151],[4.4602326257916705,43.814213227645304],[4.460232450696673,43.814217521958234],[4.460250661027119,43.814930494232286],[4.4602509797476815,43.81493548155334],[4.460333082744487,43.81573749823044],[4.460333821928997,43.81574181779152],[4.4603381895275,43.815744808299726],[4.460825665958006,43.81604706962883],[4.460843004789233,43.81605890978938],[4.460858697834069,43.81607189798365],[4.460872600808455,43.81608591479729],[4.460884585886071,43.816100831358774],[4.46089454287362,43.81611651052402],[4.46090238022399,43.816132808137475],[4.4609080258779965,43.81614957435732],[4.460911427926975,43.81616665503322],[4.460978402959053,43.81667413402691],[4.460979207871688,43.81667820951795],[4.460983942226226,43.81668048930671],[4.460990224060822,43.81668321648243],[4.461010245880982,43.81669289278791],[4.461028881141207,43.816703926101084],[4.461045955058995,43.81671621293962],[4.461061307495497,43.8167296380642],[4.461074794457491,43.816744075559335],[4.46108628944793,43.816759390014305],[4.461095684652403,43.81677543779318],[4.461102891950389,43.816792068382],[4.461107843741808,43.8168091258004],[4.461110493581114,43.8168264500646],[4.461110816612992,43.81684387868787],[4.461108809805555,43.81686124820451],[4.46110449197886,43.81687839570313],[4.461097903628473,43.8168951603544],[4.461089106545721,43.81691138491973],[4.461078183238222,43.816926917225885],[4.461065236156081,43.81694161159245],[4.4610503867310465,43.816955330197935],[4.461033774237616,43.81696794437273],[4.46101555448678,43.81697933580576],[4.460995898364647,43.816989397654304],[4.460987328674602,43.81699334820006],[4.460987885975809,43.816997674767244],[4.461271435998859,43.818425051159196],[4.461272597279855,43.81842936232376],[4.461278048581868,43.818432564190545],[4.461286111592563,43.81843683141265],[4.46130432693379,43.818448623094106],[4.461320855381108,43.81846165272006],[4.461335537224493,43.81847579438968],[4.461348230596718,43.81849091145667],[4.461358812844199,43.818506857849734],[4.461367181712208,43.818523479483886],[4.461373256332975,43.81854061574942],[4.461376978007169,43.81855810106372],[4.461378310771161,43.81857576647124],[4.461377241744611,43.81859344127611],[4.461373781255015,43.8186109546915],[4.461367962738005,43.818628137489824],[4.461359842414339,43.81864482363809],[4.461349498746739,43.81866085190213],[4.461337031681794,43.81867606740453],[4.461322561684256,43.81869032312141],[4.461306228573061,43.81870348130291],[4.461288190170335,43.818715414804295],[4.461268620776398,43.81872600831457],[4.461217030503047,43.81875117171835],[4.461195807638786,43.81876044428169],[4.461173414828935,43.81876814025821],[4.461150074754565,43.81877418311658],[4.46112601951691,43.81877851276456],[4.461101488329219,43.818781086146636],[4.461076725137881,43.81878187767226],[4.461051976196468,43.81878087947021],[4.461027487616848,43.81877810146694],[4.4610035029216855,43.81877357128787],[4.460980260622712,43.818767333982656],[4.4609579918488285,43.81875945157715],[4.460936918047619,43.81875000245662],[4.46091724878318,43.818739080586205],[4.460899179652121,43.81872679457653],[4.46088289033847,43.81871326660356],[4.460868542826856,43.81869863119367],[4.460856279791694,43.81868303388573],[4.460846223178446,43.818666629784026],[4.460842948480101,43.818660477932134],[4.460837067675616,43.818660818543876],[4.459733111908654,43.818764631201034],[4.45972731546139,43.81876538626907],[4.459726255945252,43.81876771760149],[4.459721381537943,43.81878043230524],[4.459712247508113,43.8187973868366],[4.459700795477082,43.81881358679957],[4.4596871425351035,43.81882886655636],[4.459671428276147,43.81884306987774],[4.459653813370651,43.81885605154051],[4.459634477922758,43.81886767881232],[4.45961361962884,43.81887783280883],[4.459591451756128,43.81888640970935],[4.459568200962116,43.81889332181833],[4.459544104977039,43.81889849846202],[4.459519410173121,43.81890188671119],[4.459494369045452,43.818903451922225],[4.459482221965955,43.818903764572596],[4.459480794228276,43.81890782379974],[4.459421247276214,43.81912031706753],[4.459415338277053,43.819137176473],[4.459407209193504,43.81915354413969],[4.459396935949731,43.81916926719281],[4.459384614496685,43.81918419877815],[4.459370359915965,43.81919819943371],[4.459354305345002,43.81921113839233],[4.4593366007335575,43.81922289480313],[4.459317411443218,43.81923335886024],[4.459296916702892,43.81924243282839],[4.459275307934804,43.819250031955846],[4.459252786966549,43.819256085266005],[4.459229564145994,43.8192605362203],[4.4592058563765455,43.81926334324638],[4.4591818850912155,43.819264480126265],[4.459157874184345,43.81926393624142],[4.459134047920361,43.81926171667177],[4.459110628839053,43.81925784214833],[4.458749188765761,43.8191845729361],[4.458743609585438,43.8191836527085],[4.458743248924534,43.819192202830166],[4.458742958073876,43.81919219639816],[4.458742562716698,43.81920140654343],[4.458739367102507,43.819219082559556],[4.458733772092654,43.8192364429663],[4.458725832576742,43.81925331744348],[4.4587156264461365,43.8192695404381],[4.458703253829862,43.81928495278861],[4.458688836112312,43.81929940328648],[4.458672514742411,43.819312750159646],[4.458654449845913,43.819324862463525],[4.458634818654449,43.8193356213656],[4.45861381376673,43.81934492131139],[4.4585916412589714,43.81935267106008],[4.458568518663082,43.81935879457957],[4.45854467283243,43.81936323179257],[4.458520337716168,43.81936593916597],[4.458502985990808,43.81936661033053],[4.4584995487542125,43.81936686910092],[4.458495788259298,43.819370313198654],[4.4573884563706,43.82049555158781],[4.457372780791794,43.82050988060739],[4.4573551786588395,43.820522984469264],[4.457335831543944,43.82053472800152],[4.457314939019924,43.8205449900645],[4.4572927166015175,43.82055366480055],[4.45726939352224,43.82056066272587],[4.4572452103697,43.820565911653745],[4.457220416603779,43.8205693574391],[4.457195267983291,43.82057096453708],[4.45717002392763,43.82057071636976],[4.457144944840678,43.82056861549709],[4.457120289424542,43.82056468359048],[4.45634214933164,43.8204102088606],[4.45631843577108,43.82040456007006],[4.456295624329896,43.820397217607464],[4.4562739450841,43.82038825552899],[4.456253616690083,43.820377764226194],[4.45623484417922,43.8203658495144],[4.456217816889905,43.82035263156538],[4.45620270655789,43.820338243695176],[4.456189665584179,43.82032283101961],[4.456178825497941,43.8203065489905],[4.455968062710888,43.81994454734108],[4.455965592509907,43.81994081833095],[4.455961840975781,43.81994203538481],[4.455948579595871,43.81994691247169],[4.455926462797656,43.819953203649526],[4.455903617386217,43.819957936992054],[4.4558802521356515,43.81996106924328],[4.455856580570771,43.81996257177898],[4.455832819015734,43.81996243086806],[4.455809184617108,43.81996064779828],[4.4557858933594,43.81995723886435],[4.45576315809121,43.81995223521902],[4.455741186580057,43.81994568258845],[4.455720179613633,43.81993764085428],[4.455700329164853,43.81992818350638],[4.455681816637481,43.81991739697121],[4.455664811208335,43.81990537982212],[4.455649468281259,43.819892241878335],[4.455635928066967,43.81987810320147],[4.455624314301735,43.819863092998276],[4.455614733116671,43.81984734843987],[4.455544443494213,43.819715037858536],[4.455537336611305,43.819699614371864],[4.45553218114796,43.819683789430016],[4.455529019177787,43.819667692184964],[4.4555278765048385,43.81965145401096],[4.455528762453068,43.81963520743224],[4.455674173858264,43.81839435240759],[4.45567717271471,43.81837785713409],[4.455682262455782,43.81836163285317],[4.455689399585338,43.818345818209394],[4.455896102103323,43.817950674711625],[4.455906188735569,43.81793399328834],[4.455918551750141,43.81791813526856],[4.455933064581412,43.817903262995465],[4.455949578655797,43.81788952872071],[4.457251652885321,43.81691127921056],[4.457255536429463,43.816908064929684],[4.457256361789621,43.81690383622642],[4.457306142363781,43.81651400214282],[4.457309303877929,43.81649755968741],[4.457314544247192,43.81648139811054],[4.457321818884554,43.81646565491555],[4.457331065895499,43.81645046404607],[4.4573422066046655,43.81643595474643],[4.457355146225266,43.816422250462054],[4.4573652186821855,43.81641344891468],[4.457367194872394,43.81641152610183],[4.4573697992695385,43.81640755255371],[4.458198261876863,43.81496438857085],[4.458200225816991,43.81496044749278],[4.458197394871811,43.81495679340943],[4.45811646041,43.814863084176956],[4.458104565576237,43.81484767987276],[4.458094811508881,43.81483150602993],[4.458087292000622,43.81481471817519],[4.458082079356559,43.814797477739496],[4.45807922369898,43.81477995050557],[4.458078752485474,43.81476230501381],[4.458080670244986,43.81474471094165],[4.458084958534346,43.8147273374719],[4.4580915761157005,43.81471035166591],[4.458100459353137,43.81469391685712],[4.458111522824662,43.81467819108056],[4.4581246601436915,43.81466332555315],[4.458139744982081,43.81464946321964],[4.45815663228494,43.814636737378116],[4.458675889872437,43.814282013713175],[4.458677964750876,43.81428044979525],[4.458675514813436,43.81428169718439],[4.458582308918555,43.81433429197714],[4.458562183583377,43.81434453115156],[4.458540759190951,43.814353279797835],[4.458518245552196,43.81436045223947],[4.458494863145412,43.81436597823587],[4.4584708409570695,43.81436980367029],[4.458446414239271,43.814371891079794],[4.458421822205827,43.8143722200221],[4.458397305689561,43.814370787275834],[4.458373104783718,43.81436760687207],[4.458349456490648,43.81436270995691],[4.4583265924007485,43.814356144486396],[4.45830473642442,43.814347974757034],[4.458284102599234,43.81433828077588],[4.457982914541708,43.814180916072615],[4.457963494123948,43.8141696575144],[4.457945725259511,43.81415704954977],[4.45792978596317,43.81414321849069],[4.457915835919988,43.814128302902404],[4.457904014885529,43.81411245221535],[4.45728763107768,43.81317674693355],[4.457284650667786,43.81317276171124],[4.457279040995291,43.8131707520313],[4.456601865924123,43.81295868596384],[4.456595712468406,43.81295703487277],[4.456589154159091,43.81295686914814],[4.454795401537412,43.8129808177792],[4.45477060246533,43.81298025172162],[4.454746004901945,43.81297789801564],[4.454721853978949,43.81297378011757],[4.454698390376834,43.81296793906512],[4.454675847926275,43.812960433068405],[4.454047228384332,43.81272291001663],[4.4540420845569635,43.81272119431043]],[[4.479735931089873,43.82780935852006],[4.479714156109807,43.82780178059176],[4.479693500011904,43.82779270825634],[4.479674157883173,43.827782227197915],[4.479656312400495,43.82777043640538],[4.479640132105297,43.827757447237374],[4.479625769811776,43.82774338237064],[4.479613361163634,43.827728374641175],[4.479603023353043,43.827712565789874],[4.4795948540138495,43.827696105123685],[4.479588930299523,43.82767914810547],[4.479585308154559,43.82766185488576],[4.4795625124736,43.827500428293405],[4.479561224609277,43.8274826808165],[4.479562360736261,43.82746492790959],[4.479565909774589,43.82744734267097],[4.4795718371174695,43.82743009656398],[4.479580084968795,43.827413357745144],[4.479590572906764,43.827397289424496],[4.479603198668079,43.82738204827437],[4.479617839145134,43.827367782901725],[4.479634351586391,43.82735463239923],[4.479652574988301,43.82734272498902],[4.479672331665165,43.827332176772586],[4.479693428981632,43.82732309059875],[4.479715661230957,43.8273155550608],[4.479738811640678,43.827309643632795],[4.479762654486194,43.82730541395316],[4.479786957291604,43.827302907262684],[4.479811483096364,43.827302148002424],[4.479835992765674,43.82730314357543],[4.479860247322054,43.82730588427451],[4.479884010275394,43.82731034337698],[4.480071755705841,43.8273528367972],[4.480095305273608,43.82735912811752],[4.480117858468512,43.827367106616066],[4.480139185359229,43.82737669095177],[4.480159068516351,43.82738778341184],[4.480177305229076,43.82740027090804],[4.480193709571838,43.82741402612961],[4.480208114299838,43.82742890884114],[4.480220372554154,43.827444767312265],[4.480230359358995,43.827461439864514],[4.480237972895927,43.82747875651971],[4.480243135541967,43.827496540732746],[4.4802457946610525,43.82751461119162],[4.480245923140762,43.82753278366578],[4.480243519668822,43.82755087288442],[4.4802110477715615,43.82771029653156],[4.480206439460528,43.827727241426906],[4.4801996089941705,43.82774378854851],[4.480190619263189,43.8277597855361],[4.48017955304024,43.827775085094785],[4.480166512217866,43.82778954635116],[4.480151616870336,43.82780303615062],[4.480135004148083,43.82781543028331],[4.48011682701489,43.82782661462778],[4.480097252839452,43.82783648620198],[4.480076461854304,43.82784495411131],[4.48005464549627,43.82785194038575],[4.480032004643751,43.82785738069764],[4.480008747767055,43.82786122495417],[4.47998508900882,43.82786343775846],[4.479961246212198,43.82786399873565],[4.479937438914963,43.82786290272041],[4.479913886328011,43.82786015980455],[4.479890805316873,43.82785579524405],[4.479868408404821,43.827849849226595],[4.479735931089873,43.82780935852006]],[[4.476315037017084,43.826999739045014],[4.476292722839713,43.82700610415157],[4.476269665284068,43.82701088293509],[4.476246078955519,43.82701403091761],[4.476222183381065,43.82701551879958],[4.47619820096606,43.827015332732735],[4.476174354924134,43.82701347444889],[4.4761508671996095,43.82700996124379],[4.476127956401714,43.827004825816196],[4.476105835769851,43.82699811596355],[4.4760847111888555,43.826989894137],[4.476064779272697,43.82698023686018],[4.476046225534502,43.82696923401706],[4.476029222659896,43.82695698801514],[4.476013928899745,43.826943612832395],[4.4760004865972745,43.8269292329565],[4.475989020863246,43.82691398222597],[4.475979638411545,43.82689800258457],[4.475972426566012,43.82688144276023],[4.475967452447737,43.826864456880635],[4.475964762350412,43.826847203038774],[4.4759643813095344,43.82682984182152],[4.475966312869469,43.82681253481496],[4.475970539050533,43.826795443100465],[4.475977020516424,43.82677872575548],[4.475985696940399,43.82676253837295],[4.47599648756683,43.82674703161314],[4.476009291962863,43.82673234980154],[4.4760239909532435,43.8267186295854],[4.476213916139735,43.826557992743915],[4.476231056581293,43.82654488710989],[4.476249923868751,43.82653309019928],[4.476270328270193,43.8265227206427],[4.4762920645967155,43.82651388271712],[4.476314914265801,43.82650666529727],[4.476338647499374,43.82650114096201],[4.4763630256344085,43.8264973652643],[4.476423995524611,43.82649021498197],[4.4764488786866385,43.82648822129337],[4.47647391264377,43.826488049558925],[4.476498843521289,43.82648970152027],[4.476523418489802,43.8264931604245],[4.476547388329167,43.82649839119414],[4.476570509955817,43.826505340782816],[4.476592548887871,43.82651393871326],[4.476613281623013,43.826524097791896],[4.476632497905053,43.82653571499324],[4.4766500028561556,43.82654867250456],[4.476665618953144,43.82656283892055],[4.476679187827822,43.82657807057615],[4.476690571873047,43.82659421300319],[4.476699655638299,43.82661110249709],[4.476706347000543,43.82662856777684],[4.47671057809856,43.8266464317221],[4.476712306021227,43.8266645131694],[4.476713805119131,43.82672253928551],[4.476714646382331,43.826731514959505],[4.476716117094737,43.82674070461494],[4.476716477136438,43.826758873707405],[4.476714304792556,43.826776976482506],[4.47670962220381,43.82679482841529],[4.476702477098429,43.82681224753748],[4.47669294230573,43.82682905629235],[4.476681115013847,43.82684508334463],[4.476667115779143,43.82686016532698],[4.476651087297407,43.826874148505226],[4.476633192949373,43.82688689034542],[4.476613615135365,43.826898260966836],[4.476592553416061,43.82690814446581],[4.476570222478307,43.82691644009725],[4.476315037017084,43.826999739045014]],[[4.472512255917299,43.81787751059571],[4.472536523979901,43.81787417472812],[4.47256112947917,43.81787259941832],[4.472585829417741,43.817872800223654],[4.472610379865623,43.817874775161],[4.472634538369107,43.817878504726416],[4.472658066345124,43.81788395208773],[4.4726590609124734,43.81788426414162],[4.472660332638512,43.81788315178419],[4.472677769306524,43.817870648047595],[4.472696823825388,43.81785945023895],[4.47271731046028,43.8178496675088],[4.472739029517154,43.81784139521423],[4.472761769289226,43.81783471398937],[4.472785308120561,43.81782968895932],[4.472811132514052,43.8178251661043],[4.4728163458357315,43.81782405620966],[4.472811916900208,43.817821776477345],[4.472567008656563,43.81770827394602],[4.472546893891603,43.81769789684407],[4.472528300701534,43.81768612555471],[4.472511412659957,43.81767307629841],[4.472496396504833,43.817658877913296],[4.472483400492269,43.81764367058293],[4.472472552932785,43.817627604452284],[4.472463960924514,43.81761083814528],[4.472457709295883,43.8175935371987],[4.472453859768135,43.817575872427774],[4.472452450346044,43.817558018239595],[4.472453494942765,43.81754015091133],[4.472470856094035,43.81740391095337],[4.472474247389877,43.81738657130708],[4.472479950019711,43.817369552402354],[4.472487909988535,43.81735301537555],[4.472498051928856,43.817337116800466],[4.47251027981434,43.81732200720582],[4.472524477869053,43.81730782965011],[4.4725405116636745,43.817294718367144],[4.472558229388322,43.8172827974951],[4.472577463289906,43.8172721799012],[4.47259803126043,43.817262966113184],[4.472619738561188,43.81725524336739],[4.472642379666526,43.81724908478293],[4.4726657402097425,43.8172445486694],[4.472689599012668,43.81724167797478],[4.472713730179726,43.81724049987887],[4.47304452609677,43.817236031543956],[4.4730501705603745,43.81723575975725],[4.473050037681833,43.817231664795976],[4.472974903741591,43.81646926513862],[4.472974379781679,43.816451187918005],[4.472976363394617,43.81643316385575],[4.472980834557752,43.8164153748659],[4.472987748142079,43.816398000489826],[4.472997034367801,43.816381216084054],[4.473008599508695,43.81636519105054],[4.4730223268381435,43.81635008712679],[4.473038077807296,43.816336056753755],[4.473055693443454,43.81632324153699],[4.473324161067495,43.81614663409775],[4.473342411207919,43.81613573017931],[4.4733620105048,43.81612613219878],[4.473382781355971,43.81611792712947],[4.473404535543335,43.81611118932259],[4.473427075938405,43.81610597983355],[4.4734501982885595,43.816102345868785],[4.473473693067876,43.81610032035784],[4.473497347375712,43.81609992165508],[4.473520946865876,43.81610115337344],[4.47354427768891,43.81610400435156],[4.473567128429832,43.81610844875495],[4.473589292023872,43.81611444631019],[4.473610567632749,43.8161219426697],[4.473723762431168,43.816166771263916],[4.473743909455167,43.81617567500154],[4.47376279929577,43.816185922352815],[4.473780261613729,43.81619742091265],[4.4737961389421725,43.8162100669931],[4.473810288106537,43.816223746558485],[4.473822581515674,43.81623833625349],[4.473832908312417,43.81625370451574],[4.473841175373279,43.81626971276199],[4.473847308148236,43.81628621663776],[4.473851251333043,43.816303067319176],[4.473852969368001,43.81632011285488],[4.4738524467586895,43.81633719953625],[4.473849688215759,43.81635417328352],[4.4738447186125185,43.81637088103511],[4.473780161814027,43.81654685898778],[4.473779011293766,43.81655074533369],[4.473784166308481,43.8165493798233],[4.473802408724656,43.816543807972344],[4.473825572158897,43.81653769398817],[4.473849458136351,43.81653327169018],[4.473873831652758,43.816530584587525],[4.473898452907306,43.81652965911747],[4.473923079661855,43.81653050438529],[4.4739474696241555,43.81653311207479],[4.473971382831592,43.81653745652999],[4.47399458401201,43.816543495007636],[4.4740168448984035,43.8165511680977],[4.474037946474685,43.816560400307836],[4.474057681130468,43.81657110080611],[4.4740758547036155,43.8165831643147],[4.474092288390534,43.816596472145555],[4.474106820505342,43.81661089336815],[4.474119308070655,43.81662628609767],[4.474129628224326,43.816642498890864],[4.4741376794282814,43.81665937223606],[4.474143382467588,43.81667674012249],[4.474154887861331,43.81672155029519],[4.4741562618728405,43.81672572576483],[4.474162108357429,43.81672501662913],[4.474425678458885,43.81668312676476],[4.474449279249866,43.816680230286224],[4.474473155383665,43.81667899109379],[4.474497085419025,43.816679420680465],[4.474520847414783,43.816681515062015],[4.474544220988237,43.81668525481391],[4.474566989359035,43.81669060525152],[4.474588941359681,43.81669751675176],[4.4746098733939785,43.816705925213256],[4.474629591325267,43.81671575265098],[4.474647912276931,43.816726907919374],[4.474664666328504,43.81673928755776],[4.474679698091594,43.816752776749844],[4.474692868151082,43.816767250388516],[4.474704054358151,43.81678257423626],[4.4747131529632185,43.816798606170025],[4.474720079578213,43.816815197499444],[4.4747247699593125,43.81683219434581],[4.474727180602839,43.8168494390692],[4.474727289148819,43.816866771730645],[4.474725094588435,43.816884031575384],[4.47462861712981,43.81737982539335],[4.474624055585245,43.81739710459425],[4.4746171860607635,43.817413978790746],[4.474608074186937,43.81743028676399],[4.474596807018327,43.81744587270467],[4.474583492201807,43.81746058770191],[4.474568256948143,43.817474291165745],[4.474551246816633,43.81748685217055],[4.474532624324431,43.81749815070593],[4.474512567393837,43.81750807882326],[4.474491267652392,43.81751654166713],[4.474468928602001,43.81752345838166],[4.474445763674615,43.81752876288298],[4.474421994193003,43.817532404490684],[4.474397847256145,43.81753434841199],[4.474373553569413,43.81753457607422],[4.474349345240298,43.817533085302244],[4.4743254535607475,43.81752989033924],[4.474302106797277,43.81752502171062],[4.474279528010006,43.81751852593241],[4.474257932921447,43.817510465066725],[4.474237527855387,43.81750091612891],[4.474218507765605,43.81748997035157],[4.474201054373216,43.817477732313044],[4.474185334430462,43.81746431893808],[4.474171498127542,43.817449858380755],[4.474159677657681,43.81743448880005],[4.474149985954166,43.81741835703981],[4.474142515611412,43.81740161722574],[4.474110564465586,43.81731590912464],[4.474109055961449,43.81731253004193],[4.474108163541465,43.81731602199317],[4.474032074302841,43.81772477036494],[4.47402773439396,43.81774182767602],[4.4740211470769795,43.81775850330005],[4.474012373526492,43.81777464237019],[4.474001495220867,43.81779009500249],[4.473988613185621,43.81780471768783],[4.47397384705524,43.81781837462471],[4.473957333962171,43.817830938980535],[4.473939227263286,43.8178422940694],[4.473919695115663,43.817852334435905],[4.473898918914908,43.81786096683451],[4.473877091610502,43.817868111095514],[4.473854415913847,43.81787370086962],[4.47383110241563,43.81787768424418],[4.473807367630016,43.817880024225225],[4.473783431983799,43.8178806990812],[4.473759517769239,43.817879702544644],[4.473507661276135,43.817860356016325],[4.473502138439692,43.81786012925643],[4.473504393900944,43.81786291170018],[4.4735155883239734,43.81787839857764],[4.473524655121563,43.817894598715846],[4.473531508768416,43.817911359305505],[4.473536084614813,43.817928522250554],[4.473538339496498,43.81794592565958],[4.473538252141899,43.81796340537279],[4.473535823372861,43.817980796510504],[4.473531076096963,43.81799793502833],[4.473524055091536,43.81801465926469],[4.473514826581353,43.818030811465604],[4.473503477614034,43.81804623927268],[4.473490115239002,43.818060797160484],[4.473474865497785,43.818074347809095],[4.473457872235131,43.81808676339946],[4.473439295742197,43.81809792681906],[4.473419311244587,43.81810773276672],[4.4733981072494835,43.81811608874578],[4.473375883767514,43.81812291593674],[4.473352850426071,43.81812814994061],[4.473329224491928,43.818131741386516],[4.4733223815281535,43.818132532633975],[4.4733199630917975,43.81813654103455],[4.473312147144728,43.81815149243054],[4.47330233458667,43.81816778411489],[4.4732903506112445,43.81818329556664],[4.47327631208889,43.81819787551236],[4.473260355927054,43.81821138176291],[4.473242637735055,43.81822368260011],[4.473223330306548,43.81823465806135],[4.473202621934376,43.818244201109565],[4.473180714574255,43.81825221867708],[4.473157821875207,43.8182586325733],[4.473134167095927,43.81826338024726],[4.473109980927431,43.81826641539767],[4.4730854992432,43.81826770842446],[4.47306096079879,43.8182672467175],[4.473036604903323,43.81826503477956],[4.473012669085579,43.81826109418235],[4.4729893867774475,43.81825546335627],[4.472966985037351,43.81824819721544],[4.472945682335832,43.81823936662222],[4.47283132060742,43.81818636646442],[4.472826187094187,43.81818423219485],[4.472818355549319,43.818183455051255],[4.472809376550974,43.818182872737],[4.472785268702998,43.81817955003966],[4.4727617308643834,43.81817452222266],[4.4727553027166405,43.81817263267568],[4.472747965986635,43.81817860418683],[4.47272979694012,43.81819072144985],[4.472710056592002,43.818201473113824],[4.472688939895153,43.81821075299637],[4.472666655395445,43.818218469450215],[4.472643423172152,43.81822454626833],[4.472639427901222,43.81822543147577],[4.472615272835072,43.81822983822228],[4.472590629911494,43.81823247226995],[4.472565746624483,43.81823330716447],[4.472540872882124,43.81823233452082],[4.472516258496645,43.818229564107504],[4.472492150675419,43.81822502374829],[4.4724687915381525,43.818218759043035],[4.47244641568516,43.81821083290945],[4.47242524784118,43.8182013249513],[4.472405500598372,43.81819033065895],[4.472387372281198,43.81817796045016],[4.472371044954595,43.81816433856128],[4.472356682595471,43.81814960179937],[4.47234442944588,43.81813389816831],[4.472334408564413,43.818117385382216],[4.47232672059036,43.81810022928161],[4.472326655683892,43.81810005515812],[4.47232139556542,43.818082505858996],[4.472318576924282,43.818064664365544],[4.472318227819443,43.818046708300464],[4.4723203517241235,43.81802881642702],[4.47232492749132,43.818011166869155],[4.472331909564417,43.81799393533824],[4.472341228430824,43.81797729338388],[4.472352791314076,43.81796140668585],[4.472366483097572,43.8179464334049],[4.472382167470648,43.817932522608004],[4.472399688285692,43.81791981278447],[4.472418871112688,43.8179084304672],[4.472439524975775,43.817898488972986],[4.47246144425451,43.817890087274456],[4.472484410730894,43.817883309014746],[4.472508195761818,43.81787822167478],[4.472512255917299,43.81787751059571]],[[4.470003223129904,43.8295189013464],[4.469992711367544,43.829520805537044],[4.469968678890035,43.829523389225805],[4.469944412807567,43.82952426237212],[4.46992014487271,43.829523416637024],[4.469896106855729,43.829520860097716],[4.469872528331,43.82951661717034],[4.469849634484411,43.829510728376896],[4.469827643962675,43.82950324995813],[4.469806766785107,43.8294942533364],[4.469787202337803,43.82948382443365],[4.469769137469393,43.829472062850684],[4.46975274470653,43.82945908091594],[4.469738180606199,43.82944500261271],[4.469725584260533,43.829429962394926],[4.4697150759684545,43.829414103903204],[4.469706756086819,43.82939757859288],[4.469700704072024,43.82938054428748],[4.469696977721218,43.829363163671616],[4.469695612620402,43.82934560273705],[4.469696621804644,43.829328029197534],[4.469699995633677,43.82931061088707],[4.469705701884036,43.82929351415696],[4.469713686056898,43.82927690228716],[4.469723871898642,43.829260933926925],[4.469736162129155,43.82924576157959],[4.46975043937095,43.82923153014616],[4.469766567270217,43.8292183755415],[4.4697843917990685,43.82920642339638],[4.469803742726582,43.82919578785749],[4.4698244352445595,43.829186570497576],[4.4698462717324965,43.82917885934518],[4.470003081725045,43.82913019941034],[4.470026546879589,43.829123909668745],[4.470050766514833,43.82911935933053],[4.470075495293988,43.829116594488994],[4.470100482722956,43.82911564315105],[4.47012547568768,43.829116514953434],[4.471114223037528,43.82918723814304],[4.471120492069817,43.82918745202628],[4.471125777414676,43.82918500203573],[4.471280933871526,43.82910465718519],[4.4713009168600495,43.829095321828476],[4.471322040569885,43.82908741147606],[4.471344111698103,43.82908099851535],[4.471366928272195,43.82907614163116],[4.471390281498285,43.82907288526864],[4.471413957671744,43.82907125922664],[4.47143774013275,43.829071278385015],[4.471461411248873,43.82907294256842],[4.471484754406568,43.829076236548026],[4.471507555993339,43.829081130180725],[4.471529607352455,43.829087578685055],[4.4715507066923115,43.829095523050995],[4.47157066093298,43.82910489057982],[4.471589287473053,43.82911559554959],[4.471606415860604,43.829127539999305],[4.471611276871971,43.82913164740559],[4.471616714257355,43.829135804826564],[4.471622527261702,43.829136779177055],[4.471922363102798,43.829175999206896],[4.471928408842225,43.82917656769484],[4.471934288461274,43.82917540089731],[4.472786414967094,43.828972923425816],[4.472810202561163,43.82896820328446],[4.472834519149919,43.828965212757126],[4.4728591253916665,43.82896398127871],[4.472883779093817,43.82896452097036],[4.472908237596656,43.82896682652001],[4.472932260161704,43.82897087523476],[4.472955610341187,43.82897662726425],[4.472978058305261,43.82898402599275],[4.472999383104116,43.82899299859658],[4.473019374842689,43.82900345676074],[4.473037836746579,43.82901529754819],[4.473054587098833,43.82902840441301],[4.473069461028543,43.82904264834753],[4.473082312133647,43.82905788915205],[4.473093013921968,43.82907397681483],[4.4731014610562845,43.829090752988535],[4.473107570391218,43.82910805254884],[4.473111281791667,43.82912570521963],[4.473112558724799,43.82914353724911],[4.473111388619722,43.829161373119874],[4.4731077829912955,43.82917903727654],[4.473101777326894,43.8291963558537],[4.4730934307371895,43.829213158387304],[4.473082825374415,43.82922927949246],[4.473070065623826,43.82924456049133],[4.473055277076314,43.82925885097503],[4.473038605292272,43.829272010284036],[4.4730202143689,43.82928390889278],[4.472687117546255,43.82947878866861],[4.472682590054675,43.82948172196539],[4.472683592348166,43.82948606021911],[4.472796052555842,43.82985701189231],[4.472800107137918,43.82987442867618],[4.472801784035189,43.82989204929664],[4.4728010670960305,43.829909704057634],[4.47279796322275,43.829927222934046],[4.472792502305209,43.82994443720937],[4.472784736933038,43.82996118110033],[4.472774741889255,43.829977293353615],[4.472762613430131,43.829992618798805],[4.472699582529562,43.83006390934347],[4.4726853038088,43.83007842298454],[4.472669112649519,43.8300918433921],[4.472651167747331,43.830104039026594],[4.472631644987423,43.83011489035301],[4.472610735720629,43.830124291012346],[4.472588644887895,43.83013214886435],[4.472565589011555,43.8301383868904],[4.472541794073026,43.83014294394862],[4.472517493297829,43.830145775373055],[4.4724929248695755,43.83014685341151],[4.472468329595341,43.83014616749768],[4.472443948545344,43.830143724354464],[4.472420020690025,43.83013954792834],[4.472396780557726,43.83013367915447],[4.472374455935895,43.83012617555556],[4.471325839419269,43.829726902915645],[4.471320808128178,43.82972519103441],[4.471315456712128,43.829724162123256],[4.470015741561129,43.82951857492575],[4.470010117112774,43.829517880866376],[4.470003223129904,43.8295189013464]],[[4.4701386064470245,43.81945606971526],[4.470128251773457,43.819439831837464],[4.470120174060981,43.81942293001287],[4.470114453076437,43.819405531150075],[4.470111145313379,43.819387807065894],[4.4701102834342565,43.8193699327886],[4.470111875947972,43.81935208482947],[4.470115907125936,43.819334439439714],[4.470122337157475,43.819317170869965],[4.4701311025430694,43.81930044964958],[4.470142116721478,43.81928444090258],[4.470155270924626,43.81926930271708],[4.470170435251757,43.81925518458426],[4.470187459952258,43.819242225921904],[4.470206176904497,43.81923055469804],[4.4702264012760535,43.819220286166846],[4.47024793334895,43.81921152173087],[4.470270560491869,43.8192043479395],[4.470294059259874,43.8191988356344],[4.470593478197418,43.819140326199765],[4.470617268711698,43.819136571653345],[4.4706414524194855,43.81913452047768],[4.47066579726565,43.81913419235478],[4.470690069648907,43.81913559043321],[4.470714036663261,43.819138701297675],[4.470737468332816,43.81914349509784],[4.470760139818436,43.819149925834736],[4.470781833575154,43.819157931802124],[4.47080234143958,43.81916743617859],[4.470821466627303,43.81917834776463],[4.4708390256211175,43.81919056185782],[4.471070129451488,43.81936787653838],[4.471085753710942,43.819381088829104],[4.471099543556614,43.81939533145822],[4.471111370190134,43.81941047139978],[4.471121123149235,43.81942636724687],[4.471128711339516,43.81944287053228],[4.471134063885319,43.81945982711524],[4.471137130791775,43.81947707862099],[4.471137883411827,43.81949446392003],[4.471136314713869,43.819511820633124],[4.471132439347506,43.81952898664783],[4.4711262935067975,43.8195458016327],[4.471117934592284,43.819562108534804],[4.471107440674924,43.81957775504655],[4.471094909766979,43.81959259502836],[4.4710804589066155,43.81960648987354],[4.4710642230648014,43.81961930980303],[4.4710463538847,43.81963093507738],[4.471027018265319,43.81964125711537],[4.471006396802656,43.819650179508],[4.470984682102911,43.81965761891914],[4.470962076983494,43.81966350586381],[4.470578835258763,43.81974840904707],[4.470554995467014,43.81975276958949],[4.4705306773026265,43.819755403392804],[4.4705061187261235,43.819756284684445],[4.470481560050592,43.81975540484072],[4.470457241590091,43.819752772471126],[4.470433401308036,43.819748413334246],[4.470410272488593,43.81974237008552],[4.470388081453869,43.81973470185997],[4.470367045349231,43.81972548369345],[4.470347370018435,43.81971480578842],[4.47032924798937,43.819702772631224],[4.470312856590099,43.819689501969705],[4.470298356213659,43.819675123660886],[4.470285888748596,43.819659778400386],[4.4701386064470245,43.81945606971526]],[[4.46907288652451,43.81968355068728],[4.469050826783605,43.819676602671336],[4.469029797961778,43.819668143199685],[4.46900999702073,43.81965825150629],[4.468991609421195,43.81964702023967],[4.468974807385842,43.819634554595126],[4.468959748286186,43.81962097132941],[4.468946573168618,43.819606397667165],[4.468935405433346,43.81959097010929],[4.468926349678634,43.819574833154306],[4.468919490721164,43.819558137945066],[4.468914892801666,43.81954104085299],[4.468912598983304,43.819523702013555],[4.468912630748409,43.81950628382625],[4.46891498779734,43.81948894943371],[4.468927989897073,43.819425168953174],[4.468932728197997,43.81940785371342],[4.468939786326707,43.81939095783209],[4.468949096387908,43.81937464383339],[4.468960568824814,43.819359068644125],[4.46897409328068,43.819344382084296],[4.468989539660386,43.819330725425885],[4.469006759381882,43.81931823003406],[4.469054197101101,43.8192870287519],[4.469072800697587,43.81927593543608],[4.469092800568449,43.81926619873433],[4.469114008705011,43.81925791017614],[4.469136225740631,43.8192511476777],[4.46915924282479,43.81924597480955],[4.469182843586354,43.81924244019891],[4.4692068061675085,43.819240577072776],[4.46923090530927,43.8192404029453],[4.469254914468958,43.81924191945337],[4.469278607949739,43.81924511234115],[4.469301763022221,43.81924995159407],[4.469324162018156,43.81925639172099],[4.469345594376559,43.81926437218182],[4.46936585862305,43.81927381795661],[4.469384764263766,43.81928464025078],[4.469402133576073,43.81929673732974],[4.469417803279239,43.819309995475294],[4.469431626069349,43.81932429005456],[4.469443472004061,43.81933948669162],[4.469453229724162,43.819355442530636],[4.4694608075004325,43.819372007578814],[4.469466134096021,43.81938902611631],[4.469469159436158,43.81940633816011],[4.469481463363863,43.8195212594753],[4.4694821403647005,43.81953933360517],[4.469480309381152,43.819557365712384],[4.469475988889781,43.819575173810655],[4.46946922249222,43.81959257817436],[4.46946007847523,43.81960940315227],[4.46944864912159,43.8196254789404],[4.469435049778837,43.819640643295756],[4.469419417695179,43.81965474317367],[4.46940191063439,43.81966763627258],[4.469382705283616,43.81967919247004],[4.469361995470202,43.81968929513612],[4.46933999020549,43.81969784231048],[4.469316911575375,43.819704747731386],[4.469292992498895,43.819709941706385],[4.469268474377445,43.81971337181559],[4.46924360465842,43.819715003440905],[4.469218634337777,43.81971482011521],[4.46919381542682,43.819712823688725],[4.469169398408721,43.81970903431025],[4.469145629710458,43.81970349022387],[4.46907288652451,43.81968355068728]],[[4.464102684345293,43.82917781523234],[4.464079105065346,43.82917492759599],[4.464056018117181,43.829170413238074],[4.464033637119888,43.82916431392911],[4.46401216916035,43.82915668610488],[4.463991812877067,43.82914760034419],[4.4639727566221605,43.829137140715815],[4.463955176718571,43.829125404000656],[4.463939235828561,43.82911249879611],[4.463925081448645,43.829098544511346],[4.463912844544852,43.82908367026229],[4.463902638340956,43.8290680136771],[4.463894557270878,43.82905171962246],[4.463888676104971,43.82903493886342],[4.463885049258241,43.829017826668135],[4.4638837102869395,43.829000541371336],[4.463884671578135,43.828983242909345],[4.463887924235187,43.828966091340064],[4.463893438160134,43.828949245362125],[4.463901162332259,43.82893286084645],[4.463911025280239,43.82891708939405],[4.463922935743508,43.82890207693334],[4.464331422033367,43.82844016239416],[4.464345374654154,43.82842595099335],[4.464361161250275,43.82841278364923],[4.464378633670165,43.82840078393158],[4.464397627941856,43.82839006445242],[4.464417965811777,43.82838072580925],[4.464439456417581,43.82837285564103],[4.46446189807928,43.82836652780565],[4.464485080191895,43.82836180168694],[4.465520631886306,43.82818938877666],[4.465548393266155,43.82818595163894],[4.4655765134982355,43.82818480975215],[4.46560463168234,43.8281859777715],[4.4663288941547075,43.82824600429159],[4.466353274912061,43.82824891977208],[4.466377135433414,43.82825357309244],[4.4664002399802625,43.82825991827862],[4.466422360282825,43.828267892641115],[4.466443277795248,43.828277417394425],[4.466462785854791,43.82828839843533],[4.46648069172359,43.828300727272676],[4.4664968184928755,43.82831428209914],[4.466511006830816,43.82832892899472],[4.466523116556723,43.828344523249825],[4.466533028026055,43.828360910794885],[4.466540643312546,43.8283779297226],[4.466561826843073,43.82843476506425],[4.466563544498121,43.8284386135748],[4.4665674429312086,43.82843571665264],[4.466810069632892,43.82823680538234],[4.466827426256087,43.82822393393139],[4.466846470911841,43.828212381015994],[4.466867013368841,43.82820226203414],[4.466888848435097,43.82819367806067],[4.466911758007536,43.82818671483777],[4.466935513250496,43.828181441918474],[4.466959876881452,43.828177911972034],[4.466984605541083,43.828176160257726],[4.467009452224035,43.82817620427278],[4.467034168746094,43.82817804357752],[4.467058508223143,43.82818165979987],[4.467082227537118,43.82818701681871],[4.467105089764362,43.8281940611248],[4.467126866542123,43.82820272235516],[4.467147340349524,43.82821291399592],[4.467166306680285,43.828224534246466],[4.467183576085436,43.82823746703626],[4.46719897606565,43.82825158318413],[4.467212352794308,43.828266741688715],[4.467223572654038,43.828282791136736],[4.467232523571427,43.82829957121547],[4.467239116136545,43.828316914314016],[4.4672432844961,43.82833464719746],[4.4672449870113216,43.82835259273732],[4.46724569959953,43.82838035238195],[4.467246101326184,43.82838459521222],[4.467251950336217,43.8283841999376],[4.467711139776033,43.828336356367494],[4.467735113220954,43.828334711504084],[4.46775919402243,43.82833475348129],[4.4677831562476955,43.82833648190525],[4.467806775076473,43.82833988055942],[4.467829828910231,43.82834491755667],[4.467852101451238,43.8283515456385],[4.467873383731879,43.8283597026184],[4.467893476075204,43.82836931196524],[4.46791218996833,43.82838028352135],[4.467929349831111,43.82839251434835],[4.467944794663467,43.82840588969296],[4.467958379555953,43.828420284063576],[4.467969977049368,43.82843556240768],[4.467979478330646,43.82845158137895],[4.467986794253829,43.82846819068211],[4.467991856176512,43.828485234483054],[4.467994616603951,43.82850255287094],[4.467995271000329,43.82850967353097],[4.467999380735702,43.828512836518655],[4.468370730001609,43.828771856962106],[4.468374885248444,43.8287745047448],[4.468380218211106,43.828775579136696],[4.469126724172743,43.82890005356062],[4.469149851336076,43.828904772374166],[4.469172241238413,43.828911085430214],[4.46919368473368,43.82891893375799],[4.469213981516042,43.828928244045684],[4.469232941990934,43.828938929325155],[4.469250389046077,43.82895088978425],[4.469266159705874,43.828964013699256],[4.469280106653803,43.828978178478344],[4.469292099608522,43.82899325180683],[4.469302026540877,43.82900909288302],[4.469309794720434,43.82902555373356],[4.4693153315817264,43.82904248059548],[4.469318585402165,43.82905971535265],[4.469319525785266,43.82907709701268],[4.469318143944654,43.829094463210794],[4.469314452786229,43.829111651726464],[4.469308486787672,43.829128501998845],[4.469300301676473,43.82914485662647],[4.469289973909431,43.829160562837664],[4.469277599958525,43.82917547391757],[4.4692632954097995,43.82918945057879],[4.469247193883698,43.8292023622623],[4.4692294457869135,43.82921408835729],[4.469210216907425,43.8292245193276],[4.469189686865835,43.829233557735165],[4.469168047437488,43.82924111915008],[4.465275188595689,43.8304370199535],[4.465252485006913,43.83044306841429],[4.465229076853203,43.83044749083091],[4.465205185778778,43.830450245329004],[4.46518103800061,43.830451305827005],[4.4651568621663795,43.83045066228342],[4.465132887189432,43.83044832079175],[4.465109340081201,43.830444303522874],[4.465086443801663,43.83043864851502],[4.465064415148131,43.83043140931366],[4.4650434627024325,43.8304226544645],[4.465023784855882,43.830412466864345],[4.465005567930741,43.83040094297621],[4.464812198787576,43.83026605839215],[4.464797824299249,43.830257050228816],[4.464780089742926,43.83024477728055],[4.464764112516936,43.830231298691224],[4.464750048212674,43.83021674572084],[4.464738033792416,43.83020126009201],[4.464728186255559,43.83018499260984],[4.464720601499292,43.83016810169332],[4.464715353384769,43.83015075183252],[4.464712493017898,43.830133111986704],[4.4647120482517355,43.83011535393898],[4.4647140234153175,43.83009765062337],[4.464718399271604,43.830080174440724],[4.4647251332048965,43.83006309557984],[4.46473415963592,43.83004658036013],[4.4647392213998875,43.830038508013466],[4.464739402816927,43.83003420865508],[4.464734904521582,43.829858677232174],[4.464735649460515,43.82984102307932],[4.464738781111248,43.82982350679519],[4.4647442693121375,43.82980629707096],[4.464752061206825,43.829789559645334],[4.464762081753343,43.82977345570836],[4.464774234446889,43.82975814034914],[4.4647884022492645,43.82974376106225],[4.464804448716071,43.829730456327276],[4.464822219310764,43.82971835427528],[4.464841542892934,43.82970757145481],[4.464862233366487,43.82969821170952],[4.464884091471818,43.829690365178145],[4.464906906704762,43.829684107426395],[4.464930459343811,43.82967949871929],[4.464954522566081,43.82967658344077],[4.464978864631679,43.82967538966634],[4.465159209901936,43.82967296702189],[4.465164650935508,43.8296727007697],[4.465163209678453,43.82967157583939],[4.4651495844797084,43.829661925503316],[4.46513382919923,43.82964831921434],[4.465120002399964,43.82963365535106],[4.465108238633302,43.82961807661218],[4.465098652374327,43.82960173459918],[4.465091336907882,43.8295847883411],[4.465086363420842,43.82956740274688],[4.465083780309454,43.82954974700064],[4.465083612708457,43.82953199291525],[4.465085862246576,43.82951431326037],[4.46509050703076,43.8294968800812],[4.465097501859312,43.82947986302428],[4.465106778661846,43.82946342768658],[4.46511824716176,43.82944773400409],[4.4651317957548144,43.82943293469546],[4.465147292595223,43.82941917377586],[4.4651645868787195,43.829406585155574],[4.465183510310086,43.829395291336944],[4.465203878740878,43.829385402222215],[4.46522549396141,43.82937701404423],[4.465248145629549,43.82937020842983],[4.465271613317556,43.82936505160559],[4.465585084714144,43.8293082269715],[4.465589738681616,43.829307203395416],[4.465584943997932,43.829306611028805],[4.464102684345293,43.82917781523234]]]},"properties":{"scenario":"t20","wse_m":53.94,"source":"ppri+lidar"}},{"type":"Feature","geometry":{"type":"Polygon","coordinates":[[[4.484155886680656,43.82604096438365],[4.484159180307895,43.826044349582695],[4.48442298735615,43.82628927260644],[4.484437137083719,43.826303842502234],[4.484449228416884,43.82631935355916],[4.484459142943668,43.82633565387768],[4.484466783569274,43.82635258382889],[4.484472075466985,43.82636997761776],[4.484474966811022,43.8263876649067],[4.4844754292841635,43.826405472483756],[4.484473458355132,43.8264232259588],[4.4844690733230586,43.826440751471345],[4.48446231712858,43.82645787739319],[4.4844532559333965,43.826474436009235],[4.484441978472426,43.8264902651598],[4.484428595184886,43.82650520982887],[4.484359477147429,43.826574609519085],[4.4843563147706895,43.826578138751636],[4.484361204157894,43.82658041189353],[4.484664892543349,43.82670676904199],[4.48466976785109,43.82670857668953],[4.484669323797322,43.82670462421126],[4.484525561310082,43.825905155281],[4.484524572292706,43.82590116498187],[4.484519492600831,43.82590287101546],[4.4841608183115005,43.82603886728796],[4.484155886680656,43.82604096438365]]]},"properties":{"scenario":"t20","wse_m":53.94,"source":"ppri+lidar"}}]}