{"type":"FeatureCollection","features":[{"type":"Feature","geometry":{"type":"Polygon","coordinates":[[[4.453966572926253,43.80975201936697],[4.453966401001138,43.809756117785675],[4.454820097985627,43.84330779346803],[4.454820490993012,43.84331200034356],[4.4548263140115525,43.843312129613864],[4.476569348091518,43.84301998856102],[4.4765752476141865,43.843019702063025],[4.476584601628645,43.84301459199024],[4.476604502075217,43.84300477774227],[4.476625620788916,43.84299640267068],[4.4766477597254175,43.84298954531393],[4.476670711273362,43.842984269977784],[4.4766942602012065,43.842980626132494],[4.476718185675554,43.84297864794868],[4.476742263331988,43.842978353977],[4.476766267379021,43.84297974697428],[4.476789972715428,43.84298281387742],[4.4768131570411125,43.84298752592618],[4.476835602941683,43.84299383893267],[4.476857099927256,43.84300169369579],[4.4768774464063,43.843011016556396],[4.476886236175606,43.84301548974479],[4.476892179738031,43.84301561830117],[4.4781230745282175,43.84299894657257],[4.478128830939221,43.84299866008436],[4.478126608404423,43.84299480617287],[4.477845100736334,43.842567955399616],[4.477835468613883,43.842551233265546],[4.477828208034449,43.8425338949818],[4.4778233925653534,43.84251611623256],[4.477821070998106,43.84249807716499],[4.477821266854115,43.84247996056374],[4.477823978146446,43.842461949998984],[4.477829177400048,43.84244422796623],[4.477920248993465,43.842196029109935],[4.477921518678915,43.84219169296866],[4.47791710021888,43.842188623848436],[4.476705293869472,43.84142845935194],[4.476687520071188,43.84141614361107],[4.476671514950747,43.841402616767766],[4.476657435218882,43.84138801126838],[4.476645418733811,43.84137247012071],[4.476635583151469,43.841356145493585],[4.476332969719333,43.84077727028491],[4.476330677338043,43.840773470886404],[4.476326754031064,43.84077665073088],[4.476309235356153,43.84078949137176],[4.476290028168749,43.84080099768301],[4.476269325567691,43.84081105398566],[4.476247335686331,43.84081955917844],[4.476224279600034,43.84082642775413],[4.476200389103565,43.84083159065924],[4.476175904380685,43.84083499598833],[4.476151071589391,43.84083660950576],[4.4761261403871,43.84083641498996],[4.476101361420633,43.84083441439654],[4.476076983806261,43.840830627838514],[4.476053252625135,43.840825093384225],[4.476030406459287,43.84081786667449],[4.476008674992985,43.8408090203633],[4.47598827670355,43.84079864338732],[4.475969416664858,43.84078684007173],[4.47596396145772,43.84078266528747],[4.475957843606486,43.84077840259421],[4.4759535219629845,43.84078153568476],[4.475935207152532,43.84079355454657],[4.475915334003109,43.84080419771741],[4.475894098944813,43.840813359997654],[4.475871711869496,43.840820950825076],[4.475848394056109,43.840826895170075],[4.475824375983488,43.84083113427717],[4.475799895052194,43.84083362624599],[4.475775193237929,43.84083434644527],[4.475750514699716,43.84083328775637],[4.47572610336651,43.84083046064366],[4.475702200526065,43.84082589305101],[4.475679042439928,43.840819630125715],[4.47565685800811,43.84081173377208],[4.475635866506532,43.84080228203963],[4.475616275419613,43.84079136835162],[4.475598278389416,43.84077910058149],[4.474257227104366,43.83976929805929],[4.4742528627894185,43.83976632127493],[4.474246920071917,43.839766902754235],[4.4741978338843245,43.83977350821145],[4.474174157642713,43.839775848956904],[4.474150280306018,43.839776533917394],[4.4741264223889,43.8397755567671],[4.474102804226674,43.83977292653032],[4.474079643940375,43.8397686674981],[4.474057155422301,43.839762819003944],[4.474035546360593,43.8397554350605],[4.474015016321129,43.83974658386077],[4.473995754904451,43.83973634714826],[4.473977939994708,43.839724819462035],[4.473961736116845,43.8397121072637],[4.473947292917162,43.83969832795403],[4.47393474378131,43.83968360878878],[4.4739242046024605,43.83966808570351],[4.473915772711042,43.83965190205801],[4.4739095259759125,43.83963520731238],[4.473905522085289,43.839618155646804],[4.473903798014046,43.8396009045375],[4.473904369682319,43.839583613302466],[4.473930140892545,43.83932496223534],[4.473930269298063,43.83932060796204],[4.47392434292864,43.83931985446659],[4.473725562175627,43.839302033478724],[4.473700987257992,43.83929891739104],[4.4736769674572745,43.839294034487374],[4.473653744590061,43.83928743392584],[4.473631552449683,43.83927918215688],[4.473610614452475,43.83926936225425],[4.473591141388529,43.839258073078696],[4.473573329299561,43.83924542828261],[4.473557357505281,43.83923155516582],[4.473543386798126,43.83921659339406],[4.473531557824537,43.839200693592836],[4.47352198966905,43.83918401583093],[4.473514778655502,43.83916672800907],[4.4735099973773735,43.839149004169414],[4.473507693967039,43.839131022743565],[4.473507891611308,43.83911296475609],[4.473541067113973,43.83870020120417],[4.47354111223401,43.83869568868681],[4.4735381150937235,43.83869173171784],[4.472711361552225,43.837720831065695],[4.472707685847728,43.83771698112003],[4.47270298476965,43.83771376835964],[4.47171949824587,43.83710886183017],[4.4717023892802645,43.83709729137253],[4.471686859750341,43.837084607325],[4.47167304736296,43.83707092216323],[4.47166107459797,43.83705635724022],[4.471651047622157,43.83704104171015],[4.471643055347839,43.83702511138302],[4.471637168644491,43.83700870752043],[4.471633439710362,43.83699197558297],[4.471631901609683,43.83697506394017],[4.471608621042592,43.83607096546331],[4.471608215731583,43.836066640019084],[4.471604111556206,43.836063482527464],[4.471106437553508,43.835716419443685],[4.47110189332054,43.83571354769],[4.471100133155008,43.835713117930915],[4.471079348167422,43.83570882124329],[4.4710558257572535,43.83570201858018],[4.471033381573822,43.83569351885042],[4.47101224855587,43.83568341026938],[4.4709926460337535,43.835671797750024],[4.47097477745307,43.83565880181394],[4.470958828263175,43.83564455734062],[4.470944963992493,43.8356292121675],[4.470933328530602,43.83561292555552],[4.470924042634916,43.83559586653635],[4.470917202677446,43.83557821215792],[4.470912879644703,43.835560145646994],[4.470911118401022,43.83554185450746],[4.470874866103685,43.83413326386949],[4.470875670576902,43.83411506281815],[4.470879011718768,43.8340970137777],[4.470884855322546,43.83407930152203],[4.470893141563121,43.83406210737712],[4.471158804641028,43.8335892475584],[4.471169376031308,43.8335728465797],[4.471182169412036,43.833557297062676],[4.4711970554173,43.83354275624098],[4.4712138835213215,43.83352937114841],[4.471232483560574,43.83351727713216],[4.471252667454459,43.8335065964842],[4.471274231107142,43.833497437204905],[4.471296956471312,43.83348989191069],[4.471320613752989,43.83348403689782],[4.471344963735115,43.8334799313708],[4.471369760196395,43.833477616843695],[4.471394752400975,43.833477116720424],[4.471419687633742,43.833478436058115],[4.4716608469864685,43.833500063602685],[4.471666610549402,43.83350037802278],[4.471669346265978,43.83349669237573],[4.471903535511394,43.83314122627429],[4.4719057817261065,43.833137350224625],[4.471900531201496,43.833129740800985],[4.471900552526769,43.833129733090345],[4.471899868583538,43.83312884611432],[4.471890023105416,43.833112432138755],[4.471882477934488,43.833095391562544],[4.471877307655137,43.83307789283736],[4.471874563375016,43.833060108943656],[4.471874272219907,43.8330422156807],[4.4718764370656645,43.8330243899287],[4.471881036509887,43.8330068079004],[4.471888025083562,43.83298964339902],[4.471897333700632,43.83297306610032],[4.4719088703410055,43.83295723987521],[4.471922520960268,43.83294232116991],[4.4719381506171,43.83292845745946],[4.471955604807235,43.83291578578991],[4.471962245678025,43.83291142167102],[4.4719662383467025,43.832908242818235],[4.472323271452663,43.83259508148832],[4.472326840384432,43.832591612830214],[4.472326548583653,43.83259127216472],[4.472314428539964,43.83257538632758],[4.472304580034327,43.83255869771063],[4.472297103194415,43.83254137598695],[4.4722920740349625,43.83252359726623],[4.472289543685013,43.832505542304325],[4.472289537868177,43.83248739466545],[4.472292056641196,43.83246933885581],[4.472297074393467,43.8324515584479],[4.472304540107516,43.83243423421398],[4.472314377877785,43.832417542288276],[4.472326487682431,43.832401652376205],[4.472340746400318,43.832386726029085],[4.472357009062842,43.83237291500155],[4.472375110327836,43.832360359708886],[4.472394866160632,43.83234918779926],[4.472416075705118,43.832339512856166],[4.47243852332581,43.83233143324347],[4.472461980800178,43.83232503110555],[4.472685878407755,43.83227309368956],[4.472691759449478,43.83227148350801],[4.472695265107515,43.832267705013535],[4.473092720276877,43.831787658445386],[4.473106291730919,43.83177295632495],[4.473121790614217,43.8317592892193],[4.473139067323118,43.83174678904956],[4.473157955093911,43.831735576472994],[4.4731782716125155,43.831725759718374],[4.47319982077426,43.8317174335413],[4.473222394576744,43.83171067830966],[4.473245775127549,43.83170555922781],[4.473269736747371,43.83170212570735],[4.473294048148339,43.831700410890065],[4.473318474666437,43.83170043132809],[4.473342780526522,43.83170218682414],[4.473366731118062,43.83170566043344],[4.473390095259629,43.831710818627236],[4.473412647430308,43.83171761161645],[4.4734239201012445,43.83172148775518],[4.473426781926802,43.831720698881654],[4.4734493321933755,43.831715359716505],[4.473472482809018,43.831711600887964],[4.473496022951664,43.83170945662599],[4.473519738252099,43.83170894645732],[4.473543412746081,43.83171007502786],[4.473566830840957,43.831712832060234],[4.473589779278914,43.83171719244742],[4.473612049078976,43.831723116481434],[4.47363343744004,43.83173055021477],[4.473653749587661,43.83173942595186],[4.4736728005477335,43.8317496628654],[4.473690416830954,43.8317611677324],[4.4737064380127025,43.83177383578316],[4.473720718193952,43.83178755165527],[4.47373312732993,43.831802190444215],[4.473736936454915,43.83180720614657],[4.47373731177789,43.83180698133751],[4.47375622482954,43.83179670925715],[4.4737764002842475,43.83178778420334],[4.473797655672561,43.831780286895224],[4.473819798758242,43.83177428513915],[4.47384262927684,43.831769833215546],[4.473865940746855,43.831766971388035],[4.473889522337145,43.831765725539235],[4.473913160773638,43.83176610693675],[4.473936642268159,43.8317681121311],[4.4739597544518865,43.831771722987234],[4.473982288295992,43.83177690684818],[4.474004040002055,43.83178361683061],[4.47402481284521,43.83179179224886],[4.4740444189532935,43.8318013591636],[4.474047382734116,43.831802958822095],[4.474048670509393,43.83179894679057],[4.47404950237687,43.83179561340932],[4.474055009597651,43.83177841559032],[4.474062817787737,43.83176169108041],[4.474072851820996,43.831745600789425],[4.474085015156245,43.83173029952511],[4.474099190766152,43.83171593450371],[4.474115242263223,43.83170264393357],[4.474133015212047,43.8316905556855],[4.474152338615165,43.83167978606246],[4.4741730265582715,43.83167043868065],[4.474194879998913,43.83166260347262],[4.474217688681486,43.831656355822055],[4.474241233160108,43.83165175583846],[4.474265286909882,43.8316488477789],[4.47428961850628,43.83164765962225],[4.474313993851646,43.831648202799876],[4.4743381784274225,43.83165047208581],[4.474361939550422,43.831654445646976],[4.474385048611439,43.83166008525317],[4.474407283274683,43.83166733664495],[4.474428429616843,43.83167613005567],[4.474448284185251,43.83168638088258],[4.474466655955291,43.83169799050098],[4.475136911849696,43.832165397463854],[4.475155391851438,43.8321797717993],[4.475171598676672,43.83219551794921],[4.475185339408556,43.83221244848226],[4.47519645048448,43.83223036186893],[4.47543555442312,43.83268001060142],[4.475438305110019,43.83268444521462],[4.475442880058171,43.832688003697925],[4.47625660064198,43.833255431591404],[4.4762611126213985,43.83325828248987],[4.476267098868435,43.833258414228645],[4.476447746339353,43.83325596897031],[4.4764719390336944,43.83325649442272],[4.476495946518725,43.8332587201927],[4.476519541287246,43.833262625187736],[4.476542499743067,43.83326817240207],[4.476564604319857,43.833275309267506],[4.476585645542873,43.83328396815141],[4.476605424014009,43.833294066997745],[4.476623752301366,43.83330551010454],[4.476640456715454,43.8333181890309],[4.476655378955152,43.833331983624504],[4.476668377607881,43.83334676316038],[4.476679329489719,43.833362387579484],[4.476688130812814,43.83337870881617],[4.476694698168979,43.83339557220115],[4.476698969320176,43.83341281792738],[4.476700903788407,43.83343028256429],[4.476700997980613,43.83343245909663],[4.476705285794881,43.83343577369975],[4.477519795583263,43.83400372657758],[4.477523832604668,43.834006305666406],[4.477528653677751,43.834008041295796],[4.480229831077628,43.83487630509815],[4.48025064497738,43.834883858561234],[4.48027039154334,43.83489278823108],[4.480288897618073,43.83490301580379],[4.480306000921719,43.83491445159413],[4.480321551475002,43.834926995321965],[4.480335412914414,43.834940536991695],[4.480347463687979,43.8349549578567],[4.480357598121185,43.83497013146051],[4.480365727343664,43.83498592474591],[4.480371780068548,43.835002199221535],[4.480479447835957,43.83535714495094],[4.480480894523036,43.83536100301728],[4.480484556356802,43.8353580104782],[4.4805658678194575,43.83528462541427],[4.480581944585388,43.8352714839514],[4.480599713399058,43.83525953863403],[4.480619005241058,43.83524890308695],[4.480639636605129,43.83523967847627],[4.480661411243669,43.835231952547126],[4.480684122034444,43.835225798789025],[4.480707552950705,43.83522127573691],[4.480731481116017,43.8352184264143],[4.4807556789242,43.83521727792411],[4.480779916204298,43.83521784119084],[4.480803962409904,43.83522011085667],[4.480827588812065,43.83522406533242],[4.480850570674923,43.8352296670029],[4.480872689393341,43.835236862584644],[4.480893734572261,43.83524558363287],[4.48091350602794,43.8352557471924],[4.4809318156921,43.835267256586675],[4.480948489400825,43.835280002337484],[4.480963368551229,43.83529386320617],[4.480976311610104,43.83530870734689],[4.4809769833833935,43.83530956811636],[4.48098178715359,43.83531188035472],[4.481100895426363,43.83536354360716],[4.481121293169323,43.83537341260462],[4.481140247927516,43.835384688740014],[4.481157575140896,43.8353972622196],[4.481173106096216,43.8354110106176],[4.4811866895697605,43.83542580006812],[4.481198193299811,43.83544148656865],[4.481207505274507,43.83545791738206],[4.481214534822533,43.83547493252386],[4.48121921349605,43.83549236631987],[4.481221495737221,43.835510049019376],[4.481221359321899,43.83552780844797],[4.481218805576099,43.83554547168396],[4.4812138593631765,43.835562866742094],[4.481206568841818,43.83557982424822],[4.481197004997212,43.8355961790884],[4.481185260949937,43.83561177201669],[4.481171451049323,43.83562645120568],[4.481155709760089,43.83564007372487],[4.48113819035311,43.835652506932405],[4.4811190634130424,43.835663629766636],[4.4811108248812275,43.83566795448134],[4.481114492962431,43.83567110480836],[4.482184797339956,43.836504966376424],[4.482189184545439,43.83650805333793],[4.482194935384139,43.83650654143296],[4.483108618336219,43.83622747764688],[4.48311402369169,43.83622559086351],[4.483113547691925,43.83622126070507],[4.483057169289227,43.835907742882824],[4.4830551907384715,43.83588965270774],[4.483055738832421,43.835871510266344],[4.483058807996786,43.83585349999378],[4.4830643670282715,43.83583580498132],[4.483072359411887,43.83581860511521],[4.4830827038955485,43.83580207524784],[4.48309529531618,43.835786383420356],[4.483110005668847,43.83577168915434],[4.483126685408098,43.83575814183005],[4.4831451649682705,43.83574587916801],[4.483165256487299,43.83573502582897],[4.48318675571649,43.83572569214654],[4.483209444096896,43.835717973005686],[4.4832330909811136,43.835711946878085],[4.483257455977979,43.83570767502452],[4.483282291396294,43.83570520087202],[4.483307344762751,43.83570454957243],[4.484276809520515,43.835714746712796],[4.484282325086938,43.83571462695426],[4.484287702381339,43.835713803889874],[4.485466436438616,43.835493619177136],[4.485490578493065,43.835490022660515],[4.485515093854316,43.835488174051996],[4.485539741610805,43.835488091517746],[4.485564279549976,43.835489775868844],[4.485588466538402,43.8354932105532],[4.485612064891347,43.835498361818374],[4.485634842708412,43.83550517904304],[4.4856565761523655,43.83551359523455],[4.485677051648744,43.835523527687265],[4.487531510149929,43.83652292875622],[4.487536473176136,43.83652534185483],[4.487542183832547,43.83652662321793],[4.488654935901679,43.83673409523119],[4.488657402173866,43.83673446180571],[4.488655054832755,43.83673380276608],[4.487671781436802,43.83649758733935],[4.4876481878187615,43.83649093599993],[4.487625651038854,43.836482582295595],[4.487604404797852,43.83647261285235],[4.487584669413608,43.83646113105106],[4.4875666495363875,43.83644825595527],[4.487550532026691,43.83643412107662],[4.487281740780961,43.83617230129903],[4.487278204035247,43.83616916382544],[4.487273633136875,43.83616682918322],[4.485584540404704,43.835384558174376],[4.485579219105392,43.83538235753269],[4.4855731114253725,43.83538272300465],[4.484241091233385,43.835511327582346],[4.484217044601778,43.83551279390443],[4.484192914853426,43.835512565921256],[4.484168929286187,43.83551064578037],[4.484145313839721,43.83550705156914],[4.484122290967119,43.83550181714443],[4.484100077539386,43.83549499181353],[4.4840788828025095,43.835486639869835],[4.484058906406348,43.835476839987045],[4.484040336523961,43.835465684478145],[4.484023348079024,43.83545327842582],[4.48400810109809,43.83543973869255],[4.483994739203175,43.83542519281975],[4.4839833882588955,43.835409777826335],[4.483974155186896,43.83539363891807],[4.48396712695871,43.83537692811971],[4.483962369776579,43.83535980284286],[4.483959928449901,43.835342424403365],[4.48395982597322,43.83532495650156],[4.483960420097324,43.83532033784358],[4.483960771214013,43.83531415057681],[4.483960402994386,43.83530965983405],[4.483915703850935,43.83501522410352],[4.483914224387976,43.83499704108113],[4.483915291388367,43.8349788429316],[4.483918893921462,43.834960816040606],[4.48392499508774,43.83494314503953],[4.483933532396825,43.83492601091463],[4.483944418407606,43.834909589153305],[4.483957541623886,43.834894047946705],[4.483972767636383,43.83487954646737],[4.483989940499405,43.83486623323874],[4.484008884328065,43.83485424461418],[4.484029405099716,43.83484370338051],[4.484051292641112,43.834834717500314],[4.484074322780972,43.834827379006335],[4.484098259645899,43.83482176305887],[4.484122858076131,43.83481792717599],[4.48413435908408,43.834816570323405],[4.484133638777348,43.83481250026016],[4.483927084168446,43.83396879143731],[4.483925803443759,43.833964711452886],[4.483920132358804,43.83396390321453],[4.483905684335599,43.83396236150758],[4.483881498320787,43.83395888601961],[4.483857906819412,43.83395369343744],[4.483835141867681,43.83394683483319],[4.483813427371987,43.83393837766534],[4.483792976906599,43.83392840511509],[4.48377399161302,43.833917015268305],[4.4837566582216075,43.833904320150694],[4.483741147214984,43.83389044462603],[4.483727611151248,43.8338755251679],[4.483716183163504,43.833859708517494],[4.483706975650476,43.83384315024025],[4.483700079171054,43.83382601319577],[4.483695561553669,43.833808465935995],[4.483693467229238,43.83379068104737],[4.48369381679425,43.83377283345339],[4.483696606808277,43.83375509869412],[4.4837018098279025,43.833737651199684],[4.483709374676725,43.833720662574635],[4.483719226948791,43.833704299910146],[4.483731269740485,43.83368872414068],[4.48374538460368,43.83367408846103],[4.483761432710794,43.83366053681969],[4.483779256220252,43.83364820250306],[4.483798679828949,43.83363720682449],[4.4838195124964475,43.83362765793121],[4.483841549323931,43.83361964974063],[4.4838645735694485,43.83361326101665],[4.4838883587796285,43.83360855459502],[4.483912671016897,43.83360557676534],[4.483937271160293,43.83360435681578],[4.484469916841682,43.833597108597544],[4.48447572819158,43.83359682257438],[4.484475904582933,43.83359260805274],[4.4844597811373,43.832971842123165],[4.484459341817604,43.83296732685312],[4.48445446486202,43.832964493981116],[4.484350839242118,43.832910406672525],[4.484332359912993,43.83289976030763],[4.484315359429764,43.832887892707504],[4.484299991192853,43.832874910957685],[4.484286393874073,43.83286093219708],[4.484274690165345,43.83284608256087],[4.484264985671652,43.83283049604233],[4.484257367958163,43.83281431328374],[4.484251905760155,43.83279768030735],[4.484248648362856,43.83278074719773],[4.484247625156788,43.83276366674751],[4.4842488453726475,43.83274659307869],[4.48425229799807,43.83272968025188],[4.484257951877084,43.8327130808763],[4.484615113396754,43.831844299811905],[4.484617131011164,43.831838313454995],[4.4846241905144675,43.831821133117096],[4.484633575635619,43.83180454629507],[4.484645193288969,43.831788717500544],[4.484658928246396,43.83177380372685],[4.484674644280227,43.831759952891744],[4.484692185514411,43.831747302370474],[4.484711377970557,43.831735977633215],[4.484732031293489,43.8317260910008],[4.4847539406392265,43.8317177405305],[4.484776888706636,43.8317110090437],[4.484800647892637,43.83170596330437],[4.484824982549549,43.831702653356984],[4.4853517830337415,43.831650499492035],[4.485357680492185,43.831649696310784],[4.485358777723349,43.8316454254326],[4.485438575195663,43.83121639220651],[4.485443193059789,43.83119847794358],[4.485450289682931,43.83118099355795],[4.485459792307385,43.831164118301714],[4.485471603509064,43.83114802518192],[4.485485602196375,43.831132879186924],[4.48550164485172,43.831118835594935],[4.4855195670029,43.8311060383821],[4.485539184909327,43.8310946187465],[4.485560297445764,43.831084693763046],[4.485582688164259,43.831076365183385],[4.485606127513173,43.83106971839265],[4.485630375190518,43.83106482153409],[4.485655182607491,43.8310617248106],[4.485680295436969,43.83106045996997],[4.485833931666124,43.83105836701657],[4.485839750530175,43.83105808503867],[4.485846180529232,43.83105182700826],[4.485861144777336,43.831038621015466],[4.485877770945217,43.83102650140312],[4.485895909287734,43.831015577326895],[4.485915396440587,43.831005947174745],[4.485936056891648,43.83099769768083],[4.485957704561714,43.83099090314433],[4.485980144480396,43.83098562476036],[4.486003174542104,43.83098191006873],[4.486026587326254,43.830979792525824],[4.486050171965372,43.830979291203306],[4.486073716044205,43.83098041061633],[4.486097007512805,43.83098314068292],[4.486119836596291,43.830987456814704],[4.486580890172518,43.831091773423275],[4.486586504447529,43.831092824717125],[4.486586684058342,43.83108862870895],[4.486585630539434,43.83104812366231],[4.486586309451855,43.831031019848496],[4.486589228980043,43.831014040003296],[4.486594362733931,43.8309973375987],[4.486601664310318,43.830981063598884],[4.486611067712357,43.83096536509578],[4.486622487946134,43.830950383979555],[4.486635821788916,43.83093625565625],[4.4866509487221835,43.83092310782385],[4.486667732020949,43.83091105931816],[4.486686019989574,43.83090021903873],[4.486705647332846,43.83089068496454],[4.48672643665,43.83088254326853],[4.486748200038126,43.830875867538694],[4.486770740790473,43.83087071811299],[4.486793855174344,43.83086714153406],[4.486817334272471,43.8308651701284],[4.486829260125064,43.830864582876245],[4.486829308999173,43.830864308910996],[4.486831093520879,43.83084790740886],[4.486835284021282,43.83083077890241],[4.486841739095385,43.83081402324911],[4.486850398443092,43.83079779696684],[4.4868611811739445,43.83078225162843],[4.4868739865627845,43.83076753244569],[4.48688869499071,43.83075377691307],[4.4869051690624815,43.83074111352332],[4.486923254889994,43.83072966056718],[4.486942783529782,43.83071952502849],[4.486963572561141,43.83071080158485],[4.48698542779014,43.83070357172318],[4.4870081450635935,43.830697902978635],[4.487031512176043,43.830693848303746],[4.487055310851962,43.83069144557377],[4.48707931878464,43.83069071723294],[4.487103311712727,43.83069167008476],[4.487127065515025,43.83069429522855],[4.487317104132569,43.83072215886098],[4.487322981080724,43.83072280229674],[4.487323765222782,43.83072155755976],[4.487331178792567,43.83070802482551],[4.487342369913995,43.83069230464089],[4.487355638195289,43.83067745544054],[4.487370855527978,43.83066362059532],[4.487387874985573,43.83065093368224],[4.487406532242188,43.83063951719487],[4.487426647159139,43.8306294813605],[4.487448025524193,43.83062092307612],[4.487470460926703,43.83061392497274],[4.487493736750482,43.83060855461765],[4.487517628265213,43.83060486386208],[4.4875419047961955,43.83060288834058],[4.4875663319514665,43.83060264712697],[4.487590673884816,43.83060414255019],[4.487811971610264,43.830625707826506],[4.487817564911067,43.83062605328895],[4.487815949479551,43.83062216137588],[4.487272253232125,43.829511561673584],[4.487265153884948,43.82949438674182],[4.487260449970053,43.829476785717105],[4.487258188156314,43.82945893323249],[4.487258390882586,43.829441006415834],[4.487261056135155,43.829423183132306],[4.4872661574678325,43.82940564021968],[4.487273644264409,43.82938855173383],[4.48728344224096,43.829372087221714],[4.487295454182933,43.82935641003931],[4.487309560909756,43.8293416757308],[4.48770881337286,43.82896609237269],[4.487712227767341,43.82896253493301],[4.487713522111054,43.82895830560173],[4.487935470591982,43.8280187620518],[4.487936188829847,43.82801449986797],[4.487935770857644,43.828010216759544],[4.487863333181854,43.82756978909262],[4.48786237190256,43.827565652682104],[4.487856755253679,43.827564623074416],[4.487587686063959,43.82752517108752],[4.487564496831606,43.827520920884645],[4.487541979184934,43.82751507687328],[4.487520341601606,43.827507693159774],[4.487499784411069,43.82749883810565],[4.487480497939806,43.82748859369472],[4.487462660749167,43.827477054773965],[4.487446437982186,43.82746432817543],[4.487431979834603,43.8274505317271],[4.4874194201643185,43.827435793161925],[4.487408875252113,43.82742024893529],[4.487400442725105,43.82740404296158],[4.487394200652942,43.827387325281705],[4.48739020682506,43.82737025067406],[4.487388498215708,43.82735297722142],[4.487389090641716,43.82733566484746],[4.487391978616122,43.82731847383597],[4.48739713539905,43.82730156334702],[4.487404513245354,43.82728508994335],[4.487535666746144,43.82703410413931],[4.487537571737306,43.827029820576236],[4.487537781551604,43.82702911177579],[4.487544201106515,43.82701172104608],[4.487552988104682,43.826994881549865],[4.487564054644366,43.826978761739014],[4.4875772900209805,43.82696352286594],[4.487592561834557,43.82694931737065],[4.487609717314248,43.826936287355714],[4.487628584846572,43.82692456316493],[4.487648975692147,43.82691426207934],[4.4876706858737085,43.82690548714415],[4.487693498216547,43.82689832613792],[4.487717184520951,43.82689285069452],[4.487720595236021,43.826892196355594],[4.487726563108509,43.8268850391928],[4.487739446720889,43.82687110020908],[4.487754066633925,43.8268580899879],[4.487770295889666,43.82684612150776],[4.487787993555173,43.826835298700786],[4.487807005946363,43.82682571555024],[4.4878271679625685,43.82681745527438],[4.487848304520243,43.826810589603845],[4.487870232073319,43.82680517815878],[4.487892760207057,43.82680126793105],[4.487904588229837,43.82679963263621],[4.4879051773042535,43.82679544716807],[4.487950286045942,43.826173545382225],[4.487950309475574,43.82616936315406],[4.487949737491527,43.82616927079992],[4.48792673124991,43.826166362964344],[4.48790269652075,43.82616148553378],[4.4878794585409905,43.82615488775206],[4.487857251587468,43.826146636135746],[4.487836299542312,43.82613681387473],[4.487816813635797,43.82612551999351],[4.487798990316793,43.82611286835296],[4.487783009272214,43.826098986502174],[4.487769031615506,43.8260840143928],[4.4877571982623765,43.82606810296788],[4.487747628510192,43.82605141264012],[4.487740418835315,43.826034111674716],[4.487735641920553,43.826016374492895],[4.487733345922465,43.82599837991346],[4.487733553985973,43.825980309349994],[4.487736264011104,43.82596234498201],[4.487741448674264,43.825944667918144],[4.487755575386167,43.825906138093714],[4.487756806648854,43.825901951380864],[4.487751337192898,43.82590032551904],[4.487385268628994,43.82580659647761],[4.487362182709534,43.82579972307946],[4.487340165264913,43.825791208206056],[4.487319438283176,43.82578113770772],[4.487300210741101,43.82576961311921],[4.487282676497195,43.82575675063584],[4.4872670123371305,43.82574267994212],[4.487253376191343,43.825727542904],[4.487241905542744,43.82571149213859],[4.487232716040618,43.82569468947546],[4.487225900334659,43.8256773043249],[4.4869871587794465,43.8249266993127],[4.486985460746264,43.82492237142145],[4.486982085077748,43.82491863616915],[4.486969964009176,43.824903701432945],[4.4869598821661105,43.8248879922432],[4.486951932936588,43.824871654116684],[4.4869461899537,43.82485483839602],[4.4869427064135765,43.82483770084775],[4.486941514582694,43.82482040021933],[4.486942625499054,43.82480309676876],[4.486946028870027,43.82478595077999],[4.486951693167758,43.82476912107827],[4.486959565921292,43.82475276355889],[4.486969574202688,43.82473702974312],[4.486981625302618,43.82472206537469],[4.486995607589201,43.82470800906975],[4.487011391542089,43.824694991032885],[4.487028830952272,43.824683131851025],[4.487047764276424,43.82467254137649],[4.487068016133303,43.82466331770942],[4.487089398928311,43.82465554628914],[4.4871117145911645,43.82464929910262],[4.487134756410613,43.82464463401782],[4.487158310949158,43.82464159424762],[4.487182160020097,43.82464020794953],[4.487206082708538,43.824640487964835],[4.4873454949605485,43.824646987559454],[4.487350745978696,43.82464704640721],[4.487346782976936,43.82464455157924],[4.486834726430489,43.824352710064325],[4.486816393559646,43.82434116738878],[4.4867997045444685,43.824328384183495],[4.4867848187936135,43.82431448255087],[4.486771878491037,43.82429959527616],[4.486761007237928,43.82428386455923],[4.486752308872128,43.82426744065602],[4.486745866476356,43.824250480443645],[4.486741741584692,43.824233145921674],[4.48673997359488,43.82421560266488],[4.486740579392106,43.8241980182416],[4.486743553187782,43.82418056061329],[4.486748866574934,43.82416339653009],[4.48675646879961,43.82414668993815],[4.486766287245743,43.82413060041363],[4.486778228128828,43.82411528163857],[4.486792177391782,43.824100879932885],[4.486808001794428,43.82408753285683],[4.48682555018619,43.82407536789714],[4.486844654949864,43.82406450124924],[4.486865133602639,43.82405503670754],[4.486886790539105,43.82404706467389],[4.48695669293106,43.82402437368562],[4.486961951333861,43.824022433476735],[4.4869596768477535,43.824018490557556],[4.486389472997435,43.82315385371285],[4.486379816599865,43.823137082010284],[4.486372545154499,43.82311969084163],[4.486367732775448,43.823101857471435],[4.48636542851192,43.82308376367134],[4.486365655848363,43.82306559386731],[4.486368412465188,43.82304753325984],[4.486373670262504,43.82302976593622],[4.486381375646641,43.82301247299415],[4.486391450076498,43.82299583069601],[4.486403790864173,43.82298000867204],[4.486418272221712,43.82296516819171],[4.486434746543271,43.82295146051958],[4.486874686529843,43.822620711390414],[4.48689174772428,43.822609041141845],[4.486910253090021,43.82259858794133],[4.486930037650522,43.82258944497943],[4.486950925025449,43.82258169376579],[4.4869727290030985,43.822575403402574],[4.486995255200448,43.822570629968475],[4.487475881455418,43.822486392954794],[4.487479081448235,43.82248571100549],[4.487475753826916,43.82248587933662],[4.4870401065567025,43.82252343337064],[4.487016229917207,43.822524651316876],[4.486992302175032,43.82252420098057],[4.486968545179886,43.82252208653713],[4.486945179198318,43.82251832759086],[4.486922420871444,43.82251295899353],[4.48690048120626,43.8225060305208],[4.4868795636192225,43.822497606411076],[4.486859862050201,43.8224877647697],[4.486841559164322,43.8224765968448],[4.486824824658335,43.82246420618133],[4.486809813687259,43.82245070766088],[4.486796665425842,43.82243622643666],[4.486785501778221,43.82242089677297],[4.48660507519458,43.82214127944298],[4.486602367079677,43.82213756326039],[4.486597264469176,43.822138214119626],[4.486573546207445,43.822140394199906],[4.486549648379983,43.82214091443934],[4.486525792058851,43.82213977002535],[4.486502197932137,43.822136971544616],[4.486479084262375,43.82213254488507],[4.486456664867405,43.8221265309965],[4.486435147142355,43.82211898551168],[4.486414730141056,43.822109978231715],[4.486395602734604,43.82209959248032],[4.486377941864166,43.822087924333026],[4.486361910904125,43.822075081728286],[4.486347658150774,43.82206118346912],[4.486335315450471,43.82204635812394],[4.486324996980014,43.8220307428372],[4.48631679819046,43.82201448206078],[4.486310794924194,43.82199772621765],[4.486307042713406,43.82198063031027],[4.4862092924554045,43.82133677147895],[4.486208407636273,43.82133268667033],[4.486206509645817,43.82132880558778],[4.485885152854431,43.82075625079614],[4.485882604000599,43.82075229301941],[4.485876588943329,43.82075261312057],[4.484844567948161,43.820845510006755],[4.4848213203341745,43.82084680466266],[4.484798007451952,43.820846516505505],[4.484774834417845,43.82084464807064],[4.48475200511773,43.82084121579728],[4.484729720413082,43.820836249884046],[4.484708176373679,43.82082979402305],[4.484687562552444,43.820821905015585],[4.484668060317657,43.82081265227237],[4.4846498412571805,43.820802117202724],[4.484633065668741,43.82079039249841],[4.484617881149565,43.82077758131791],[4.484326138490175,43.820506698427415],[4.484322275878065,43.82050344689835],[4.48431752032256,43.820501229115884],[4.484305292983563,43.82049608346535],[4.484285029184562,43.820485448182254],[4.484266345155587,43.820473391444835],[4.484249430303756,43.82046003547757],[4.484234456100916,43.82044551567565],[4.484221574345369,43.8204299792325],[4.484210915623067,43.82041358364753],[4.484202587983865,43.82039649512948],[4.484196675846237,43.82037888691147],[4.484194291324024,43.82036981755429],[4.484192628140284,43.82036579274462],[4.48414644833126,43.82027143366029],[4.484139438768046,43.820254516271966],[4.4841347531360976,43.820237182883716],[4.484132436558568,43.820219600425894],[4.484132511343198,43.82020193822733],[4.48413497676756,43.820184366384616],[4.484139809086106,43.82016705412408],[4.484146961758935,43.82015016817191],[4.4841563659000645,43.820133871148585],[4.484167930940921,43.820118320002784],[4.484181545502627,43.820103664499825],[4.484197078468676,43.82009004577946],[4.4842143802477,43.82007759499659],[4.484233284214115,43.82006643205823],[4.484253608312841,43.820056664468794],[4.484275156812551,43.82004838629471],[4.484297722190654,43.82004167725867],[4.485168980687178,43.81981813448881],[4.485173697526394,43.81981673003673],[4.485168673273138,43.81981609553824],[4.4847444197074875,43.81977809202375],[4.484738723010216,43.8197777749157],[4.484733267301287,43.81977897348602],[4.48420099372614,43.819915540074966],[4.484178331934262,43.81992048868538],[4.48415512280245,43.819923854164564],[4.484131576783647,43.8199256059954],[4.4841079073856696,43.81992572829283],[4.484084329235129,43.819924219947886],[4.48406105613121,43.81992109463779],[4.484038299106954,43.819916380701834],[4.484016264515627,43.81991012088454],[4.483995152159532,43.819902371947904],[4.4839751534782275,43.81989320415678],[4.483956449812584,43.8198827006417],[4.483939210760428,43.819870956645076],[4.483923592638686,43.81985807865748],[4.483909737065949,43.81984418345208],[4.483897769678351,43.81982939702578],[4.483890365187594,43.81981916011044],[4.483880085939821,43.81980306603534],[4.483872043830535,43.81978631769356],[4.4838663169179425,43.81976907765178],[4.483862960787784,43.819751513249194],[4.483862008013861,43.8197337949732],[4.483863467841955,43.81971609480465],[4.4838673261001665,43.81969858454839],[4.483873545336557,43.81968143416582],[4.483882065182758,43.819664810125055],[4.483892802940008,43.81964887378522],[4.483905654381916,43.819633779830184],[4.483920494766192,43.81961967476725],[4.483937180045475,43.81960669550503],[4.4847766980208075,43.81901496917892],[4.484780531694954,43.8190119949247],[4.48477588124946,43.81900971167202],[4.4838810623676215,43.818614318543],[4.483861235939611,43.81860457821233],[4.48384279678116,43.81859350099047],[4.483825916212142,43.81858118979746],[4.483810751071064,43.81856775901824],[4.483797442257877,43.818553333439816],[4.48378611342487,43.818538047091984],[4.483776869827855,43.8185220420019],[4.483769797348256,43.81850546687453],[4.483764961695233,43.818488475710915],[4.483762407795251,43.81847122637745],[4.483762159374722,43.818453879139085],[4.483764218739646,43.818436595170155],[4.483768566754259,43.818419535057096],[4.4837751630189056,43.81840285730633],[4.483783946245461,43.818386716871515],[4.4837948348268375,43.818371263714056],[4.483807727595244,43.81835664140961],[4.483822504762211,43.81834298581433],[4.483839029031563,43.81833042380253],[4.4838571468750805,43.81831907208792],[4.483876689958936,43.8183090361393],[4.48389747670769,43.818300409200596],[4.483919313991294,43.818293271424636],[4.483941998919433,43.81828768912836],[4.4843193251305244,43.81820930419267],[4.4843247798476815,43.81820796409296],[4.4843258906655015,43.818203871618365],[4.48437925926932,43.81794171660064],[4.484379807329646,43.81793765340286],[4.484374407009035,43.81793882689854],[4.483309363978987,43.818212088597946],[4.4832865578431536,43.8182170632545],[4.483263198816227,43.81822043451022],[4.483239501389672,43.81822217140894],[4.483215683162364,43.818222258001754],[4.483191962842444,43.81822069349358],[4.483168558239003,43.818217492250284],[4.483145684262027,43.81821268366695],[4.483123550948944,43.81820631189783],[4.483102361535954,43.818198435450974],[4.4830823105917785,43.81818912665087],[4.48306358223104,43.81817847097441],[4.483046348423634,43.818166566265944],[4.483030767415632,43.81815352183885],[4.48301698227621,43.81813945747171],[4.483005119583963,43.818124502308486],[4.482995288264641,43.81810879367261],[4.482890177795687,43.81791688134501],[4.48288765690753,43.817912880786956],[4.482881586979674,43.81791274132164],[4.482802121282933,43.81791382198081],[4.482777764325845,43.8179132881587],[4.482753596607779,43.81791102998715],[4.482729850407609,43.81790706916972],[4.482706753952825,43.81790144377429],[4.482684529225973,43.81789420786724],[4.482663389831099,43.817885430993755],[4.482643538940737,43.81787519750932],[4.482625167343174,43.81786360576911],[4.482608451608738,43.81785076718253],[4.482593552392779,43.817836805142484],[4.482580612891598,43.81782185383939],[4.482569757466208,43.81780605697147],[4.482561090447131,43.817789566363615],[4.482554695131733,43.81777254050811],[4.482550632983701,43.81775514304147],[4.482504153747801,43.81747233265947],[4.482503160064033,43.81746810329675],[4.482497144419898,43.81746853888259],[4.482473298778193,43.81746943094967],[4.482449444948423,43.817468662175976],[4.482425803056415,43.81746623965583],[4.4824025912721535,43.81746218574451],[4.482380023796439,43.817456537852],[4.482358308884153,43.817449348097654],[4.48233764692243,43.81744068282932],[4.4823182285814225,43.81743062201098],[4.482300233054756,43.81741925848488],[4.4822838264059035,43.817406697114706],[4.4822691600357345,43.81739305381786],[4.482256369285384,43.81737845449581],[4.4822455721873515,43.81736303387218],[4.482236868376313,43.81734693424953],[4.482230338169741,43.817330304196105],[4.482226041826793,43.8173132971749],[4.482224018992294,43.817296070127405],[4.482224288330972,43.81727878202541],[4.4822268473552915,43.81726159240396],[4.482231672448484,43.817244659889134],[4.482238719082563,43.81722814073435],[4.482247922229291,43.81721218737832],[4.482259196960335,43.81719694703854],[4.482283366345644,43.8171677400654],[4.482296906112127,43.817153062183046],[4.482312366393482,43.817139415229576],[4.48232959848807,43.817126930464305],[4.482348436652901,43.817115727968314],[4.4823686996977905,43.817105915489435],[4.482390192728083,43.81709758740602],[4.48241270901917,43.81709082381914],[4.48243603200477,43.81708568978228],[4.482459937359877,43.81708223467549],[4.4824841951582926,43.81708049173063],[4.482508572084051,43.81708047771169],[4.48253283367543,43.81708219275347],[4.482736483747072,43.81710393229025],[4.482742400044836,43.81710434751008],[4.48274457160809,43.81710034103845],[4.483035032929749,43.81647458709228],[4.48303658624038,43.816470629411675],[4.483031950377171,43.816468250295124],[4.4826555762434825,43.81629386533003],[4.4826360410958035,43.816283821419034],[4.48261793220845,43.81627246225507],[4.482601417839186,43.81625989338173],[4.482586651430016,43.81624623158267],[4.4825737701815,43.816231603796304],[4.482562893777979,43.81621614593637],[4.482554123275565,43.81620000162914],[4.48254754016324,43.81618332087887],[4.482543205605756,43.81616625867398],[4.482541159875392,43.81614897354705],[4.482541421977853,43.81613162610178],[4.482543989475734,43.816114377520705],[4.482548838511264,43.816097388067654],[4.482555924028047,43.816080815598646],[4.482565180189768,43.81606481409516],[4.482767128687053,43.81575808609595],[4.482769373308551,43.815754201905904],[4.482764942861515,43.815751474861635],[4.4823197037996305,43.81550333692627],[4.482300989531033,43.815491796462744],[4.482283941034196,43.815478973911524],[4.482268725053351,43.81546499468549],[4.482255490409197,43.815449995510576],[4.482244366543376,43.815434123088274],[4.482235462252496,43.81541753266085],[4.482228864624084,43.81540038649302],[4.482224638184886,43.81538285228481],[4.482222824269833,43.815365101531384],[4.482223440617845,43.81534730784561],[4.482226481198419,43.8153296452602],[4.482231916270697,43.815312286525355],[4.4822396926744466,43.815295401419355],[4.482249734350061,43.81527915508797],[4.482261943082546,43.815263706429185],[4.482377343603827,43.81513311611034],[4.482380123378114,43.815129601926955],[4.4823745331067535,43.81512947927476],[4.482248183996971,43.81513119697027],[4.48222467240842,43.815130710556296],[4.482201329597331,43.81512861699338],[4.482178364610742,43.81512493503041],[4.482155983111987,43.81511969764134],[4.48213438553882,43.81511295172971],[4.4821137653083465,43.815104757708646],[4.482094307084849,43.81509518895986],[4.482076185125991,43.815084331176365],[4.48205956172224,43.81507228159512],[4.482044585743473,43.815059148126146],[4.482031391305778,43.81504504838616],[4.4820200965704045,43.81503010864521],[4.482010802685596,43.81501446269587],[4.482004709320452,43.815000761093245],[4.482004112343635,43.81499962088834],[4.481999976503716,43.81499643874461],[4.481945110112983,43.81495817335005],[4.4819409552418685,43.814955526107184],[4.481935623313441,43.81495445238761],[4.481752190146523,43.814923882261176],[4.481728903427335,43.81491912633682],[4.4817063656481615,43.814912753429425],[4.481684790381628,43.81490482393003],[4.481664382079147,43.814895412980356],[4.481645334133461,43.8148846097605],[4.481627827045989,43.81487251664404],[4.481612026716356,43.81485924822781],[4.481598082870309,43.81484493024588],[4.481586127640887,43.81482969837818],[4.481576274316356,43.81481369696461],[4.481568616266708,43.81479707763734],[4.481563552353713,43.81478103180241],[4.481563395753603,43.81478063020013],[4.481557457238153,43.814778270811246],[4.48154886979942,43.81477526271802],[4.481528508979145,43.81476629455331],[4.481509427910648,43.81475595557587],[4.481491802018162,43.81474434083884],[4.481475793347231,43.81473155712419],[4.481461549074922,43.81471772196101],[4.481449200156741,43.81470296254496],[4.481438860122713,43.81468741456882],[4.481430624033658,43.81467122097506],[4.48142456760729,43.81465453064152],[4.481420746522154,43.81463749701279],[4.481419195905818,43.814620276689446],[4.4814199300119775,43.81460302798828],[4.4814229420895,43.81458590948686],[4.481428204444564,43.814569078565576],[4.4814315808879615,43.81456166520434],[4.4814331965002205,43.81455742537465],[4.481427531531885,43.81455706079245],[4.480610433024596,43.81453338127395],[4.480585491545449,43.81453174402],[4.480560904211823,43.81452829760163],[4.480536920650886,43.81452307700927],[4.480513784359727,43.81451613524585],[4.480491730233153,43.81450754278884],[4.480470982178838,43.81449738687467],[4.480451750844019,43.8144857706129],[4.480434231476851,43.81447281193946],[4.4804186019441135,43.8144586424193],[4.480405020925409,43.81444340591049],[4.480393626302177,43.814427257103794],[4.480384533757876,43.814410359952014],[4.480377835603559,43.81439288600549],[4.480373599840746,43.81437501267044],[4.480371869471117,43.81435692140763],[4.480369387107982,43.814261053127105],[4.480369003958798,43.814256943452364],[4.4803634902089575,43.814257956077626],[4.479268856156799,43.814500581860045],[4.479245019215934,43.81450494428777],[4.479220703683911,43.81450758002019],[4.479196147495487,43.81450846326583],[4.479171590940383,43.81450758538192],[4.479147274311907,43.81450495495878],[4.479123435555553,43.81450059773593],[4.47910030794055,43.81449455635006],[4.4790781177772265,43.814486889918],[4.479057082202418,43.81447767345807],[4.479037407054698,43.81446699715596],[4.479019284860167,43.81445496548239],[4.4790028929484995,43.81444169617065],[4.478988391717755,43.814427319064606],[4.478975923064837,43.81441197484803],[4.478945657099935,43.81437012110971],[4.478942506613741,43.814366259253106],[4.478936353742417,43.81436574184714],[4.478608380036744,43.81435042291888],[4.478583962821967,43.814348400730644],[4.478559940772981,43.81434464226686],[4.47853654876143,43.814339184275305],[4.4785140154987015,43.81433208012063],[4.478492561299682,43.814323399262555],[4.478472395928628,43.81431322657671],[4.478453716548205,43.8143016615248],[4.47843670579174,43.81428881718206],[4.478421529977563,43.814274819131676],[4.478408337482869,43.81425980423695],[4.478397257293026,43.81424391930301],[4.478388397740484,43.814227319641525],[4.47838184544563,43.81421016755208],[4.4783776644699556,43.814192630735434],[4.478375895689777,43.81417488065367],[4.478376556396667,43.814157090853904],[4.478377431483065,43.81414880716371],[4.478372316501325,43.8141465348705],[4.47807719658304,43.81402967034857],[4.478057138232072,43.81402081086199],[4.47803832477909,43.8140106194595],[4.478020924342745,43.81399918721276],[4.478005092414527,43.81398661628172],[4.477990970469269,43.813973019001644],[4.4779786847009335,43.81395851687939],[4.477968344894957,43.81394323950735],[4.477960043447225,43.81392732340561],[4.477953854538469,43.813910910801845],[4.477949833471432,43.81389414836038],[4.477948016176741,43.813877185871625],[4.477948418891894,43.81386017491347],[4.477986002128083,43.813438322172416],[4.477986095883985,43.8134340272827],[4.477982436341129,43.813430646711275],[4.477355250806377,43.812905932042234],[4.4773510982535285,43.812902789457205],[4.477345343570397,43.8129040354988],[4.476245801493742,43.813186092697734],[4.476240112984391,43.81318778905893],[4.476237081232123,43.81319051440661],[4.476228791882196,43.81319880738854],[4.47621271874617,43.81321196643162],[4.476194950487793,43.813223928033736],[4.476175656401562,43.813234578225035],[4.47615502032034,43.813243815530655],[4.476133238863795,43.81325155193771],[4.476110519564981,43.81325771373373],[4.476087078892933,43.81326224220916],[4.476063140190115,43.81326509421672],[4.476038931544356,43.813266242582465],[4.476014683615574,43.81326567636477],[4.475990627437979,43.81326340095857],[4.475966992218733,43.813259438043914],[4.475944003153993,43.813253825379455],[4.4759218792831925,43.813246616442626],[4.475900831401987,43.81323787992015],[4.475810184812434,43.81319587031792],[4.4758051324234,43.81319377444758],[4.475801756822945,43.813197210001455],[4.4757509115862435,43.81325473924487],[4.475736823419353,43.813269082723174],[4.4757208677777305,43.813282361098125],[4.475703197266785,43.813294447369515],[4.475683980894012,43.81330522593895],[4.47566340245252,43.813314593715376],[4.47564165876316,43.813322461101116],[4.475618957792007,43.8133287528489],[4.475595516661256,43.81333340878158],[4.475571559572515,43.81333638436765],[4.47554731566239,43.813337651147194],[4.475523016810854,43.81333719700418],[4.475498895423381,43.813335026282225],[4.475475182208047,43.81333115974312],[4.475452103968878,43.813325634368255],[4.475429881436524,43.813318503004865],[4.4754087271570535,43.813309833860544],[4.47538884345902,43.813299709850995],[4.475374272850574,43.81329062876228],[4.4753724481210355,43.81328960277694],[4.4753493369891775,43.81329633184873],[4.475325302605103,43.813301366483664],[4.475300690988132,43.81330462582917],[4.475275751545174,43.81330607685595],[4.475250737005333,43.81330570485974],[4.475225900858737,43.81330351361022],[4.475201494787681,43.81329952531293],[4.4751777661160785,43.81329378038407],[4.475154955303087,43.81328633704115],[4.475133293506317,43.81327727071276],[4.475113000239291,43.81326667327439],[4.475094281146946,43.81325465211728],[4.475077325921667,43.81324132906009],[4.47506230638101,43.81322683911448],[4.47504937472657,43.81321132911683],[4.475038662001664,43.813194956240324],[4.475030276763425,43.81317788640207],[4.475024303982792,43.81316029258188],[4.475020804183527,43.813142353069125],[4.474989853444889,43.81289396252492],[4.474989319915782,43.81289121393783],[4.474988854817522,43.812893969035855],[4.474975955512445,43.81302351430362],[4.474972942228079,43.813041330590174],[4.474967493239871,43.813058840928505],[4.474959662743001,43.813075871155206],[4.474949528620086,43.813092251881976],[4.474937191666615,43.81310782018054],[4.474922774588458,43.81312242120321],[4.474906420781456,43.813135909722966],[4.474888292905179,43.8131481515781],[4.47486857126509,43.81315902500657],[4.474847452019159,43.813168421857185],[4.4748251452267915,43.813176248665236],[4.474801872759478,43.81318242758226],[4.474777866093931,43.81318689715036],[4.474753364009685,43.81318961291345],[4.474728610214035,43.813190547859435],[4.47470385091797,43.81318969268898],[4.474679332387186,43.813187055908],[4.474655298492571,43.81318266374292],[4.474631988284493,43.813176559879935],[4.474609633615061,43.81316880503048],[4.474588456831981,43.81315947632729],[4.47456866856696,43.813148666557225],[4.474550465640657,43.81313648323833],[4.474534029105026,43.81312304755038],[4.474519522442505,43.81310849312969],[4.474507089939982,43.81309296473969],[4.474496855253709,43.81307661683116],[4.474496728432819,43.813076384036485],[4.474490809574583,43.81307592136804],[4.473937870517156,43.81305263094295],[4.47391352201745,43.813050730134506],[4.473889550045803,43.81304710336425],[4.473866187341962,43.813041785843915],[4.4738436607302345,43.8130348292004],[4.47382218891724,43.81302630097458],[4.473801980368479,43.813016283965496],[4.473783231284358,43.813004875426515],[4.4737661236952855,43.812992186121015],[4.47375082369439,43.81297833924702],[4.473737479824947,43.81296346924111],[4.473726221638237,43.812947720473076],[4.47371715843581,43.81293124584438],[4.473710378208336,43.81291420530347],[4.473705946781407,43.81289676429306],[4.473703907176517,43.81287909214369],[4.47370427919346,43.81286136042986],[4.473735979810485,43.812505828957065],[4.4737360291782995,43.81250352718738],[4.473735334581976,43.812505773612685],[4.473499562296021,43.81349253164106],[4.473494360897763,43.81350942097532],[4.473486943647899,43.81352587053102],[4.4734773791106095,43.81354172824622],[4.473465755700104,43.813556847529924],[4.473452180863354,43.81357108861717],[4.473436780086883,43.813584319861064],[4.473419695736787,43.813596418949786],[4.473401085742696,43.813607274037274],[4.473381122137851,43.813616784777174],[4.473359989468801,43.813624863250446],[4.473337883089402,43.81363143477817],[4.473315007354896,43.81363643861187],[4.473291573732782,43.81363982849518],[4.473267798847916,43.81364157309129],[4.473243902479949,43.81364165627286],[4.473220105531568,43.8136400772709],[4.473196627986388,43.81363685068206],[4.47317368687531,43.81363200633352],[4.473151494270202,43.81362558900743],[4.473130255323417,43.81361765802673],[4.473110166371282,43.81360828670693],[4.473091413119109,43.81359756167823],[4.473087207024744,43.81359463969262],[4.473080694660156,43.81359056180199],[4.473074637069124,43.81359005792059],[4.47245139807649,43.81356091292887],[4.472427185357869,43.81355891365004],[4.4724033594122385,43.81355520693066],[4.472380149296847,43.81354982840629],[4.472357778148323,43.813542829784865],[4.472336461037449,43.8135342783496],[4.472316402901472,43.813524256311986],[4.472297796573861,43.81351286002159],[4.4722808209304326,43.813500199039595],[4.472265639169685,43.813486395085604],[4.472252397243854,43.8134715808673],[4.472241222455799,43.81345589880479],[4.472232222235184,43.81343949966115],[4.472225483105731,43.81342254109328],[4.472221069853471,43.813405186135995],[4.472219024903981,43.81338760163475],[4.4722193679146,43.81336995664165],[4.472222095585529,43.8133524207901],[4.472316959010547,43.81293000026009],[4.4723175917257265,43.81292592159415],[4.472312162223469,43.812927099375855],[4.47195314088317,43.81301917923339],[4.471947793472242,43.8130207638469],[4.471947623633423,43.81302494597388],[4.471952542609613,43.813216006515056],[4.471951800115473,43.81323366053385],[4.471948671582968,43.813251176843536],[4.471943187139439,43.81326838675226],[4.471935399601089,43.81328512451884],[4.471925383964415,43.81330122894893],[4.4719132366840055,43.81331654494742],[4.4718990747437,43.813330925012195],[4.471883034530008,43.81334423065459],[4.471555315089784,43.813590557260454],[4.4715381016019435,43.81360231940213],[4.4715194211647065,43.813612842614994],[4.471499443165267,43.81362203147806],[4.471478348756954,43.81362980266973],[4.471456329216582,43.81363608572334],[4.471433584209969,43.81364082366618],[4.471410319981408,43.81364397353607],[4.4713867474834625,43.813645506770975],[4.471363080464056,43.813645409468016],[4.4713395335282335,43.81364368250951],[4.471316320192125,43.81364034155496],[4.471293650946805,43.813635416899096],[4.471271731349565,43.813628953197146],[4.471250760159953,43.81362100905988],[4.4712309275374436,43.81361165652216],[4.471158730693982,43.81357394784743],[4.471153709040596,43.81357158730188],[4.4711444664679085,43.81357233625613],[4.471120594879612,43.81357343197653],[4.471096688383541,43.81357286095906],[4.47107296839945,43.81357062849242],[4.47104965461958,43.8135667552535],[4.47102696297385,43.81356127711589],[4.471005103629874,43.81355424481759],[4.470984279046363,43.81354572349105],[4.470964682097945,43.813535792059945],[4.47094649428875,43.81352454250816],[4.4709298840713245,43.81351207902777],[4.470915005286443,43.813498517054065],[4.470903473416866,43.813485633126426],[4.470902884450519,43.81348504443317],[4.470897858657389,43.81348730898312],[4.4705181840128825,43.81367808828061],[4.470497502972394,43.81368742678621],[4.470475658267185,43.81369525362643],[4.470452859955208,43.81370149353844],[4.470429327264527,43.813706086519275],[4.470405286485174,43.81370898840287],[4.470380968793092,43.81371017128471],[4.470356608027091,43.81370962379022],[4.470332438440193,43.81370735118408],[4.470308692446985,43.81370337531969],[4.470285598388675,43.813697734428935],[4.470263378337293,43.81369048275459],[4.470242245960211,43.8136816900287],[4.470222404465478,43.813671440802],[4.470204044647745,43.81365983363082],[4.469910249624884,43.81345486575603],[4.46989387417929,43.81344228859264],[4.469879240488729,43.813428631870195],[4.469866483539005,43.81341402156388],[4.469855721003827,43.813398592444976],[4.469847052159383,43.81338248683779],[4.469840556968624,43.813365853306586],[4.469836295343711,43.81334884528536],[4.469834306593438,43.81333161966234],[4.469834609060697,43.813314335332905],[4.469837199953351,43.813297151733735],[4.469842055370074,43.81328022737223],[4.469849130520889,43.81326371836441],[4.46985836014041,43.8132477769947],[4.46995808187929,43.81309637134261],[4.469960203076399,43.81309270267671],[4.469954787521216,43.8130933657284],[4.469543679836782,43.813158690098135],[4.469519394614649,43.813161644506344],[4.469494824851261,43.813162844154625],[4.469470211745591,43.81316227726615],[4.469445796922117,43.81315994940599],[4.469421820058744,43.813155883426525],[4.469398516533845,43.813150119243105],[4.46937611511552,43.81314271344214],[4.469354835715746,43.81313373872562],[4.469334887231496,43.81312328319738],[4.469316465493978,43.81311144949819],[4.469299751346182,43.81309835379807],[4.469284908867556,43.81308412465589],[4.469272083763294,43.81306890175728],[4.4692614019339745,43.8130528345433],[4.46921412993343,43.81297166923347],[4.469211545716723,43.81296778706834],[4.469211017587303,43.81296789702151],[4.469188731321913,43.81297341362233],[4.469164197887453,43.812977535938096],[4.469139214291502,43.8129798391773],[4.469114037072638,43.81298029968965],[4.469088924757666,43.81297891274648],[4.469064135206929,43.81297569258929],[4.469039922966435,43.81297067228359],[4.469016536654051,43.81296390337931],[4.468994216406557,43.81295545538143],[4.468973191413806,43.812945415036324],[4.468953677565305,43.81293388544097],[4.4689358752333765,43.81292098498429],[4.4689199672156885,43.81290684613148],[4.468906116858241,43.81289161406386],[4.468903751136214,43.8128883308467],[4.468898549369521,43.81288187556911],[4.468893756834439,43.81287923381119],[4.468463254976934,43.81266520315217],[4.4684584862462575,43.81266307827744],[4.468458929335886,43.81266712017271],[4.468505719513114,43.812927797062414],[4.468507698748594,43.81294604479546],[4.468507108270247,43.81296434373273],[4.468503954182985,43.81298250460671],[4.468498269107421,43.813000339577705],[4.468490111842563,43.81301766417671],[4.468479566757745,43.813034299213385],[4.468466742920068,43.81305007262942],[4.46845177296638,43.813064821278246],[4.4684348117314405,43.81307839261247],[4.468416034646495,43.81309064626167],[4.468395635924774,43.813101455484464],[4.468373826552725,43.81311070847923],[4.468350832107726,43.81311830954067],[4.468042836656026,43.813206709583596],[4.468037623984353,43.813208426340594],[4.468039153690826,43.813209648138084],[4.468054922365563,43.81322358552273],[4.468068687623768,43.81323859475248],[4.468080311508256,43.81325452540474],[4.468089677522407,43.81327121782224],[4.468096691797762,43.81328850471317],[4.468101284034845,43.813306212827655],[4.468103408207784,43.81332416469421],[4.468103043025674,43.813342180398244],[4.468103017388844,43.81334246669222],[4.468103837839111,43.813346872402896],[4.4681277955942305,43.81344022580575],[4.468131026702881,43.813457366756786],[4.46813197019486,43.81347465316269],[4.468130617350703,43.8134919253058],[4.468126980667952,43.81350902360016],[4.468121093745737,43.813525790065945],[4.468113010974433,43.81354206978904],[4.46810280703317,43.813557712352534],[4.468090576199903,43.81357257322644],[4.4680764314803785,43.813586515103076],[4.468060503564057,43.813599409165775],[4.468042939616623,43.81361113627914],[4.468023901920264,43.81362158808978],[4.4680035663742625,43.81363066802746],[4.467982120869743,43.813638292197474],[4.467959763553626,43.81364439015569],[4.467936700997803,43.81364890555955],[4.4678681824855255,43.81365979173097],[4.4678627419003005,43.81366085872614],[4.467865624463121,43.81366436622317],[4.468035253012789,43.81384969031603],[4.468047492906152,43.81386457126273],[4.468057700730192,43.81388023527636],[4.468065781943946,43.81389653728546],[4.46807166170174,43.81391332630967],[4.468075285546435,43.813930446858016],[4.468076619913848,43.81394774036898],[4.4680756524436855,43.813965046679],[4.468072392094081,43.81398220550583],[4.4680668690587195,43.813999057932975],[4.468059134487265,43.81401544788154],[4.468049260011713,43.814031223555745],[4.468037337083029,43.81404623884877],[4.468023476124225,43.814060354695975],[4.46800780550772,43.8140734403629],[4.467990470366455,43.814085374655996],[4.467971631249731,43.81409604704517],[4.467951462636311,43.81410535868749],[4.46793015131844,43.81411322334253],[4.4679078946718676,43.81411956817131],[4.467884898827777,43.814124334410685],[4.467861376763677,43.814127477917815],[4.467837546330829,43.81412896957883],[4.467813628236553,43.81412879557864],[4.4675070789916775,43.81411586511746],[4.467502386479166,43.81411583144684],[4.467506616287225,43.81411730313661],[4.4678759922821145,43.81423027450864],[4.467898045670222,43.814237966869186],[4.467918947151875,43.81424719277478],[4.467938493991696,43.814257862738344],[4.467956496593408,43.81426987326617],[4.46797278033882,43.81428310786151],[4.4679871872815555,43.81429743815468],[4.4679995776790795,43.814312725148085],[4.468009831348171,43.814328820564484],[4.468017848830703,43.814345568285084],[4.468023552358399,43.814362805863894],[4.468026886607223,43.814380366103364],[4.468027819234087,43.81439807867612],[4.46802634119064,43.81441577177698],[4.468022466811121,43.81443327378952],[4.467894790984947,43.814870875035815],[4.467893827617794,43.81487527684104],[4.467898506407064,43.81487817238467],[4.468088876014461,43.814984309715385],[4.468107671833663,43.81499591028529],[4.46812478499049,43.81500880428166],[4.46814004652414,43.815022864401],[4.4681533057547105,43.8150379518265],[4.468164431770902,43.81505391759862],[4.468173314722561,43.8150706040856],[4.468179866905303,43.81508784653991],[4.468184023626497,43.815105474724696],[4.468185743844062,43.815123314594594],[4.46818501057177,43.81514119001407],[4.4681818310470325,43.815158924496416],[4.468097140338768,43.81549823827866],[4.46809636146965,43.81550259593127],[4.468097173125261,43.81550319840779],[4.468113234010639,43.81551396911291],[4.468129529587911,43.815527293117476],[4.468143928104315,43.815541717402596],[4.468156288756475,43.81555710091439],[4.468166490668827,43.81557329321875],[4.468174434075687,43.81559013597218],[4.468180041296931,43.815607464470446],[4.468183257497681,43.81562510925905],[4.468184051224623,43.815642897790354],[4.468182414713673,43.81566065611088],[4.468178363965982,43.815678210562425],[4.468171938591552,43.81569538948027],[4.468163201421982,43.81571202487182],[4.468152237896105,43.81572795405954],[4.468139155224555,43.81574302127171],[4.46812408134141,43.81575707916572],[4.468107163653165,43.81576999026903],[4.468103283240788,43.81577267263474],[4.468105102127012,43.81578040423086],[4.468107963286189,43.8157974364322],[4.468108571602388,43.81581458851932],[4.468106921545053,43.815831704609906],[4.468103028108307,43.81584862914865],[4.468096926674737,43.815865208320936],[4.46808867269391,43.815881291450864],[4.468078341178484,43.81589673237045],[4.468066026022543,43.81591139074828],[4.468051839148305,43.81592513336478],[4.468035909488977,43.815937835322934],[4.468018381817003,43.8159493811835],[4.467999415428342,43.8159596660141],[4.467979182694741,43.81596859634296],[4.467957867497159,43.81597609100843],[4.467935663554571,43.81598208189649],[4.467912772663371,43.81598651456005],[4.467889402863326,43.81598934871355],[4.467828864368455,43.81599455695572],[4.467803369942173,43.81599579259739],[4.467777835035081,43.815995126472146],[4.467752529499199,43.815992565619574],[4.46772772076249,43.81598813710268],[4.467703671002616,43.81598188772187],[4.46768063437619,43.81597388352039],[4.467658854332787,43.81596420908632],[4.467300255339634,43.815785929575526],[4.467295801484576,43.81578393741463],[4.467297308545198,43.815787567669474],[4.467453879708299,43.81610772898003],[4.467460968787392,43.81612489722599],[4.467465665031682,43.81614249082143],[4.467467921885972,43.8161603353644],[4.467467716976191,43.81617825396524],[4.467465052331269,43.816196068999915],[4.467459954363115,43.816213603870914],[4.467452473604889,43.81623068475777],[4.467442684210167,43.8162471423401],[4.46743068321793,43.816262813476136],[4.467416589590708,43.816277542819904],[4.467400543035368,43.81629118436115],[4.46738270261826,43.8163036028728],[4.467363245188428,43.81631467525144],[4.467342363624539,43.81632429173768],[4.4673202649228845,43.81633235700416],[4.467297168145424,43.8163387911006],[4.467273302248213,43.81634353024636],[4.4672489038117265,43.816346527462635],[4.46712048349426,43.81635757483493],[4.467096161068515,43.816358795234564],[4.467071790529929,43.81635828431225],[4.467047606362543,43.816356046983934],[4.4670238412571575,43.81635210477628],[4.467000723872404,43.81634649561977],[4.466978476634626,43.81633927348352],[4.466957313597732,43.81633050785617],[4.466937438383608,43.81632028307716],[4.466919042222926,43.81630869752528],[4.466902302115185,43.81629586267205],[4.466887379125684,43.81628190200925],[4.4668744168358465,43.81626694986055],[4.466863539961759,43.816251150089265],[4.466615494854563,43.81584168139241],[4.4666134369487045,43.81583869096038],[4.46661371506921,43.81584202601931],[4.466659729190666,43.81614583465683],[4.466661196477308,43.81616353620457],[4.466660250845878,43.816181256384084],[4.466656901474633,43.816198823162324],[4.466651180878164,43.816216065995235],[4.466643144591818,43.816232817483666],[4.466632870632617,43.81624891499839],[4.466620458741918,43.816264202259084],[4.466606029417147,43.81627853085151],[4.466589722742008,43.81629176166842],[4.4665716970265485,43.816303766260056],[4.466552127270228,43.816314428081306],[4.4665312034629725,43.816323643623036],[4.4665091287406655,43.81633132341717],[4.4664861174130035,43.81633739290517],[4.466462392882852,43.81634179316205],[4.466438185477324,43.816344481468356],[4.466413730211601,43.81634543172485],[4.466389264507266,43.81634463470612],[4.466365025887242,43.81634209814993],[4.46634124966977,43.81633784668219],[4.466318166683771,43.81633192157786],[4.466296001027817,43.81632438036025],[4.465316034783795,43.815947227121825],[4.465313082417161,43.815946221478704],[4.465315678745947,43.81594765226059],[4.465672816935945,43.81612521460876],[4.4656934332251925,43.8161366567643],[4.465712287792362,43.816149594393885],[4.465729174715913,43.81616388619915],[4.4657439095635265,43.81617937609199],[4.465756331406417,43.816195894899174],[4.465766304576972,43.81621326221008],[4.465773720150517,43.81623128834691],[4.465832649155239,43.81640776814156],[4.465837227777074,43.81642520354741],[4.465839412583659,43.816442880713566],[4.465839182327523,43.81646062774574],[4.46583653924546,43.816478272070064],[4.465831509036861,43.81649564211128],[4.465824140613896,43.816512568961166],[4.465814505625974,43.81652888802091],[4.465802697763079,43.81654444060185],[4.4657888318447885,43.81655907546851],[4.465773042703793,43.81657265030926],[4.465755483874815,43.81658503312024],[4.465736326101626,43.81659610348899],[4.465715755676722,43.81660575376539],[4.4656939726297775,43.816613890108435],[4.4656711887825,43.8166204333989],[4.464764538893942,43.81684402319957],[4.464741468827098,43.816848825763294],[4.464717866548506,43.81685199454344],[4.464693952192514,43.81685349998531],[4.464669948804244,43.81685332804787],[4.464646080259234,43.81685148033478],[4.464622569175322,43.81684797407936],[4.46459963483628,43.81684284198382],[4.464577491146525,43.8168361319144],[4.464556344636039,43.81682790645471],[4.464536392534048,43.81681824232218],[4.4645178209294825,43.81680722965242],[4.464500803035341,43.816794971158515],[4.464485497573153,43.8167815811731],[4.464472047292639,43.816767184581906],[4.464460577640321,43.81675191565894],[4.4644511955895565,43.81673591681421],[4.464443988642856,43.816719337265404],[4.464439024015833,43.81670233164613],[4.464436348010363,43.816685058563785],[4.46443598558281,43.8166676791201],[4.4644379401113365,43.81665035540874],[4.464442193364479,43.81663324900335],[4.464455670967558,43.816590889114295],[4.4644566648867565,43.81658689493779],[4.464451078334121,43.81658722348909],[4.4641072864322515,43.816619566592735],[4.464082462938085,43.81662099109759],[4.46405756717359,43.81662060996575],[4.464032849012443,43.816618427022576],[4.464008556545702,43.8166144641778],[4.463984933591702,43.81660876120568],[4.463962217248836,43.8166013753458],[4.46394063551579,43.81659238072846],[4.463920405003139,43.8165818676307],[4.463901728759227,43.81656994157015],[4.463884794232214,43.81655672224602],[4.463869771388698,43.81654234233758],[4.463856811007819,43.816526946172466],[4.463846043167964,43.81651068827822],[4.463837575941242,43.81649373183111],[4.463768442094679,43.81633007199487],[4.463766531824639,43.8163262238858],[4.4637664892042626,43.816326241177556],[4.463745334316529,43.81633389049236],[4.463723271309994,43.81634004958013],[4.463700499861876,43.81634466269906],[4.463677226061197,43.81634768809888],[4.463653660543565,43.816349098398724],[4.463630016584792,43.81634888083488],[4.463606508170635,43.81634703737637],[4.463583348060085,43.81634358470714],[4.463560745859786,43.816338554074996],[4.4635389061269715,43.81633199100885],[4.463518026518104,43.81632395490662],[4.463498295999996,43.816314518497656],[4.463479893139563,43.816303767184515],[4.463462984487716,43.81629179827002],[4.463454657437953,43.81628531495912],[4.463448794096051,43.81628518519861],[4.463447390622491,43.81628520403539],[4.463422995466436,43.81628466363345],[4.4633987911149235,43.81628239339385],[4.463375010947047,43.81627841520631],[4.463351884251794,43.81627276742868],[4.46332963401718,43.81626550451694],[4.463308474780141,43.81625669650036],[4.4632886105579255,43.816246428305995],[4.463270232880932,43.816234798939966],[4.463253518945952,43.8162219205328],[4.463238629907638,43.81620791725813],[4.46322570932467,43.816192924135564],[4.463214881775588,43.81617708572865],[4.463206251657648,43.816160554751036],[4.463199902180288,43.81614349059404],[4.46319589456289,43.816126057789624],[4.463194267444572,43.816108424424215],[4.463195036511722,43.81609076051775],[4.463198194346835,43.816073236384575],[4.463255915357966,43.81584206146918],[4.463256638167799,43.81583805906835],[4.463251402053534,43.8158394439384],[4.463223991705963,43.81584781295983],[4.46320125272069,43.81585382918877],[4.463177813293827,43.815858215044045],[4.463153895794874,43.815860928917104],[4.463129727128922,43.815861945061435],[4.4631055365839485,43.81586125383688],[4.463081553655504,43.81585886180106],[4.46305800586943,43.815854791647276],[4.463035116623252,43.815849081988965],[4.463013103066774,43.815841786993666],[4.462992174041921,43.81583297586891],[4.462972528101428,43.81582273220571],[4.4629543516251475,43.815811153185464],[4.462937817051854,43.81579834865806],[4.462923081243326,43.81578444009965],[4.462910283996215,43.81576955946014],[4.462899546715837,43.81575384791152],[4.462890971264436,43.81573745450839],[4.462884638994887,43.8157205347739],[4.462814185152289,43.81548794744455],[4.462812748113233,43.81548410548667],[4.462809457210031,43.81548671665958],[4.462800107366992,43.81549486897365],[4.462782224153771,43.815507597925674],[4.462762660677418,43.81551895730218],[4.4627416160698,43.815528831478275],[4.462719304539273,43.81553711994657],[4.46269595319028,43.81554373834025],[4.462671799711657,43.81554861929184],[4.462647089957192,43.81555171311904],[4.462622075443064,43.81555298833028],[4.462597010787628,43.81555243194539],[4.46257215111964,43.815550049627745],[4.462547749481262,43.81554586562655],[4.462524054252324,43.81553992252999],[4.462505407816907,43.81553365856234],[4.462495702829525,43.815530806207214],[4.462487442404639,43.81552871379985],[4.462464836593726,43.81552106879825],[4.46244340314452,43.81551182125909],[4.462423358025402,43.815501064363005],[4.462404903215258,43.81548890649923],[4.462388224668269,43.81547547017348],[4.462373490440197,43.815460890773444],[4.462360848995041,43.815445315204606],[4.462350427709105,43.81542890040992],[4.462342331587586,43.815411811788486],[4.462336642206586,43.81539422152884],[4.462333416891205,43.815376306873965],[4.462332688138013,43.81535824833537],[4.462334463287694,43.815340227874124],[4.462338724451187,43.8153224270675],[4.462345428690025,43.815305025279315],[4.462354508449076,43.815288197852624],[4.462365872237332,43.81527211434299],[4.462371712518291,43.81526478122833],[4.462366144798507,43.81526465795274],[4.4619607219088975,43.81527009466509],[4.461936381599284,43.815269557073435],[4.461912230762142,43.8152672973355],[4.461888501221623,43.81526333714261],[4.461865420757744,43.81525771450869],[4.461843210919854,43.815250483405435],[4.46182208489994,43.815241713244305],[4.461802245486156,43.81523148821011],[4.4617838831162295,43.815219906452924],[4.4617671740494425,43.815207079145985],[4.461752278674715,43.81519312941842],[4.461739339971051,43.81517819117344],[4.461728482135119,43.81516240780279],[4.461719809389125,43.815145930810566],[4.461713404980453,43.81512891835863],[4.4617093303826385,43.81511153374866],[4.4617076247053555,43.81509394385443],[4.461708304319094,43.815076317520145],[4.461711362698102,43.81505882393955],[4.461716770483104,43.815041631031995],[4.461799963509686,43.814826431365894],[4.461801201366501,43.81482250038479],[4.461797174977362,43.81482325340284],[4.46177277053973,43.81482688368858],[4.461747986800541,43.81482872659796],[4.4617230727793755,43.81482876361393],[4.461698278804883,43.814826994364594],[4.461673853999492,43.81482343662685],[4.4616500437762205,43.81481812614776],[4.461627087372787,43.81481111628547],[4.46160521544776,43.81480247747295],[4.461584647762922,43.81479229651029],[4.461565590975149,43.81478067569269],[4.461548236559957,43.814767731782375],[4.4615327588876275,43.81475359483558],[4.461519313471193,43.814738406895664],[4.461508035403936,43.81472232056586],[4.461499038002058,43.814705497476005],[4.461492411666179,43.81468810665853],[4.4614882229731,43.81467032284994],[4.461486514006943,43.81465232473528],[4.461483074947381,43.81451779299837],[4.46148382276084,43.81450012027056],[4.461486961701075,43.81448258595626],[4.4614924614718365,43.814465359280064],[4.461500268992494,43.81444860649733],[4.461510308910415,43.814432489289736],[4.461522484328251,43.81441716320484],[4.4615366777391605,43.81440277615493],[4.461552752160922,43.81438946698955],[4.461570552457983,43.814377364155476],[4.461589906838692,43.81436658445709],[4.46184391847838,43.81423898100866],[4.461848424966791,43.81423647950901],[4.461846143974716,43.81423271412972],[4.4614706950760565,43.81368519494546],[4.461461046563403,43.81366922656474],[4.461453576412213,43.813652657228914],[4.461448354682941,43.81363564234145],[4.4614454303479985,43.81361834148442],[4.461444830832517,43.8136009169219],[4.4614465617571994,43.81358353207799],[4.4614506068856885,43.81356635000415],[4.461456928276931,43.81354953184994],[4.461465466641087,43.813533235351535],[4.461476141895684,43.81351761335246],[4.461488853916766,43.81350281237002],[4.4615034834779905,43.81348897122116],[4.461519893368893,43.81347621972055],[4.461537929681788,43.81346467746305],[4.461557423255278,43.81345445270214],[4.4615781912607835,43.813445641334575],[4.4616000389172745,43.813438326001005],[4.461622761318067,43.813432575311],[4.461637161027369,43.81343003078903],[4.4616414068326655,43.81342912218635],[4.4616415784548,43.81342494043743],[4.461633751623194,43.81311878976076],[4.461633352114503,43.813114516592364],[4.461627016577353,43.81311244976289],[4.461618095467394,43.81310991804694],[4.461596655246256,43.8131020254346],[4.461576368925195,43.813092669111384],[4.461557426477551,43.813081936695816],[4.461540005291499,43.813069928693054],[4.461524268508862,43.81305675755348],[4.4615103634973625,43.813042546619855],[4.461498420470596,43.813027428972006],[4.461488551268663,43.81301154618073],[4.461480848310882,43.812995046981975],[4.461475383730368,43.81297808588389],[4.461472208698612,43.81296082172009],[4.4614713529463375,43.81294341616199],[4.461472824485176,43.81292603220506],[4.461476609532715,43.8129088326423],[4.461482672641637,43.81289197853976],[4.461527195565339,43.81278893740843],[4.461535342091477,43.812772823110876],[4.46154557091006,43.8127573438851],[4.461557789031203,43.812742640449784],[4.4615718853808986,43.812728846470925],[4.461587731810811,43.8127160873467],[4.46160518426327,43.81270447906762],[4.4616240840808885,43.812694127162],[4.461644259448887,43.81268512573669],[4.461665526957015,43.81267755662157],[4.462327220342315,43.81246979902815],[4.462351015556033,43.812463352624775],[4.462375595239178,43.81245869897137],[4.46240070255864,43.812455886693904],[4.462426075168198,43.81245494517785],[4.462451447949688,43.81245588426108],[4.462476555783156,43.81245869413114],[4.462501136317006,43.81246334542772],[4.462524932709243,43.81246978954946],[4.462547696311139,43.8124779591618],[4.462569189265316,43.81248776890046],[4.462589186991074,43.812499116263474],[4.462607480530997,43.81251188268212],[4.462612863451831,43.81251604395547],[4.4626180855670095,43.812518231106424],[4.4634232257470075,43.81281837393592],[4.463428381592251,43.81282008178459],[4.463433914063528,43.81281918407996],[4.4678128576369165,43.81195233037594],[4.467818254883107,43.811951064827426],[4.467821913267827,43.811947932448916],[4.468057453988954,43.811726404308054],[4.468060444526499,43.81172329094557],[4.468055358931827,43.81172419664292],[4.4636437395965265,43.81267582004368],[4.463621966573179,43.812679750768915],[4.463599792708614,43.812682243424696],[4.4635773987517915,43.81268327769226],[4.463287991853769,43.812687162171464],[4.463264697945509,43.8126866835618],[4.463241568328905,43.81268462723427],[4.463218806339054,43.81268101126628],[4.463196612079113,43.81267586744626],[4.463175180661124,43.81266924099408],[4.463154700490726,43.81266119016365],[4.463135351610826,43.81265178573067],[4.463117304118798,43.81264111037052],[4.463100716671127,43.812629257931356],[4.462673015087332,43.81229356261608],[4.46266896440154,43.8122906693049],[4.462663462326684,43.81229171848277],[4.462239373935106,43.81238825662208],[4.4622162678579524,43.81239264498433],[4.462192686727039,43.812395406777874],[4.462168848374628,43.812396516490445],[4.462144973009145,43.812395963870976],[4.46212128118094,43.81239375402434],[4.462097991744875,43.81238990736415],[4.462075319838588,43.81238445942422],[4.462053474895085,43.81237746053026],[4.462032658708052,43.81236897533496],[4.4620130635677375,43.812359082220915],[4.461994870484626,43.81234787257624],[4.461978247517346,43.81233544995068],[4.461963348220208,43.81232192909875],[4.461950310224749,43.81230743491989],[4.461939253968394,43.8122921013045],[4.46193028158193,43.81227606989723],[4.461923475946136,43.81225948878849],[4.461922132868788,43.81225552873163],[4.461919625491759,43.81225161004155],[4.4614744313236745,43.811635613598746],[4.461471206656576,43.811631664971],[4.461465406675385,43.811629819977],[4.460851442217813,43.81146145269664],[4.460845605190808,43.811460090215135],[4.460839638778606,43.81146138147769],[4.460816631833214,43.811465506505876],[4.460793186888929,43.811468025737],[4.460769517168867,43.81146891625956],[4.4607458379404585,43.81146816997458],[4.460722364557612,43.81146579366927],[4.46069931050209,43.81146180895525],[4.460676885441925,43.811456252072034],[4.460655293324515,43.811449173557435],[4.46063473052175,43.811440637787925],[4.460615384044059,43.811430722393126],[4.460597429839594,43.811419517549766],[4.460595926118438,43.81141848463235],[4.460590801861433,43.8114207900801],[4.460416977481278,43.81150811255227],[4.460415535571253,43.81150891669115],[4.460395677114789,43.8115189158196],[4.460374570502172,43.81152746975023],[4.46035241563442,43.81153449746839],[4.460329422340869,43.81153993241428],[4.460305808391833,43.81154372311322],[4.460281797436043,43.811545833663345],[4.460257616882399,43.81154624407549],[4.460233495746121,43.81154495046267],[4.460209662479668,43.81154196507673],[4.460186342808992,43.811537316192414],[4.460163757595622,43.81153104783952],[4.460142120744822,43.81152321938593],[4.460121637179643,43.81151390497527],[4.460102500900058,43.81150319282467],[4.460084893145557,43.81149118438927],[4.460068980678613,43.8114779934013],[4.4600549142052826,43.81146374479286],[4.46004282694788,43.811448573512756],[4.460032833383269,43.811432623248265],[4.459909010468975,43.81120632783649],[4.459906659173797,43.81120255593111],[4.459901622024702,43.8112006012322],[4.459159950269918,43.81094435415648],[4.459154518472918,43.8109427066999],[4.45914928695903,43.81094466478129],[4.458901158094957,43.811048880194214],[4.4588790952725175,43.81105710936518],[4.4588560091225675,43.811063704105024],[4.458832129841042,43.81106859865636],[4.45880769553255,43.81107174421465],[4.458782949836127,43.81107310941497],[4.458758139495808,43.81107268064463],[4.458733511900224,43.81107046217897],[4.458709312615768,43.81106647613874],[4.458685782937943,43.81106076226953],[4.458663157485302,43.81105337754538],[4.458641661859962,43.81104439560077],[4.458621510398049,43.81103390599628],[4.458602904032482,43.8110220133256],[4.458586028289421,43.81100883617257],[4.45857105143836,43.810994505928726],[4.458558122814298,43.81097916548314],[4.458547371328733,43.8109629677977],[4.4585389041843175,43.81094607438173],[4.458532805805981,43.81092865368171],[4.45846547709151,43.810686040994],[4.45846402868491,43.81068189111509],[4.458458176910961,43.81068128776274],[4.45791004513617,43.810644589918866],[4.457904273083861,43.81064440783293],[4.457903383711432,43.8106485418423],[4.4578776408527645,43.81082393105562],[4.457873840815165,43.81084150460783],[4.457867663845384,43.81085872069137],[4.45785917027761,43.81087541114046],[4.457848443074629,43.810891412923596],[4.457835587017526,43.810906569735884],[4.457820727682241,43.810920733526075],[4.457804010212991,43.810933765942515],[4.457785597904539,43.81094553968478],[4.457765670607152,43.81095593974699],[4.457744422969824,43.810964864541376],[4.457722062538931,43.810972226890534],[4.457698807730893,43.81097795487894],[4.45767488569864,43.81098199255555],[4.4576505301127325,43.810984300480285],[4.457625978878807,43.81098485610929],[4.457601471813642,43.81098365401518],[4.456521801596787,43.81089169775165],[4.456495032128675,43.81088833480368],[4.456468929529604,43.81088287592227],[4.456443805743817,43.810875386344925],[4.456293429487799,43.81082342590389],[4.456271592113548,43.8108148860063],[4.456251039771752,43.810804811505456],[4.456231977406939,43.810793302862976],[4.456214595105451,43.81078047484153],[4.4561990661999245,43.810766455360294],[4.45618554554086,43.810751384219486],[4.456174167952503,43.81073541170618],[4.456165046888439,43.810718697095645],[4.456158273300317,43.81070140706311],[4.456153914730965,43.81068371402157],[4.456152014640944,43.81066579440271],[4.456152591975256,43.81064782689731],[4.45615564097452,43.810629990673576],[4.4561611312324985,43.81061246359039],[4.456278051224398,43.810310079553524],[4.456279148803231,43.8103065995168],[4.456275792923167,43.810309214174225],[4.455934221636827,43.81060265173715],[4.455916710318481,43.81061620978586],[4.45589736355805,43.810628389427826],[4.45587638719337,43.8106390610783],[4.455854004400754,43.81064811119663],[4.455830453320512,43.810655443494404],[4.4558059845232245,43.81066097995985],[4.455780858343746,43.81066466168788],[4.455755342111335,43.81066644950682],[4.45572970730531,43.8106663243952],[4.455089838903122,43.81063926058646],[4.455067866106128,43.81063761907257],[4.455046181370091,43.810634571189006],[4.455024955997265,43.81063014101304],[4.455004357660976,43.81062436354165],[4.454390081811185,43.810428911996965],[4.454367477521135,43.810420701996925],[4.454346142315509,43.810410871071404],[4.4543262970809545,43.81039952100189],[4.454308147277822,43.81038676929772],[4.454291880812987,43.81037274797952],[4.45427766609443,43.81035760221239],[4.454265650287706,43.81034148880287],[4.454255957792362,43.81032457457555],[4.454248688954075,43.810307034645845],[4.4542439190258305,43.81028905060697],[4.454241697388908,43.81027080864989],[4.454242047041722,43.81025249763566],[4.4542787910983614,43.80984195775091],[4.454278883704257,43.80983769900313],[4.454273492105384,43.8098359970483],[4.453971959330508,43.80975328312151],[4.453966572926253,43.80975201936697]],[[4.485804562988746,43.82970853247966],[4.485805069871764,43.82970691717726],[4.485811833503991,43.829689477899215],[4.485820984250333,43.82967261910336],[4.485832429421967,43.829656511550304],[4.485846053090398,43.82964131839127],[4.485861717261756,43.82962719351557],[4.48587926327455,43.82961427999191],[4.485898513406769,43.82960270861931],[4.485919272676004,43.82959259660229],[4.485941330814395,43.82958404636371],[4.485964464398379,43.82957714450744],[4.48598183297789,43.82957268867448],[4.4859874147709835,43.82957102321032],[4.485987062773849,43.82956227085504],[4.485987032814468,43.82956199866273],[4.485987562369079,43.8295438899901],[4.485990603427463,43.82952591155095],[4.48599612518772,43.829508245429196],[4.486004071723778,43.82949107054544],[4.486014362551881,43.82947456084493],[4.486026893445808,43.82945888353587],[4.486041537492527,43.829444197395944],[4.486058146377609,43.82943065116432],[4.486076551887374,43.82941838203521],[4.486096567612557,43.829407514268425],[4.486117990836234,43.829398157930925],[4.486140604586902,43.82939040778217],[4.486164179835898,43.82938434231427],[4.486188477816922,43.82938002295727],[4.486213252444169,43.82937749345679],[4.486238252804575,43.82937677943117],[4.48626322569896,43.82937788811197],[4.486287918206305,43.82938080827061],[4.4866117109778445,43.829431325457016],[4.486635319470676,43.829435898286455],[4.486658193722628,43.829442127048885],[4.486680112699806,43.8294499515559],[4.486700864598883,43.829459296199346],[4.486720248893728,43.82947007068202],[4.486738078273057,43.829482170890095],[4.486754180450421,43.829495479899236],[4.48676839982901,43.829509869104335],[4.486780599005218,43.82952519946223],[4.4867906600963945,43.829541322835276],[4.48679848588002,43.82955808342275],[4.486804000733207,43.82957531926641],[4.486807151363531,43.829592863815385],[4.486807907324079,43.82961054753564],[4.486806261307727,43.82962819954815],[4.486802229217854,43.8296456492801],[4.486623714587271,43.83023767855444],[4.4866172190842235,43.83025501636353],[4.486608368439788,43.83027179905206],[4.486597250826191,43.830287859423024],[4.486583977000528,43.830303037475325],[4.486568679201417,43.83031718199782],[4.486551509831613,43.830330152075824],[4.486532639939728,43.8303418184949],[4.486512257516173,43.83035206502828],[4.486490565620307,43.83036078959472],[4.486467780357438,43.83036790527558],[4.486444128725832,43.830373341180696],[4.486419846355205,43.83037704315474],[4.486395175159195,43.83037897431671],[4.486370360925229,43.83037911542731],[4.486345650865796,43.83037746508073],[4.486321291155517,43.83037403971861],[4.485833062490329,43.83028687898209],[4.485809479683502,43.83028175987502],[4.485786711919762,43.830274977306416],[4.485764982475971,43.83026659779109],[4.485744504446225,43.83025670350463],[4.485725478652049,43.830245391477526],[4.4857080916729934,43.830232772643576],[4.48569251401689,43.83021897075202],[4.485678898447745,43.83020412115385],[4.485667378487657,43.830188369474506],[4.4856580671074475,43.83017187018572],[4.485651055618846,43.8301547850907],[4.485646412779091,43.83013728173725],[4.4856441841167305,43.83011953177479],[4.485644391485222,43.83010170927092],[4.485663722004621,43.82986052726938],[4.485666180828702,43.829843654625016],[4.485670823381229,43.82982702456048],[4.485677608404871,43.82981078485673],[4.485686475603649,43.82979507982564],[4.485697346178796,43.82978004902768],[4.485710123529051,43.82976582603177],[4.4857246941091296,43.82975253722829],[4.485740928438763,43.829740300705964],[4.4857586822533255,43.82972922520257],[4.485777797785822,43.8297194091386],[4.485798105168868,43.829710939742675],[4.485804562988746,43.82970853247966]],[[4.4838931294811815,43.830364972588434],[4.483872795585273,43.83036622787312],[4.483849079389881,43.830366049941304],[4.483825494533271,43.8303642368267],[4.483802255655631,43.830360805030026],[4.483779574248391,43.83035578578324],[4.483757656729436,43.830349224765364],[4.483736702564504,43.83034118168661],[4.4837169024518575,43.830331729745104],[4.483698436586762,43.83032095496064],[4.483681473021554,43.83030895539179],[4.483666166136243,43.830295840243565],[4.483652655233533,43.83028172887343],[4.483641063271097,43.83026674970517],[4.4836314957426024,43.83025103906003],[4.483624039717684,43.83023473991612],[4.483618763049601,43.83021800060713],[4.483615713757783,43.83020097347251],[4.483585424519494,43.82993155277967],[4.483584641430521,43.829913880932274],[4.483586257325573,43.82989623873449],[4.483590256607798,43.82987879644725],[4.483596600678881,43.82986172240207],[4.483605228311635,43.829845181376484],[4.483616056240961,43.82982933300385],[4.483628979967487,43.82981433023273],[4.483643874766129,43.829800317850925],[4.483660596889802,43.82978743108812],[4.4836789849567396,43.829775794310855],[4.483698861507943,43.829765519822374],[4.4837200347197985,43.82975670677877],[4.4837423002552885,43.82974944023214],[4.483765443235971,43.8297437903097],[4.484686648901923,43.82955482123585],[4.484709322056113,43.82955099042552],[4.484732390800576,43.82954871186615],[4.48475565282049,43.8295480055409],[4.4847789041060375,43.82954887764431],[4.48480194074154,43.82955132052793],[4.485384149653692,43.82963337900046],[4.485407155942934,43.82963745358321],[4.485429522242386,43.82964309454454],[4.485451045560838,43.82965025068846],[4.48547153055756,43.82965885706763],[4.485490791315147,43.829668835572626],[4.485508653026832,43.82968009564089],[4.485524953582981,43.82969253507875],[4.485539545042363,43.829706040988604],[4.485552294974842,43.82972049079388],[4.4855630876633095,43.82973575335123],[4.485571825153945,43.829751690140846],[4.485578428145272,43.829768156523585],[4.485582836707936,43.82978500305373],[4.485585010828676,43.82980207683527],[4.485584930773547,43.82981922290955],[4.485582597267096,43.829836285661656],[4.4855472707829,43.83000979871784],[4.485542506134443,43.83002720321995],[4.485535397400595,43.830044183521686],[4.485526013666821,43.830060574596885],[4.4855144461288186,43.830076217145766],[4.485500807206262,43.83009095914302],[4.485485229450286,43.830104657315566],[4.485467864255307,43.83011717853471],[4.485448880387678,43.83012840111018],[4.48542846234552,43.83013821597286],[4.485406808565617,43.83014652773466],[4.485384129494854,43.830153255615755],[4.485360645544904,43.830158334229594],[4.485336584950056,43.830161714218455],[4.4853121815490224,43.83016336273301],[4.48528767251225,43.83016326375179],[4.485263296036865,43.8301614182368],[4.485239289031624,43.83015784412408],[4.484388520649889,43.82999917396816],[4.484382687962189,43.829998306911],[4.484379412495849,43.830001906666254],[4.484153472452644,43.83027924531123],[4.48413986783349,43.83029419246641],[4.484124279519893,43.830308087389845],[4.484106861703924,43.83032079263833],[4.484087786674721,43.83033218253647],[4.484067243114277,43.83034214441972],[4.484045434231075,43.830350579748796],[4.484022575749996,43.83035740508455],[4.4839988937784225,43.83036255291326],[4.483974622569622,43.83036597231441],[4.483950002205544,43.830367629464526],[4.483925276221948,43.830367507971694],[4.483900689199375,43.83036560903768],[4.483894729087506,43.83036493028694],[4.4838931294811815,43.830364972588434]],[[4.483158272559584,43.83092991420843],[4.483156005867502,43.8309127165846],[4.48315602729031,43.83089544086293],[4.48315833662856,43.83087824621316],[4.483162912603153,43.830861291057936],[4.483169713051465,43.83084473161317],[4.483178675315883,43.83082872044872],[4.483189716821167,43.83081340508282],[4.483202735835308,43.830798926622826],[4.483217612406877,43.83078541846525],[4.483234209470234,43.83077300506658],[4.483252374108391,43.830761800796864],[4.48327193896192,43.830751908885745],[4.483292723770896,43.83074342047159],[4.483314537035713,43.83073641376163],[4.483337177781399,43.83073095331158],[4.483360437409272,43.8307270894308],[4.483384101618782,43.830724857718764],[4.483407952381913,43.830724278737165],[4.483431769951896,43.83072535782038],[4.483455334887784,43.83072808502638],[4.483459411401741,43.83072885287757],[4.483469102246417,43.83073033126747],[4.48347693963072,43.83072989409814],[4.483486414773189,43.83072905204912],[4.483511069388093,43.830728642949744],[4.483535658700305,43.83073000405779],[4.483559940774949,43.83073312198131],[4.483583676699975,43.830737966043],[4.483606632936774,43.83074448858195],[4.483628583617901,43.830752625422775],[4.48364931276936,43.83076229650682],[4.483668616435532,43.83077340667991],[4.483686304685888,43.830785846628594],[4.48370220348372,43.83079949395562],[4.4837161563985015,43.83081421438413],[4.48372802614504,43.83082986307895],[4.483737695934282,43.83084628607142],[4.48374507062245,43.83086332177442],[4.483750077647248,43.830880802572125],[4.483752667741877,43.83089855646929],[4.48375281541986,43.83091640878338],[4.483740659174651,43.83111798698614],[4.4837383762003675,43.83113569538876],[4.483733690022582,43.83115315421365],[4.483726646400174,43.83117019297343],[4.483717314112912,43.831186645282465],[4.483705784289867,43.83120235048183],[4.483692169519609,43.83121715520802],[4.483676602750803,43.831230914890675],[4.483659235993997,43.83124349516438],[4.4836402388372365,43.83125477318067],[4.483619796790022,43.8312646388078],[4.483598109471777,43.83127299570625],[4.483575388662502,43.83127976226935],[4.4835518562346826,43.831284872420376],[4.483527741986623,43.83128827625777],[4.483481764307628,43.831293073391734],[4.4834574735990245,43.83129473217438],[4.483433075258623,43.831294659397585],[4.483408804257987,43.83129285576223],[4.4833848943422865,43.831289338638456],[4.483361575779113,43.83128414189844],[4.483339073140803,43.831277315590064],[4.483317603141615,43.83126892545501],[4.483297372550593,43.83125905229558],[4.483278576200213,43.83124779119644],[4.483261395110019,43.831235250608934],[4.4832459947432834,43.83122155130665],[4.483232523413507,43.831206825222125],[4.483221110856099,43.83119121417638],[4.48321186697898,43.831174868513],[4.483204880804168,43.83115794565025],[4.483200219610499,43.83114060856499],[4.483158272559584,43.83092991420843]],[[4.48305806480627,43.83406652979868],[4.483052200522382,43.83406495863045],[4.4828713275241405,43.834024030751905],[4.4828485534680445,43.83401797980362],[4.482826702465776,43.834010351029626],[4.482805982547119,43.834001217058834],[4.482786590973222,43.8339906648503],[4.482768712358586,43.83397879486512],[4.48275251691344,43.833965720110136],[4.482738158823291,43.833951565061916],[4.4827257747810325,43.83393646448179],[4.482715482685608,43.8339205621327],[4.482707380519619,43.83390400941069],[4.4827015454165515,43.8338869639034],[4.482698032926504,43.83386958788981],[4.48269687648741,43.833852046795286],[4.48269808710677,43.83383450761659],[4.482701653256945,43.83381713733223],[4.482707540984983,43.8338001013125],[4.48271569423594,43.83378356174533],[4.4827260353866185,43.83376767609209],[4.482738465984623,43.833752595588535],[4.482752867685708,43.83373846380513],[4.482769103380504,43.83372541528012],[4.4827870184998515,43.83371357423878],[4.482806442486368,43.83370305341072],[4.482827190418189,43.83369395295678],[4.482849064769475,43.833686359515404],[4.482871857290868,43.83368034537792],[4.4828953509920435,43.83367596780031],[4.482919322207466,43.833673268458085],[4.483322535980106,43.83364235421244],[4.48334716926447,43.83364135659798],[4.48337181785642,43.83364213114909],[4.483396239051788,43.83364467023911],[4.483420192385429,43.83364894886672],[4.483443441998898,43.833654924902106],[4.4834657589628035,43.83366253950177],[4.48348692353092,43.83367171768797],[4.4835067273039035,43.83368236908693],[4.483524975281286,43.8336943888187],[4.48354148778155,43.83370765852985],[4.483556102211397,43.83372204755884],[4.483568674666738,43.83373741422252],[4.483579081349716,43.83375360721125],[4.483587219787731,43.83377046707874],[4.483593009842521,43.833787827812046],[4.483596394499321,43.83380551846622],[4.483597340428347,43.83382336484756],[4.483595838313077,43.83384119122877],[4.483591902942066,43.83385882207934],[4.483585573063432,43.83387608379391],[4.483576911003388,43.8338928064017],[4.483566002052617,43.83390882524027],[4.4835529536265195,43.833923982576756],[4.483552304922023,43.833924658885635],[4.4835538227743905,43.83392875659756],[4.483598729367679,43.83403015139253],[4.4836050058640815,43.834047135998134],[4.483608963081273,43.83406448286814],[4.483610563254221,43.834082026464955],[4.483609791110619,43.83409959937344],[4.48360665401671,43.83411703389866],[4.483601181907078,43.83413416366604],[4.483593426999064,43.834150825209115],[4.4835834632945435,43.834166859529454],[4.4835713858738035,43.83418211361397],[4.483560913579663,43.834192773688365],[4.483554297259967,43.834200261373354],[4.483551527273426,43.83420376636912],[4.483537572414514,43.834218014757376],[4.483521775355931,43.83423121691205],[4.483504284865365,43.83424324850174],[4.483485265658729,43.834253996218784],[4.483464896848944,43.83426335884629],[4.4834433702591445,43.83427124821152],[4.483420888616156,43.834277590016086],[4.483397663641278,43.834282324535856],[4.483373914056345,43.8342854071833],[4.483349863523863,43.834286808927466],[4.483325738540604,43.83428651656737],[4.4833017663045,43.834284532856344],[4.483278172574943,43.83428087647604],[4.483255179546623,43.83427558186058],[4.483233003756954,43.83426869887219],[4.483211854046777,43.83426029233163],[4.483191929593551,43.83425044140777],[4.483173418035578,43.83423923887189],[4.483156493704882,43.83422679022412],[4.483141315985453,43.83421321269976],[4.483128027812239,43.834198634165226],[4.483116754325094,43.83418319191386],[4.483107601690301,43.83416703137293],[4.48306045399391,43.83407071282675],[4.48305806480627,43.83406652979868]],[[4.48094175241594,43.81717415548589],[4.480939299503522,43.8171720554528],[4.48092411030379,43.81715763659414],[4.480911002126339,43.81714218414928],[4.480900108052114,43.817125855001436],[4.480891538682764,43.817108814934585],[4.4808853810178,43.817091236950176],[4.480881697571412,43.81707329951083],[4.4808805257378514,43.8170551847284],[4.4808818774118935,43.817037076515014],[4.480885738868159,43.81701915871595],[4.48089207090057,43.81700161324313],[4.480900809220472,43.816984618228176],[4.480911865109427,43.81696834621404],[4.480925126320003,43.816952962403214],[4.480940458215436,43.8169386229805],[4.480957705136587,43.816925473527384],[4.480976691982313,43.81691364754407],[4.480997225987198,43.8169032650941],[4.481196575844334,43.816812932373246],[4.481217052692828,43.81680460146242],[4.481238524108462,43.81679770727507],[4.481260798363941,43.8167923113722],[4.481283676563288,43.81678846193592],[4.481306954417811,43.816786193339425],[4.481330424070231,43.81678552583988],[4.481353875950686,43.81678646539768],[4.481377100647994,43.816789003623114],[4.481399890779534,43.81679311785139],[4.481422042842984,43.816798771344914],[4.481525022228439,43.81682908536969],[4.481547756979988,43.81683676745061],[4.481569306436822,43.81684606987484],[4.48158945105487,43.816856897870366],[4.48160798560207,43.81686914112274],[4.481624721249229,43.816882674899],[4.48163948749382,43.81689736131832],[4.481652133897047,43.81691305075678],[4.481662531616558,43.816929583371596],[4.48167057471912,43.81694679072971],[4.481676181259941,43.8169644975236],[4.4816792941175905,43.81698252335739],[4.481679881576036,43.81700068458467],[4.4816779376478735,43.81701879617941],[4.481673482135409,43.817036673621104],[4.481666560429016,43.817054134774594],[4.4815431482904025,43.817315016830506],[4.481534234299143,43.817331245157796],[4.481523189987515,43.81734677148574],[4.481510119352064,43.81736144961138],[4.48149514547039,43.81737514131872],[4.481478409342244,43.817387717680226],[4.481460068561816,43.81739906027089],[4.481440295833782,43.817409062283424],[4.4814192773470225,43.817417629534],[4.481397211021373,43.81742468134917],[4.48137430464388,43.81743015132557],[4.481350773912139,43.81743398795517],[4.481326840403142,43.81743615511033],[4.481302729486731,43.81743663238402],[4.481278668203354,43.81743541528202],[4.48125488312608,43.81743251526513],[4.481231598227003,43.817427959641435],[4.481209032768168,43.817421791308895],[4.481187399236829,43.81741406835164],[4.481166901344523,43.817404863492825],[4.481147732108792,43.81739426340993],[4.481130072035615,43.81738236791846],[4.481114087419669,43.81736928903206],[4.481099928778415,43.81735514990772],[4.481087729434789,43.81734008368599],[4.4810776042617855,43.81732423223733],[4.481069648600824,43.81730774482614],[4.481069536751737,43.817307471028016],[4.481066265847635,43.81730614103875],[4.481046404445099,43.81729714852766],[4.48102780034187,43.817286842143865],[4.4810106187681615,43.81727531342272],[4.480995012319829,43.81726266475568],[4.480981119603106,43.81724900848082],[4.480969064003605,43.81723446588508],[4.480958952590499,43.81721916612712],[4.48095087516564,43.817203245090155],[4.480944903466039,43.81718684417505],[4.480942832378918,43.81717775409878],[4.48094175241594,43.81717415548589]],[[4.47921857798245,43.833415391124205],[4.479204100653006,43.8334295892288],[4.479187772104189,43.83344269276686],[4.479169749313366,43.83345457576421],[4.479150205546253,43.83346512398058],[4.479129328691181,43.8334742360079],[4.4791073194527815,43.833481824245276],[4.47908438942242,43.833487815741066],[4.479060759043979,43.83349215289436],[4.479036655494514,43.833494794008764],[4.479012310500164,43.83349571369316],[4.478987958108331,43.83349490310588],[4.478963832437542,43.83349237003976],[4.47894016542661,43.83348813884716],[4.478917184604775,43.83348225020578],[4.478895110904231,43.83347476072777],[4.4788741565360874,43.833465742415235],[4.478854522950183,43.83345528196817],[4.478423775939263,43.83320130516759],[4.4784054467905285,43.83318935543651],[4.47838884359833,43.83317614976467],[4.47837412978755,43.83316181813622],[4.478361450185462,43.833146501618096],[4.478350929596221,43.83313035097146],[4.4783426715724595,43.83311352516765],[4.478336757396072,43.83309618982346],[4.4783332452782325,43.83307851557097],[4.478332169786501,43.833060676377954],[4.478333541504662,43.833042847835515],[4.4783373469286305,43.8330252054298],[4.478343548599477,43.833007922814616],[4.478352085472204,43.8329911701022],[4.478362873516698,43.83297511218879],[4.478375806544906,43.832959907131695],[4.478448696740087,43.832883033337616],[4.478462986975712,43.83286939987767],[4.4784790014022,43.83285681057481],[4.478496595224084,43.832845379255154],[4.478515609366091,43.83283520927482],[4.478535871911422,43.832826392585545],[4.478557199656124,43.83281900890324],[4.478579399765504,43.83281312498725],[4.478602271517616,43.83280879403685],[4.478625608118025,43.8328060552102],[4.4786491985695145,43.83280493327029],[4.478672829579734,43.832805438361106],[4.47869628748964,43.8328075659159],[4.478719360205225,43.83281129669844],[4.479279176278022,43.83292228413345],[4.479302669426265,43.832927864507276],[4.479325280727432,43.83293510645089],[4.479346786559917,43.832943938343],[4.479366974234702,43.832954272837924],[4.479385644098786,43.83296600772955],[4.479402611509696,43.83297902696196],[4.479417708661565,43.832993201777356],[4.4794307862447225,43.83300839198926],[4.4794417149223715,43.83302444736905],[4.479450386609751,43.833041209131515],[4.479456715543146,43.833058511505314],[4.4794606391281375,43.83307618337246],[4.479462118558739,43.833094049960465],[4.479461139201271,43.83311193457092],[4.4794577107391715,43.833129660327074],[4.479451867077326,43.83314705192297],[4.479443666006828,43.83316393735738],[4.479433188633528,43.83318014963475],[4.4794205385759565,43.83319552841688],[4.47921857798245,43.833415391124205]],[[4.476909939324559,43.82993874642259],[4.476886636175877,43.82994508141619],[4.476862574764424,43.82994969771853],[4.476837996297071,43.82995254905283],[4.476813147164131,43.82995360683545],[4.476788276469315,43.82995286046251],[4.476763633532494,43.82995031741613],[4.476739465390281,43.829946003189455],[4.47671601431951,43.82993996103106],[4.476693515408439,43.82993225151146],[4.476672194200021,43.82992295191576],[4.4766522644308795,43.829912155469025],[4.476633925888652,43.8298999704016],[4.476617362409173,43.82988651886422],[4.476602740033613,43.82987193570335],[4.476590205343981,43.82985636710944],[4.476579883993752,43.82983996915146],[4.476574689165121,43.829830484012646],[4.476566625019449,43.82981326923038],[4.476561000652466,43.8297955533842],[4.476557873434618,43.82977751718895],[4.476557275263459,43.829759344627114],[4.476559212238361,43.82974122107203],[4.476563664598401,43.829723331396956],[4.476570586924023,43.82970585808919],[4.476579908600455,43.82968897938864],[4.476591534538103,43.82967286746967],[4.476605346142609,43.82965768668477],[4.476621202524656,43.82964359188811],[4.476638941937179,43.829630726855925],[4.476658383425326,43.82961922281997],[4.476679328672315,43.82960919712886],[4.47670156402241,43.82960075205106],[4.476724862660306,43.82959397373173],[4.476896449483444,43.82955120345622],[4.476920039791031,43.82954625218294],[4.4769441898428175,43.829543010207544],[4.476968663926262,43.82954150917277],[4.47699322316626,43.82954176372925],[4.477017627856575,43.82954377139237],[4.4770416397993795,43.82954751256672],[4.477065024630089,43.82955295073721],[4.477087554104768,43.8295600328255],[4.477109008327829,43.829568689708054],[4.477129177898233,43.82957883689078],[4.477147865953293,43.829590375333716],[4.4771648900901,43.829603192417665],[4.4771800841458465,43.829617163043295],[4.477193299819641,43.82963215085231],[4.47720440812001,43.82964800955816],[4.477213300623946,43.82966458437388],[4.477219890535215,43.8296817135229],[4.477224113531589,43.829699229817976],[4.477225928392727,43.82971696229298],[4.477225317402593,43.829734737871654],[4.477222286522457,43.829752383056835],[4.477216865332795,43.8297697256239],[4.477209106744659,43.829786596301766],[4.477199086483322,43.82980283042501],[4.477186902349237,43.82981826954116],[4.477172673263522,43.829832762957246],[4.477156538107286,43.82984616921059],[4.4771386543661205,43.829858357449766],[4.4771191965929775,43.82986920871156],[4.477098354704469,43.829878617082265],[4.477076332127166,43.82988649073151],[4.476909939324559,43.82993874642259]],[[4.47413213626446,43.8302722729044],[4.474126331281972,43.83027100821225],[4.473422206012418,43.830145220148076],[4.473398287777265,43.83014001168756],[4.4733752121476575,43.830133092170435],[4.47335321202642,43.830124531435594],[4.473332509460958,43.83011441588688],[4.473313313402095,43.83010284762082],[4.473295817595097,43.83008994339622],[4.473280198624209,43.83007583345562],[4.4732666141303845,43.830060660210826],[4.473255201220261,43.8300445768054],[4.473246075082376,43.83002774556909],[4.473239327824634,43.830010336379274],[4.473235027544737,43.8299925249465],[4.473233217642961,43.82997449104092],[4.473233916384207,43.829956416677994],[4.473237116713751,43.82993848428126],[4.473267230563697,43.829817817943145],[4.473272855284568,43.82980032193464],[4.473280861169512,43.82978331897793],[4.473291168463517,43.82976697845282],[4.473303674485668,43.82975146313999],[4.473318254652102,43.82973692759943],[4.47333476371713,43.82972351663071],[4.473353037220177,43.82971136383059],[4.473372893124122,43.829700590262235],[4.473394133628707,43.829691303249085],[4.473416547140965,43.82968359530595],[4.473439910383026,43.82967754321726],[4.473463990616314,43.829673207272265],[4.473488547959969,43.82967063066449],[4.473513337780422,43.829669839061324],[4.473538113128303,43.82967084034856],[4.474299127995485,43.829729284549515],[4.474304828520905,43.829729527652276],[4.474309230259646,43.82972689414888],[4.474392855500941,43.8296718933934],[4.474411595107736,43.829660727022834],[4.474431749452935,43.82965093669551],[4.47445312644981,43.8296426157206],[4.474475522359133,43.82963584340316],[4.474498723730922,43.82963068428841],[4.474522509438748,43.829627187546514],[4.474546652787183,43.82962538650396],[4.474570923672303,43.82962529832603],[4.474595090774716,43.829626923853105],[4.474618923764115,43.82963024759275],[4.474642195494455,43.82963523786727],[4.474664684168752,43.82964184711568],[4.474686175452934,43.82965001234694],[4.474706464518551,43.829659655740315],[4.474725357994923,43.82967068538707],[4.474742675812078,43.829682996166376],[4.474758252916962,43.82969647074714],[4.474771940846518,43.829710980706274],[4.474783609142684,43.82972638775266],[4.474793146595795,43.8297425450451],[4.474800462304543,43.82975929859187],[4.474803547523498,43.82976778514741],[4.474809324904144,43.82976791237445],[4.475756689390221,43.82975509735316],[4.475781076009382,43.82975563416971],[4.475805272519198,43.829757898812815],[4.4758290458961945,43.82976186947291],[4.475852167191736,43.829767507910724],[4.475874413736871,43.82977475982557],[4.475895571286672,43.82978355537812],[4.475915436083479,43.82979380986312],[4.475933816819165,43.82980542452504],[4.476079219023237,43.82990682207772],[4.476095804463164,43.82991957110129],[4.476110599811413,43.82993342668497],[4.47612346498356,43.82994825764346],[4.476134278169891,43.829963923556406],[4.476142936988742,43.829980276098006],[4.476149359455926,43.82999716044122],[4.476153484761005,43.830014416723785],[4.476155273843139,43.830031881561666],[4.476154709760981,43.83004938959615],[4.476151797853167,43.83006677505929],[4.476146565687852,43.83008387334351],[4.476139062801762,43.830100522560166],[4.476129360231259,43.83011656507228],[4.476117549839823,43.8301318489871],[4.476103743448329,43.83014622959427],[4.476057596399202,43.83018962714258],[4.476042248319041,43.83020271802969],[4.476025246871987,43.83021469055136],[4.476006746796712,43.83022543573897],[4.475986916472032,43.8302348557945],[4.475965936384392,43.83024286498061],[4.475943997485141,43.830249390401114],[4.475921299452543,43.83025437266437],[4.475898048874362,43.830257766423934],[4.474415009455432,43.83042138087367],[4.474391027414053,43.83042317048073],[4.474366918688311,43.83042327009115],[4.474342909991632,43.8304216787682],[4.474319227096761,43.83041841147637],[4.474296092712586,43.83041349894061],[4.474273724389773,43.83040698735736],[4.474252332474923,43.83039893796016],[4.474232118132469,43.83038942644381],[4.474213271452948,43.830378542252525],[4.474195969665403,43.83036638773877],[4.4741803754707705,43.8303530772008],[4.474166635511874,43.830338735807715],[4.474154878994453,43.830323498422494],[4.474145216472186,43.83030750833363],[4.4741377388071175,43.83029091590778],[4.474132516315262,43.83027387717563],[4.47413213626446,43.8302722729044]],[[4.470418741052444,43.82954585496738],[4.470395799938402,43.829539874350516],[4.470373778431709,43.829532295607805],[4.47035288836024,43.82952319164026],[4.470333330668142,43.8295126500204],[4.470315293482915,43.82950077214962],[4.470298950305762,43.82948767228284],[4.470284458342673,43.82947347642945],[4.4702719569922476,43.829458321141175],[4.470261566504841,43.82944235219861],[4.470253386825902,43.82942572320875],[4.470247496634649,43.82940859412765],[4.470243952587312,43.82939112972152],[4.470242788772231,43.82937349798202],[4.470244016382028,43.829355868510206],[4.470247623606045,43.82933841088518],[4.470253575744018,43.82932129303287],[4.47026181553996,43.829304679610715],[4.470272263732969,43.829288730423954],[4.470284819819721,43.829273598888285],[4.470299363021267,43.82925943055437],[4.470315753444855,43.82924636170764],[4.4703338334295974,43.82923451805745],[4.470353429063022,43.8292240135279],[4.470374351853947,43.829214949162065],[4.4703964005455665,43.829207412149984],[4.470419363051311,43.8292014749901],[4.470443018494873,43.82919719479187],[4.4704671393347635,43.82919461272641],[4.47049149355298,43.829193753630605],[4.470515846886717,43.82919462576805],[4.471053160382898,43.82923305790618],[4.471059522803318,43.829233272062375],[4.471065190719786,43.829231168575575],[4.471176175456322,43.82918455227556],[4.471197358353564,43.82917661269258],[4.471219494803091,43.829170179314715],[4.471242381021733,43.82916531136606],[4.471265806324308,43.829162053659786],[4.471289555063094,43.82916043618553],[4.471313408612981,43.82916047383338],[4.471337147384015,43.829162166256715],[4.471360552842841,43.82916549787556],[4.471383409524409,43.82917043801981],[4.471405507015444,43.8291769412117],[4.4714266418914095,43.82918494758442],[4.471446619589148,43.82919438343322],[4.471465256197959,43.829205161893846],[4.471482380152618,43.82921718374228],[4.471491587098705,43.82922502094015],[4.471494725892317,43.829227436014015],[4.471500694821931,43.82922756764171],[4.471813498847633,43.82922334669824],[4.471837247035582,43.82922384817238],[4.471860820664391,43.8292259884232],[4.47188400445231,43.82922974790523],[4.471906586677636,43.82923509228575],[4.471928361112179,43.82924197275819],[4.471949128904555,43.82925032648794],[4.471968700396125,43.82926007718601],[4.47198689685299,43.82927113580593],[4.472003552098247,43.82928340135675],[4.472018514029553,43.829296761825326],[4.472031646008197,43.82931109519933],[4.472042828106946,43.829326270581426],[4.472051958205301,43.829342149384615],[4.47205895292215,43.8293585865979],[4.472063748377272,43.8293754321106],[4.472066300774795,43.829392532083084],[4.47206658680322,43.829409730351784],[4.472064603848383,43.82942686985532],[4.472060370017401,43.82944379406883],[4.472060012666983,43.82944491426773],[4.472065335364353,43.82944665898684],[4.472465890488479,43.82956118500417],[4.472488092381092,43.82956846268668],[4.472509203281997,43.82957727912132],[4.472529020315437,43.82958754958242],[4.4725473530394035,43.82959917537111],[4.472564025275752,43.829612044763735],[4.472578876803288,43.8296260340856],[4.472591764897491,43.829641008899394],[4.472602565702133,43.82965682529712],[4.472611175419584,43.82967333128305],[4.472617511308361,43.8296903682343],[4.472621512478337,43.82970777242533],[4.472623140475976,43.829725376601246],[4.472622379653954,43.82974301158508],[4.472619237321612,43.82976050790366],[4.472613743674797,43.8297776974163],[4.472605951505761,43.82979441493045],[4.472595935695905,43.829810499789474],[4.472583792496219,43.82982579741642],[4.472569638602377,43.82984016079959],[4.4725536100333185,43.82985345190532],[4.472490112647181,43.829901166758994],[4.472471987444432,43.829913489423944],[4.472452252584951,43.82992443977734],[4.472431105473139,43.82993390828417],[4.472408757640302,43.82994180023209],[4.472385432628718,43.829948036678864],[4.472361363755516,43.829952555242],[4.472336791778791,43.82995531072282],[4.472311962489267,43.82995627555855],[4.472287124251608,43.82995544009801],[4.472262525519991,43.829952812698224],[4.472238412352771,43.82994841964084],[4.470418741052444,43.82954585496738]],[[4.468902045308649,43.82928615611318],[4.468880076826136,43.82929161499656],[4.468857500507147,43.8292955658663],[4.468834513403758,43.829297974238166],[4.4688113161535785,43.82929881909118],[4.468788111228492,43.82929809305129],[4.468765101167369,43.82929580245555],[4.468742486808209,43.829291967296896],[4.468406273619905,43.82922280872563],[4.4683829010128315,43.829217079323705],[4.468360428104153,43.82920970077318],[4.4683390762912545,43.82920074576582],[4.468319055926481,43.829190302524204],[4.468300564244762,43.82917847393263],[4.468283783420489,43.82916537652341],[4.4682688787727844,43.8291511393289],[4.468255997136831,43.82913590261018],[4.468245265417335,43.82911981647527],[4.468236789338328,43.82910303940029],[4.468230652401672,43.82908573666813],[4.468226915064497,43.829068078740185],[4.468225614143663,43.82905023957692],[4.4682267624531535,43.82903239492416],[4.468230348677918,43.82901472058161],[4.468236337485429,43.82899739067099],[4.4682446698738625,43.82898057592057],[4.4682552637534405,43.82896444198336],[4.468268014755216,43.82894914780506],[4.4682827972593495,43.82893484405822],[4.46829946563271,43.82892167165797],[4.468317855663638,43.828909760373705],[4.468337786179705,43.828899227550735],[4.46835906083256,43.82889017695422],[4.468381470032267,43.828882697746984],[4.468404793012071,43.82887686361111],[4.468428800003261,43.82887273202212],[4.468812343608702,43.82882112997872],[4.468836323324353,43.82881877097995],[4.468860506246428,43.8288181109889],[4.468884663235592,43.828819156259094],[4.468908565398224,43.828821896886396],[4.46893198625518,43.82882630690263],[4.469140752955089,43.828873579958106],[4.469163713933978,43.828879692223715],[4.469185733936175,43.828887408607414],[4.469206599739586,43.828896654390796],[4.469226109298049,43.82890734004609],[4.469244073697758,43.828919362103036],[4.469260318986503,43.82893260415086],[4.469274687858095,43.82894693796534],[4.469287041175581,43.828962224750455],[4.469297259318567,43.82897831648236],[4.46930524334156,43.828995057342716],[4.469310915932143,43.829012285227364],[4.469314222159648,43.8290298333161],[4.469315130007161,43.82904753168802],[4.469313630681618,43.829065208966746],[4.469309738699033,43.82908269398008],[4.469303491744032,43.82909981741735],[4.469294950305018,43.82911641346894],[4.469284197088535,43.82913232143189],[4.469271336218462,43.829147387265984],[4.469256492227825,43.829161465085406],[4.46923980885296,43.829174418571384],[4.469221447641701,43.829186122292285],[4.469201586389106,43.8291964629181],[4.469180417415815,43.829205340318005],[4.469158145705758,43.82921266852984],[4.468902045308649,43.82928615611318]],[[4.468753069605501,43.83165183211298],[4.4687436115554044,43.83165509185547],[4.468720309752121,43.83166114859165],[4.468696291340565,43.83166549759204],[4.4686717945027805,43.83166809572909],[4.468647062165335,43.831668917237984],[4.468622339590229,43.831667953972065],[4.468597871942644,43.83166521548372],[4.468573901859671,43.83166072892961],[4.4685506670440835,43.83165453880135],[4.468528397907078,43.831646706484236],[4.468507315283306,43.83163730964862],[4.468487628240901,43.83162644147954],[4.468469532008205,43.83161420975268],[4.468453206037748,43.831600735765555],[4.468438812226688,43.83158615313462],[4.468426493311364,43.83157060647024],[4.468416371451868,43.83155424994253],[4.468408547020688,43.83153724575268],[4.468403097607413,43.83151976252425],[4.468400077249392,43.83150197363108],[4.468399515895944,43.83148405547803],[4.468401419111458,43.831466185751516],[4.468405768020305,43.83144854165768],[4.468447833185928,43.83131633401363],[4.468454443633285,43.831299393328415],[4.468463308594139,43.831283001166035],[4.468474343260006,43.83126731434196],[4.468487442066181,43.83125248292397],[4.4685024797016775,43.83123864879644],[4.468519312308049,43.8312259443031],[4.468537778855642,43.83121449098104],[4.468557702684085,43.83120439839792],[4.468578893192307,43.83119576310394],[4.468601147661894,43.83118866770814],[4.468624253196366,43.83118318008824],[4.46864798875779,43.831179352741174],[4.468672127281283,43.831177222281035],[4.46869643784716,43.831176809088724],[4.468720687889944,43.831178117117],[4.468832128829757,43.83118811456923],[4.468856165719038,43.83119114420392],[4.468879676658206,43.83119586480455],[4.468902435225957,43.831202230909554],[4.4689242222464785,43.83121018121047],[4.4689448279001684,43.8312196391422],[4.4689640537442585,43.83123051362039],[4.468981714623896,43.83124269991874],[4.468997640455259,43.83125608067735],[4.469030923268646,43.8312869906858],[4.469045288969797,43.83130181382624],[4.469057524501113,43.83131760688908],[4.469067506015145,43.83133421002013],[4.469075132478883,43.831351455165624],[4.46908032669647,43.83136916777332],[4.469083036090638,43.83138716855918],[4.469083233234985,43.83140527532219],[4.469080916131661,43.83142330478842],[4.469076108231702,43.831441074466134],[4.469068858197743,43.83145840449303],[4.469059239411561,43.83147511945662],[4.469010914319731,43.831548465759695],[4.468999731566565,43.83156354776878],[4.46898662016412,43.831577792522566],[4.468971698707375,43.83159107117321],[4.468955102164042,43.83160326361142],[4.468936980653771,43.83161425955293],[4.4689174980902795,43.831623959536095],[4.468896830698706,43.83163227582157],[4.468875165421581,43.831639133185924],[4.468852698227854,43.831644469602104],[4.468829632340252,43.83164823680052],[4.468806176397026,43.831650400705655],[4.468782542564707,43.831650941744265],[4.468759879615922,43.83164989808064],[4.468759517867352,43.831649895403025],[4.468753069605501,43.83165183211298]],[[4.465342865858637,43.81706302514593],[4.465331616618043,43.81704773797246],[4.465322449065437,43.817031738561624],[4.465315448117313,43.817015175114655],[4.465310678620908,43.81699820105732],[4.465308184753583,43.81698097361853],[4.465307989613705,43.816963652374255],[4.465310095006747,43.81694639776912],[4.46531448142865,43.816929369630394],[4.465321108246559,43.81691272568744],[4.465329914075271,43.81689662011075],[4.465340817345911,43.81688120208384],[4.465353717061544,43.81686661442146],[4.465368493732745,43.81685299224667],[4.46538501048445,43.81684046173937],[4.465403114323826,43.816829138967364],[4.465422637557439,43.81681912881139],[4.465443399344558,43.81681052399362],[4.465465207372241,43.816803404218795],[4.465487859636662,43.81679783543598],[4.465546193103556,43.81678572784496],[4.465570113945724,43.816781677312115],[4.465594470155759,43.816779356366915],[4.4656190238164415,43.81677878768083],[4.465643535081864,43.81677997680895],[4.465667764520226,43.816782912135594],[4.465691475452608,43.816787564987784],[4.465714436264844,43.8167938899154],[4.465736422669917,43.816801825135045],[4.465757219898816,43.81681129313357],[4.465776624798404,43.81682220142525],[4.465794447815858,43.816834443455164],[4.465810514850249,43.81684789963999],[4.465824668953222,43.81686243853619],[4.465836771862131,43.81687791812387],[4.465846705350649,43.81689418719411],[4.465854372383709,43.81691108682595],[4.465859698065411,43.81692845193876],[4.4658626303707205,43.81694611290484],[4.465863140653729,43.8169638972063],[4.465861223927573,43.81698163112031],[4.4658568989132315,43.81699914141612],[4.465837865002332,43.817058969113575],[4.465831159150217,43.81707611647173],[4.465822144097958,43.81709269954736],[4.465810908237308,43.81710855574135],[4.465797561735581,43.81712352958154],[4.465782235455521,43.8171374742473],[4.465765079672193,43.81715025300908],[4.465746262599562,43.817161740569084],[4.465725968741131,43.81717182428992],[4.465704397080856,43.81718040529897],[4.465681759132059,43.817187399457914],[4.465658276863469,43.81719273818783],[4.465634180522746,43.81719636914145],[4.465609706378794,43.81719825671661],[4.4655850944050535,43.817198382405266],[4.465560585926452,43.817196744975064],[4.465536421253094,43.81719336048126],[4.465512837323923,43.81718826210948],[4.465490065383419,43.81718149985019],[4.46546832871416,43.817173140008556],[4.4654478404474505,43.81716326455427],[4.465428801473495,43.81715197031788],[4.465411398471625,43.81713936804122],[4.4653958020798665,43.81712558129164],[4.465382165221822,43.81711074525031],[4.465342865858637,43.81706302514593]],[[4.461319434081534,43.816591468487104],[4.461296213845732,43.816585272967245],[4.461273959508072,43.81657743625624],[4.461252891661331,43.816568036034504],[4.461233219137067,43.81655716548049],[4.461215136935571,43.81654493234705],[4.4611988242929534,43.81653145789338],[4.461184442904485,43.81651687568301],[4.461172135321855,43.816501330259726],[4.461162023540174,43.816484975715],[4.461154207788778,43.81646797416039],[4.461148765537782,43.81645049412067],[4.461145750730252,43.81643270886341],[4.461145193247583,43.81641479468129],[4.4611470986134005,43.81639692914492],[4.461151447938897,43.81637928934244],[4.461152895933913,43.81637473916779],[4.461159558949734,43.81635768691688],[4.46116850568489,43.816341191815205],[4.46117964939527,43.81632541378939],[4.461192882036457,43.81631050581354],[4.461208075311329,43.81629661242617],[4.461225081913979,43.81628386832895],[4.461243736957941,43.81627239708052],[4.461263859574828,43.816262309898825],[4.461285254667924,43.8162537045827],[4.461307714803692,43.81624666456368],[4.461331022222904,43.81624125809719],[4.461354950951826,43.816237537600806],[4.461379268993084,43.816235539145985],[4.46140374057489,43.81623528210848],[4.461428128436869,43.816236768980296],[4.461452196130314,43.816239985345725],[4.46147571031058,43.81624490002102],[4.4616177055647945,43.81628014785173],[4.461640304527412,43.81628666891864],[4.4616619148703265,43.8162947584274],[4.461682329580334,43.8163043388859],[4.461701353097317,43.81631531851971],[4.461718803187576,43.81632759215115],[4.46173451268949,43.81634104220677],[4.461748331114835,43.816355539843755],[4.461760126090383,43.816370946183916],[4.461769784625992,43.816387113644275],[4.461777214197024,43.816403887350496],[4.461782343630744,43.81642110662082],[4.461785123788172,43.816438606504995],[4.4617855280348895,43.81645621936453],[4.461783552496258,43.81647377647853],[4.461779216094625,43.81649110965997],[4.461772560368134,43.816508052866794],[4.461763649072897,43.81652444379252],[4.461752567572322,43.8165401254211],[4.461751355102855,43.81654165201414],[4.461738401844577,43.81655627873674],[4.461723561041891,43.81656993283782],[4.461706971018745,43.81658248705285],[4.4616887864031805,43.81659382436885],[4.461669176686128,43.81660383911504],[4.461648324641634,43.81661243794775],[4.4616264246232955,43.81661954072042],[4.461603680752724,43.81662508123074],[4.4615803050169704,43.81662900783759],[4.461556515292636,43.816631283942556],[4.461532533315061,43.816631888330825],[4.46150858261156,43.81663081536913],[4.461484886417947,43.81662807505817],[4.461461665597772,43.81662369293939],[4.461319434081534,43.816591468487104]],[[4.460666885971495,43.814973342327654],[4.460680075376063,43.81495881201222],[4.460695139610622,43.81494527113168],[4.4607119380671785,43.81493284607405],[4.460730313951144,43.81492165281234],[4.4607500957448405,43.81491179582221],[4.460771098808411,43.814903367106744],[4.4607931271031855,43.814896445337745],[4.460815975021456,43.81489109512151],[4.4608394293055165,43.81488736639578],[4.460863271038142,43.814885293963655],[4.460887277685836,43.81488489716876],[4.460911225175873,43.81488617971466],[4.460934889987673,43.81488912963041],[4.460958051239038,43.81489371938211],[4.460980492747762,43.81489990613005],[4.461002005049386,43.81490763212846],[4.461022387352244,43.814916825264575],[4.461041449411578,43.814927399731566],[4.46105901330523,43.81493925682958],[4.461074915094316,43.8149522858868],[4.461089006353409,43.814966365292534],[4.461101155555928,43.814981363632285],[4.46118436967046,43.815096499459834],[4.461187467921111,43.81510031321838],[4.461193481224218,43.81510430126489],[4.461210362588994,43.81511663284532],[4.461225524328098,43.815130084979415],[4.461238825321783,43.81514453246091],[4.461250141768983,43.81515984081924],[4.46125936833963,43.815175867571064],[4.4612664191550655,43.81519246354643],[4.46127122858742,43.81520947427717],[4.461273751870519,43.81522674143461],[4.461273965516611,43.81524410430317],[4.461271867535067,43.81526140127635],[4.461267477450986,43.815278471360834],[4.461260836123528,43.81529515567484],[4.461252005365704,43.81531129892716],[4.461241067369098,43.815326750862376],[4.461157529073137,43.815431932409574],[4.461143954957085,43.81544718802131],[4.461128328157941,43.815461376233145],[4.461110807559394,43.81547435278671],[4.4610915713006625,43.81548598574303],[4.461070814965281,43.815496156824075],[4.461048749592507,43.81550476261537],[4.4610255995315535,43.81551171561749],[4.4610016001604915,43.815516945135705],[4.460976995492987,43.81552039799882],[4.460952035697234,43.81552203909977],[4.460926974552296,43.815521851752656],[4.4609020668677415,43.81551983786231],[4.460877565892774,43.81551601790502],[4.460853720741266,43.81551043072024],[4.460830773858812,43.81550313311579],[4.460808958557609,43.81549419929009],[4.460788496644208,43.81548372007788],[4.460769596164258,43.81547180202654],[4.460586513531244,43.815344046939416],[4.460570232814641,43.81533154719516],[4.460555672405789,43.8153179802289],[4.460542965008402,43.81530346969139],[4.4605322264373966,43.81528814783298],[4.4605235545633874,43.8152721542984],[4.46051702842073,43.81525563485392],[4.46051270748725,43.81523874005892],[4.460510631142233,43.81522162389359],[4.460510818307575,43.81520444235552],[4.460513267275407,43.81518735203806],[4.46051795572374,43.81517050870292],[4.460524840919972,43.81515406586071],[4.460533860110428,43.81513817337185],[4.460544931092352,43.8151229760806],[4.460666885971495,43.814973342327654]],[[4.458607273069147,43.81639478709496],[4.458588690709312,43.81639240307455],[4.458565264077033,43.816387648403584],[4.458542591642786,43.81638125809519],[4.458520890635182,43.81637329337616],[4.458500368975163,43.81636383055797],[4.45848122328386,43.816352960305615],[4.458463636998686,43.816340786768926],[4.4584477786158025,43.8163274265847],[4.458433800075727,43.816313007759064],[4.4584218353075835,43.816297668441116],[4.458411998945955,43.81628155559914],[4.458404385232587,43.81626482361261],[4.45839906711351,43.81624763279299],[4.458396095540208,43.81623014784764],[4.458395498981507,43.81621253630188],[4.458397283150914,43.81619496689386],[4.458401430951947,43.816177607957805],[4.4584079026420165,43.816160625811214],[4.458636476043412,43.81565816232459],[4.4586449956408085,43.815642071036585],[4.458655601576725,43.81562664353824],[4.458668196609652,43.81561202127562],[4.45868266526143,43.815598338311894],[4.458698874876031,43.81558572009823],[4.458716676835843,43.81557428232367],[4.458735907924263,43.815564129854415],[4.458756391822141,43.815555355772375],[4.458777940724337,43.8155480405219],[4.458800357061564,43.81554225117204],[4.458823435311756,43.81553804080184],[4.4588469638843335,43.815535448013634],[4.458870727060095,43.815534496579076],[4.458894506968969,43.81553519522132],[4.458918085587469,43.81553753753494],[4.458941246737571,43.81554150204467],[4.4595177026567105,43.815661539752604],[4.459523489028662,43.81566252451741],[4.459532154498758,43.81565664814913],[4.459533696274012,43.8156554988975],[4.45955314617514,43.81564369079056],[4.459574157732378,43.81563338056205],[4.459596511839872,43.815624675725346],[4.459619975392213,43.81561766705297],[4.45964430371519,43.815612427630114],[4.459669243117148,43.815609012092565],[4.459694533534392,43.81560745605689],[4.459719911242996,43.81560777574915],[4.459745111608807,43.81560996783566],[4.459769871846919,43.81561400945775],[4.459770901151365,43.815614217979345],[4.459776095158524,43.81561211431751],[4.459899014378563,43.815556447263525],[4.459920853513214,43.815547630958044],[4.45994380540768,43.81554044807334],[4.45996763779391,43.8155349712985],[4.459992109493725,43.81553125605707],[4.460016972859418,43.81552933994646],[4.460041976279843,43.81552924235719],[4.460066866726558,43.8155309642768],[4.460091392314369,43.81553448827995],[4.460115304850253,43.815539778704604],[4.460138362344954,43.815546782012916],[4.460160331461802,43.815555427333166],[4.460180989877971,43.81556562717675],[4.4602001285342965,43.815577278323616],[4.460217553750898,43.81559026286683],[4.460534192756445,43.81585128228885],[4.460549283259079,43.81586501892054],[4.460562454067356,43.81587975463113],[4.460573579907466,43.81589534926397],[4.460582554955763,43.815911654492844],[4.460589293845333,43.815928515232635],[4.46059373247802,43.81594577111444],[4.460595828634162,43.81596325801081],[4.460595562374226,43.8159808095969],[4.4605929362285535,43.81599825893241],[4.460587975173369,43.816015440049426],[4.4605807263932995,43.81603218953104],[4.460571258832665,43.81604834806562],[4.460559662539783,43.816063761962226],[4.4605460478105385,43.816078284612296],[4.460530544139366,43.81609177788423],[4.460513298987599,43.81610411343725],[4.460494476380925,43.81611517394207],[4.4604742553492605,43.8161248541969],[4.460452828223925,43.816133062128216],[4.460430398808248,43.81613971966629],[4.460226399559975,43.816192012625784],[4.4602209174860326,43.816193636369256],[4.460214963881101,43.81619709778579],[4.4602091565814606,43.816200826810494],[4.460190248295694,43.816210834797474],[4.460170123020533,43.816219509651184],[4.460148959451985,43.81622677434578],[4.460126945505512,43.81623256437644],[4.460104276647461,43.81623682833226],[4.460081154159437,43.81623952835258],[4.460057783351035,43.81624064046338],[4.459606655848467,43.816246680326735],[4.459600889619418,43.81624696017228],[4.459600032843657,43.81625113344835],[4.459595249811836,43.816268503820815],[4.459588131954158,43.816285449646024],[4.459578748206602,43.81630180679991],[4.459567189451012,43.81631741685967],[4.459553567634941,43.81633212863815],[4.459538014687474,43.81634579964816],[4.459520681241495,43.8163582974825],[4.459501735174796,43.816369501096375],[4.459481359984151,43.81637930197981],[4.459459753008096,43.81638760520856],[4.459437123515628,43.81639433036356],[4.45930046992985,43.81642935850602],[4.459294796305279,43.816431049304896],[4.459292370430777,43.81643374258322],[4.459278425846175,43.81644771321724],[4.4592626994428555,43.81646065382062],[4.45924533547786,43.81647244568922],[4.4592264932298695,43.81648298065625],[4.459206345538154,43.816492162084344],[4.459185077217101,43.81649990575217],[4.459162883360899,43.81650614062693],[4.459139967553901,43.816510809515975],[4.459116540003109,43.816513869591496],[4.459092815609886,43.81651529278336],[4.459069011998617,43.81651506603657],[4.459045347520372,43.816513191431085],[4.45902203924992,43.81650968616272],[4.4589993009944315,43.81650458238537],[4.458977341332179,43.81649792691609],[4.4589563616991965,43.816489780805675],[4.458739441278123,43.81639560149809],[4.458734234963326,43.816393582312706],[4.4587313532250565,43.816393974546315],[4.458712578555729,43.8163971868771],[4.458687671554323,43.81639956166166],[4.458662560713162,43.81640010381352],[4.458637502553348,43.81639880779431],[4.458612753057795,43.8163956868436],[4.458607273069147,43.81639478709496]],[[4.4591332011030165,43.81755840517775],[4.459117119201473,43.81755965657763],[4.459093248687334,43.81755984632833],[4.459069463122829,43.81755837713699],[4.459045981902118,43.81755526255516],[4.459023021612066,43.8175505313113],[4.459000794034428,43.817544227045595],[4.4589795041923574,43.81753640790754],[4.4589593484592775,43.81752714601958],[4.458940512747528,43.817516526811715],[4.458923170793531,43.81750464823365],[4.45890748255526,43.81749161985124],[4.4588935927368345,43.81747756183575],[4.458881629453809,43.81746260385558],[4.458871703051495,43.81744688388005],[4.458863905087201,43.817430546906934],[4.458841026988213,43.817373947069306],[4.4588352696969356,43.817356532365196],[4.458831930835602,43.81733878960426],[4.458831043453335,43.81732089442209],[4.458832616332023,43.81730302396286],[4.458836633899484,43.817285355125925],[4.45884305638369,43.81726806281452],[4.4588518202065766,43.81725131820459],[4.458862838613465,43.817235287050174],[4.4588760025319205,43.81722012804277],[4.4588911816515076,43.81720599124039],[4.4589082257137775,43.8171930165822],[4.458926965999691,43.81718133250328],[4.458947216999775,43.817171054663305],[4.458968778250459,43.817162284801654],[4.458991436318439,43.81715510973033],[4.459014966913388,43.81714960047461],[4.459039137108161,43.81714581157004],[4.459063707644446,43.817143780522585],[4.459507063879639,43.817123237593755],[4.459531582580702,43.81712297907918],[4.459556017146937,43.81712447114319],[4.459580129770652,43.817127699264354],[4.459603685777353,43.817132632025256],[4.4596264559096355,43.81713922141814],[4.459648218558357,43.817147403312205],[4.4596687619194,43.817157098077665],[4.459687886055,43.81716821136079],[4.45970540483961,43.817180635002174],[4.459721147771363,43.81719424808932],[4.4597349616314625,43.81720891813339],[4.459746711975424,43.817224502358705],[4.459756284441579,43.81724084909216],[4.459763585864148,43.817257799239506],[4.459768545180047,43.817275187833495],[4.459771114120574,43.81729284563967],[4.459771267681271,43.81731060080327],[4.45976900436536,43.81732828052181],[4.459764346198404,43.817345712726876],[4.459757338514024,43.81736272775893],[4.459753896784192,43.81736979155912],[4.4597554081877115,43.81737778237329],[4.45975754450126,43.817395696824214],[4.459757201448271,43.81741367621941],[4.459754382450574,43.81743154109917],[4.459749115643466,43.81744911314657],[4.459741453594991,43.81746621696743],[4.459731472781308,43.81748268184105],[4.459719272823438,43.81749834342405],[4.459704975492956,43.81751304539104],[4.459688723496597,43.81752664099485],[4.459670679051869,43.81753899453129],[4.459651022267902,43.81754998269378],[4.459629949347711,43.817559495804126],[4.45960767062978,43.81756743890728],[4.459584408488552,43.81757373271919],[4.459560395114754,43.81757831441816],[4.459535870197751,43.817581138271926],[4.459511078533007,43.8175821760942],[4.459486267578614,43.817581417525936],[4.459143027717173,43.8175584436183],[4.459136908362214,43.81755825419809],[4.4591332011030165,43.81755840517775]]]},"properties":{"scenario":"t1000","wse_m":55.24,"source":"ppri+lidar"}}]}