{"type":"FeatureCollection","features":[{"type":"Feature","geometry":{"type":"Polygon","coordinates":[[[4.4539951792109385,43.81087664382764],[4.453995002195895,43.81088081763698],[4.454820097985627,43.84330779346803],[4.454820490993012,43.84331200034356],[4.4548263140115525,43.843312129613864],[4.471970283656331,43.84308214353544],[4.471975688001243,43.84308189949648],[4.471981042337616,43.84308131520702],[4.473022744037171,43.8429337177716],[4.473028736241122,43.84293263876724],[4.47303281149341,43.842929281118906],[4.4735483534255565,43.84245855946758],[4.473564442068059,43.84244526608015],[4.473582254393176,43.84243317876971],[4.473601618668723,43.8424224140717],[4.473622348200268,43.84241307577004],[4.4736442431310675,43.84240525389646],[4.4736670923688955,43.8423990238626],[4.473690675621165,43.84239444573299],[4.473714765518762,43.8423915636459],[4.473739129808074,43.842390405387874],[4.473763533590125,43.84239098212581],[4.4737877415851885,43.842393288299306],[4.4738115204010995,43.84239730167427],[4.473834640783337,43.84240298355729],[4.4738568798252505,43.84241027916867],[4.473878023117076,43.84241911817051],[4.473897866813057,43.84242941534491],[4.473916219596703,43.842441071415415],[4.473932904525305,43.842453974004265],[4.473947760735853,43.842467998715776],[4.473949783274191,43.84247011573427],[4.4739553938142835,43.84246877878494],[4.474446471737932,43.84233196582506],[4.474468914842498,43.842326584817435],[4.474491962561234,43.84232277077474],[4.474515406557699,43.84232055817342],[4.474539034913457,43.84231996701396],[4.474562634043635,43.84232100263999],[4.474585990627527,43.842323655690215],[4.47460889353683,43.84232790218273],[4.474631135744046,43.84233370373207],[4.4746525161938395,43.842341007896],[4.474672841620394,43.84234974864963],[4.47469192829439,43.842359846982156],[4.474709603683771,43.84237121161114],[4.474725708013322,43.84238373980756],[4.474740095708927,43.84239731832439],[4.474880785450836,43.84254404670037],[4.47488446489754,43.84254750123327],[4.47489038606028,43.84254668908332],[4.475285482688575,43.8424775123429],[4.475308795498222,43.84247427421305],[4.475332428683319,43.842472659728315],[4.475356166882528,43.842472683600946],[4.475379793777588,43.84247434561341],[4.4754030940644824,43.842477630620316],[4.475425855415387,43.84248250868651],[4.475447870413482,43.84248893535982],[4.475468938443041,43.84249685207611],[4.475488867517524,43.8425061866929],[4.475507476029073,43.842516854146886],[4.475524594403422,43.84252875722895],[4.475540066645168,43.84254178747001],[4.4756286301686625,43.84262400729633],[4.4756326655846665,43.84262738267982],[4.475638749007066,43.84262664969199],[4.4759360436404885,43.84257941627794],[4.47594200000189,43.84257823961295],[4.475948322196227,43.842573801783765],[4.4759674959747455,43.84256165878865],[4.475988285784063,43.84255099948309],[4.476010473391213,43.84254193575853],[4.476033825890806,43.84253456275748],[4.476058098149797,43.84252895787476],[4.476083035380638,43.84252517994514],[4.476108375815716,43.84252326862575],[4.476133853455083,43.84252324397977],[4.476159200858591,43.84252510626596],[4.476184151953141,43.84252883593576],[4.47618968750807,43.8425298799593],[4.47620092804657,43.84253116533817],[4.476203248801684,43.84253134802981],[4.476227498844908,43.84253505320383],[4.476251118855046,43.84254048712771],[4.476273874199191,43.8425475958228],[4.476295538833494,43.84255630867387],[4.476315897548553,43.84256653913058],[4.476334748107203,43.84257818556715],[4.476351903253457,43.84259113229182],[4.476367192572629,43.84260525069628],[4.476380464184199,43.84262040053291],[4.47639158625058,43.84263643130811],[4.476400448286786,43.842653183777195],[4.476406962258021,43.84267049152624],[4.476511887607808,43.84301643460734],[4.476512957939488,43.84301928729309],[4.4765130819610555,43.84301633265665],[4.476495867941511,43.842350109110086],[4.476495496316422,43.84234598092425],[4.47649308562445,43.842342239673805],[4.476305220266315,43.842082548687515],[4.476302134062305,43.84207875953611],[4.4762960599139605,43.842078620438784],[4.476177163487658,43.842080229458816],[4.476152464254003,43.84207967486978],[4.476127963026398,43.842077348720174],[4.476103901760428,43.84207327398134],[4.476080518066822,43.842067490892354],[4.476058042864943,43.842060056562566],[4.476036698102344,43.84205104440783],[4.476016694562945,43.84204054342525],[4.475998229785466,43.842028657314486],[4.4759814861126745,43.84201550345354],[4.475966628890706,43.84200121173964],[4.475953804836263,43.84198592330649],[4.4759431405877805,43.84196978913047],[4.475934741454903,43.84195296853967],[4.475928690378587,43.84193562764057],[4.475925047112112,43.841917937677614],[4.475923847631098,43.841900073342096],[4.475925103778317,43.84188221104718],[4.475928803146844,43.841864527185656],[4.475979908723904,43.841682031263865],[4.4759807729850385,43.84167796463],[4.475975763417306,43.84167601989021],[4.475743378308889,43.84159581507748],[4.4757213669211025,43.8415872089532],[4.47570066168842,43.84157704557813],[4.475681472186979,43.8415654278252],[4.475663992650451,43.841552473288495],[4.475648400004024,43.84153831309273],[4.4756348520735925,43.84152309056617],[4.475623485988291,43.841506959789754],[4.475614416792528,43.84149008403753],[4.475607736281585,43.841472634123875],[4.475603512072551,43.84145478667468],[4.47560178691999,43.84143672233946],[4.47559547952104,43.84119245544793],[4.475595073871973,43.8411881300048],[4.475590969108559,43.841184972653174],[4.47376361252981,43.83991083585164],[4.4737591128779615,43.839907992880065],[4.473749322991404,43.839908473701286],[4.473724730767631,43.839908798997065],[4.473700214453634,43.83990736414457],[4.473676013928255,43.83990418318307],[4.473652365980422,43.83989928723657],[4.473629501992251,43.83989272420925],[4.4736076456750276,43.83988455831675],[4.473587010880287,43.83987486945786],[4.473567799507348,43.839863752432684],[4.473550199527823,43.83985131601513],[4.47353438314642,43.83983768188849],[4.473520505116023,43.83982298345489],[4.473508701223543,43.83980736452999],[4.472863872284978,43.83884376759791],[4.472861042142044,43.83884001534376],[4.472855248062454,43.8388391863246],[4.472673191508619,43.83881974217919],[4.472648907688606,43.838816246670895],[4.472625224526891,43.838811020441945],[4.472602376840987,43.83880411531026],[4.472580591164471,43.83879559973995],[4.472560083500875,43.83878555816257],[4.472541057181986,43.8387740901399],[4.472523700851797,43.83876130937681],[4.472508186596116,43.838747342593805],[4.472494668236361,43.8387323282707],[4.4724832798044485,43.8387164152734],[4.472474134213928,43.83869976137798],[4.47246732214051,43.83868253170636],[4.472462911123094,43.83866489708901],[4.472415356966867,43.838400182697676],[4.472414379504148,43.83839625269007],[4.472410362655692,43.83839898984146],[4.472372309014005,43.83842758088328],[4.472354423051917,43.83843975468138],[4.472334965645079,43.83845059239688],[4.4723141264890245,43.838459988369486],[4.4722921087507155,43.83846785099485],[4.4722691270877695,43.83847410361764],[4.4722454055556655,43.83847868527898],[4.472221175423303,43.83848155131073],[4.472196672918227,43.83848267377096],[4.472172136923515,43.838482041716475],[4.472147806648748,43.838479661309336],[4.472123919297827,43.83847555575698],[4.472100707756315,43.83846976508577],[4.472078398320909,43.83846234575089],[4.472057208493156,43.83845337008589],[4.472048625485433,43.8384488570594],[4.472037656350962,43.8384436413395],[4.471336877072968,43.838144379739134],[4.471316959280774,43.83813491449989],[4.471298384560151,43.83812411279607],[4.47128132346989,43.83811207381273],[4.471265932669817,43.838098908095986],[4.47125235348228,43.83808473653794],[4.471240710594505,43.83806968926658],[4.471231110913719,43.83805390445091],[4.47122364258552,43.8380375270321],[4.471218374184563,43.838020707392744],[4.47121535408494,43.83800359997587],[4.471063518139014,43.836618164932915],[4.471062801773505,43.836614079052595],[4.471057581024157,43.836612441287144],[4.470867395820419,43.83656032842647],[4.470846067058937,43.83655364330191],[4.470825693851385,43.83654554579177],[4.470806454217666,43.836536106651835],[4.470788516272321,43.83652540836094],[4.470772036755534,43.83651354440029],[4.470757159663544,43.8365006184366],[4.470744014990422,43.836486743416266],[4.470732717592209,43.83647204057837],[4.470723366183333,43.8364566383953],[4.4707160424741,43.83644067145021],[4.470352180953248,43.83550289682634],[4.470350197570399,43.83549863341311],[4.470344840872545,43.835496352432145],[4.4700936743560895,43.83540153213275],[4.470072692958609,43.83539264078584],[4.470053011514905,43.83538230863879],[4.470034818206669,43.83537063448151],[4.470018286986596,43.83535772993545],[4.470003575915169,43.835343718386206],[4.469990825649384,43.835328733803784],[4.469980158097903,43.83531291946159],[4.469971675255489,43.83529642656666],[4.469965458227843,43.83527941281368],[4.469961566456189,43.835262040877396],[4.469960037149013,43.835244476857056],[4.4699608849263734,43.8352268886884],[4.469964101680202,43.83520944453783],[4.469969656651905,43.83519231119464],[4.469977496726541,43.835175652476195],[4.469987546940747,43.835159627661696],[4.4699997111995495,43.83514438996928],[4.4700138731952235,43.835130085090995],[4.470029897519385,43.8351168497999],[4.4700476309577075,43.835104810642356],[4.470066903954868,43.83509408272798],[4.470331752864693,43.83496105114338],[4.470336268329428,43.83495854645076],[4.470335046991488,43.834954524559976],[4.470283770932601,43.83481699213033],[4.470278255905827,43.834798307466926],[4.470275508270406,43.834779304884876],[4.470275558988215,43.834760198534966],[4.470278407484892,43.8347412037371],[4.470373103657155,43.83431974556999],[4.470378445802539,43.834301800768706],[4.470386285265119,43.83428434320176],[4.470396540492289,43.834267554472305],[4.470409104801607,43.83425160922568],[4.470498896792996,43.83415006438442],[4.47050185703502,43.834146324352936],[4.470498296877812,43.834139545191334],[4.470491070854287,43.83412357859706],[4.470485933150806,43.83410719380357],[4.470482928538927,43.83409053359888],[4.47048208320094,43.83407374317096],[4.470483404501775,43.834056968842525],[4.4704868809248675,43.83404035679586],[4.470492482172596,43.83402405179888],[4.470497275777572,43.83401415155833],[4.470498396959856,43.83401137320303],[4.470497101355519,43.8340070536319],[4.470452885504293,43.83388845717305],[4.470447447388838,43.8338701209705],[4.470444674651907,43.83385147468039],[4.470444597396473,43.83383272075883],[4.4704472164587115,43.833814062830385],[4.470452503399025,43.833795703477094],[4.470460400810958,43.833777842039005],[4.470548222079902,43.83360990781502],[4.470550123128245,43.833605632346234],[4.470549550059764,43.83360116006476],[4.470434975283863,43.833025032999494],[4.470432656023717,43.833006917608785],[4.470432874995451,43.8329887252773],[4.470435629959227,43.8329706418918],[4.470440892762844,43.83295285222564],[4.470448609629492,43.83293553805087],[4.470458701707315,43.8329188762808],[4.470471065875208,43.832903037162474],[4.470485575796542,43.83288818253706],[4.470502083210112,43.83287446418625],[4.470520419445089,43.832862022281375],[4.470540397144477,43.832850983951246],[4.4705618121795085,43.83284146198312],[4.4705844457353665,43.832833553670355],[4.4707105173499695,43.832795061982814],[4.4707154544446555,43.83279334699124],[4.470710844318706,43.83279120759758],[4.470503018434972,43.83270471009643],[4.470482619878663,43.83269523363167],[4.470463592934456,43.832684364377386],[4.4704461184281525,43.83267220563189],[4.470430362431316,43.83265887294837],[4.470416474682991,43.832644493036724],[4.4704045871666445,43.83262920255925],[4.47039481285587,43.83261314683189],[4.470387244640773,43.83259647844317],[4.4703819544452275,43.83257935580397],[4.470263548290897,43.83208379627366],[4.470262264396196,43.832079646975714],[4.470261146302679,43.832079586823085],[4.4702393744381475,43.83207918856431],[4.470215079478799,43.832077000534106],[4.470191199581549,43.83207309338514],[4.470167966299275,43.8320675050033],[4.470145604914738,43.83206028957673],[4.470124332256078,43.83205151707025],[4.470104354594262,43.832041272546995],[4.470085865642963,43.83202965534351],[4.470069044680175,43.83201677810663],[4.470054054809846,43.83200276570093],[4.470041041380342,43.831987753998234],[4.470030130575107,43.831971888559906],[4.470021428189161,43.83195532322548],[4.470015018603318,43.83193821862086],[4.470010963966048,43.83192074060088],[4.470009303590939,43.83190305864103],[4.470000801641635,43.831572496735774],[4.4700015449765464,43.83155484252818],[4.470004675107515,43.83153732607423],[4.470010161887529,43.831520116066756],[4.470017952473916,43.83150337824715],[4.470027971837307,43.83148727380927],[4.470040123484293,43.83147195784707],[4.470054290386755,43.83145757786089],[4.4700703361089635,43.83144427233707],[4.470088106121537,43.831432169414285],[4.470107429289678,43.83142138564945],[4.47012811952128,43.83141202489531],[4.470149977559066,43.83140417730031],[4.470172792899521,43.83139791844043],[4.470196345820099,43.83139330859135],[4.470220409495211,43.83139039214802],[4.470244752180597,43.83138919719713],[4.470269139445083,43.83138973524657],[4.470293336428181,43.8313920011147],[4.470317110101857,43.83139597298018],[4.470340231514623,43.83140161259214],[4.470362477996392,43.83140886563852],[4.470383635302852,43.83141766226916],[4.470403499678685,43.83142791776838],[4.470421879819815,43.83143953337094],[4.470554927423548,43.8315323257564],[4.470559355676147,43.83153512282652],[4.470563983893995,43.83153250088706],[4.4710180601467675,43.831248035837696],[4.471037070546049,43.831237249537516],[4.471057437065995,43.83122784953648],[4.471078967482018,43.83121992455395],[4.4711014585846796,43.83121354938775],[4.471124698097593,43.831208784208044],[4.471148466680899,43.83120567398971],[4.471172540001387,43.83120424808761],[4.471196690849757,43.831204519959776],[4.471220691284998,43.831206487040205],[4.471244314785696,43.83121013076312],[4.471267338387927,43.83121541673831],[4.471289544789588,43.83122229507557],[4.471310724401296,43.831230700855606],[4.4713306773245005,43.83124055474277],[4.471349215238144,43.83125176373377],[4.471366163176064,43.83126422203546],[4.471381361178368,43.8312778120634],[4.471394665801178,43.83129240555149],[4.471405951470519,43.8313078647626],[4.47141511166756,43.83132404378863],[4.471422745881119,43.83133964786277],[4.471424934830735,43.83134352016655],[4.47143071202035,43.83134364318175],[4.471853649968308,43.83133793636469],[4.471859486748353,43.83133764975716],[4.471860604254547,43.83133139492801],[4.471864943191846,43.8313139296282],[4.471871636922554,43.83129685853901],[4.471880620372509,43.83128034761445],[4.471891806208609,43.83126455736277],[4.47190508568786,43.831249641286256],[4.471920329714569,43.83123574438885],[4.471937390095361,43.831223001766666],[4.471956100979844,43.83121153729465],[4.4719762804729015,43.83120146242234],[4.471997732402956,43.831192875090615],[4.472020248228988,43.831185858779335],[4.4720436090678,43.831180481696165],[4.472067587821793,43.83117679611314],[4.472091951386613,43.83117483785894],[4.472116462917143,43.83117462597025],[4.4721408841298995,43.8311761625069],[4.472164977619375,43.8311794325318],[4.472188509165862,43.83118440425614],[4.472211250012317,43.831191029348346],[4.472225254599646,43.831196323382855],[4.472229029836879,43.831197588496124],[4.472232037734355,43.831194029088124],[4.472371802692575,43.83100904435865],[4.472384536375785,43.83099399402609],[4.472399245076412,43.83097991890071],[4.472415787356384,43.83096695432683],[4.472434004146531,43.83095522496973],[4.472453720276179,43.83094484361695],[4.472474746157567,43.83093591009385],[4.4724968796088875,43.83092851030357],[4.472519907798393,43.83092271540123],[4.472543609290923,43.830918581109486],[4.472567756177132,43.83091614718297],[4.4725921162649644,43.83091543702584],[4.472616455312322,43.83091645746683],[4.472640539279414,43.830919198693564],[4.472664136579192,43.83092363434695],[4.472838810241518,43.830963179459175],[4.472844609803456,43.83096426355446],[4.472847009771336,43.83096029073152],[4.472903695028934,43.83085188070674],[4.472913553748975,43.83083552496395],[4.472925601385978,43.830819956369616],[4.472939719501373,43.830805327974076],[4.472955769302619,43.830791783584694],[4.472973593007687,43.83077945635225],[4.472993015396176,43.8307684674619],[4.4730138455318675,43.83075892494192],[4.47303587863975,43.83075092260174],[4.47305889811907,43.830744539109695],[4.473082677672626,43.830739837219795],[4.473106983531389,43.83073686315473],[4.473131576752532,43.83073564615155],[4.473394656616638,43.83073209239598],[4.473418270273927,43.83073258600943],[4.473441712616887,43.830734699844044],[4.473464771996111,43.830738414815],[4.4734872402197,43.83074369738172],[4.473508914432854,43.83075049985047],[4.4735295989493205,43.83075876080511],[4.473549107018114,43.830768405661466],[4.473567262509576,43.83077934734079],[4.473583901505547,43.83079148705583],[4.473598873779309,43.83080471520284],[4.473837748921592,43.83103750026267],[4.473841436817073,43.83104074553151],[4.473843490152114,43.83103921462247],[4.473855534635612,43.831029304363604],[4.473873675820891,43.83101708165962],[4.4738934078022785,43.83100622712244],[4.473914534519174,43.83099684860425],[4.4739368460530144,43.830989039291275],[4.473960120713025,43.83098287677782],[4.473984127238936,43.83097842229537],[4.474008627098757,43.83097572010426],[4.474033376858808,43.830974797053784],[4.47405813060244,43.830975662315424],[4.474082642373427,43.830978307291886],[4.4741066686197355,43.83098270570234],[4.4741299706134425,43.83098881384367],[4.474152316822693,43.83099657102462],[4.474173485212178,43.83100590016882],[4.474193265449283,43.83101670858064],[4.474211460993939,43.83102888886625],[4.474227891051476,43.831042320000556],[4.474242392369013,43.83105686852975],[4.474254820857608,43.831072389897365],[4.474265053023965,43.83108872988048],[4.474272987197544,43.831105726122146],[4.474278544540852,43.8311232097446],[4.474278994153154,43.83112503669304],[4.474284110094814,43.8311268482826],[4.4748431275519325,43.83130175099226],[4.474865467979739,43.83130972466382],[4.474886594173377,43.831319276526905],[4.474906294088569,43.831330310709454],[4.474924369996267,43.831342716461336],[4.474940640467252,43.83135636926594],[4.474954942193149,43.831371132089785],[4.474967131625581,43.831386856758066],[4.474977086417007,43.831403385441796],[4.47498470664878,43.83142055224183],[4.4749899158341115,43.83143818485417],[4.475037449812307,43.83165063130302],[4.475038682621008,43.831654838977435],[4.4750424795732195,43.831658147441665],[4.475986379641759,43.83240397868974],[4.47599045263187,43.832406907289666],[4.475996191054818,43.83240702533178],[4.476256204858314,43.832403506265315],[4.476280162979033,43.8324040184714],[4.476303941638087,43.832406198307496],[4.476327319844953,43.83241002551503],[4.4763500803306675,43.8324154645253],[4.476372011566998,43.83242246478999],[4.47639290973226,43.832430961251134],[4.476412580605539,43.83244087494553],[4.476430841371681,43.83245211373866],[4.476447522320307,43.83246457318094],[4.4764624684230405,43.832478137478425],[4.476475540774294,43.83249268056886],[4.4764866178822595,43.83250806729336],[4.476495596798028,43.832524154652404],[4.476502394072433,43.83254079313493],[4.476506946531651,43.832557828107696],[4.4765092118643866,43.83257510125249],[4.476509169015183,43.83259245203741],[4.476506818380173,43.832609719208875],[4.4764953609737725,43.832665947219915],[4.476494808358122,43.83267003357291],[4.476500379820448,43.83266926417911],[4.476942943686732,43.8325917565479],[4.476965833479239,43.832588561659904],[4.476989036011034,43.83258693269823],[4.4770123473097785,43.832586883983026],[4.477035562447003,43.832588415942524],[4.477058477339563,43.83259151510936],[4.477080890543675,43.8325961542389],[4.477102605025758,43.832602292548806],[4.477123429894493,43.83260987607746],[4.477143182078926,43.83261883815843],[4.478180157550415,43.833139888735936],[4.478183992039597,43.83314161842983],[4.478181279550551,43.83313900287797],[4.478047019073996,43.83302207148651],[4.478032507710951,43.83300810580607],[4.478019935774578,43.83299318720001],[4.478009421787348,43.83297745631596],[4.47800106486982,43.832961061459415],[4.47799494380622,43.83294415719532],[4.477991116301748,43.8329269028911],[4.477989618438636,43.832909461214086],[4.477990464336042,43.832891996597844],[4.477993646017033,43.832874673692125],[4.477999133483862,43.83285765581051],[4.4780068750008475,43.83284110339078],[4.478016797582202,43.83282517248237],[4.478028807680169,43.83281001327529],[4.478206562936103,43.83260894364653],[4.47822032116427,43.832594907437276],[4.478235868519106,43.83258188669569],[4.478253062831947,43.8325700004855],[4.478271746874372,43.83255935749599],[4.47829174979594,43.83255005504825],[4.47831288868646,43.83254217820513],[4.478334970248538,43.8325357989936],[4.4783577925650775,43.832530975746],[4.478381146945608,43.832527752566754],[4.478404819834527,43.832526158929014],[4.47842859476383,43.83252620940521],[4.478452254332466,43.832527903533794],[4.478661216572763,43.832550212312285],[4.478667160350602,43.83255063244196],[4.478671764872412,43.8325478922694],[4.478681231903259,43.83254167993533],[4.478701153774889,43.832531016456905],[4.4787224428542505,43.83252184127508],[4.478744887725533,43.83251424550572],[4.478768265495401,43.83250830457999],[4.478792344006447,43.83250407749528],[4.47881688414261,43.83250160622941],[4.4788416422037125,43.83250091532371],[4.478866372325491,43.83250201163937],[4.478890828921135,43.83250488428918],[4.478914769120052,43.83250950474582],[4.478937955179679,43.83251582712505],[4.478960156846369,43.83252378864134],[4.478981153641918,43.83253331023141],[4.479000737053021,43.83254429733934],[4.47901871260194,43.83255664085555],[4.479034901777782,43.8325702182003],[4.479292154424799,43.8328090617043],[4.479295873460307,43.83281220275481],[4.479300902709317,43.83281414873221],[4.480308225378102,43.83316181957794],[4.480329207425529,43.833169976011284],[4.480349015150387,43.83317954826292],[4.48036746680621,43.8331904485027],[4.480384393088878,43.83320257671538],[4.480399638690045,43.83321582161844],[4.4804130637221995,43.83323006168304],[4.4804245450022115,43.83324516624911],[4.480433977181646,43.833260996724256],[4.480441273713431,43.83327740785534],[4.480446367646026,43.833294249061275],[4.480843235973624,43.83499184899841],[4.480844638879175,43.834996392967945],[4.480847908612908,43.83500040257464],[4.481288884331976,43.83548183302552],[4.481292356594312,43.83548525489108],[4.4812980175686405,43.835486366150995],[4.482845760428681,43.835733107462886],[4.482852954602057,43.83573393652997],[4.482860233518711,43.83573414796309],[4.484027297414893,43.83571827531218],[4.484033705783316,43.83571794695343],[4.484040032715781,43.835717139961275],[4.485204042435103,43.835523143170334],[4.485208960405186,43.83552213996468],[4.485204162977178,43.83552086715117],[4.485028353454182,43.83548108982337],[4.4850222898362055,43.835479960450606],[4.485016237800608,43.83548112192021],[4.484439055147828,43.83561507426471],[4.48441573071161,43.83561959605062],[4.484391910326625,43.835622458806746],[4.484367818648313,43.83562363553379],[4.482632584574999,43.83564723651661],[4.482602175266601,43.83564630113687],[4.482572151688102,43.835642683253056],[4.4814686031657835,43.83545883675525],[4.481444974613133,43.835453999555696],[4.481422120443429,43.83544749885158],[4.481400263561755,43.83543939804684],[4.48137961714602,43.83542977615165],[4.48136038256772,43.83541872701196],[4.481342747427863,43.83540635839408],[4.4813268837272195,43.835392790933646],[4.481312946188757,43.83537815695892],[4.481301070748579,43.835362599200124],[4.480919746625525,43.834798947771255],[4.48091113509717,43.834784688834965],[4.48090425737439,43.83476994471417],[4.4808991648750185,43.83475482563877],[4.480895895670119,43.83473944464187],[4.4806763926276,43.83329300625395],[4.480675462073757,43.8332887783937],[4.480670702090925,43.83328623757528],[4.480328343475917,43.83312144972431],[4.480308534772466,43.833110854645874],[4.480290271371175,43.83309889283037],[4.480273732491237,43.833085681660094],[4.480259080428643,43.83307135077725],[4.480246458963587,43.83305604081179],[4.480235991949571,43.83303990200131],[4.480227782098067,43.83302309271678],[4.480221909970675,43.83300577790845],[4.480218433188632,43.832988127487106],[4.480217385867459,43.83297031465681],[4.480218778282264,43.83295251421512],[4.48022259676701,43.83293490083787],[4.480228803848696,43.83291764736508],[4.480237338615177,43.83290092310486],[4.480248117312964,43.83288489217198],[4.480261034169174,43.832869711877535],[4.480275962429526,43.83285553118513],[4.480289170502951,43.8328452735145],[4.480290992745601,43.832843731341846],[4.480294291945079,43.832840353029304],[4.48052950983097,43.832574266936724],[4.4805324977367125,43.83257049150504],[4.480532679534434,43.83256614238439],[4.4805259217379545,43.8323052656283],[4.480525479969869,43.832300722071395],[4.480524597124612,43.832299945351785],[4.480509554750396,43.83228524830774],[4.4804966507622614,43.832269521922015],[4.480486018440911,43.832252928629075],[4.480477767603189,43.832235639817355],[4.480471983467879,43.832217834058966],[4.4804687257755855,43.83219969526529],[4.480468028171777,43.832181410787335],[4.4804698978593684,43.8321631694807],[4.480474315524426,43.83214515975483],[4.480481235535753,43.83212756762717],[4.4804905864163045,43.83211057480157],[4.4805022715815275,43.832094356791835],[4.480516170337046,43.83207908110874],[4.480519662317025,43.83207563779837],[4.480518774485806,43.832071375759476],[4.480384061853234,43.83158682097444],[4.4803826286181945,43.831582711700364],[4.4803768435452245,43.831582060240954],[4.4798907169753885,43.83154475601666],[4.479884786738937,43.83154451670271],[4.479883440897498,43.83154870448378],[4.479858717957943,43.831647814027605],[4.479853037757696,43.83166545526725],[4.479844936761071,43.83168259383606],[4.479834497024792,43.831699056129274],[4.479821824296047,43.83171467539232],[4.479807046941391,43.83172929340993],[4.479790314646517,43.831742762108846],[4.479771796900044,43.83175494505773],[4.479751681276706,43.831765718849184],[4.479730171537314,43.83177497434978],[4.479707485564743,43.83178261780567],[4.479683853156856,43.8317885717922],[4.47965951369871,43.83179277599823],[4.479507356730669,43.83181326203118],[4.479482099803282,43.83181570111288],[4.479456630659714,43.831816256007436],[4.479431216819424,43.831814920886366],[4.479406125220963,43.83181170977337],[4.479014225858483,43.83174640621695],[4.478992030484175,43.83174191420727],[4.478970505056226,43.831735953706406],[4.478949834535509,43.83172857593104],[4.4789301965367665,43.83171984427596],[4.4789117598024,43.83170983376952],[4.4787219380080145,43.831596445000145],[4.478703588953066,43.831584319193176],[4.478687003304602,43.831570928213175],[4.478672346686399,43.83155640578312],[4.478659765458509,43.83154089692458],[4.478649385255746,43.831524556509585],[4.478641309733135,43.831507547713876],[4.478635619530878,43.83149004038762],[4.478632371469161,43.83147220935906],[4.478631597980825,43.8314542326888],[4.478633306787583,43.831436289891684],[4.478637480823007,43.831418560144016],[4.478644078403044,43.83140122049455],[4.478653033642356,43.83138444409628],[4.478664257112336,43.83136839847751],[4.478677636734205,43.83135324386882],[4.478693038898284,43.83133913160306],[4.478697648922564,43.8313353162004],[4.478695727352097,43.83133135704568],[4.478374479567008,43.83075893693786],[4.478371904595437,43.83075493812559],[4.478368126601868,43.830754300681846],[4.478344409315435,43.83074938926302],[4.478321481127902,43.830742800525556],[4.478299567770978,43.83073459933678],[4.478278884984921,43.83072486643878],[4.478259636394529,43.830713697653614],[4.4782420115043795,43.83070120293978],[4.478226183833128,43.83068750530972],[4.478212309205202,43.83067273961866],[4.478200524216705,43.83065705123691],[4.478190944890654,43.83064059461872],[4.478183665534773,43.830623531781576],[4.478178757813076,43.830606030711095],[4.478176270040421,43.83058826370722],[4.478176226706909,43.83057040568781],[4.478178628236881,43.83055263246671],[4.4781834509848215,43.83053511902268],[4.478190647468239,43.83051803777678],[4.47820014683522,43.83050155689493],[4.478296845211017,43.8303547443772],[4.47829917496667,43.830350700654776],[4.478296810606036,43.83034666747226],[4.477914135797557,43.82977482066441],[4.477911383485046,43.82977116708236],[4.477905853187846,43.82977230296278],[4.476904796733853,43.83001615543488],[4.4768821216395445,43.83002082511628],[4.476858937512574,43.830023919001505],[4.476835452816919,43.830025409271286],[4.476811878719248,43.83002528252566],[4.476788427190127,43.83002353990427],[4.47676530909799,43.83002019707619],[4.476742732313036,43.83001528409907],[4.4767208998380745,43.830008845148726],[4.476700007983149,43.830000938122126],[4.476680244600346,43.82999163411655],[4.4766617873946695,43.829981016790555],[4.4766448023261525,43.8299691816114],[4.476629442117611,43.82995623499695],[4.476567715568139,43.82989891912356],[4.476553486351186,43.829884255696804],[4.476541341924692,43.82986864059365],[4.476531402681221,43.82985222861516],[4.476523767151894,43.82983518246213],[4.476518511029662,43.82981767112207],[4.476515686418983,43.829799868193994],[4.47651532131939,43.82978195016742],[4.476517419347992,43.82976409467273],[4.4765219597037085,43.8297464787202],[4.476528897373573,43.82972927694528],[4.476538163579054,43.829712659877245],[4.476549666457971,43.82969679224881],[4.47656329197523,43.829681831362976],[4.4765789050533655,43.829667925533705],[4.476596350911664,43.82965521261558],[4.476615456600606,43.829643818637194],[4.4766360327163985,43.82963385655197],[4.4766578752786135,43.82962542511816],[4.476680767752307,43.829618607920104],[4.47764633185743,43.82937098412121],[4.477652306023208,43.82936919121787],[4.477657218324093,43.82936614607814],[4.478244188319172,43.82896173308347],[4.478262043079272,43.82895055155752],[4.478281282377964,43.828940646500705],[4.478301732724847,43.82893210723154],[4.478323209709205,43.82892501075254],[4.478345519662883,43.82891942105586],[4.478368461406665,43.82891538854634],[4.478391828064347,43.82891294958694],[4.478415408928192,43.82891212617084],[4.478438991358922,43.82891292572315],[4.478462362703133,43.82891534103396],[4.478485312210828,43.82891935032331],[4.478507632935794,43.82892491743765],[4.478529123601687,43.82893199217579],[4.478549590416986,43.82894051074159],[4.47856895032648,43.82894947991583],[4.478574173982229,43.82895164328246],[4.478574912070224,43.828951433589296],[4.478598093114909,43.82894578351887],[4.4786219288905285,43.828941809857504],[4.478646188678103,43.828939551068316],[4.478670637654533,43.82893902901531],[4.478695039165516,43.8289402487517],[4.478719157016179,43.82894319847102],[4.478742757757262,43.828947849621436],[4.4787656129447475,43.82895415718202],[4.478787501351023,43.82896206009865],[4.478808211106217,43.828971481874824],[4.4788275417489665,43.82898233131218],[4.478845306166771,43.82899450339325],[4.478861332407136,43.82900788029785],[4.4788754653420115,43.82902233254363],[4.478887295682035,43.82903737379535],[4.478887331395078,43.82903741448242],[4.478893117069704,43.8290367071789],[4.479304289892296,43.82897135301091],[4.4793285813250465,43.82896839639433],[4.479353157675303,43.82896719451844],[4.47937777768393,43.82896775918174],[4.479402199663223,43.82897008484108],[4.479426183869424,43.82897414866615],[4.479449494856148,43.82897991076349],[4.479471903785639,43.828987314568224],[4.479493190675163,43.828996287399214],[4.479513146556471,43.829006741172655],[4.479531575527153,43.82901857326661],[4.479548296673759,43.8290316675285],[4.479563145847775,43.82904589541529],[4.479575977277043,43.8290611172553],[4.479586664996806,43.829077183619376],[4.479764114169607,43.82938166542659],[4.479766655681511,43.829385489458026],[4.479770381608634,43.82938478571464],[4.479793519946298,43.829381256741016],[4.4798170167443905,43.82937933512247],[4.479840659442929,43.82937903824257],[4.4798642341621004,43.829380368787035],[4.479887527637039,43.8293833147193],[4.479890784583944,43.82938384327837],[4.479896668663519,43.829383122509626],[4.480025302659032,43.829362675745486],[4.480048843753786,43.8293597836719],[4.4800726595159945,43.82935853983966],[4.480096530262732,43.829358955722206],[4.480120235803888,43.82936102748329],[4.480143557473214,43.829364736012494],[4.480166280145298,43.82937004710134],[4.480188194219885,43.82937691175895],[4.480209097555254,43.82938526666383],[4.480228797332779,43.829395034748075],[4.480247111835519,43.82940612590814],[4.480263872124416,43.82941843783607],[4.480278923596631,43.82943185696301],[4.4802921274116585,43.82944625950703],[4.480453819664584,43.82964247177951],[4.4804572043157105,43.82964614245405],[4.480463246667612,43.829645556343586],[4.480822602993016,43.829597168115995],[4.4808286515120095,43.82959612389401],[4.4808365729553925,43.82959413072765],[4.480845421647899,43.8295915498453],[4.48087022333929,43.82958640291915],[4.480895628304519,43.82958314449805],[4.4809213629389335,43.82958180967434],[4.480947150087524,43.82958241282368],[4.480972712029745,43.82958494745032],[4.480997773470381,43.829589386257034],[4.481006544309091,43.82959165927865],[4.481015236254285,43.82959361849226],[4.4810209248307915,43.8295944876996],[4.481694951259547,43.82967378016108],[4.48170102395611,43.82967427126412],[4.481706682185303,43.82967260114689],[4.48225026268399,43.82948878531405],[4.482255347169845,43.82948684496635],[4.4822538579226965,43.82948282611772],[4.482159597674524,43.82926996625815],[4.482153307086682,43.829252931102516],[4.482149349380048,43.82923553206922],[4.482147762542263,43.82921793617045],[4.48214856180308,43.829200312308046],[4.482151739488261,43.82918282965205],[4.482157265093327,43.82916565601689],[4.482165085576446,43.829148956250656],[4.482175125867656,43.829132890652566],[4.482187289589522,43.82911761343448],[4.48220145998231,43.829103271240506],[4.482217501024796,43.829090001739495],[4.482235258739955,43.82907793230357],[4.482254562672981,43.82906717878546],[4.482275227527467,43.82905784440658],[4.482297054944027,43.82905001876616],[4.482319835404299,43.829043776981315],[4.482343350242043,43.829039178965864],[4.482367373742035,43.829036268855404],[4.482391675306625,43.829035074583594],[4.482610805978301,43.82903209585484],[4.482616457007997,43.82903181905043],[4.482614512191744,43.829027967988765],[4.482420364587832,43.8286948650547],[4.482412069383831,43.82867844928381],[4.482406012960663,43.828661528386625],[4.482402252443009,43.82864426196807],[4.482400823299509,43.82862681289201],[4.482401739008278,43.828609345745086],[4.482404990929854,43.82859202528418],[4.482410548388776,43.82857501488246],[4.482418358963001,43.82855847498834],[4.482428348978435,43.8285425616121],[4.4824404242039355,43.82852742485434],[4.482454470740171,43.82851320749016],[4.482470356094022,43.82850004362256],[4.48253540717079,43.82845114773018],[4.482539004596027,43.828448169269755],[4.482533619375428,43.82844749499304],[4.482518225109605,43.82844611586823],[4.4824938362305975,43.82844303165419],[4.482469992035107,43.82843820657994],[4.482446929000714,43.828431688498725],[4.482424875857521,43.82842354205445],[4.482404051319664,43.82841384804047],[4.482384661916145,43.828402702598225],[4.482366899942538,43.828390216263884],[4.482350941553876,43.828376512871955],[4.482336945017616,43.828361728327124],[4.482325049144041,43.82834600925638],[4.482315371909622,43.828329511554905],[4.482308009287054,43.82831239883981],[4.4823030342934915,43.828294840827475],[4.482300496266473,43.82827701165045],[4.482300420374705,43.82825908813037],[4.48230280736854,43.82824124802431],[4.482307586369453,43.82822380394354],[4.482314719301468,43.82820678794705],[4.482324136850414,43.82819036458041],[4.4823357470828,43.828174694164076],[4.48234943666101,43.82815992966826],[4.482365071949739,43.828146215219746],[4.482382500320539,43.828133684694905],[4.482401551641758,43.82812246041297],[4.482422039939325,43.82811265194189],[4.482443765212166,43.8281043550289],[4.482466515384537,43.82809765066583],[4.482490068376206,43.828092604298476],[4.482514194270284,43.82808926518786],[4.482521696671136,43.82808877472783],[4.482530004881042,43.828087934411855],[4.482532044968757,43.82808391412587],[4.482604854971023,43.82791529236982],[4.482612949061988,43.82789926009017],[4.482623104695128,43.827883855037776],[4.48263523051975,43.827869215779735],[4.482649217463688,43.82785547399484],[4.4826649397144545,43.827842753289104],[4.482682255850916,43.8278311680839],[4.4827010101154015,43.8278208225869],[4.482721033814709,43.827811809854595],[4.4827421468374915,43.82780421095546],[4.482764159274305,43.82779809424063],[4.482786873125799,43.82779351472913],[4.484048789083398,43.8275852071839],[4.484072172533964,43.82758218959119],[4.484095847038868,43.827580801300144],[4.484119596496398,43.82758105498318],[4.484143204120691,43.82758294832464],[4.484166454420508,43.82758646404205],[4.484189135166188,43.82759157004383],[4.48421103932684,43.827598219722226],[4.484629398242901,43.8277426047992],[4.484634656740608,43.82774419823825],[4.484637162296192,43.82773872957052],[4.484639200781948,43.82773343670058],[4.484647898420732,43.82771715226458],[4.484658734623428,43.82770155456041],[4.484671607414633,43.82768679036966],[4.484686395653973,43.827672998630106],[4.484702960176131,43.82766030912822],[4.484721145100482,43.82764884127777],[4.484740779298015,43.82763870299623],[4.484761678001724,43.8276299896892],[4.484783644545344,43.827622783352595],[4.484806472214033,43.82761715180105],[4.484829946189611,43.82761314802985],[4.48485384557204,43.827610809716134],[4.484877945458142,43.82761015886438],[4.48490201905797,43.82761120159938],[4.484925839828928,43.827613928108576],[4.484949183607585,43.827618312734394],[4.4849718307190765,43.827624314215676],[4.485072172140053,43.82765497726555],[4.485093908296295,43.82766253863776],[4.485114530246992,43.827671589066654],[4.485133843952006,43.82768204339345],[4.485151667680679,43.82769380324944],[4.485167833721806,43.82770675798175],[4.4851821899616775,43.82772078569427],[4.485194601315417,43.82773575439482],[4.485204950998058,43.82775152323689],[4.485213141623478,43.82776794384505],[4.485219096120788,43.82778486171102],[4.485671120204919,43.82939110154615],[4.485672513159245,43.829395044332],[4.485676607991913,43.82939225599623],[4.485784921514706,43.82931083626173],[4.485802115532976,43.82929908496337],[4.485820773922721,43.82928856936143],[4.485840727897469,43.82927938458114],[4.485861796951027,43.829271613708876],[4.485883790490336,43.82926532704066],[4.485906509559568,43.82926058144624],[4.4859297486398635,43.8292574198547],[4.485953297508425,43.82925587086603],[4.485976943140163,43.829255948492516],[4.485979550105719,43.82925604692436],[4.485985642496123,43.82925584231653],[4.486672403172917,43.82920816982345],[4.486696183219974,43.82920734800949],[4.486719962818152,43.829208176602684],[4.486743523910899,43.829210648004896],[4.486766650445284,43.82921473955364],[4.486789130353117,43.82922041372982],[4.486810757495554,43.82922761850181],[4.4868313335533285,43.829236287802516],[4.486850669845278,43.829246342135214],[4.486868589058525,43.8292576893026],[4.487098444018935,43.82941793756504],[4.487102581496553,43.82942055428323],[4.487103424448378,43.82941662408864],[4.487149748292604,43.829099997340904],[4.487153505741621,43.82908254432322],[4.487159608308091,43.82906544200221],[4.487167997210088,43.82904885510726],[4.487178591643918,43.829032943402936],[4.487191289562485,43.829017860150415],[4.487205968658274,43.82900375063095],[4.4872224875414455,43.82899075074687],[4.487240687101727,43.82897898571234],[4.487260392040988,43.82896856884754],[4.487281412561681,43.828959600487],[4.487303546194968,43.828952167013405],[4.48732657975085,43.8289463400254],[4.487350291371566,43.82894217564808],[4.487374452668461,43.82893971399241],[4.487398830921752,43.828938978768875],[4.48742319132201,43.82893997705907],[4.487447299231759,43.82894269924756],[4.487470922445422,43.82894711911441],[4.487493833425853,43.82895319408784],[4.487515811495895,43.82896086565416],[4.48752584641313,43.82896481896253],[4.487526838627634,43.8289607074188],[4.487633188211054,43.82833821904812],[4.4876336313511205,43.82833376701577],[4.487628614323223,43.828331172485164],[4.487179751040183,43.82812326921329],[4.4871598495757175,43.82811302018782],[4.487141433263323,43.82810140691648],[4.487124679840296,43.82808854148056],[4.487109750994849,43.828074548045976],[4.487096790805651,43.82805956166511],[4.487085924351337,43.828043726973135],[4.487077256503406,43.828027196792384],[4.487070870914145,43.82801013065721],[4.487066829209367,43.827992693274375],[4.487065170393725,43.82797505293345],[4.487057255380794,43.82767082196778],[4.48705687202411,43.82766669388719],[4.487051162041914,43.82766686695669],[4.486406539005895,43.82770904569526],[4.486382625151451,43.82770977281057],[4.486358725543818,43.82770883168615],[4.486335061715199,43.827706231045575],[4.486311853012233,43.82770199499491],[4.486289314562755,43.827696162799285],[4.486267655281667,43.827688788518984],[4.486247075934403,43.82767994050825],[4.48622776727595,43.8276697007817],[4.4862099082826585,43.827658164254096],[4.486193664493263,43.827645437860554],[4.486179186474452,43.82763163956528],[4.486166608425247,43.82761689726811],[4.486156046933111,43.82760134761898],[4.486147599893299,43.82758513475126],[4.4861413456015065,43.82756840894566],[4.486121672727102,43.82750356785885],[4.486120146040116,43.82749950349438],[4.486117035097064,43.827500132575494],[4.486101468841393,43.82750390749457],[4.486078346256449,43.82750778667877],[4.486054818058796,43.827510051784735],[4.486031098716815,43.827510682165105],[4.4860074044413,43.82750967207375],[4.4859839512145365,43.82750703071805],[4.485960952821508,43.82750278217491],[4.485938618901096,43.82749696517148],[4.485917153035104,43.82748963273188],[4.48589675089249,43.82748085169409],[4.4858775984457395,43.82747070210048],[4.485859870275637,43.82745927646831],[4.485843727979888,43.82744667894633],[4.485829318700097,43.827433024365384],[4.485816773780546,43.82741843719175],[4.485806207570954,43.82740305039247],[4.485686156899789,43.82720503996669],[4.485677350592179,43.827188296027124],[4.485670887438432,43.827171001176275],[4.485666831485311,43.82715332680361],[4.485665222924445,43.827135448059465],[4.4856660776941135,43.827117542119275],[4.485669387321392,43.827099786427816],[4.485675119006214,43.82708235694076],[4.485683215946491,43.827065426381],[4.485693597901103,43.82704916252693],[4.485706161985145,43.82703372655],[4.4857207836895485,43.827019271417335],[4.485737318115005,43.82700594037604],[4.485755601407905,43.82699386553363],[4.485775452384127,43.82698316654888],[4.48595924211441,43.82689404737725],[4.485980825369056,43.82688469077797],[4.486003604266429,43.82687696125537],[4.486027345550146,43.82687093795979],[4.486051806109249,43.82686668256974],[4.486076735467604,43.82686423866036],[4.486101878348706,43.82686363125728],[4.486126977289638,43.82686486658029],[4.486151775277423,43.826867931979685],[4.486176018380752,43.82687279606582],[4.486199458350173,43.82687940903048],[4.486221855160107,43.82688770315697],[4.486242979466651,43.82689759351338],[4.4863500457583045,43.826953479520874],[4.4863548968210285,43.82695576412339],[4.4863600353819395,43.82695383691811],[4.486683729189893,43.82681781118617],[4.486706019059512,43.826809502492004],[4.486729351494962,43.82680286136508],[4.486753489201257,43.82679795534674],[4.486778186693886,43.82679483433192],[4.4868031927953815,43.826793530061835],[4.486828253189766,43.826794055801116],[4.486853113008902,43.82679640620292],[4.486877519424486,43.8268005573633],[4.486901224219266,43.82680646706428],[4.486923986311395,43.826814075203295],[4.486945574206216,43.82682330440432],[4.486965768350555,43.82683406080486],[4.486984363365592,43.82684623501048],[4.487001170135577,43.8268597032073],[4.487016017731182,43.82687432842126],[4.487028755147903,43.82688996191114],[4.487034432592999,43.82689780944291],[4.487037092431122,43.8269010865713],[4.487037990175119,43.82689734154638],[4.487181441424223,43.82605769894834],[4.487185465177941,43.826040801142646],[4.487191691826325,43.82602425724911],[4.487200064849433,43.82600821743337],[4.487210508245276,43.82599282728554],[4.487222927219739,43.825978226498705],[4.487237209047042,43.82596454760099],[4.487253224092978,43.82595191475265],[4.487270826991596,43.82594044261906],[4.487289857964663,43.82593023533004],[4.487310144271948,43.82592138553465],[4.4873315017791215,43.82591397356027],[4.487501771004902,43.82586195071868],[4.487506369018071,43.82586034763169],[4.487501303096828,43.8258599006511],[4.487412677126829,43.82585528435081],[4.4873878243155,43.82585307449863],[4.4873634046295825,43.82584906584812],[4.487339665812794,43.825843299068055],[4.487316848701076,43.82583583266387],[4.487295184779203,43.825826742384066],[4.4872748938322635,43.82581612045179],[4.487256181715861,43.82580407462901],[4.4872392382676445,43.82579072712342],[4.487224235381369,43.82577621334846],[4.4872113252630035,43.82576068054952],[4.487200638886619,43.82574428631008],[4.487192284665665,43.82572719695296],[4.4868631840518605,43.82492811501788],[4.4868612818786,43.82492419488456],[4.486855579240437,43.82492466203313],[4.485711267360201,43.825058971820084],[4.485686753544549,43.82506095140826],[4.485662089431001,43.825061162464436],[4.485637517836504,43.825059602910784],[4.485613280667131,43.825056288101045],[4.485589616536472,43.825051250669354],[4.485566758416419,43.825044540208964],[4.485544931343527,43.82503622278401],[4.485524350203496,43.82502638027902],[4.485505217615596,43.82501510959286],[4.4854877219378775,43.82500252168463],[4.485472035412796,43.82498874048137],[4.485458312471507,43.82497390165789],[4.48544668821353,43.824958151301054],[4.485437277076752,43.82494164447157],[4.485430171710847,43.82492454367746],[4.485425442065221,43.82490701727403],[4.48542313470044,43.824889237806524],[4.48542327232994,43.824871380311436],[4.485425853596493,43.824853620593224],[4.485430853085666,43.8248361334936],[4.4854382215761115,43.82481909117019],[4.485447886524218,43.82480266140179],[4.485459752778376,43.82478700593643],[4.485473703515786,43.82477227889926],[4.485489601392618,43.82475862527503],[4.4855072898961605,43.82474617948086],[4.4855265948857,43.82473506404297],[4.485547326306893,43.824725388390405],[4.485569280062812,43.824717247777805],[4.486716391140264,43.82434266378374],[4.486721442800028,43.824340791512455],[4.48671617211212,43.8243376299141],[4.486698560898528,43.82432599062921],[4.486682571028667,43.82431318324065],[4.486668349626945,43.824299325591404],[4.48665602754551,43.8242845451881],[4.48664571816028,43.82426897802751],[4.486637516327791,43.82425276734552],[4.486631497512468,43.82423606229896],[4.486627717092314,43.82421901659323],[4.486626209849452,43.82420178706808],[4.486626989650146,43.8241845322544],[4.4866300493173,43.82416741091569],[4.486635360696575,43.824150580587116],[4.4866428749155025,43.82413419612614],[4.4866525228332454,43.82411840828758],[4.4866535775783,43.82411688435942],[4.486648080251269,43.82411576118452],[4.486410010040077,43.824076102395345],[4.486404304621312,43.824075355307436],[4.4863987543212485,43.82407656911818],[4.486104465535992,43.824152075417445],[4.486081243391475,43.824157125230954],[4.486057452200666,43.824160513081374],[4.486033318306824,43.824162206737554],[4.486009071313693,43.824162190086504],[4.48598494190104,43.8241604632866],[4.485961159629976,43.824157042766196],[4.485937950758897,43.82415196106727],[4.4859155360908725,43.82414526653581],[4.4858941288729275,43.82413702286187],[4.485873932767224,43.82412730847364],[4.48585513991345,43.82411621579122],[4.485837929100821,43.8241038503474],[4.485822464067145,43.824090329783594],[4.4858088919410575,43.82407578273062],[4.4857973418423125,43.824060347584926],[4.485787923653417,43.82404417119187],[4.485780726974286,43.82402740744874],[4.485520626295305,43.8232977003476],[4.485515025115838,43.82327707271831],[4.485512784339703,43.82325611293277],[4.4855124374590645,43.823242764878444],[4.485513155278454,43.82322529960943],[4.485516208892454,43.82320796704305],[4.485521569518063,43.82319093054202],[4.48552918662838,43.82317435067844],[4.485538988428894,43.82315838372041],[4.4855508825342305,43.82314318015908],[4.485564756838952,43.82312888329043],[4.485580480574218,43.82311562786456],[4.48559790554034,43.82310353881571],[4.4856168675035955,43.823092730084824],[4.4856371877441665,43.82308330354557],[4.4856586747405895,43.823075348044256],[4.485681125974852,43.823068938562436],[4.485704329841118,43.82306413551023],[4.486369131635925,43.82295148061424],[4.486373130853333,43.82295065189354],[4.486368972932273,43.822950561500754],[4.485573386427776,43.82296140264893],[4.4855674122922675,43.82296169679725],[4.48556305196039,43.8229646681542],[4.485080140650674,43.82332770887108],[4.4850624166967386,43.82333978925091],[4.485043145800078,43.82335055664895],[4.485022512745173,43.82335990781841],[4.4850007153783125,43.82336775309249],[4.484977962710452,43.823374017244106],[4.48495447291301,43.823378640207295],[4.484930471225816,43.82338157765317],[4.4843808738812205,43.82342894048875],[4.484355913040375,43.82343017351762],[4.484330907431163,43.82342958377222],[4.48430611034443,43.823427177226286],[4.484281772958754,43.82342297825661],[4.484258141796113,43.823417029396055],[4.484235456224706,43.8234093909028],[4.4842139460342505,43.82340014014983],[4.484193829108323,43.82338937084126],[4.484175309217314,43.82337719206316],[4.484158573954353,43.82336372717848],[4.484143792835116,43.82334911257753],[4.484131115580769,43.82333349629629],[4.484120670601435,43.82331703651707],[4.484112563695533,43.823299899965974],[4.4841068769781876,43.82328226022426],[4.484103668049532,43.82326429596994],[4.484102969411357,43.82324618916797],[4.484104788137975,43.82322812322699],[4.484170956847709,43.822840924545254],[4.4841750842123025,43.822823692567376],[4.484181502135203,43.822806831984856],[4.484190150012354,43.82279050200591],[4.4842009461832655,43.822774856828296],[4.4842137887021565,43.82276004418335],[4.484228556300652,43.822746203941016],[4.484245109532914,43.82273346678911],[4.484263292092388,43.822721952999316],[4.484282932287776,43.822711771291594],[4.484303844664227,43.82270301780745],[4.484325831754511,43.82269577520234],[4.484348685943583,43.82269011186503],[4.484372191428976,43.82268608127198],[4.484559098254473,43.822660904072706],[4.4845646354478115,43.82265995793135],[4.484564093831952,43.82265585748106],[4.484422790868466,43.82194609090985],[4.484421732170988,43.8219420804646],[4.48441921315855,43.821938427401435],[4.484036390215243,43.821441452023215],[4.484025771582293,43.82142596113929],[4.484017255432587,43.82140980387316],[4.484010920393473,43.821393129404115],[4.4840068249540534,43.82137609168647],[4.484005006925225,43.8213588480283],[4.4840054830906455,43.82134155763899],[4.484008249051847,43.82132438015924],[4.4840132792689245,43.82130747418708],[4.484020527296413,43.82129099581361],[4.484029926212194,43.82127509718182],[4.484041389235433,43.82125992508189],[4.484054810527881,43.82124561959588],[4.484070066171105,43.821232312804426],[4.484087015310653,43.82122012756725],[4.484105501456552,43.82120917638886],[4.4841253539281825,43.821199560379775],[4.484146389430131,43.82119136832311],[4.484579668179741,43.821041595226895],[4.484584738734287,43.82103962236055],[4.484584904910632,43.8210354563128],[4.484580455361209,43.82086412260966],[4.484580069397647,43.82085994799715],[4.484574643075656,43.82085850943881],[4.4837829898790575,43.820679344005256],[4.483760315253483,43.8206733221669],[4.483738554792646,43.820665735502125],[4.483717913922461,43.82065665563169],[4.483698587499248,43.82064616827273],[4.483680757970214,43.820634372429474],[4.483664593651079,43.820621379458636],[4.4836502471371125,43.82060731201817],[4.483637853862616,43.820592302909205],[4.483627530822402,43.82057649382248],[4.483619375467368,43.82056003400061],[4.483613464784596,43.82054307882922],[4.483526819831497,43.820231424626996],[4.483523069722273,43.8202131096843],[4.483521938232345,43.820194612696405],[4.483523437333784,43.82017612941779],[4.483527551159012,43.8201578554576],[4.483534236168836,43.820139984209646],[4.483543421613325,43.82012270480557],[4.483555010280658,43.82010620011338],[4.483568879525992,43.82009064480212],[4.483865194934589,43.81979309418527],[4.483868495492043,43.81978940153524],[4.483865951406202,43.81978540734658],[4.483065823446126,43.81867918244946],[4.48305588561664,43.81866369637792],[4.483048019473678,43.81864759806229],[4.483042295826763,43.8186310324202],[4.483038766198447,43.818614148576025],[4.483037462360557,43.81859709851846],[4.48303839604827,43.81858003573234],[4.4830415588545325,43.818563113816936],[4.483046922305815,43.81854648510323],[4.483054438118496,43.818530299282706],[4.483064038633592,43.818514702059794],[4.483075637425857,43.81849983384022],[4.4830891300818525,43.818485828467196],[4.483104395139902,43.81847281201646],[4.483121295183522,43.818460901661474],[4.483139678078451,43.81845020461857],[4.4835746010201385,43.818220831093846],[4.4835779387692725,43.81821888507775],[4.483573903636982,43.818219929719376],[4.482603531922537,43.81851019866815],[4.4825802382099305,43.81851620297801],[4.482556235878608,43.81852050190762],[4.482531762433589,43.81852305291868],[4.482507060041733,43.818523830768676],[4.48248237313541,43.81852282776077],[4.482457945993756,43.81852005381978],[4.482434020325445,43.8185155363941],[4.482410832876882,43.818509320184106],[4.482388613089538,43.81850146669967],[4.482367580829544,43.818492053651724],[4.482347944212067,43.818481174183084],[4.482329897541967,43.81846893594692],[4.482313619391134,43.81845546004136],[4.482299270831505,43.81844087981133],[4.482286993841277,43.818425339528936],[4.482276909900058,43.81840899296599],[4.482269118786878,43.818392001872304],[4.482263697592927,43.81837453437522],[4.482260699958826,43.81835676331589],[4.482260155543918,43.81833886453913],[4.48226206973289,43.81832101515331],[4.482266423582576,43.81830339177788],[4.482273174009493,43.81828616879579],[4.4822754351232446,43.818281330355816],[4.4822703057308795,43.818282575549105],[4.48150218391244,43.81849942004881],[4.48147873888167,43.818505083653484],[4.4814546329565,43.81850903340294],[4.481430104468113,43.818511230246656],[4.481405395925623,43.8185116524648],[4.481380751618358,43.81851029588293],[4.481356415200545,43.818507173913396],[4.481332627282275,43.818502317422585],[4.481309623050564,43.818495774425834],[4.481287629944045,43.81848760961268],[4.481266865404274,43.81847790370721],[4.481247534725883,43.81846675267002],[4.481229829026856,43.818454266749406],[4.481213923358966,43.81844056939134],[4.481199974977085,43.818425796018936],[4.481188121784459,43.81841009269351],[4.481178480969332,43.818393614670605],[4.481171147846374,43.81837652486481],[4.481166194914402,43.81835899223913],[4.481163671139674,43.818341190134504],[4.481163601471856,43.81832329455596],[4.481165986597439,43.818305482432514],[4.481212969046165,43.81807476173748],[4.481213530829887,43.818070606841374],[4.481207798031055,43.818070161771416],[4.480923354987379,43.8180581996459],[4.480899441782342,43.81805635013448],[4.480875887354347,43.818052835969304],[4.480852912200643,43.81804769004709],[4.480830731395645,43.818040960539776],[4.4808095525775276,43.81803271044351],[4.480789574004447,43.8180230169889],[4.480770982698588,43.81801197091808],[4.480753952695401,43.817999675635164],[4.48073864341442,43.8179862462383],[4.480725198166921,43.81797180844217],[4.480713742814394,43.81795649740111],[4.480704384590355,43.81794045644399],[4.4806972110965875,43.81792383573231],[4.480692289483121,43.81790679085463],[4.480689665819727,43.81788948137007],[4.480689364664708,43.81787206931457],[4.48069138883509,43.817854717684085],[4.480695719380328,43.81783758890881],[4.480702315759782,43.81782084333259],[4.480708354260404,43.817809723730605],[4.480709409690053,43.81780745463476],[4.480703721485848,43.817807329654286],[4.480701702891169,43.81780735706572],[4.480676908794138,43.81780679732918],[4.480652315221156,43.817804450944074],[4.480628167119194,43.81780034127988],[4.480604704998308,43.81779450926806],[4.480582162536128,43.81778701299426],[4.480560764250445,43.817777927119785],[4.480540723263002,43.81776734213807],[4.480522239176831,43.817755363473225],[4.480505496088236,43.81774211043007],[4.48049066075323,43.8177277150059],[4.480477880926716,43.817712320575694],[4.480467283890904,43.81769608046423],[4.480458975187668,43.817679156418876],[4.480453037567443,43.81766171699872],[4.4804495301651155,43.81764393589562],[4.48044848791115,43.817625990204334],[4.480449921183774,43.81760805865877],[4.480453815705706,43.817590319851725],[4.480455160219593,43.81758569727385],[4.480453409856858,43.81758146056652],[4.480289686817577,43.817246858196505],[4.480282431075057,43.817229208430994],[4.48027770409328,43.81721111420062],[4.480275555356957,43.81719276493531],[4.480276007358867,43.817174352734654],[4.480279055364476,43.81715607035704],[4.480284667461606,43.81713810920154],[4.480292784894636,43.81712065730405],[4.480495997805892,43.816747982279374],[4.480506593987666,43.81673114066236],[4.480519522678354,43.81671517600463],[4.4805346471714245,43.81670025711232],[4.480551807542863,43.8166865417338],[4.480570822342216,43.8166741748917],[4.480591490511214,43.816663287349456],[4.480613593509712,43.816653994228815],[4.480636897626447,43.816646393792446],[4.4806611564502115,43.8166405664051],[4.480672301403575,43.81663878339318],[4.480681257763859,43.81663702906597],[4.480705072259357,43.816633261023874],[4.480729281961422,43.816631200194344],[4.4807536540228154,43.81663086639827],[4.48077795403477,43.81663226284613],[4.480801948281477,43.81663537610693],[4.4808036566776455,43.81663566100998],[4.48080707551757,43.81663218139787],[4.4808222182709345,43.81661504658404],[4.480836693046569,43.816600347452294],[4.480853128684104,43.816586772272196],[4.480871359814644,43.8165744576307],[4.480891203004258,43.81656352743178],[4.480912458599604,43.81655409164971],[4.480934912736739,43.81654624522266],[4.480958339492891,43.81654006709741],[4.480982503159527,43.81653561943515],[4.481007160613899,43.816532946985994],[4.481032063765152,43.816532076638765],[4.48105696205042,43.81653301715046],[4.481081604955801,43.81653575905812],[4.481105744536813,43.816540274774084],[4.481106256692146,43.816540390708205],[4.481111733162358,43.816541419215454],[4.48111092009491,43.816537365061166],[4.480951621196332,43.815948487959645],[4.480948178609659,43.815931501988636],[4.4809469867750265,43.81591435578341],[4.480948056534936,43.81589720535766],[4.4809513781536054,43.81588020676335],[4.480956921405617,43.81586351467081],[4.480964635851014,43.81584728096129],[4.48097445129432,43.81583165334517],[4.48098627842331,43.81581677401787],[4.481000009621705,43.81580277836589],[4.481015519948418,43.8157897937353],[4.481032668274414,43.815777938272696],[4.481051298566865,43.81576731985039],[4.481071241308883,43.81575803508483],[4.481092315041941,43.81575016845761],[4.481114328016947,43.815743791546694],[4.481137079938911,43.81573896237515],[4.481456774553162,43.815682943050355],[4.481461931150341,43.81568184255176],[4.481457198156504,43.815679996574765],[4.480807360243385,43.81545565305362],[4.480785320106893,43.81544703136396],[4.480764590422669,43.815436847016024],[4.480745381761059,43.81542520346196],[4.480727889241601,43.815412218976384],[4.4807122905510015,43.81539802545496],[4.480698744138215,43.81538276707447],[4.480687387604967,43.81536659882839],[4.480678336308057,43.81534968495246],[4.480671682187624,43.81533219725626],[4.480667492833316,43.815314313377996],[4.480665810797796,43.815296214980094],[4.4806666531645964,43.815278085903884],[4.480670011374677,43.81526011030213],[4.480675851313463,43.81524247076844],[4.480684113657477,43.81522534648254],[4.480694714477022,43.815208911390165],[4.480701076418643,43.81520118731138],[4.480703908771137,43.81519733671305],[4.480698286218553,43.81519658200752],[4.48028062881491,43.81515584292357],[4.480256128653155,43.81515254023443],[4.4802322083866235,43.81514747758963],[4.480209108491497,43.81514070588527],[4.480187061196343,43.81513229319896],[4.480166288147412,43.815122324105445],[4.4801469981803494,43.815110898826426],[4.480129385220689,43.815098132222886],[4.48011362633428,43.815084152640395],[4.48009987994721,43.81506910061877],[4.480088284253146,43.81505312747911],[4.480078955824087,43.815036393802664],[4.480071988438501,43.815019067816316],[4.480067452138623,43.8150013237014],[4.480065392526391,43.814983339842605],[4.480065830305083,43.814965297034654],[4.480068761071291,43.81494737666466],[4.480074155359273,43.81492975888874],[4.480081958937268,43.814912620820785],[4.480092093352788,43.814896134751955],[4.480104456721387,43.81488046641863],[4.480253357302665,43.8147119754542],[4.48025560669038,43.81470912946901],[4.48025207960648,43.81471118608897],[4.479924669017031,43.81492223519956],[4.479906241423124,43.814933018803856],[4.479886479571828,43.81494248288226],[4.479865563034636,43.814950541436595],[4.4798436818757015,43.81495712124024],[4.479821034924739,43.81496216250371],[4.479797827970259,43.814965619417976],[4.479774271889556,43.81496746057071],[4.479750580732466,43.81496766923162],[4.479726969776267,43.8149662435047],[4.4797036535694525,43.81496319634522],[4.479085885457625,43.81486022730064],[4.479079819306955,43.81485944760684],[4.47907211186068,43.81486273542332],[4.4790506405847355,43.814870900202266],[4.479028172626939,43.81487751088054],[4.479004921896963,43.81488250452007],[4.478981109757185,43.814885833577996],[4.478956962915135,43.81488746635947],[4.478932711265022,43.81488738731931],[4.478908585698922,43.81488559720998],[4.478884815908478,43.81488211307459],[4.478861628198012,43.81487696808445],[4.478839243329899,43.81487021122331],[4.47881787442272,43.81486190682105],[4.478797724922185,43.81485213394111],[4.478778986664158,43.81484098562779],[4.47876183804825,43.81482856802034],[4.478746442339328,43.814814999342474],[4.4787081956677355,43.81477772256482],[4.4787045365683475,43.81477448926898],[4.478698766025291,43.81477436889109],[4.478215308649704,43.814780924360136],[4.4781917891272,43.81478043662966],[4.478168438683903,43.81477834065008],[4.478145466579732,43.814774655204936],[4.478123078683944,43.81476941332214],[4.478101475630151,43.81476266197795],[4.478080851018252,43.814754461675925],[4.478061389679421,43.81474488590475],[4.478043266019671,43.81473402047964],[4.478026642456879,43.814721962773206],[4.478011667965234,43.81470882084289],[4.477998476740186,43.81469471246251],[4.477987186995858,43.814679764066824],[4.477977899905673,43.81466410961843],[4.477970698695718,43.814647889407205],[4.477822545276674,43.81425052769813],[4.47782071554903,43.814246434138774],[4.4778103173295,43.814245122160706],[4.477786989431431,43.81424133365387],[4.477764272118792,43.81423593971245],[4.477742375579065,43.81422899024292],[4.47772150240548,43.814220549543926],[4.477701845722535,43.814210695711445],[4.477683587399112,43.81419951991612],[4.47766689636577,43.814187125559734],[4.477651927051734,43.81417362731855],[4.477638817956096,43.8141591500821],[4.477627690366395,43.814143827797885],[4.477618647236472,43.814127802231795],[4.477611772233959,43.814111221656624],[4.477607128966229,43.814094239480106],[4.477604760391936,43.814077012825535],[4.4776046884236385,43.814059701078016],[4.477606913725123,43.81404246440986],[4.4776114157053435,43.814025462298524],[4.477618152709011,43.81400885205116],[4.47762706240207,43.81399278734918],[4.477638062348486,43.813977416826376],[4.477651050773026,43.8139628826937],[4.477665907502945,43.81394931942361],[4.477682495079885,43.813936852505826],[4.477687865622442,43.8139331865637],[4.477682410526513,43.813932759947825],[4.477091074080288,43.81390786980197],[4.477066183990826,43.81390590736971],[4.477041692842409,43.81390214159856],[4.477017849160808,43.81389661070202],[4.476994894901393,43.81388937080528],[4.476973062993817,43.813880495375756],[4.476952574978303,43.81387007447751],[4.47693363875751,43.8138582138573],[4.476916446486821,43.81384503387149],[4.4769011726244266,43.81383066826471],[4.476887972161021,43.8138152628126],[4.476876979047063,43.81379897384259],[4.4768683048335545,43.813781966647475],[4.476862037540145,43.81376441380811],[4.476858240762014,43.813746493442125],[4.476804305087116,43.813364328819254],[4.476803671280962,43.81336130136054],[4.4768029483630505,43.813364318330905],[4.4767637471369115,43.81359357344517],[4.476759694846273,43.81361055651111],[4.47675341783578,43.8136271810358],[4.476744973663765,43.8136432945722],[4.476734439761637,43.81365874935888],[4.476721912723891,43.813673403675054],[4.476707507422376,43.81368712314013],[4.476691355952964,43.81369978194604],[4.476673606424254,43.81371126401099],[4.476654421599414,43.81372146404379],[4.476096069387055,43.81398950663508],[4.476073826309973,43.81399901827204],[4.4760503400128755,43.81400680678192],[4.475777606751991,43.814085107132044],[4.475753904668911,43.81409093016825],[4.475729513994567,43.81409499750132],[4.475704682073088,43.81409726788468],[4.475679660723393,43.814097718294505],[4.475654703685424,43.81409634416321],[4.4756300640469355,43.814093159425795],[4.475605991676857,43.81408819637848],[4.47558273069133,43.814081505351204],[4.475560516978077,43.81407315419727],[4.47553957580424,43.81406322760511],[4.475520119531919,43.814051826239584],[4.475502345464604,43.814039065721],[4.475486433846332,43.81402507545265],[4.4754725460338625,43.81400999730852],[4.4753274472771,43.81383384949716],[4.475324938143559,43.81383111976593],[4.475325900832001,43.81383432393483],[4.475405876647132,43.81404885591706],[4.475411004759595,43.814065830107126],[4.4754138485452355,43.81408308327598],[4.475414381496366,43.8141004546148],[4.475412598643487,43.8141177822132],[4.47540851660169,43.8141349045683],[4.475402173415865,43.81415166209009],[4.4753936282061835,43.81416789858882],[4.47538296061713,43.81418346273092],[4.475370270075225,43.814198209449344],[4.475355674862375,43.8142120012959],[4.47533931101344,43.81422470972221],[4.475321331048339,43.81423621627799],[4.475301902550496,43.814246413715004],[4.475281206604844,43.8142552069868],[4.475185666003922,43.814291429495995],[4.475163528236557,43.81429884437078],[4.47514049338313,43.81430465228286],[4.475116783283602,43.81430879729833],[4.4750926262811594,43.814311239498075],[4.475068255023065,43.81431195536213],[4.475043904220059,43.81431093799626],[4.47501980838588,43.81430819719836],[4.4749961995786816,43.81430375936406],[4.474973305166117,43.81429766723253],[4.474951345635573,43.814289979474886],[4.474930532470709,43.81428077012909],[4.474911066114686,43.814270127886864],[4.474893134039757,43.814258155239635],[4.474876908941788,43.8142449674914],[4.474862547077087,43.81423069164819],[4.474850186757584,43.81421546519495],[4.474774991422347,43.81411146651749],[4.474771997914679,43.81410778310613],[4.474761049337658,43.81411067424946],[4.4747585869516096,43.81411142255202],[4.474734089598069,43.814116799529856],[4.474708958419076,43.81412032344804],[4.474683459985977,43.814121956927664],[4.474657864765767,43.81412168264209],[4.474632444252107,43.814119503500706],[4.474607468085464,43.8141154426181],[4.4745883873124255,43.814110803872325],[4.474579733704361,43.814109029008456],[4.474342070205889,43.814069403593294],[4.474336162184512,43.814068638588736],[4.4743312525637124,43.814071138274066],[4.474096057379785,43.814203910068],[4.474091398423168,43.81420682785431],[4.474091758133004,43.81421128062053],[4.474147443659625,43.81457863346138],[4.474148916364561,43.814596559260806],[4.47414791481865,43.81461450210214],[4.474144448990208,43.81463228336],[4.474138553380159,43.81464972601747],[4.474130286678662,43.8146666564283],[4.4741197311809096,43.81468290604563],[4.474106991967936,43.81469831309996],[4.474092195860573,43.81471272420958],[4.474075490156953,43.8147259959076],[4.474057041166157,43.81473799607022],[4.474037032552564,43.81474860523206],[4.4740156635074335,43.81475771777555],[4.473892452528237,43.81480442877174],[4.473869923344591,43.814811957567585],[4.473846469756952,43.81481782228262],[4.473822325504835,43.814821964468784],[4.473797731211134,43.81482434284478],[4.473772931984014,43.81482493370757],[4.473748174974078,43.81482373116859],[4.473723706911173,43.8148207472124],[4.473699771645405,43.814816011577314],[4.473676607716846,43.814809571458945],[4.473654445978172,43.81480149103987],[4.473633507293925,43.81479185085],[4.473614000339329,43.81478074696395],[4.4735961195206,43.8147682900435],[4.473580043037478,43.81475460423481],[4.47356593110729,43.814739825931035],[4.47355392436825,43.81472410241309],[4.473544142477887,43.81470759038177],[4.473536682920595,43.81469045439607],[4.473531620036173,43.814672865233156],[4.47352900427903,43.814654998186406],[4.473457394289917,43.813724682866564],[4.473457075827432,43.81372249000949],[4.473456799210074,43.813724685841756],[4.473380855074395,43.815037258681755],[4.473378551624161,43.81505529504692],[4.473373756197074,43.815073072416055],[4.473366517362684,43.81509041072604],[4.473356908439459,43.81510713436073],[4.473345026752242,43.815123073929705],[4.473330992646542,43.81513806798406],[4.473314948269631,43.81515196465176],[4.47329705613081,43.81516462317582],[4.473277497455396,43.81517591534013],[4.4732564703491455,43.815185726768156],[4.473234187791655,43.81519395808143],[4.473210875479103,43.815200525906185],[4.473186769538181,43.815205363717894],[4.473162114134332,43.81520842251502],[4.473137158998589,43.81520967131542],[4.472755854714099,43.81521482232043],[4.472750204602818,43.81521509864906],[4.472750915884176,43.81521650723618],[4.47275840921716,43.81522936378063],[4.472765611794137,43.81524611429352],[4.472770527946353,43.81526329300709],[4.472773110960033,43.815280736694746],[4.472773336290044,43.81529827961201],[4.472771201793206,43.815315755071396],[4.47276672774873,43.815332997026225],[4.472759956665618,43.81534984164836],[4.472750952878826,43.815366128884875],[4.472739801938048,43.815381703978815],[4.472726609794903,43.815396418939685],[4.472711501796264,43.81541013394964],[4.472694621493282,43.815422718692005],[4.47267612927743,43.81543405358953],[4.472656200856506,43.81544403094069],[4.472635025585103,43.8154525559429],[4.472612804665388,43.81545954759352],[4.472589749235295,43.81546493945942],[4.4725660783623065,43.81546868030819],[4.472542016961861,43.81547073459513],[4.472079477764877,43.81549374807871],[4.47207375261225,43.81549423981532],[4.472075609628562,43.815498191998564],[4.472166736435293,43.815664646126244],[4.4721744929615195,43.815681090750886],[4.472180023158152,43.815698000379946],[4.472183275468923,43.81571521737641],[4.472184219572652,43.815732581237796],[4.4721828466659845,43.81574993009225],[4.472179169545538,43.81576710220778],[4.4721732224886805,43.81578393749979],[4.472165060934069,43.81580027902351],[4.472154760964891,43.815815974437214],[4.472142418599657,43.815830877422215],[4.472128148897132,43.81584484904711],[4.472112084883748,43.815857759062894],[4.472094376313524,43.81586948711717],[4.4720751882719965,43.81587992387624],[4.472054699637245,43.81588897204427],[4.472033101412301,43.81589654727046],[4.472022145880257,43.81589992719876],[4.472025304845348,43.815903280951616],[4.4722673325892,43.81613504279071],[4.472281363745624,43.81614998217313],[4.472293255745469,43.81616586488344],[4.472302888754362,43.81618253087573],[4.472310165700921,43.81619981221111],[4.472315013254984,43.81621753474983],[4.472317382566626,43.81623551990609],[4.472317249758489,43.81625358644753],[4.4723146161664875,43.81627155232161],[4.472309508326443,43.816289236489915],[4.472301977706779,43.816306460752614],[4.472292100189968,43.81632305154405],[4.472279975307965,43.81633884168183],[4.472265725239311,43.81635367205143],[4.472249493578004,43.816367393209596],[4.472231443886588,43.816379866890365],[4.472211758047964,43.8163909673983],[4.472190634432603,43.81640058287516],[4.472168285899582,43.81640861642704],[4.472144937651612,43.81641498710094],[4.472120824965657,43.81641963070038],[4.472096190822031,43.81642250043235],[4.471855252382921,43.81644164566431],[4.471849345964391,43.81644232987501],[4.471849237494115,43.816442465764744],[4.471835923854262,43.816457392050204],[4.471820642431357,43.81647129498719],[4.471803542174264,43.81648403906176],[4.471784789760618,43.816495500055446],[4.471764567972214,43.81650556625612],[4.471743073913399,43.81651413954683],[4.471720517089847,43.816521136362276],[4.471697117366442,43.816526488503264],[4.471673102824177,43.81653014380152],[4.471648707536954,43.81653206662821],[4.471624169289971,43.81653223824115],[4.471599727261917,43.81653065696766],[4.47157561969359,43.816527338220645],[4.47155208156566,43.81652231434855],[4.471529342308212,43.816515634319984],[4.471507623564386,43.8165073632463],[4.4714871370299605,43.816497581747115],[4.471477339930832,43.81649238401619],[4.471471638624741,43.816493008083704],[4.470802608275644,43.81659044468986],[4.470786221912888,43.81659346243535],[4.470761707048295,43.816597037257225],[4.470736820179116,43.81659881033633],[4.470711813215333,43.81659876372521],[4.470686939282577,43.81659689789564],[4.470662450159878,43.816593231733954],[4.4706385937310325,43.8165878023498],[4.470615611475405,43.81658066470052],[4.470593736023568,43.81657189103482],[4.470573188802532,43.816561570161475],[4.470554177794372,43.81654980655036],[4.470536895430991,43.81653671927492],[4.470521516646276,43.8165224408069],[4.470508197105408,43.816507115675385],[4.470497071629227,43.816490899003874],[4.470488252829595,43.81647395494],[4.470484224683177,43.81646485189301],[4.470482086783727,43.81646073935695],[4.4704765255396985,43.81645898044254],[4.470013800630989,43.816332141997805],[4.46999121335308,43.81632500455953],[4.469969713232855,43.81631628256017],[4.469949511633946,43.81630606174427],[4.469930807154132,43.81629444259104],[4.469913783672945,43.81628153932634],[4.469898608543977,43.816267478799894],[4.469885430949671,43.81625239923813],[4.469874380434774,43.816236448885334],[4.469865565632841,43.81621978454621],[4.469859073198351,43.81620257004441],[4.469854966954882,43.81618497461191],[4.46985328726776,43.81616717122541],[4.4698529496864445,43.8161540410143],[4.469853692866558,43.81613638697752],[4.469856822198741,43.81611887069627],[4.4698623075436785,43.816101660861754],[4.469870096072516,43.816084923213694],[4.469880112775706,43.816068818944316],[4.469892261185456,43.81605350314591],[4.469906424304826,43.81603912331724],[4.469922465734513,43.81602581794315],[4.469940230986486,43.81601371516086],[4.469959548971788,43.816002931525944],[4.469980233648227,43.8159935708899],[4.470002085812022,43.81598572340004],[4.470024895016231,43.81597946463127],[4.470048441597404,43.81597485485848],[4.470072498790998,43.81597193847584],[4.470096834915177,43.81597074356944],[4.470649885524057,43.81596328560843],[4.470655695150735,43.81596300032469],[4.470655872506355,43.815958785871786],[4.470649157217131,43.815697735523806],[4.470648754691164,43.815693462423425],[4.470642977449618,43.81569254361427],[4.469943308364714,43.815607282374714],[4.469919787968911,43.81560355991777],[4.469896875284494,43.815598207158544],[4.469874785290758,43.81559127431966],[4.469853725247857,43.81558282644879],[4.46983389275214,43.815572942808515],[4.469815473882161,43.81556171613257],[4.469798641452777,43.81554925175567],[4.469783553393705,43.81553566662525],[4.469770351267748,43.81552108820417],[4.469759158942613,43.815505653274776],[4.469750081428747,43.81548950665545],[4.469743203894132,43.81547279984196],[4.469738590865253,43.81545568958588],[4.469736285621746,43.81543833642399],[4.469736309790405,43.81542090317196],[4.469738663142344,43.81540355339678],[4.469743323595226,43.815386449882006],[4.469750247420529,43.81536975310056],[4.469771193593932,43.81532689728022],[4.469780749165365,43.81531009580603],[4.469792595603672,43.8152940776298],[4.469806612159585,43.81527900602024],[4.4698226559647765,43.815265034597836],[4.4698405634881135,43.815252305769114],[4.469860152202511,43.81524094927508],[4.469881222445382,43.815231080868934],[4.469903559453734,43.815222801136144],[4.469926935553153,43.81521619446933],[4.469951112478381,43.81521132820807],[4.469975843801822,43.81520825195254],[4.470000877445239,43.815206997058006],[4.470878731737322,43.815195158388164],[4.470884623260405,43.81519486944026],[4.4708870589038625,43.81519097423893],[4.471179321858721,43.814655156878224],[4.471180894834719,43.814651799081986],[4.471177328440644,43.81465422868003],[4.47066724917665,43.81503760732665],[4.470649490977333,43.815049706149196],[4.470630181078066,43.815060486804384],[4.470609505312334,43.81506984554145],[4.470587662658729,43.815077692293904],[4.470564863326011,43.815083951546164],[4.470541326730059,43.81508856306043],[4.4705172793822125,43.8150914824564],[4.470492952709327,43.815092681638404],[4.470468580826495,43.81509214906572],[4.4704443982839175,43.81508988986372],[4.470420637809573,43.81508592577455],[4.47039752806942,43.81508029494779],[4.4703752914667145,43.815073051573435],[4.470354142001598,43.815064265360256],[4.470334283211559,43.815054020864935],[4.470315906212608,43.81504241667834],[4.47029918786,43.81502956447665],[4.470284289046229,43.81501558794661],[4.470271353152638,43.815000621595104],[4.470260504669584,43.81498480945476],[4.470251847998421,43.81496830369769],[4.470245466446812,43.81495126317116],[4.470241421427076,43.8149338518687],[4.470239751865234,43.81491623735195],[4.470240473826484,43.81489858913806],[4.470243580360676,43.81488107706835],[4.470249041569284,43.81486386967372],[4.47025680489322,43.814847132552835],[4.470266795618726,43.81483102677841],[4.470278917596467,43.8148157073472],[4.470613386402432,43.81443733517716],[4.47061592836999,43.81443412641938],[4.47061129276479,43.81443568097449],[4.470108503167973,43.81462627519494],[4.47008571003053,43.814633879828904],[4.47006197403799,43.814639781308664],[4.47003753718305,43.81464391946747],[4.47001264860403,43.814646252115985],[4.469987562044785,43.814646755472396],[4.46996253326768,43.814645424404894],[4.4699378174459605,43.81464227248396],[4.4699136665621415,43.81463733184405],[4.46989032683893,43.81463065285597],[4.469868036228875,43.81462230361327],[4.46984702198835,43.81461236923802],[4.469827498360591,43.81460095101303],[4.469809664391423,43.81458816534911],[4.469793701899958,43.81457414259824],[4.469779773624922,43.81455902572468],[4.469768021565536,43.81454296884728],[4.469621691328508,43.81431603513899],[4.469619682010546,43.814313275077936],[4.469620304527237,43.814316362426716],[4.469653631320335,43.814439659114335],[4.469657119033647,43.814457007450315],[4.469658259295866,43.81447451919616],[4.46965704128581,43.814492028196995],[4.469653476558049,43.81450936832386],[4.4696475989333635,43.81452637504996],[4.46963946417792,43.81454288701173],[4.469629149474222,43.814558747539834],[4.469616752688854,43.81457380614585],[4.46960239144395,43.81458791995],[4.469586202001221,43.81460095503693],[4.469568337969083,43.81461278772634],[4.469548968845221,43.81462330574652],[4.469528278408336,43.81463240929963],[4.4695064629744,43.81464001200861],[4.469483729533935,43.81464604173683],[4.469460293787991,43.814650441272505],[4.469436378101471,43.81465316887156],[4.4694122093932185,43.814654198653756],[4.469388016982889,43.81465352084821],[4.469364030415028,43.81465114188617],[4.469340477281046,43.81464708433987],[4.469317581059684,43.81464138670852],[4.469295558996546,43.81463410305285],[4.469274620042758,43.81462530248226],[4.469254962872349,43.81461506849901],[4.469236773997145,43.81460349820595],[4.469220225997089,43.814590701385086],[4.469205475882753,43.814576799456056],[4.469192663605596,43.81456192432387],[4.469181910730102,43.814546217127486],[4.469173319280382,43.81452982690055],[4.469060736183347,43.814278826753],[4.469059581732373,43.81427662524777],[4.469060076896163,43.81427895266955],[4.469368677612706,43.815371683533996],[4.469372310337725,43.81538861963386],[4.469373701808821,43.81540572915473],[4.469372839405323,43.815422856937694],[4.469369730945994,43.815439847658055],[4.469364404618186,43.81545654723398],[4.469356908722304,43.815472804223724],[4.469347311233844,43.815488471199046],[4.469335699187019,43.81550340608224],[4.469322177885526,43.81551747343449],[4.469306869947635,43.81553054568423],[4.469289914194237,43.815542504284004],[4.469271464389942,43.81555324078553],[4.4687923112042185,43.815805855843536],[4.468787842915038,43.81580845601667],[4.468789257079399,43.815812478546675],[4.4688364921786805,43.81592427337192],[4.468842584904162,43.81594179288207],[4.468846221283393,43.815959666423446],[4.468847364672498,43.81597771389536],[4.4688460035478785,43.815995753444355],[4.468842151622422,43.8160136032966],[4.468835847707419,43.81603108358957],[4.46882715532158,43.816048018184446],[4.468816162051071,43.816064236440845],[4.468802978667038,43.81607957493646],[4.468787738009491,43.81609387911368],[4.4687705936487925,43.81610700483701],[4.46875171833825,43.81611881984553],[4.468731302273383,43.81612920508563],[4.468709551175435,43.81613805591063],[4.468686684218397,43.816145283135306],[4.468662931820487,43.81615081393463],[4.468638533322286,43.816154592577504],[4.468492000073739,43.81617176955633],[4.46848624318519,43.81617265077319],[4.468481357147208,43.816175024823536],[4.468061751994917,43.81640069720972],[4.468057286198356,43.81640334638089],[4.468057119174037,43.81640752489905],[4.468059978737241,43.81651888291243],[4.46805922833251,43.816536597334355],[4.468056075447123,43.81655417243026],[4.468050550651353,43.816571437780404],[4.468042707515204,43.816588225968374],[4.46803262208905,43.81660437420448],[4.468020392166264,43.81661972590425],[4.46800613633501,43.81663413220699],[4.467989992828375,43.81664745341896],[4.467972118184003,43.816659560368244],[4.467952685726212,43.81667033565713],[4.467931883885325,43.81667967480062],[4.467909914370503,43.81668748723954],[4.467886990213804,43.81669369721878],[4.4678633337044396,43.81669824452176],[4.467839174233235,43.81670108505446],[4.46781474606824,43.816702191272974],[4.467790286083036,43.8167015524506],[4.467766031459765,43.81669917478183],[4.4677422173891665,43.81669508132229],[4.466260005978474,43.81638373839611],[4.466255561277283,43.816382974180954],[4.466259282890598,43.816384892532064],[4.46734202730815,43.8168867815556],[4.467361999172963,43.81689707859823],[4.467380472887329,43.816908750256154],[4.467397268711211,43.81692168297058],[4.467412223229188,43.81693575091327],[4.467425190940434,43.8169508172107],[4.46743604567437,43.81696673527587],[4.4674446818183,43.81698335023429],[4.467451015345017,43.817000500430964],[4.467454984630411,43.8170180190032],[4.4674565510531234,43.817035735503964],[4.4674556993703884,43.81705347756035],[4.467452437866435,43.81707107255063],[4.46744679827196,43.81708834928381],[4.467438835455499,43.81710513966518],[4.46742862688965,43.81712128033194],[4.467416271897379,43.817136614242536],[4.467401890685709,43.81715099220467],[4.467275139366197,43.8172653833753],[4.467271590228563,43.81726893401659],[4.467272005157629,43.817273306776315],[4.467316135814453,43.817542269979356],[4.467317815971965,43.81755969386777],[4.467317155687757,43.81757715363164],[4.467314161178288,43.817594484833975],[4.467308860643925,43.81761152424846],[4.467301304003444,43.81762811139667],[4.467291562423947,43.81764409005954],[4.467279727650682,43.81765930974861],[4.4672659111430395,43.81767362712339],[4.46725024302485,43.81768690734136],[4.4672328708589095,43.817699025328025],[4.467213958257236,43.817709866954694],[4.4671936833401595,43.81771933011364],[4.467172237058757,43.81772732567962],[4.467149821396431,43.817733778349314],[4.467126647466578,43.81773862735064],[4.467102933524248,43.817741827015006],[4.466297267047732,43.817821469250674],[4.466291326605901,43.81782227924135],[4.466290281404425,43.817826590252146],[4.4662253697805925,43.81820576043532],[4.466221106352603,43.818223412380064],[4.466214439758179,43.81824066984476],[4.466205436084624,43.81825736174708],[4.466194184588155,43.818273322611276],[4.466180796809125,43.81828839420864],[4.466165405466314,43.818302427126085],[4.4661481631412645,43.818315282247475],[4.4661292407656905,43.818326832132705],[4.46610882592694,43.81833696228113],[4.466087121008335,43.81834557226673],[4.466064341182816,43.8183525767337],[4.466040712279766,43.81835790624264],[4.466016468546204,43.81836150795895],[4.465991850324486,43.8183633461767],[4.465967101669593,43.81836340267253],[4.465942467929605,43.81836167688637],[4.465918193313355,43.818358185926975],[4.465894518469366,43.81835296440229],[4.465871678100099,43.818346064076366],[4.465812208592875,43.81832552414425],[4.465806654852661,43.81832384290956],[4.465795508743114,43.81832461092591],[4.465793475153054,43.81832482405826],[4.465768999331653,43.81832562455031],[4.465744533572247,43.81832467641139],[4.465720315582136,43.81832198885351],[4.4656965806612465,43.81831758798881],[4.465673559415914,43.81831151657571],[4.465651475518279,43.81830383360353],[4.465630543533059,43.81829461371936],[4.465610966832824,43.818283946502746],[4.465592935622012,43.81827193559534],[4.465576625088929,43.81825869769382],[4.4655621937036285,43.818244361416234],[4.465555723438336,43.81823721908183],[4.465550018214243,43.81823791859121],[4.465252247096544,43.818285217415806],[4.465246674873822,43.818286309453214],[4.4652466874934245,43.8182864992887],[4.465246636905775,43.818304535435935],[4.465244093465218,43.81832247735202],[4.465239082712299,43.818340144852684],[4.465231654966026,43.818357360509246],[4.465221884818609,43.81837395143067],[4.465209870386455,43.81838975099972],[4.465195732324871,43.818404600546366],[4.465179612616422,43.81841835094119],[4.465161673145083,43.81843086409311],[4.465142094070518,43.81844201433619],[4.4651210720187935,43.818451689691784],[4.465098818107713,43.81845979299303],[4.465075555826599,43.81846624286067],[4.465064730986247,43.81846880184524],[4.465059740252777,43.81847134126639],[4.465021871410378,43.81849271220327],[4.4650016320572625,43.818503004530605],[4.464980080286015,43.81851178957172],[4.464957429465541,43.81851898035184],[4.4649339038459654,43.818524505679896],[4.464909736338442,43.81852831085329],[4.464885166209193,43.81853035819955],[4.464860436710645,43.81853062744925],[4.4648357926730755,43.81852911593672],[4.464811478080649,43.81852583862646],[4.464787733655821,43.81852082796493],[4.464764794476041,43.818514133559326],[4.464742887646363,43.818505821686514],[4.464722230050976,43.81849597463671],[4.4647030262059415,43.81848468989887],[4.46468546623442,43.81847207919547],[4.4646697239843665,43.818458267376364],[4.464655955307401,43.818443391182704],[4.464644296515859,43.81842759789321],[4.464634863033302,43.81841104386594],[4.464627748251839,43.81839389299036],[4.4644274987275905,43.8178065409084],[4.464425803170191,43.8178024614321],[4.464420459779292,43.81780424470108],[4.464383716849954,43.817818169644696],[4.464361247388985,43.8178256783842],[4.464337858113913,43.81783153210261],[4.464313780867733,43.81783567277564],[4.46428925431305,43.81783805935937],[4.464264521566312,43.81783866819709],[4.464239827787875,43.81783749325375],[4.4642154177518165,43.81783454617585],[4.464191533419574,43.817829856175926],[4.464168411541467,43.817823469743075],[4.464146281309881,43.817815450181975],[4.46412536208738,43.81780587698553],[4.464105861232268,43.81779484504678],[4.4640879720431546,43.81778246371828],[4.464071871842899,43.81776885572819],[4.464057720220935,43.817754155963605],[4.46399090658704,43.81767681284784],[4.463988341008167,43.81767414700652],[4.463989439013731,43.817677297497596],[4.46404112007171,43.81779963761607],[4.464047051866448,43.81781658133933],[4.464050685702638,43.81783386180077],[4.464051987302376,43.81785131600409],[4.4640509443862975,43.81786877931402],[4.464047566789492,43.81788608700926],[4.464041886368806,43.81790307583616],[4.464033956702442,43.81791958554863],[4.46402385258465,43.81793546041967],[4.464011669320307,43.817950550710236],[4.4639975218260055,43.8179647140817],[4.463981543546158,43.81797781693843],[4.463963885194324,43.81798973568804],[4.463944713331611,43.81800035790706],[4.46392420879561,43.818009583401555],[4.463902564994626,43.81801732515205],[4.463879986083348,43.81802351013445],[4.4638566850371175,43.81802808000892],[4.463797117877755,43.818037540963836],[4.463773049374669,43.81804047541442],[4.463748699435849,43.81804168652319],[4.463724302844182,43.81804116261261],[4.463700094832402,43.81803890873421],[4.463676308814893,43.81803494661999],[4.463653174137045,43.81802931447279],[4.463630913863849,43.81802206659794],[4.4636097426290275,43.818013272879654],[4.463589864565521,43.81800301810715],[4.463571471337188,43.817991401157165],[4.463554740290766,43.81797853404045],[4.463539832745903,43.81796454082185],[4.46352689243972,43.81794955642394],[4.46351604414093,43.81793372532622],[4.4635073924468625,43.8179172001718],[4.463501020774992,43.81790014029587],[4.4634969905587,43.81788271018913],[4.463495340655004,43.817865077911996],[4.4634837956529845,43.81741409381437],[4.463483424134472,43.81741005592666],[4.463478117726291,43.817411326297815],[4.462996161783166,43.81754559873801],[4.462972913233794,43.81755114075193],[4.462949024627363,43.81755500026457],[4.462924727601407,43.817557139851836],[4.46290025775384,43.81755753876708],[4.462875852358403,43.81755619314219],[4.4628517480638505,43.817553116025096],[4.462828178599209,43.81754833725335],[4.462805372507345,43.81754190316461],[4.462783550928833,43.81753387614757],[4.462762925457595,43.81752433403668],[4.46274369608914,43.81751336935768],[4.462726049281275,43.81750108843021],[4.462710156146096,43.81748761033695],[4.462696170790798,43.81747306576882],[4.4626159760741615,43.81738022875099],[4.462613059346763,43.817377196310964],[4.462613167794889,43.81737940887546],[4.462612841146622,43.817397007444654],[4.462610142139909,43.817414498765146],[4.462605096583096,43.81743171556807],[4.462597752724605,43.8174484932096],[4.462588180791624,43.817464671245496],[4.462576472318592,43.81748009496536],[4.462562739271916,43.81749461687217],[4.462547112979283,43.817508098092866],[4.462529742873818,43.817520409706354],[4.462510795065072,43.817531433976455],[4.462490450750518,43.817541065477755],[4.462468904482759,43.81754921210394],[4.46244636230899,43.81755579594851],[4.462423039800533,43.81756075404993],[4.46239915999128,43.81756403899363],[4.462374951244758,43.81756561936557],[4.462350645070224,43.81756548005258],[4.46232647390867,43.817563622386906],[4.462310355586366,43.81756121310047],[4.462306762647533,43.81756081723417],[4.462303399060624,43.817562710819004],[4.4622918140473455,43.81756996778763],[4.462271865541531,43.81758016909947],[4.4622506307330925,43.81758890368168],[4.462228314617388,43.81759608721256],[4.462205132628726,43.81760165034397],[4.46218130856057,43.817605539370604],[4.462157072405052,43.81760771674875],[4.46213265813261,43.8176081614584],[4.462108301433232,43.81760686920648],[4.462084237441092,43.81760385246806],[4.462060698464552,43.81759914036611],[4.462037911743459,43.81759277839018],[4.462016097255353,43.817584827957404],[4.461995465591824,43.817575365819415],[4.461976215925462,43.81756448332151],[4.461958534087089,43.81755228552074],[4.46194259077176,43.81753889017168],[4.461928539890944,43.8175244265897],[4.461916517086719,43.8175090344025],[4.461906638422341,43.81749286220212],[4.461543680758749,43.816809772507696],[4.461541343119154,43.81680592723495],[4.461536513678388,43.8168035985891],[4.461146459725349,43.816634263633695],[4.461127106385692,43.81662494422707],[4.461109039846446,43.8166143566062],[4.4610924180786276,43.816602593348044],[4.4610773864200794,43.816589757309174],[4.4610640763046465,43.816575960726354],[4.461052604112965,43.816561324235124],[4.461043070154864,43.816545975814975],[4.461035557792321,43.81653004967033],[4.4610301327105875,43.81651368505702],[4.4610268423439186,43.816497025064635],[4.460962270193718,43.81600775489799],[4.460961452502233,43.81600362878545],[4.460956948377801,43.81600103293489],[4.460561592016365,43.8157944873681],[4.460543107092933,43.81578382720613],[4.460526103811959,43.81577194409516],[4.460510735867866,43.81575894544861],[4.4604971421727235,43.81574494876325],[4.460485445600619,43.81573008055725],[4.460475751877011,43.81571447522646],[4.460468148623101,43.81569827382957],[4.460462704563866,43.81568162281305],[4.460459468906904,43.81566467268751],[4.460458470897711,43.815647576667],[4.460471473688043,43.81387420876165],[4.460472579768384,43.81385817693103],[4.460475654062467,43.813842280225586],[4.460480672114411,43.81382664509453],[4.4607972872524195,43.81300766426394],[4.46080506008695,43.8129908115173],[4.460815089793598,43.81297459588367],[4.460827278620446,43.8129591754014],[4.460841507772959,43.8129447003592],[4.460857638571806,43.81293131183134],[4.460875513804476,43.81291914030275],[4.46089495925749,43.81290830439741],[4.461552651929141,43.81257790638439],[4.461554654786744,43.81257678986013],[4.46155242233848,43.81257764818782],[4.460702225217135,43.81294472953219],[4.460697388899756,43.812947049270534],[4.4606950382993835,43.81295088970376],[4.460256315486636,43.813770405010686],[4.460246151462661,43.8137868865104],[4.460233758739721,43.813802547903386],[4.460219261966512,43.813817231661666],[4.460202806955356,43.81383079009059],[4.460184559215601,43.81384308681433],[4.460164702288898,43.81385399814771],[4.460143435903068,43.81386341434033],[4.460120973963149,43.81387124068032],[4.460097542399839,43.81387739844723],[4.460073376896946,43.81388182570375],[4.460048720520733,43.81388447791874],[4.460023821275012,43.81388532841511],[4.459998929606535,43.81388436863824],[4.459974295885843,43.81388160824194],[4.459950167888853,43.813877074991424],[4.459926788304578,43.81387081448397],[4.457942785811592,43.8132559716541],[4.457920631142277,43.81324814267193],[4.4578996564886,43.81323876292326],[4.457880068196826,43.81322792468525],[4.457862058973995,43.8132157345836],[4.457845805992076,43.81320231254342],[4.457831469144973,43.81318779060936],[4.457819189475529,43.81317231164671],[4.457809087787993,43.81315602793571],[4.4578012634596185,43.81313909967354],[4.457795793463059,43.81312169339818],[4.457792731609197,43.813103980350135],[4.457792108017847,43.8130861347877],[4.457793928821522,43.81306833227268],[4.457798176105196,43.81305074794322],[4.457804808082637,43.8130335547908],[4.457813759507572,43.813016921958415],[4.45782494231566,43.81300101307661],[4.457838246490899,43.81298598465369],[4.457843521687579,43.812980630194694],[4.457858384439906,43.81296698841549],[4.457874994602873,43.81295444809596],[4.457893197349835,43.81294312612609],[4.457900087155509,43.81293924303726],[4.457899611605067,43.81293492959228],[4.45784333552637,43.812621074902395],[4.457841375149092,43.81260321973515],[4.457841875325042,43.81258531188678],[4.4578448310980034,43.812567528722816],[4.457850213190734,43.812550046373715],[4.457857968295026,43.81253303799036],[4.457868019599774,43.81251667202924],[4.45788026755181,43.81250111058385],[4.4578945908419785,43.81248650777947],[4.4579108476066605,43.8124730082465],[4.458067719253461,43.81235513638168],[4.458071524213026,43.812351987823526],[4.458069094260845,43.812348191906565],[4.457945828173965,43.81217761532574],[4.45794284192727,43.81217393082691],[4.4579426146357655,43.812173903465556],[4.457917598244387,43.81216992315989],[4.457893280394076,43.81216409957018],[4.457869919350777,43.812156494545484],[4.457847763218458,43.812147188854496],[4.457827047304095,43.81213628132764],[4.457812066824055,43.81212750468888],[4.45757058681918,43.81200133008314],[4.4575657535725215,43.81199905445738],[4.457562078927431,43.81200227121332],[4.457253232598236,43.812301040018106],[4.457237495099818,43.81231478589133],[4.457219954133389,43.812327334887705],[4.457200782348119,43.81233856349128],[4.457180168445163,43.812348361182316],[4.457158315320337,43.81235663152505],[4.457135438067039,43.81236329311683],[4.457111761859127,43.8123682803896],[4.457087519734549,43.81237154425501],[4.457062950301561,43.81237305258775],[4.457038295390108,43.812372790541744],[4.457013797671506,43.81237076069621],[4.456989698269818,43.81236698303036],[4.4569662343884815,43.812361494726716],[4.456834053857023,43.81232524148642],[4.456828414074375,43.812323924353684],[4.456826213858178,43.81232790875897],[4.456653203608825,43.81269329018967],[4.4566440342501785,43.81270991108276],[4.456632630500006,43.81272579029386],[4.456619105134711,43.81274077078437],[4.456603591912874,43.8127547044035],[4.456586244252471,43.812767453353466],[4.45656723371367,43.81277889155229],[4.4565467483021735,43.81278890588069],[4.4565249906099265,43.81279739730092],[4.456502175811532,43.81280428183607],[4.456478529536227,43.812809491400735],[4.456454285636461,43.81281297447429],[4.456429683875121,43.812814696610424],[4.456404967554305,43.81281464077788],[4.45589370979096,43.812795050253364],[4.455868722341775,43.812793172056274],[4.455844124365227,43.812789476866485],[4.455820167168782,43.812784002436246],[4.455797095513133,43.81277680469562],[4.455775145111533,43.81276795718095],[4.45575454022155,43.8127575502837],[4.455735491353897,43.81274569032676],[4.455718193121709,43.81273249847828],[4.455702822252271,43.812718109513725],[4.455689535781478,43.81270267043882],[4.4556784694495075,43.81268633898771],[4.455669736314077,43.81266928201138],[4.455410897363666,43.81207283879207],[4.455404514248998,43.81205497486898],[4.455400690543085,43.8120367315533],[4.455399466436012,43.81201830060803],[4.45540085479235,43.811999875768215],[4.455404841016032,43.81198165070454],[4.455561559465848,43.8114449003099],[4.455562481917532,43.81144071934341],[4.455556638008664,43.8114405859962],[4.455416539375154,43.8114424562556],[4.455392641683827,43.811441942382835],[4.4553689227497495,43.81143976806772],[4.45534560206478,43.81143595343106],[4.455322895435327,43.81143053377296],[4.455301012985265,43.81142355924627],[4.4552801572114245,43.811415094392316],[4.455260521109671,43.81140521754366],[4.455250861959659,43.81139984243476],[4.455245145315649,43.81139873440234],[4.454770906854181,43.81132457949526],[4.454747846100886,43.81132012449768],[4.454725481791996,43.81131408819502],[4.45470402017549,43.81130652625532],[4.454683659174321,43.811297508416345],[4.454664586561094,43.81128711784238],[4.454646978226376,43.811275450357385],[4.454630996556583,43.81126261356108],[4.454616788936435,43.81124872583674],[4.454604486389753,43.81123391525944],[4.454594202371167,43.81121831841482],[4.4545860317198684,43.81120207913952],[4.454580049785025,43.81118534719464],[4.454576311730967,43.81116827688461],[4.454574852028523,43.81115102563418],[4.454575684137195,43.811133752536605],[4.454578800381112,43.81111661688646],[4.4546173188540745,43.81096243233866],[4.454618072988786,43.8109582514592],[4.454612401291676,43.81095729817642],[4.454000897016807,43.81087718459335],[4.4539951792109385,43.81087664382764]],[[4.4835385463001405,43.82722448742026],[4.483514481252037,43.82722212186403],[4.4834908498547215,43.82721806766531],[4.483467877628232,43.8272123635143],[4.483445783801811,43.827205063847146],[4.483424779221689,43.827196238326266],[4.483405064338919,43.827185971175744],[4.483386827296373,43.8271743603773],[4.483370242133254,43.82716151673542],[4.483355467124199,43.8271475628198],[4.483342643268844,43.82713263179559],[4.483331892946263,43.827116866152615],[4.483323318747126,43.82710041634548],[4.48331700249471,43.827083439357814],[4.483313004464102,43.82706609720402],[4.483311362807072,43.827048555383236],[4.483306534555106,43.82686249857927],[4.483307273719664,43.82684484433298],[4.483310399515658,43.8268273275488],[4.483315881837829,43.8268101169227],[4.483323667886431,43.826793378202076],[4.483333682675799,43.826777272589425],[4.483345829756573,43.826761955190044],[4.483359992144612,43.82674757351807],[4.483376033447654,43.82673426607614],[4.483393799178886,43.82672216102136],[4.483413118244735,43.826711374931165],[4.483433804592602,43.82670201168074],[4.483455659002612,43.826694161442546],[4.483478471006186,43.82668789981802],[4.483502020912917,43.82668328710944],[4.483526081926235,43.82668036773933],[4.483550422327519,43.82667916982256],[4.483786012121411,43.82667596470969],[4.483810002394604,43.82667647720438],[4.483833812605234,43.82667866212905],[4.483857220831085,43.826682499119165],[4.483880008896521,43.82668795241224],[4.48390196440593,43.82669497118101],[4.48392288272331,43.82670349000734],[4.483942568879534,43.826713429491704],[4.483960839389528,43.826724696993395],[4.483977523962428,43.82673718749388],[4.48399246708877,43.82675078457563],[4.484005529489929,43.82676536150712],[4.484016589416285,43.82678078242407],[4.4840255437820336,43.826796903595685],[4.484032309126044,43.82681357476434],[4.484101854041514,43.82702159907251],[4.484106475116035,43.82703922125036],[4.48410865038746,43.82705708891464],[4.4841083582480605,43.8270750245985],[4.4841056015971406,43.82709285015925],[4.484100407812331,43.82711038854791],[4.4840928284777535,43.82712746556752],[4.484082938871768,43.82714391160349],[4.484070837219337,43.827159563308236],[4.484056643716512,43.82717426522352],[4.484040499336639,43.82718787132472],[4.484022564430218,43.82720024647104],[4.48400301713225,43.82721126774797],[4.483982051592954,43.827220825687995],[4.48395987604938,43.827228825358034],[4.483936710757103,43.827235187302236],[4.483912785802509,43.82723984833128],[4.483888338817461,43.827242762149986],[4.483863612618966,43.82724389981714],[4.483838852797373,43.827243250033],[4.4835385463001405,43.82722448742026]],[[4.475940737633212,43.82808770405603],[4.475934970426929,43.828087581081334],[4.47554997108515,43.82809279074555],[4.475525333385571,43.82809223926455],[4.475500892227512,43.82808992417207],[4.475476887888244,43.82808586822744],[4.4754535563506215,43.82808011130406],[4.475431126983114,43.82807270999734],[4.475409820284858,43.82806373706838],[4.475389845717943,43.82805328072858],[4.475371399648181,43.82804144377253],[4.475354663414667,43.828028342567265],[4.4753398015470545,43.82801410590841],[4.475326960148122,43.82799887375389],[4.475316265457492,43.827982795848094],[4.475199912368373,43.82778311197501],[4.475191603116726,43.82776665788273],[4.47518554296414,43.827749696884375],[4.475181789329259,43.82773238968742],[4.475180377776087,43.82771490027948],[4.47518132167708,43.82769739437449],[4.475184612086539,43.82768003784252],[4.475190217825441,43.82766299513817],[4.475198085776939,43.827646427742344],[4.475208141389735,43.827630492632224],[4.47522028938451,43.82761534079392],[4.475234414656778,43.82760111579185],[4.4752503833675235,43.8275879524085],[4.4752680442113935,43.82757597536744],[4.475287229850329,43.827565298151455],[4.4758358624699035,43.82728964887558],[4.475858595589048,43.82727949177473],[4.475882702869125,43.82727115924904],[4.482738284253155,43.825220988073006],[4.482761352376035,43.82521503352079],[4.48278511782839,43.82521075117098],[4.482809349960853,43.825208182584745],[4.482833813594949,43.82520735269083],[4.482858271305485,43.82520826954352],[4.482882485724759,43.82521092424456],[4.482906221846199,43.8252152910295],[4.482929249305096,43.82522132751764],[4.482951344614293,43.82522897512348],[4.482972293333128,43.825238159625215],[4.482991892148601,43.82524879188506],[4.483009950848552,43.82526076871431],[4.483026294167696,43.825273973874836],[4.483040763488638,43.825288279207136],[4.483053218381299,43.825303545874206],[4.483063537965873,43.82531962570885],[4.483071622086041,43.82533636265177],[4.483077392281074,43.825353594266055],[4.483080792547393,43.825371153313796],[4.483080829348826,43.82537180703289],[4.4830818841134015,43.82538041572016],[4.48308275751537,43.82538200106209],[4.483090506941474,43.825398293928515],[4.48309606867554,43.82541504866598],[4.483099391732686,43.825432111688286],[4.483100445649296,43.82544932658311],[4.4830992207623295,43.825466535545786],[4.4830957282979815,43.82548358082592],[4.483090000268856,43.82550030617337],[4.483082089180568,43.82551655827064],[4.4830720675505304,43.82553218813827],[4.483060027243233,43.82554705250051],[4.4830460786282185,43.82556101509874],[4.483030349568369,43.82557394794047],[4.483012984247855,43.825585732472824],[4.4829941418504395,43.825596260669066],[4.4829739951002665,43.8256054360191],[4.482952728678541,43.82561317441404],[4.478590781636009,43.8270151473391],[4.478586344178402,43.827016729689596],[4.478582094995515,43.82701856300003],[4.476625823809565,43.827941020208456],[4.476621182796176,43.827943436273564],[4.47661725123951,43.82794641613795],[4.476366513853769,43.82815474610403],[4.476349807032647,43.828167338062336],[4.476331493473493,43.82817869882358],[4.476311745523659,43.82818872147199],[4.476290749029794,43.828197311684754],[4.476268701588846,43.828204388619525],[4.476245810688443,43.82820988567544],[4.476222291754203,43.82821375111977],[4.476198366122325,43.82821594857488],[4.476174258956532,43.82821645736056],[4.476150197129012,43.82821527268861],[4.476126407085263,43.828212405707966],[4.476103112712958,43.82820788339977],[4.476080533234886,43.82820174832338],[4.476058881145798,43.8281940582159],[4.4760383602125815,43.82818488544877],[4.476019163556586,43.82817431634668],[4.476001471836135,43.82816245037513],[4.475985451546348,43.82814939920434],[4.475971253452278,43.828135285658355],[4.475959011170069,43.82812024255905],[4.475948839909545,43.82810441147619],[4.475940835390017,43.82808794139508],[4.475940737633212,43.82808770405603]],[[4.476105016263598,43.82709179291629],[4.476081721125768,43.827097756155716],[4.4760577233892285,43.827102015823044],[4.476033260111636,43.82710452983981],[4.476008572949554,43.8271052733717],[4.475983905771204,43.827104239073876],[4.475959502247406,43.82710143716344],[4.475935603444428,43.82709689531866],[4.475912445442608,43.82709065840541],[4.475890257004194,43.82708278803407],[4.4758692573135175,43.82707336195078],[4.475849653811777,43.827062473269535],[4.475831640147846,43.82705022955224],[4.47581539426533,43.827036751746256],[4.475801076644793,43.82702217298958],[4.4757888287185095,43.82700663729562],[4.475778771473378,43.82699029813054],[4.475771004255839,43.82697331689736],[4.475765603790563,43.82695586134143],[4.475762623422617,43.82693810389345],[4.47576209259059,43.826920219966134],[4.4757640165358765,43.826902386221384],[4.475768376251003,43.82688477882528],[4.475775128667464,43.826867571707744],[4.4757842070812535,43.82685093484452],[4.475795521811862,43.82683503257812],[4.475808961088227,43.82682002199439],[4.475810798757063,43.826818177268585],[4.475825130281645,43.82680511261906],[4.475841071219572,43.826793064838526],[4.475858484596596,43.82678213744807],[4.475877220786717,43.82677242434176],[4.475897118797871,43.826764008979836],[4.476061128753831,43.826701839177026],[4.476083001688767,43.82669450307428],[4.476105753217171,43.82668873515429],[4.4761291694168195,43.826684589650135],[4.476153030116063,43.826682105539994],[4.476177110963954,43.82668130618078],[4.476201185539644,43.826682199088516],[4.476225027481257,43.8266847758676],[4.476248412614208,43.826689012289776],[4.476271121058949,43.82669486852198],[4.47629293929834,43.82670228950086],[4.4763136621852135,43.82671120545036],[4.476333094871235,43.82672153253794],[4.476351054638956,43.82673317366275],[4.476367372619809,43.826746019368514],[4.476381895381907,43.826759948872834],[4.4763944863727065,43.826774831202634],[4.4764050272029845,43.82679052642587],[4.476413418760045,43.826806886966956],[4.476419582139681,43.826823758994536],[4.476423459388149,43.826840983867804],[4.476425014047147,43.826858399628165],[4.4764242314967015,43.82687584252198],[4.476422524879097,43.82689106814307],[4.476419278604171,43.82690890832566],[4.476413587898897,43.82692642466541],[4.476405509645245,43.82694344206924],[4.476395124591282,43.826959790431346],[4.476382536544076,43.82697530633347],[4.476367871332115,43.82698983467849],[4.476351275547571,43.82700323024081],[4.476332915081001,43.82701535911808],[4.476312973463119,43.82702610006958],[4.476291650030227,43.827035345728405],[4.476269157931618,43.8270430036745],[4.476105016263598,43.82709179291629]],[[4.4740700632607115,43.830273119926076],[4.474064295903683,43.83027209206977],[4.473433305035867,43.83018309094355],[4.473410080312842,43.83017896682027],[4.473387510348828,43.830173246482204],[4.473365803953412,43.830165982852044],[4.473345161946522,43.830157243130486],[4.473325775300478,43.83014710817447],[4.4733078233731565,43.8301356717492],[4.473291472248614,43.83012303966046],[4.473276873200552,43.83010932877592],[4.473264161292788,43.83009466594374],[4.473253454129722,43.830079186819106],[4.473244850768345,43.83006303460905],[4.473238430801853,43.830046358747694],[4.473234253623336,43.830029313513585],[4.473232357876365,43.83001205660243],[4.473232761097553,43.82999474766817],[4.473235459554382,43.82997754684583],[4.473270257042259,43.82982262756024],[4.473275162325823,43.829805868733224],[4.473282246341383,43.8297895234386],[4.473291444908265,43.829773739759354],[4.473302674688849,43.82975866069027],[4.473315833943639,43.82974442284244],[4.473330803453029,43.829731155205764],[4.473347447597426,43.82971897798023],[4.473365615585937,43.82970800148703],[4.473385142822483,43.829698325169126],[4.473405852396986,43.82969003669029],[4.473427556688089,43.829683211140946],[4.473450059062907,43.82967791035797],[4.473473155658415,43.8296741823644],[4.473496637228328,43.82967206093437],[4.473520291038734,43.829671565287214],[4.473543902795338,43.8296726999133],[4.474236649833891,43.82973006202857],[4.474242685984976,43.829730343311724],[4.474247573050223,43.82972776316123],[4.474453908506455,43.829607041586826],[4.474474067129268,43.829596411584305],[4.47449559544714,43.8295872971552],[4.474518276822662,43.82957979001687],[4.4745418830156485,43.82957396571267],[4.474566176479842,43.829569882851764],[4.474590912753244,43.82956758251942],[4.47461584291806,43.829567087863616],[4.474640716105442,43.82956840386192],[4.474665282019882,43.8295715172717],[4.474689293457834,43.829576396763116],[4.4747125087952195,43.829582993234496],[4.474734694418802,43.82959124030644],[4.4747556270769575,43.82960105498973],[4.474775096126188,43.82961233852043],[4.474792905650787,43.82962497735369],[4.474808876434301,43.82963884430636],[4.47482284776298,43.829653799836755],[4.474834679043053,43.829669693448785],[4.474844251215546,43.829686365206506],[4.474851467954425,43.829703647343266],[4.474856256635985,43.829721365950185],[4.474864511160795,43.82976285917552],[4.474865605356904,43.82976695041896],[4.474871359226742,43.82976707348665],[4.475818832210057,43.829754256458024],[4.475843218829442,43.82975479326068],[4.475867415341365,43.829757057890006],[4.475891188722327,43.829761028536545],[4.475914310023659,43.829766666961206],[4.475936556576351,43.82977391886335],[4.475957714135401,43.829782714403855],[4.475977578943066,43.82979296887751],[4.475995959691108,43.829804583528976],[4.476127656460523,43.82989642335183],[4.476144774807391,43.829909625674766],[4.476159974069075,43.8299240063753],[4.476173100400308,43.82993941989505],[4.476184020937266,43.82995571022143],[4.476192625142442,43.82997271246693],[4.476198825923547,43.829990254537954],[4.476202560515114,43.8300081588767],[4.476203791113898,43.83002624425843],[4.476202505261592,43.830044327625714],[4.476198715971033,43.8300622259413],[4.47619246159458,43.83007975804089],[4.476165939946792,43.83014116028076],[4.476157443420456,43.83015787753154],[4.476146705801374,43.83017390489116],[4.476133832267218,43.830189085364864],[4.476118948918144,43.830203270253364],[4.476102201541625,43.830216320609416],[4.47608375418444,43.83022810859898],[4.476063787545772,43.83023851875335],[4.4760424972071835,43.83024744910031],[4.476020091716793,43.83025481216292],[4.475996790546421,43.83026053581656],[4.475972821941719,43.83026456399535],[4.4743962352021125,43.830470594942625],[4.474372470403457,43.8304728504913],[4.474348516014343,43.83047343893048],[4.47432459467039,43.830472354791105],[4.474300928700074,43.83046960814933],[4.47427773805833,43.83046522453286],[4.474255238282198,43.83045924468366],[4.474233638487537,43.83045172417933],[4.4742131394254425,43.83044273291648],[4.474193931616389,43.83043235446114],[4.4741761935795035,43.83042068527209],[4.474160090173357,43.83040783380421],[4.47414577106377,43.83039391950059],[4.474133369332799,43.83037907168238],[4.474123000241902,43.830363428346786],[4.474072636780654,43.830276995144175],[4.4740700632607115,43.830273119926076]],[[4.469939391996433,43.82951870039864],[4.469916080107793,43.829513210599366],[4.469893628385153,43.82950608544059],[4.469872255122286,43.82949739419898],[4.469852168127036,43.829487221377946],[4.469833562700801,43.829475665885944],[4.469816619739639,43.82946284007486],[4.469801503975455,43.82944886864755],[4.469788362374354,43.829433887445404],[4.469777322707754,43.829418042127486],[4.469768492310126,43.829401486754406],[4.469761957035473,43.8293843822903],[4.469757780422645,43.829366895037836],[4.469756003077652,43.829349195021315],[4.469756642278938,43.82933145433355],[4.46975969180948,43.829313845462536],[4.469765122017311,43.829296539614546],[4.469772880103912,43.82927970504953],[4.469782890637633,43.829263505445],[4.469795056287166,43.82924809830494],[4.469809258767927,43.82923363342818],[4.469825359992156,43.82922025145222],[4.469843203411527,43.82920808248564],[4.469862615539251,43.82919724484336],[4.4698834076368295,43.82918784389608],[4.469905377549092,43.82917997104606],[4.47006470771326,43.82912979505785],[4.470088379942088,43.82912335557504],[4.470112833320125,43.829118690306984],[4.470137814842197,43.829115847522466],[4.470163066038879,43.82911485663411],[4.470188325650659,43.829115727894084],[4.471176841527701,43.82918643395372],[4.471182640638532,43.82918664799182],[4.471187384708356,43.829184224053726],[4.471287433692451,43.82912776334706],[4.471307180205885,43.82911769655449],[4.471328182800995,43.82910906433281],[4.471350243274328,43.82910194814484],[4.47137315343941,43.829096415146495],[4.47139669709139,43.82909251755303],[4.47142065204732,43.82909029214622],[4.471444792242865,43.82908975992735],[4.4714688898656165,43.829090925919004],[4.47149271750492,43.82909377911767],[4.471516050297901,43.82909829259755],[4.471538668051445,43.829104423764676],[4.471560357320135,43.82911211475886],[4.471580913420489,43.82912129299967],[4.471600142362554,43.829131871871475],[4.471617862680577,43.82914375154066],[4.471633907145494,43.829156819897875],[4.471648124343101,43.82917095361593],[4.471660380102972,43.829186019313624],[4.471670558764676,43.82920187481446],[4.471678564269315,43.829218370488384],[4.471681235473619,43.82922486800762],[4.47168701961842,43.82922392677599],[4.47190181469476,43.82918069151393],[4.471925577605026,43.829176805223106],[4.471949751834194,43.82917462128605],[4.471974105258152,43.82917416067325],[4.471998404032189,43.829175427807535],[4.472022414836329,43.82917841052174],[4.472045907115649,43.82918308017547],[4.472068655294029,43.82918939193009],[4.472090440940114,43.82919728517931],[4.472111054864679,43.829206684131094],[4.472130299129255,43.8292174985354],[4.4721479889467455,43.829229624550706],[4.472163954455768,43.8292429457412],[4.472178042351699,43.82925733419472],[4.472188225498168,43.82927025186225],[4.472187529289638,43.829259133223566],[4.472188873498332,43.829241237124236],[4.472192669676493,43.82922352654105],[4.472198880177726,43.82920617709794],[4.47220744341457,43.82918936083743],[4.4722182744692995,43.82917324451478],[4.4722312659360695,43.82915798794417],[4.472246288986037,43.82914374241421],[4.4722631946449205,43.829130649187604],[4.472281815270303,43.82911883810033],[4.4723019662140295,43.82910842627432],[4.472323447653242,43.82909951695597],[4.472346046571845,43.82909219849235],[4.472369538872816,43.82908654345519],[4.472720485533098,43.829015899990694],[4.472743903103078,43.8290120574206],[4.472767723498038,43.82900986821624],[4.472791724517968,43.8290093527988],[4.472815682278016,43.82901051597618],[4.47283937329685,43.82901334689811],[4.472862576581269,43.829017819157336],[4.472885075687603,43.82902389103602],[4.472906660740672,43.82903150589481],[4.472927130391511,43.8290405927012],[4.472946293695525,43.829051066692095],[4.472963971893648,43.82906283016449],[4.472980000079817,43.829075773386855],[4.472994228739242,43.829089775622656],[4.473006525143139,43.82910470625662],[4.473016774586859,43.82912042601306],[4.473024881459928,43.82913678825518],[4.473030770137971,43.82915364035276],[4.473034385688208,43.829170825105976],[4.473035694381957,43.8291881822118],[4.473034684009332,43.82920554975933],[4.473031363993217,43.82922276574002],[4.473025765301452,43.829239669559094],[4.473017940158023,43.82925610353359],[4.473007961555985,43.8292719143631],[4.472995922576621,43.82928695456009],[4.472981935521215,43.82930108382545],[4.472966130863513,43.829314170357485],[4.472876823261954,43.82938128147238],[4.472859054477369,43.82939338483401],[4.472839732513853,43.8294041690727],[4.472819043453036,43.829413530329504],[4.472797186542856,43.829421378449624],[4.47277437227864,43.82942763785074],[4.47275082037588,43.829432248250846],[4.472726757654181,43.82943516524885],[4.472702415852798,43.82943636075221],[4.47244077500359,43.82943989348708],[4.472416029904746,43.8294393350428],[4.472391484219448,43.82943699769983],[4.472367381353289,43.829432904636185],[4.472343960320553,43.82942709644055],[4.472321453373995,43.829419630709445],[4.472300083701659,43.82941058147629],[4.4722800632136135,43.82940003847708],[4.472261590440542,43.829388106260645],[4.472244848565004,43.8293749031517],[4.472230003604937,43.829360560077696],[4.472217202767369,43.8293452192702],[4.472216433940368,43.82934404854501],[4.4722169741411895,43.82935779694862],[4.47221528009691,43.82937539064456],[4.472211215585935,43.82939277984164],[4.4722048196345074,43.829409797564715],[4.4721961536560615,43.82942628040548],[4.472185300861574,43.829442070091524],[4.472184370173343,43.82944327255058],[4.472189517027362,43.82944528199373],[4.472564383973469,43.82957470379841],[4.472585823518636,43.82958306214635],[4.472606030728706,43.82959289877343],[4.47262481174834,43.829604119313565],[4.47264198640382,43.829616616124255],[4.472657389931525,43.82963026931921],[4.472670874558566,43.829644947918474],[4.472682310920458,43.829660511104855],[4.472691589302199,43.82967680957497],[4.472698620690854,43.829693686971375],[4.472703337629556,43.829710981382654],[4.472705694864723,43.829728526896616],[4.472705669780255,43.82974615519201],[4.472703262614606,43.8297636971533],[4.47269849645856,43.82978098449296],[4.472691417033809,43.829797851366045],[4.472682092254391,43.829814135961165],[4.472670611575242,43.82982968205286],[4.472606490477493,43.829907129802706],[4.472592711054561,43.82992203480935],[4.472576950882942,43.82993587299944],[4.47255936646372,43.82994850695623],[4.4725401324135685,43.82995981122124],[4.472519439730767,43.8299696735401],[4.472497493898538,43.82997799597729],[4.472474512844522,43.82998469588872],[4.472450724776657,43.82998970674237],[4.47242636591697,43.82999297877904],[4.47240167815577,43.82999447950647],[4.472376906649537,43.829994194021985],[4.472352297386393,43.82999212516057],[4.472328094743289,43.82998829346657],[4.469939391996433,43.82951870039864]],[[4.467559926965443,43.83094591388743],[4.467554452323018,43.8309441842151],[4.467532303739264,43.83093720629644],[4.467511203160805,43.830928708985525],[4.4674913407346395,43.83091876999755],[4.467472903805638,43.83090748307866],[4.467456066272853,43.83089495468882],[4.467440986949287,43.830881302997724],[4.467427808063938,43.83086665677004],[4.467416653920327,43.830851154151],[4.467407629724065,43.83083494136328],[4.467400820590602,43.83081817132787],[4.467396290742471,43.830801002221605],[4.4673940829035965,43.83078359598526],[4.467394217896399,43.83076611679611],[4.467396694445475,43.83074872951937],[4.4674014891897,43.83073159815313],[4.467408556902664,43.83071488428164],[4.467417830919316,43.8306987455511],[4.467429223764822,43.83068333418283],[4.467442627979697,43.83066879553753],[4.4678501462492255,43.83027016356835],[4.467853339952931,43.83026671255409],[4.467853502008379,43.83026256031579],[4.467849100529811,43.830091171991214],[4.4678487055245615,43.830086902692145],[4.467847889671694,43.830086119878516],[4.467833777393779,43.830073813247985],[4.467819870845343,43.830058863923576],[4.467808099353835,43.830042982678854],[4.467798580962011,43.83002632877103],[4.467791411118277,43.83000906920547],[4.467786661719589,43.82999137706094],[4.467784380390555,43.82997342975387],[4.467784590005945,43.82995540725934],[4.467787288461399,43.82993749030619],[4.467792448694618,43.829919858564764],[4.4678000189568365,43.829902688845124],[4.467809923331849,43.82988615332402],[4.467822062497361,43.82987041781839],[4.467836314721064,43.829855640122524],[4.467852537081398,43.82984196842572],[4.467870566900816,43.829829539826406],[4.4678902233771005,43.829818478957186],[4.467911309396452,43.82980889673517],[4.467933613510109,43.82980088924973],[4.468619270905906,43.82958497790491],[4.4686420270918195,43.82957875158792],[4.468665514911431,43.82957416514583],[4.468689509472457,43.82957126249311],[4.468713781030776,43.82957007142218],[4.4687380971901405,43.829570603337366],[4.468762225127263,43.82957285314563],[4.468785933821004,43.829576799305435],[4.468808996264302,43.829582404033],[4.468831191637671,43.829589613663885],[4.468852307423469,43.82959835916704],[4.468872141440678,43.82960855680562],[4.468890503780739,43.82962010893871],[4.468894022639337,43.829622551486274],[4.468899537753217,43.82962413883575],[4.469524929005005,43.82977929693979],[4.469546947499845,43.829785623284714],[4.469568034304836,43.82979343801261],[4.46958799796884,43.82980267017227],[4.469606657237659,43.82981323594332],[4.469623842699659,43.82982503939724],[4.470194953874168,43.830256535954106],[4.470211449233713,43.83027033600795],[4.470225929384963,43.83028527437831],[4.4702382454529035,43.830301197480765],[4.4702482708115765,43.830317941606566],[4.470255902386012,43.83033533460568],[4.4702610617120255,43.83035319765672],[4.470263695743018,43.83037134710539],[4.470263777395451,43.83038959635271],[4.470261305827401,43.83040775777343],[4.470256306447306,43.83042564464512],[4.470248830652845,43.83044307306786],[4.470238955302586,43.83045986385502],[4.470226781925873,43.83047584437549],[4.470212435679043,43.830490850328644],[4.469860896584786,43.830821389200885],[4.469857597258124,43.83082482164451],[4.469861070780159,43.83082816281018],[4.470096453394061,43.83103321485008],[4.470110926593784,43.83104714347156],[4.470123470845125,43.83106202022242],[4.470133968506327,43.831077705588235],[4.4701423211283435,43.831094052471315],[4.470148450378139,43.83111090757002],[4.470152298773377,43.831128112816614],[4.470153830221541,43.83114550685939],[4.470153030358511,43.83116292657604],[4.470149906683334,43.83118020860333],[4.47014448848798,43.83119719086908],[4.4701368265827215,43.83121371411217],[4.470126992819699,43.831229623376096],[4.470115079419151,43.83124476946221],[4.4701011981046195,43.83125901032883],[4.470085479055243,43.831272212423464],[4.470068069684948,43.831284251935266],[4.470049133260014,43.831295015956115],[4.4700288473679395,43.83130440353958],[4.470007402251998,43.831312326647584],[4.469984999027092,43.83131871097604],[4.469961847793644,43.83132349665182],[4.469133760048158,43.83146366951097],[4.469127931470563,43.83146488164477],[4.469125624696409,43.831468941664475],[4.468896918163074,43.83193673149444],[4.468887861743602,43.83195275843794],[4.468876719635689,43.83196808117937],[4.468863594974894,43.831982557883364],[4.468848609248599,43.83199605454585],[4.468831901171481,43.83200844623441],[4.468813625401536,43.83201961824481],[4.4687939511084735,43.832029467162755],[4.468773060407802,43.83203790182115],[4.468751146675042,43.832044844144086],[4.468728412755716,43.83205022986945],[4.468705069087655,43.83205400914396],[4.468681331753021,43.832056146984435],[4.468657420478083,43.8320566236018],[4.468645641728508,43.8320564479621],[4.468640229117372,43.83205846811432],[4.468598504918684,43.83207599117254],[4.468576991963346,43.832084039075056],[4.468554499508723,43.83209053377978],[4.468531240931841,43.83209541367389],[4.468507436877819,43.83209863246368],[4.468483313166665,43.83210015961369],[4.4684590986509285,43.83209998063644],[4.468435023044619,43.83209809722979],[4.468411314743926,43.83209452726092],[4.468388198660447,43.83208930459681],[4.468365894087494,43.83208247878288],[4.468344612619677,43.83207411457304],[4.468324556145562,43.832064291315355],[4.46830591493239,43.83205310219922],[4.468288865821081,43.83204065337141],[4.468273570548604,43.83202706292894],[4.468260174213656,43.83201245979881],[4.468248803900199,43.831996982514895],[4.468239567471898,43.831980777903624],[4.468232552548922,43.83196399969121],[4.468227825676783,43.831946807045185],[4.46822543169512,43.83192936306449],[4.468225393312409,43.83191183323223],[4.4682277108906066,43.83189438384575],[4.468232362441806,43.831877180439136],[4.468321825481969,43.83161481869894],[4.468322935707792,43.83161070627228],[4.468317257702475,43.831609892041335],[4.467783592835513,43.831552864615574],[4.467759122230454,43.831549333385134],[4.467735263813749,43.83154404432504],[4.467712257898335,43.831537050709194],[4.467690336210138,43.83152842298057],[4.4676697195539665,43.83151824804166],[4.467650615589427,43.8315066283791],[4.467633216739278,43.83149368103141],[4.46761769825124,43.83147953641002],[4.467604216432851,43.83146433698578],[4.467592907077095,43.83144823585385],[4.467583884094683,43.83143139519162],[4.467577238366755,43.83141398462518],[4.467573036829565,43.83139617952081],[4.467571321800353,43.83137815921852],[4.467560333916887,43.83095022802703],[4.467559926965443,43.83094591388743]],[[4.466574913833494,43.82929651359332],[4.466571774234735,43.82929739119605],[4.466547693834411,43.829302178272066],[4.466523071547762,43.829305192384105],[4.46649815579442,43.82930640312217],[4.466473197954946,43.82930579827086],[4.466448449834536,43.829303383932604],[4.466424161122418,43.829299184466244],[4.466400576872625,43.829293242241135],[4.466377935031521,43.82928561720969],[4.466356464037056,43.82927638630249],[4.466336380513969,43.82926564265212],[4.4663178870881834,43.82925349465349],[4.466301170342463,43.82924006487023],[4.466286398933946,43.82922548879795],[4.466273721892545,43.82920991349741],[4.466140675807812,43.82902590212754],[4.466130426116449,43.829009853282784],[4.466122401115739,43.8289931538064],[4.466116678253732,43.82897596486659],[4.466113312760154,43.8289584523553],[4.466112337113466,43.828940785287074],[4.466113760727486,43.828923134167994],[4.466117569860622,43.82890566935001],[4.4661237277485855,43.82888855938695],[4.466132174959272,43.82887196940771],[4.466142829966432,43.82885605952269],[4.466256699450311,43.828705370289555],[4.466269259378472,43.82869050649371],[4.466283745845186,43.82867659161197],[4.466300023071603,43.82866375606454],[4.466317938494897,43.8286521201552],[4.466337324198216,43.8286417929438],[4.466357998484521,43.82863287122416],[4.466379767579562,43.82862543861676],[4.466402427448039,43.82861956478508],[4.466425765705937,43.828615304782666],[4.466449563611081,43.82861269853716],[4.4669100634981085,43.82857867149685],[4.466935186390562,43.8285777412234],[4.4669603105301094,43.82857865367462],[4.4669851786845145,43.82858139950843],[4.467009536242356,43.82858595061173],[4.4670331338197915,43.82859226038832],[4.467055729813788,43.82860026423584],[4.467077092875719,43.82860988020725],[4.467097004279975,43.82862100984979],[4.467115260163347,43.828633539213],[4.467131673612275,43.828647340015344],[4.467146076576553,43.828662270957544],[4.4672529248226285,43.82878592390745],[4.4672563762787,43.82878950811678],[4.467262398538481,43.82878979489107],[4.4690177412144445,43.82880997156218],[4.469045228347089,43.82881139309163],[4.46907232930189,43.82881500820225],[4.46909871110433,43.82882077247722],[4.469430737413372,43.82890812332344],[4.469453118525584,43.82891492408251],[4.469474476893093,43.828923272449835],[4.4694946089241965,43.82893308884752],[4.469513322716536,43.828944279704146],[4.469530439886329,43.8289567383467],[4.469545797268744,43.82897034601732],[4.469559248473227,43.82898497300535],[4.469570665278947,43.82900047988369],[4.469579938857062,43.8290167188379],[4.469586980808138,43.82903353507506],[4.469591724004861,43.82905076829939],[4.469594123231975,43.829068254240106],[4.469594155617357,43.82908582621735],[4.469591820850125,43.82910331673097],[4.4695871411836885,43.829120559057195],[4.469580161223693,43.82913738883786],[4.469570947502916,43.829153645647175],[4.469559587847123,43.82916917452089],[4.469546190537959,43.829183827433525],[4.469530883280821,43.829197464709374],[4.469513811987577,43.82920995635398],[4.469495139385717,43.829221183293264],[4.4694750434672,43.829231038508674],[4.469453715791774,43.82923942805723],[4.469431359660954,43.82924627196715],[4.466780130902327,43.8299495129962],[4.466757115058512,43.82995471613747],[4.466733511209158,43.82995828075742],[4.466709541376064,43.829960173326604],[4.4666854310236355,43.829960376043154],[4.466661406938061,43.82995888700031],[4.466637695094074,43.82995572020428],[4.466614518529318,43.82995090544249],[4.466592095246373,43.82994448800342],[4.466570636162133,43.82993652825063],[4.466550343123845,43.82992710105486],[4.466531407010474,43.8299162950899],[4.466514005937231,43.829904211998326],[4.4664983035802095,43.82989096543557],[4.46648444763681,43.829876680000694],[4.466472568436511,43.82986149006454],[4.466462777714998,43.82984553850561],[4.466455167563217,43.82982897536625],[4.466449809561203,43.82981195644125],[4.466446754104864,43.82979464181248],[4.466446029932025,43.82977719434296],[4.466447643852185,43.8297597781452],[4.466451580682562,43.82974255703734],[4.466584061362707,43.829298082341644],[4.466584970719702,43.82929409394859],[4.466574913833494,43.82929651359332]],[[4.46592121932039,43.83174584145886],[4.465931304000507,43.83173011147746],[4.465943433099747,43.83171515710241],[4.465957494013292,43.83170111716609],[4.465973356202167,43.83168812201129],[4.465990872405161,43.8316762922813],[4.466009880005974,43.83166573779989],[4.466030202542905,43.831656556551664],[4.466051651347063,43.831648833772576],[4.4660740272938915,43.831642641158496],[4.466097122651746,43.83163803619974],[4.466120723010375,43.8316350616473],[4.466144609271385,43.83163374511597],[4.466168559682229,43.83163409882798],[4.466192351894831,43.83163611949963],[4.466205061941122,43.831638111182905],[4.466210144826987,43.83163872029724],[4.466211714659426,43.83163469365393],[4.466228621870396,43.83158156255522],[4.46623557831932,43.831563883595166],[4.46624498950985,43.83154681050545],[4.46625675726749,43.831530521383144],[4.466270758835642,43.83151518614718],[4.466286848156182,43.831500964766],[4.466304857393123,43.83148800558878],[4.466324598683398,43.83147644379809],[4.466345866096564,43.83146639999962],[4.466368437782927,43.83145797896426],[4.466392078287735,43.83145126853514],[4.466416541007251,43.83144633871138],[4.466441570761126,43.83144324091787],[4.466821668643852,43.831410553222675],[4.466847770024609,43.83140931163301],[4.4668739071423,43.831410062118586],[4.466899790680574,43.83141279637213],[4.466925134129922,43.831417484127705],[4.466949656959005,43.83142407349577],[4.467430598439442,43.8315745860288],[4.467451876647281,43.831582135672186],[4.46747206534098,43.83159111747772],[4.467490981122479,43.831601449853174],[4.467508452156798,43.8316130389375],[4.46752431973301,43.831625779453375],[4.467538439706007,43.831639555663656],[4.46755068380595,43.83165424242262],[4.467560940803529,43.831669706312894],[4.467569117520431,43.8316858068573],[4.467575139675838,43.83170239779515],[4.4675789525612695,43.83171932841067],[4.467580521537635,43.83173644490232],[4.46759360492961,43.83224597272715],[4.46759400829485,43.832250277590795],[4.467598864352442,43.832252779542806],[4.467828895404489,43.83235937589664],[4.467849031238476,43.83236976355682],[4.467867642210306,43.832381547660106],[4.4678845442537725,43.832394611660085],[4.467899570203882,43.832408826351816],[4.4679125714501575,43.83242405114977],[4.467923419406448,43.832440135478215],[4.467932006782722,43.83245692026033],[4.467938248646235,43.83247423949161],[4.467942083261612,43.832491921881555],[4.467943472701489,43.83250979254777],[4.467942403221726,43.83252767474561],[4.467938885397414,43.83254539161626],[4.46780225820328,43.83305280390234],[4.467801328566053,43.83305766458661],[4.467801884797957,43.83306255508692],[4.468146425810505,43.83487055515594],[4.46814855275552,43.834887833160295],[4.468148372008138,43.83490517913322],[4.4681458852452405,43.83492243194708],[4.468141115564447,43.834939431339386],[4.468134107269648,43.834956019401595],[4.4681249254595246,43.83497204204587],[4.468113655422918,43.8349873504365],[4.468100401846624,43.83500180237238],[4.467471026331691,43.83562108778649],[4.467455535461518,43.83563485240956],[4.467438246468697,43.83564744529834],[4.467419327584252,43.83565874391655],[4.46739896289935,43.83566863832182],[4.467377350573992,43.83567703223559],[4.467354700908761,43.83568384397993],[4.467331234298455,43.83568900727237],[4.467307179087458,43.83569247187092],[4.467282769347757,43.83569420406283],[4.467258242601225,43.83569418699282],[4.467233837508306,43.83569242082699],[4.4672097915456535,43.835688922751224],[4.4667633381468805,43.83560720439399],[4.466738417439166,43.83560162107974],[4.466714442054244,43.835594178452794],[4.4666916759151345,43.83558495844238],[4.466670369633017,43.83557406254327],[4.466650757748456,43.83556161069856],[4.466633056149527,43.83554773997918],[4.4662770638769285,43.83523761481084],[4.466261900794898,43.83522294628134],[4.4662488763219,43.835207237930064],[4.46623812540935,43.83519065251935],[4.466229759450848,43.835173361899024],[4.4662238651280255,43.835155545225746],[4.466220503512486,43.8351373871067],[4.466219709433103,43.83511907568682],[4.466221491115241,43.835100800699216],[4.466225830095623,43.835082751499364],[4.466232681413751,43.83506511510305],[4.466235624285186,43.83505879381897],[4.466235808953248,43.8350544150671],[4.466229121181574,43.83479373451446],[4.466228643665674,43.83478895489988],[4.466226771611435,43.83478435839708],[4.46601784729305,43.83435725646407],[4.466010694545927,43.83433990515494],[4.466005986512205,43.834322121404625],[4.466003770843683,43.83430408521791],[4.466004069964682,43.834285979154515],[4.466006880845164,43.83426798648129],[4.4660121750315005,43.834250289317175],[4.466019898934561,43.83423306678982],[4.466029974372233,43.83421649322255],[4.4660422993608435,43.834200736369866],[4.466056749147482,43.834185955719484],[4.4660731774727855,43.8341723008781],[4.4662064308671345,43.83407219152127],[4.466210235708833,43.83406904681511],[4.466209451657415,43.834064905208685],[4.466056934299903,43.83347072968697],[4.466053696559673,43.83345353789103],[4.466052760734892,43.83343620029865],[4.466054135520783,43.83341887804084],[4.466057808138364,43.833401732106005],[4.46606374445331,43.83338492184368],[4.4660718892932385,43.83336860348358],[4.466082166960563,43.83335292868373],[4.4660944819360395,43.83333804312099],[4.466108719766565,43.83332408513708],[4.466124748128899,43.83331118445309],[4.466142418059475,43.83329946096375],[4.4661615653388225,43.833289023623294],[4.466182012017786,43.833279969432844],[4.4662035680713075,43.833272382538944],[4.4662260331644354,43.83326633345156],[4.466249198514135,43.833261878388775],[4.4662728488296155,43.83325905875439],[4.466296764313095,43.83325790075307],[4.466307809895207,43.83325775225775],[4.46631379057387,43.833257454052465],[4.466314962645367,43.83325319820183],[4.466368470865466,43.83299083889586],[4.466369030409345,43.8329868988021],[4.466368625014465,43.832982964293414],[4.466296314612894,43.832542322276254],[4.46629531938607,43.832538075201235],[4.466293920304417,43.83253796528862],[4.466270693393907,43.8325353311837],[4.466247914029397,43.832531120703024],[4.4662257858975405,43.83252537149557],[4.466204506861683,43.83251813496919],[4.466184267192599,43.83250947583086],[4.466165247867107,43.83249947150813],[4.466147618949815,43.83248821145679],[4.466131538072423,43.8324757963609],[4.466117149024248,43.832462337232556],[4.466108827574573,43.832452814592955],[4.466103135422396,43.832446964280486],[4.4658130980596855,43.83217758754718],[4.465799442990209,43.83216357639021],[4.465787691808777,43.83214868812935],[4.465777951177792,43.832133057903434],[4.465770309509924,43.83211682758586],[4.465764836165658,43.83210014449683],[4.465761580823778,43.83208316006621],[4.4657605730305105,43.83206602845889],[4.465761821931403,43.832048905175554],[4.465765316188388,43.83203194564119],[4.465771024082771,43.832015303794314],[4.465778893803203,43.8319991306897],[4.46592121932039,43.83174584145886]],[[4.465887014390425,43.82942219872257],[4.465897613525693,43.82940626577709],[4.4659103214022275,43.8293911627681],[4.465925015331086,43.829377035506525],[4.465941553449437,43.829364020382926],[4.465959776090182,43.8293522430507],[4.465979507323476,43.82934181721304],[4.466000556655223,43.82933284352514],[4.466022720866175,43.8293254086226],[4.466045785973863,43.82931958428487],[4.4660695292984345,43.829315426742376],[4.466093721612438,43.82931297613365],[4.4661723565791975,43.829307846029266],[4.466196935956158,43.82930712708512],[4.466221493155989,43.8293081701484],[4.466245787754528,43.829310965007124],[4.466269581898508,43.82931548429858],[4.46629264263416,43.82932168377726],[4.466314744187873,43.82932950274791],[4.4663356701765435,43.82933886465984],[4.466355215726021,43.82934967785633],[4.466373189476881,43.829361836471996],[4.466389415457889,43.82937522146915],[4.4664037348088526,43.82938970180332],[4.4664160073359325,43.82940513570607],[4.466426112884243,43.8294213720731],[4.466433952514263,43.829438251943365],[4.466439449470563,43.82945561005568],[4.46644254993335,43.829473276466395],[4.466443223545451,43.82949107821333],[4.466441463709634,43.82950884100915],[4.4664372876532665,43.82952639094773],[4.466430736259751,43.82954355620669],[4.466421873668331,43.829560168729714],[4.46627135661771,43.82980544848842],[4.466260161723926,43.82982148269326],[4.46624681441272,43.82983662902902],[4.466231447681637,43.829850736570066],[4.466214214651053,43.829863664741794],[4.466195287038439,43.829875284721304],[4.466174853447292,43.829885480721096],[4.4661531174877975,43.82989415114292],[4.466130295747931,43.82990120959009],[4.466106615635226,43.82990658572849],[4.46608231311073,43.82991022598739],[4.4660576303376995,43.8299120940933],[4.4660328132685,43.8299121714314],[4.4660081091937265,43.829910457231044],[4.465983764278015,43.82990696857347],[4.46596002110704,43.82990174022151],[4.465937116270213,43.82989482427329],[4.465880322663653,43.82987521242342],[4.465859448346383,43.829867098625314],[4.4658397357316515,43.829857583179496],[4.465821363850909,43.82984675250625],[4.465804499558643,43.8298347049709],[4.465789296016988,43.82982154999035],[4.465775891304689,43.82980740703934],[4.4657644071631015,43.829792404565396],[4.465754947890534,43.82977667882212],[4.465747599395059,43.82976037263187],[4.465742428414342,43.82974363408848],[4.465739481909583,43.829726615212316],[4.465738786639081,43.82970947056961],[4.465740348915287,43.82969235586868],[4.46574415454755,43.82967542654573],[4.465750168971057,43.82965883635326],[4.465758337560837,43.829642735963596],[4.465887014390425,43.82942219872257]],[[4.456279382540812,43.818214351516815],[4.456286098244898,43.818197856439895],[4.456294957518127,43.818181900754546],[4.456305879476209,43.81816663013142],[4.456318764403393,43.818152183986605],[4.4563334946628785,43.818138694208905],[4.456349935770838,43.81812628395561],[4.456367937624237,43.818115066528335],[4.456387335871238,43.81810514433841],[4.45640795341168,43.8180966079721],[4.456429602013929,43.818089535363484],[4.456452084033344,43.81808399108303],[4.456475194216676,43.818080025748095],[4.456498721575909,43.81807767556079],[4.4565224513144654,43.818076961977475],[4.456546166788165,43.818077891512914],[4.456569651483062,43.81808045568081],[4.4565926909920766,43.818084631071166],[4.456602092555083,43.81808668507438],[4.456606239826479,43.81808344880213],[4.457814494613978,43.8170390299754],[4.457818089425321,43.81703559300374],[4.457816699460455,43.81703140072638],[4.4576398302242906,43.81659380325336],[4.45763429016336,43.81657721577508],[4.457630944715548,43.816560322919145],[4.457629823957682,43.8165432765685],[4.457630937964448,43.81652622998602],[4.45763427671789,43.81650933643655],[4.457639810197544,43.81649274780884],[4.457907173590299,43.81583053691707],[4.457918180244082,43.815808647690865],[4.458166401211434,43.81539952695758],[4.458177534248848,43.81538341833786],[4.45819083525088,43.81536819622572],[4.458206170979121,43.81535401310167],[4.458223387813563,43.81534101103862],[4.458242313291438,43.815329320278565],[4.458262757834802,43.815319057928114],[4.458284516649541,43.815310326785365],[4.458307371776778,43.815303214310276],[4.458331094276141,43.815297791748534],[4.458355446519014,43.81529411341796],[4.458380184568811,43.8152922161644],[4.458405060624421,43.81529211899262],[4.458429825502372,43.815293822875994],[4.458454231132825,43.815297310746736],[4.4584780330444245,43.81530254766685],[4.458500992813101,43.81530948117808],[4.458515013743429,43.81531432521492],[4.458520275623729,43.815315925352195],[4.458524087291357,43.81531284965868],[4.459185033881502,43.81472556539624],[4.4591885587593065,43.814722104762225],[4.459190463877641,43.81471668379482],[4.4591978751941195,43.81469931702177],[4.459207667848166,43.81468258013781],[4.459219741951278,43.81466664386156],[4.459233974344147,43.814651670745086],[4.459250219852955,43.81463781351605],[4.45926831277021,43.81462521351976],[4.459288068545008,43.814613999277555],[4.459309285665476,43.81460428517582],[4.459331747714218,43.814596170299325],[4.459355225575756,43.81458973742055],[4.459379479773498,43.8145850521554],[4.459404262912368,43.814582162293995],[4.459985069470174,43.81453607551006],[4.460008850312261,43.81453502028544],[4.460032661425292,43.81453561869754],[4.460056284015249,43.81453786524771],[4.460079501020352,43.81454173929299],[4.4601020991055265,43.8145472052358],[4.460123870622645,43.814554212851036],[4.460144615518498,43.81456269774754],[4.460164143172992,43.814572581959794],[4.4601822741507,43.81458377466423],[4.460198841849629,43.81459617301386],[4.460213694032073,43.81460966308322],[4.460226694223521,43.81462412091522],[4.460237722966694,43.814639413660146],[4.460246678919263,43.814655400796305],[4.460253479785097,43.814671935421266],[4.460258063070532,43.814688865601795],[4.460260386658667,43.814706035769724],[4.4603343708402745,43.81578234210002],[4.460334991963535,43.815786800378746],[4.460339481867234,43.81578988397742],[4.460818250366522,43.816086745736904],[4.460835221864121,43.816098310372766],[4.460850622958246,43.81611097513213],[4.460864318257125,43.81612462867939],[4.4608761873643346,43.8161391509864],[4.460886125937236,43.81615441438777],[4.4608940466042775,43.81617028470297],[4.460899879733132,43.81618662241599],[4.4609035740428835,43.8162032839018],[4.460905097054902,43.81622012268897],[4.460915561207031,43.81662961561434],[4.460915984323298,43.81663404162066],[4.460921073187803,43.816636512579166],[4.460988597011091,43.816665827199735],[4.461009178559667,43.81667580425044],[4.461028286632173,43.81668721494723],[4.461045731495666,43.81669994598859],[4.461061339931559,43.81671387096266],[4.461074956955592,43.81672885160239],[4.461086447356766,43.816744739158516],[4.46109569703996,43.81676137587644],[4.461102614158886,43.81677859656264],[4.461107130028136,43.816796230225016],[4.461109199805286,43.81681410177061],[4.461108802936223,43.816832033744234],[4.461105943359344,43.816849848090605],[4.4611006494665375,43.8168673679221],[4.461092973821349,43.816884419275446],[4.461082992637138,43.8169008328389],[4.461070805020399,43.81691644563354],[4.46105653198674,43.81693110263154],[4.461040315259308,43.81694465829561],[4.461022315861578,43.81695697802407],[4.461002712518492,43.81696793948745],[4.460981699881806,43.81697743384322],[4.460959486597267,43.81698536681647],[4.460936293232834,43.81699165963614],[4.460925206256636,43.816994219425595],[4.460925920804364,43.81699844884521],[4.4610958957933216,43.81771051667054],[4.461098830968117,43.81772770578914],[4.4610994706744025,43.817745019602455],[4.461097808985816,43.8177622977685],[4.4610938612890845,43.817779380275105],[4.461087664141607,43.81779610892207],[4.4610792749329615,43.81781232878606],[4.461068771353496,43.817827889655476],[4.461056250674905,43.81784264742145],[4.461041828849446,43.81785646541261],[4.461025639436145,43.81786921566065],[4.461007832363938,43.81788078008556],[4.4609885725432,43.8178910515892],[4.46096803833851,43.81789993504709],[4.460946419916796,43.81790734818938],[4.460923917486193,43.817913222362854],[4.460900739441862,43.81791750316666],[4.459406391015118,43.81813864511952],[4.459400652999684,43.81813971110436],[4.459400468927386,43.81814399834475],[4.4594042156513165,43.81829076572654],[4.4594033572334455,43.81830940117393],[4.459399840637343,43.818327872307584],[4.459393703604115,43.8183459808767],[4.459385012000196,43.81836353252167],[4.459373859110512,43.818380338860216],[4.4593603646373365,43.81839621950918],[4.459346016788459,43.81840973827456],[4.459345407726664,43.81841037165699],[4.459344718101385,43.818414729960075],[4.4593313942052015,43.81856372457447],[4.45932859914161,43.81858138877734],[4.459323410639047,43.81859876710185],[4.459315879330603,43.81861568995073],[4.45930607871329,43.81863199217164],[4.459294104430836,43.81864751466884],[4.459280073340356,43.818662105955916],[4.459264122371964,43.818675623634135],[4.4592464071925075,43.81868793578225],[4.459227100686391,43.81869892224382],[4.45920639126839,43.818708475799994],[4.459184481044866,43.81871650321583],[4.4591615838413485,43.818722926150265],[4.45913792311574,43.8187276819206],[4.459113729777508,43.818730724114374],[4.459089239934125,43.81873202304215],[4.459064692586803,43.818731566027495],[4.459040327297956,43.81872935753046],[4.459016381853211,43.81872541910424],[4.458993089940734,43.818719789184705],[4.458970678870573,43.81871252271535],[4.458949367356238,43.818703690611024],[4.458929363380205,43.818693379065934],[4.458910862164132,43.81868168871235],[4.458794923920498,43.81860078765842],[4.458790413968818,43.8185979360636],[4.45878442929717,43.818597803366956],[4.458548196433579,43.818600963488585],[4.458542073746039,43.81860126664007],[4.45853075520957,43.81860441799884],[4.45850750800537,43.81860995598154],[4.458483621345265,43.818613811846724],[4.458459326783027,43.81861594821617],[4.458434859826685,43.81861634438019],[4.458410457655479,43.81861499649846],[4.458386356820612,43.81861191763714],[4.458362790952094,43.81860713764227],[4.458339988493906,43.81860070285048],[4.4583181704894415,43.81859267563968],[4.458297548438702,43.81858313382453],[4.45827832224801,43.81857216990186],[4.4582606782921275,43.818559890154255],[4.458244787607572,43.81854641361959],[4.458230804234607,43.818531870937086],[4.458218863724041,43.81851640308091],[4.458209081823252,43.8185001599936],[4.458201553354205,43.81848329913252],[4.458165086227912,43.818385400248104],[4.458163426685479,43.81838168690419],[4.4581617175848365,43.818384236791104],[4.458149792054488,43.818399978001544],[4.458135759856161,43.818414780570336],[4.458119760628522,43.81842849719091],[4.458101953585305,43.818440991363346],[4.4580825159309345,43.81845213875274],[4.458061641097099,43.81846182842654],[4.458039536817816,43.81846996395844],[4.458016423062162,43.818476464388176],[4.457992529845223,43.81848126502697],[4.45796809493906,43.81848431810148],[4.457943361506485,43.8184855932292],[4.457918575681161,43.81848507772071],[4.457893984118149,43.818482776706084],[4.457869831539266,43.81847871308376],[4.4578647398681035,43.8184774580661],[4.457855399243148,43.81847549827324],[4.457855234300945,43.81847954287477],[4.45787822235981,43.819380973378685],[4.457877298642346,43.81940014858614],[4.45787356093109,43.81941914363196],[4.457867051702073,43.81943774263884],[4.457857844929602,43.81945573423029],[4.457637242172714,43.81982508880573],[4.4576269793905725,43.81984027174289],[4.457614794572183,43.819854690575866],[4.457600795200928,43.819868218113136],[4.4575851047669985,43.819880735025386],[4.4575678616780845,43.819892130898175],[4.4575492180384595,43.81990230520594],[4.4575293383072365,43.81991116819873],[4.457508397847636,43.819918641694],[4.4574865813800475,43.81992465976629],[4.457464081352528,43.81992916932868],[4.457441096243151,43.819932130601245],[4.4566369672555215,43.820007722514326],[4.456611829388286,43.820009151719724],[4.4565866208812785,43.82000872962052],[4.456561601135785,43.8200064605602],[4.4565370276106355,43.82000236788791],[4.456513153172828,43.8199964937182],[4.456490223495397,43.819988898497606],[4.45646847452933,43.819979660382614],[4.4564481300755325,43.819968874435475],[4.456429399481847,43.81995665164587],[4.456412475488794,43.81994311778877],[4.456397532246245,43.8199284121303],[4.456384723521401,43.81991268599447],[4.456227939692943,43.81969574351193],[4.456218639785279,43.81968136455595],[4.456211126302108,43.81966644809623],[4.456205457716528,43.81965111022175],[4.4562016781434,43.81963547030118],[4.456068451230317,43.818892410003706],[4.456066553845729,43.81887591577935],[4.456066757188162,43.818859365094895],[4.456069059536099,43.81884289792207],[4.456073441416444,43.81882665352621],[4.456279382540812,43.818214351516815]]]},"properties":{"scenario":"t100","wse_m":54.44,"source":"ppri+lidar"}}]}