{
  "type": "FeatureCollection",
  "features": [
    {
      "type": "Feature",
      "geometry": {
        "type": "LineString",
        "coordinates": [
          [
            4.4732253,
            43.8187947
          ],
          [
            4.4732111,
            43.8186331
          ],
          [
            4.4726148,
            43.8186882
          ],
          [
            4.47243,
            43.8186715
          ],
          [
            4.4721882,
            43.8186497
          ],
          [
            4.4719714,
            43.8186723
          ],
          [
            4.4718887,
            43.8190249
          ],
          [
            4.4711429,
            43.8190323
          ],
          [
            4.4709447,
            43.8190053
          ],
          [
            4.4701163,
            43.8191219
          ],
          [
            4.4699835,
            43.8192155
          ],
          [
            4.4698495,
            43.8194146
          ],
          [
            4.4697339,
            43.8195864
          ],
          [
            4.469104,
            43.8203536
          ],
          [
            4.4677541,
            43.8205044
          ],
          [
            4.4657119,
            43.8208429
          ]
        ]
      },
      "properties": {
        "parking_id": "PKC_001",
        "origine_id": "ORI_007",
        "distance_m": 744,
        "temps_min": 1.3,
        "voie_dom": "tertiary",
        "veh_origine": 11
      }
    },
    {
      "type": "Feature",
      "geometry": {
        "type": "LineString",
        "coordinates": [
          [
            4.4732253,
            43.8187947
          ],
          [
            4.4732953,
            43.8190737
          ],
          [
            4.4739654,
            43.8190273
          ],
          [
            4.4745283,
            43.8190713
          ],
          [
            4.4749518,
            43.819671
          ],
          [
            4.4763044,
            43.8216525
          ],
          [
            4.4760583,
            43.8217388
          ],
          [
            4.4746933,
            43.8216617
          ],
          [
            4.4747956,
            43.8218626
          ]
        ]
      },
      "properties": {
        "parking_id": "PKC_001",
        "origine_id": "ORI_009",
        "distance_m": 632,
        "temps_min": 1.2,
        "voie_dom": "tertiary",
        "veh_origine": 6
      }
    },
    {
      "type": "Feature",
      "geometry": {
        "type": "LineString",
        "coordinates": [
          [
            4.4732253,
            43.8187947
          ],
          [
            4.4732953,
            43.8190737
          ],
          [
            4.4739654,
            43.8190273
          ],
          [
            4.4745283,
            43.8190713
          ],
          [
            4.475864,
            43.81871
          ],
          [
            4.4767843,
            43.8185439
          ],
          [
            4.4771034,
            43.8185571
          ],
          [
            4.4778253,
            43.8186225
          ],
          [
            4.4785242,
            43.8187102
          ],
          [
            4.4786033,
            43.818718
          ],
          [
            4.4785795,
            43.8191035
          ],
          [
            4.4785192,
            43.8197704
          ],
          [
            4.4784765,
            43.8202219
          ]
        ]
      },
      "properties": {
        "parking_id": "PKC_001",
        "origine_id": "ORI_003",
        "distance_m": 640,
        "temps_min": 1.2,
        "voie_dom": "tertiary",
        "veh_origine": 4
      }
    },
    {
      "type": "Feature",
      "geometry": {
        "type": "LineString",
        "coordinates": [
          [
            4.4732253,
            43.8187947
          ],
          [
            4.4732953,
            43.8190737
          ],
          [
            4.4739654,
            43.8190273
          ],
          [
            4.4745283,
            43.8190713
          ],
          [
            4.4749518,
            43.819671
          ],
          [
            4.4763044,
            43.8216525
          ],
          [
            4.4766771,
            43.8221793
          ],
          [
            4.4776117,
            43.8235267
          ]
        ]
      },
      "properties": {
        "parking_id": "PKC_001",
        "origine_id": "ORI_027",
        "distance_m": 688,
        "temps_min": 1.2,
        "voie_dom": "tertiary",
        "veh_origine": 3
      }
    },
    {
      "type": "Feature",
      "geometry": {
        "type": "LineString",
        "coordinates": [
          [
            4.4732253,
            43.8187947
          ],
          [
            4.4732953,
            43.8190737
          ],
          [
            4.4739654,
            43.8190273
          ],
          [
            4.4745283,
            43.8190713
          ],
          [
            4.4749518,
            43.819671
          ],
          [
            4.4763044,
            43.8216525
          ],
          [
            4.4766771,
            43.8221793
          ],
          [
            4.4776117,
            43.8235267
          ],
          [
            4.4781501,
            43.824303
          ],
          [
            4.4783932,
            43.8246535
          ],
          [
            4.4782941,
            43.8247235
          ],
          [
            4.4772863,
            43.8242391
          ]
        ]
      },
      "properties": {
        "parking_id": "PKC_001",
        "origine_id": "ORI_002",
        "distance_m": 956,
        "temps_min": 1.6,
        "voie_dom": "tertiary",
        "veh_origine": 1
      }
    },
    {
      "type": "Feature",
      "geometry": {
        "type": "LineString",
        "coordinates": [
          [
            4.4732253,
            43.8187947
          ],
          [
            4.4732111,
            43.8186331
          ],
          [
            4.4726148,
            43.8186882
          ],
          [
            4.47243,
            43.8186715
          ],
          [
            4.4721882,
            43.8186497
          ],
          [
            4.4719714,
            43.8186723
          ],
          [
            4.4718887,
            43.8190249
          ],
          [
            4.4711429,
            43.8190323
          ],
          [
            4.4709447,
            43.8190053
          ],
          [
            4.4701163,
            43.8191219
          ],
          [
            4.4699835,
            43.8192155
          ],
          [
            4.4698495,
            43.8194146
          ],
          [
            4.4697339,
            43.8195864
          ],
          [
            4.469104,
            43.8203536
          ],
          [
            4.4689408,
            43.821549
          ],
          [
            4.4705398,
            43.8217714
          ],
          [
            4.4727847,
            43.8208791
          ]
        ]
      },
      "properties": {
        "parking_id": "PKC_001",
        "origine_id": "ORI_017",
        "distance_m": 953,
        "temps_min": 1.8,
        "voie_dom": "tertiary",
        "veh_origine": 1
      }
    },
    {
      "type": "Feature",
      "geometry": {
        "type": "LineString",
        "coordinates": [
          [
            4.4732253,
            43.8187947
          ],
          [
            4.4732111,
            43.8186331
          ],
          [
            4.4726148,
            43.8186882
          ],
          [
            4.47243,
            43.8186715
          ],
          [
            4.4721882,
            43.8186497
          ],
          [
            4.4719714,
            43.8186723
          ],
          [
            4.4718887,
            43.8190249
          ],
          [
            4.4711429,
            43.8190323
          ],
          [
            4.4709447,
            43.8190053
          ],
          [
            4.4701163,
            43.8191219
          ],
          [
            4.4699835,
            43.8192155
          ],
          [
            4.4698495,
            43.8194146
          ],
          [
            4.4697339,
            43.8195864
          ],
          [
            4.469104,
            43.8203536
          ],
          [
            4.4689408,
            43.821549
          ]
        ]
      },
      "properties": {
        "parking_id": "PKC_001",
        "origine_id": "ORI_018",
        "distance_m": 600,
        "temps_min": 0.9,
        "voie_dom": "tertiary",
        "veh_origine": 1
      }
    },
    {
      "type": "Feature",
      "geometry": {
        "type": "LineString",
        "coordinates": [
          [
            4.4732253,
            43.8187947
          ],
          [
            4.4732953,
            43.8190737
          ],
          [
            4.4739654,
            43.8190273
          ],
          [
            4.4745283,
            43.8190713
          ],
          [
            4.4749518,
            43.819671
          ],
          [
            4.4763044,
            43.8216525
          ],
          [
            4.4760583,
            43.8217388
          ],
          [
            4.4746933,
            43.8216617
          ],
          [
            4.4742697,
            43.8218419
          ]
        ]
      },
      "properties": {
        "parking_id": "PKC_001",
        "origine_id": "ORI_021",
        "distance_m": 648,
        "temps_min": 1.2,
        "voie_dom": "tertiary",
        "veh_origine": 1
      }
    },
    {
      "type": "Feature",
      "geometry": {
        "type": "LineString",
        "coordinates": [
          [
            4.4732253,
            43.8187947
          ],
          [
            4.4732111,
            43.8186331
          ],
          [
            4.4726148,
            43.8186882
          ],
          [
            4.47243,
            43.8186715
          ],
          [
            4.4721882,
            43.8186497
          ],
          [
            4.4719714,
            43.8186723
          ],
          [
            4.4718887,
            43.8190249
          ],
          [
            4.4711429,
            43.8190323
          ],
          [
            4.4709447,
            43.8190053
          ],
          [
            4.4701163,
            43.8191219
          ],
          [
            4.4699835,
            43.8192155
          ],
          [
            4.4698495,
            43.8194146
          ],
          [
            4.4697339,
            43.8195864
          ],
          [
            4.469104,
            43.8203536
          ]
        ]
      },
      "properties": {
        "parking_id": "PKC_001",
        "origine_id": "ORI_025",
        "distance_m": 465,
        "temps_min": 0.7,
        "voie_dom": "tertiary",
        "veh_origine": 1
      }
    },
    {
      "type": "Feature",
      "geometry": {
        "type": "LineString",
        "coordinates": [
          [
            4.4732253,
            43.8187947
          ],
          [
            4.4732953,
            43.8190737
          ],
          [
            4.4739654,
            43.8190273
          ],
          [
            4.4745283,
            43.8190713
          ],
          [
            4.475864,
            43.81871
          ],
          [
            4.4767843,
            43.8185439
          ],
          [
            4.4771034,
            43.8185571
          ],
          [
            4.4778253,
            43.8186225
          ],
          [
            4.4785242,
            43.8187102
          ],
          [
            4.4786033,
            43.818718
          ],
          [
            4.480089,
            43.8189551
          ],
          [
            4.4804931,
            43.8190351
          ],
          [
            4.4808285,
            43.82001
          ]
        ]
      },
      "properties": {
        "parking_id": "PKC_001",
        "origine_id": "ORI_026",
        "distance_m": 740,
        "temps_min": 1.3,
        "voie_dom": "tertiary",
        "veh_origine": 1
      }
    },
    {
      "type": "Feature",
      "geometry": {
        "type": "LineString",
        "coordinates": [
          [
            4.4961524,
            43.8259324
          ],
          [
            4.4961854,
            43.8261737
          ],
          [
            4.4960506,
            43.8262813
          ],
          [
            4.4958597,
            43.826611
          ],
          [
            4.4959698,
            43.8275536
          ],
          [
            4.495989,
            43.8277739
          ],
          [
            4.4960565,
            43.8285555
          ],
          [
            4.4960628,
            43.8286129
          ],
          [
            4.4964185,
            43.830054
          ],
          [
            4.4964876,
            43.8302627
          ],
          [
            4.4965621,
            43.8304325
          ],
          [
            4.4967451,
            43.8308012
          ],
          [
            4.4968494,
            43.8310386
          ],
          [
            4.4964748,
            43.8311449
          ],
          [
            4.4963408,
            43.8315362
          ],
          [
            4.4963344,
            43.8317947
          ],
          [
            4.4963273,
            43.8321912
          ],
          [
            4.4962492,
            43.832317
          ],
          [
            4.4962575,
            43.8324595
          ],
          [
            4.4963096,
            43.8326787
          ],
          [
            4.4963436,
            43.8329072
          ],
          [
            4.4957189,
            43.8330153
          ],
          [
            4.4956073,
            43.8331685
          ],
          [
            4.4950011,
            43.8333791
          ],
          [
            4.4945384,
            43.8335197
          ],
          [
            4.4940413,
            43.8336111
          ],
          [
            4.4939379,
            43.8336774
          ],
          [
            4.4937461,
            43.8342775
          ],
          [
            4.4937087,
            43.8346667
          ],
          [
            4.4936846,
            43.8351114
          ],
          [
            4.4933524,
            43.8357545
          ],
          [
            4.4933755,
            43.8359605
          ],
          [
            4.4934165,
            43.8363261
          ],
          [
            4.4933995,
            43.8363843
          ],
          [
            4.4887957,
            43.8397821
          ],
          [
            4.4886068,
            43.8381104
          ]
        ]
      },
      "properties": {
        "parking_id": "PKC_002",
        "origine_id": "ORI_029",
        "distance_m": 2074,
        "temps_min": 3.8,
        "voie_dom": "primary",
        "veh_origine": 83
      }
    },
    {
      "type": "Feature",
      "geometry": {
        "type": "LineString",
        "coordinates": [
          [
            4.4961524,
            43.8259324
          ],
          [
            4.4961854,
            43.8261737
          ],
          [
            4.4960506,
            43.8262813
          ],
          [
            4.4957181,
            43.8262837
          ],
          [
            4.4956667,
            43.826258
          ],
          [
            4.495259,
            43.8262119
          ],
          [
            4.4894097,
            43.8267769
          ],
          [
            4.4890082,
            43.8268171
          ],
          [
            4.4810674,
            43.827604
          ]
        ]
      },
      "properties": {
        "parking_id": "PKC_002",
        "origine_id": "ORI_004",
        "distance_m": 1260,
        "temps_min": 1.5,
        "voie_dom": "primary",
        "veh_origine": 36
      }
    },
    {
      "type": "Feature",
      "geometry": {
        "type": "LineString",
        "coordinates": [
          [
            4.4961524,
            43.8259324
          ],
          [
            4.4961854,
            43.8261737
          ],
          [
            4.4960506,
            43.8262813
          ],
          [
            4.4958597,
            43.826611
          ],
          [
            4.4959698,
            43.8275536
          ],
          [
            4.495989,
            43.8277739
          ],
          [
            4.4950176,
            43.827828
          ],
          [
            4.4944285,
            43.828902
          ],
          [
            4.4943634,
            43.8289961
          ],
          [
            4.4928104,
            43.8290887
          ],
          [
            4.4932646,
            43.8298843
          ],
          [
            4.4934921,
            43.8303752
          ],
          [
            4.4935751,
            43.8304696
          ],
          [
            4.493419,
            43.830458
          ],
          [
            4.491725,
            43.8302369
          ],
          [
            4.4915925,
            43.8303079
          ],
          [
            4.4915477,
            43.8302428
          ],
          [
            4.4898709,
            43.830535
          ],
          [
            4.4887324,
            43.8307642
          ],
          [
            4.4880761,
            43.8307804
          ],
          [
            4.4861466,
            43.830498
          ]
        ]
      },
      "properties": {
        "parking_id": "PKC_002",
        "origine_id": "ORI_031",
        "distance_m": 1372,
        "temps_min": 2.6,
        "voie_dom": "primary",
        "veh_origine": 19
      }
    },
    {
      "type": "Feature",
      "geometry": {
        "type": "LineString",
        "coordinates": [
          [
            4.4961524,
            43.8259324
          ],
          [
            4.4961854,
            43.8261737
          ],
          [
            4.4960506,
            43.8262813
          ],
          [
            4.4957181,
            43.8262837
          ],
          [
            4.4956667,
            43.826258
          ],
          [
            4.495259,
            43.8262119
          ],
          [
            4.4894097,
            43.8267769
          ],
          [
            4.4890082,
            43.8268171
          ],
          [
            4.4810674,
            43.827604
          ],
          [
            4.4804137,
            43.8277782
          ],
          [
            4.4802925,
            43.8279172
          ],
          [
            4.4800308,
            43.8279988
          ],
          [
            4.4798411,
            43.827978
          ],
          [
            4.4667737,
            43.8291428
          ],
          [
            4.4665303,
            43.8292398
          ],
          [
            4.4662141,
            43.8291864
          ],
          [
            4.4660425,
            43.8289149
          ],
          [
            4.4663802,
            43.8286442
          ],
          [
            4.4666627,
            43.8283198
          ],
          [
            4.4666749,
            43.8282168
          ],
          [
            4.4666972,
            43.8280233
          ],
          [
            4.4689408,
            43.821549
          ],
          [
            4.469104,
            43.8203536
          ],
          [
            4.4677541,
            43.8205044
          ],
          [
            4.4657119,
            43.8208429
          ]
        ]
      },
      "properties": {
        "parking_id": "PKC_002",
        "origine_id": "ORI_007",
        "distance_m": 3883,
        "temps_min": 5.2,
        "voie_dom": "primary",
        "veh_origine": 11
      }
    },
    {
      "type": "Feature",
      "geometry": {
        "type": "LineString",
        "coordinates": [
          [
            4.4961524,
            43.8259324
          ],
          [
            4.4961854,
            43.8261737
          ],
          [
            4.4960506,
            43.8262813
          ],
          [
            4.4957181,
            43.8262837
          ],
          [
            4.4956667,
            43.826258
          ],
          [
            4.495259,
            43.8262119
          ],
          [
            4.4894097,
            43.8267769
          ],
          [
            4.4890082,
            43.8268171
          ],
          [
            4.4810674,
            43.827604
          ],
          [
            4.4804137,
            43.8277782
          ],
          [
            4.4802925,
            43.8279172
          ],
          [
            4.4800308,
            43.8279988
          ],
          [
            4.4798411,
            43.827978
          ],
          [
            4.4667737,
            43.8291428
          ],
          [
            4.4665303,
            43.8292398
          ],
          [
            4.4662141,
            43.8291864
          ],
          [
            4.4660425,
            43.8289149
          ],
          [
            4.4663802,
            43.8286442
          ],
          [
            4.4666627,
            43.8283198
          ],
          [
            4.4666749,
            43.8282168
          ],
          [
            4.4666972,
            43.8280233
          ]
        ]
      },
      "properties": {
        "parking_id": "PKC_002",
        "origine_id": "ORI_016",
        "distance_m": 2724,
        "temps_min": 3.3,
        "voie_dom": "primary",
        "veh_origine": 10
      }
    },
    {
      "type": "Feature",
      "geometry": {
        "type": "LineString",
        "coordinates": [
          [
            4.4961524,
            43.8259324
          ],
          [
            4.4961854,
            43.8261737
          ],
          [
            4.4960506,
            43.8262813
          ],
          [
            4.4957181,
            43.8262837
          ],
          [
            4.4956667,
            43.826258
          ],
          [
            4.495259,
            43.8262119
          ],
          [
            4.4894097,
            43.8267769
          ],
          [
            4.4890082,
            43.8268171
          ],
          [
            4.4810674,
            43.827604
          ],
          [
            4.4804137,
            43.8277782
          ],
          [
            4.4802925,
            43.8279172
          ],
          [
            4.4800308,
            43.8279988
          ],
          [
            4.4798411,
            43.827978
          ],
          [
            4.4796322,
            43.8278531
          ],
          [
            4.4795931,
            43.8275782
          ],
          [
            4.4793671,
            43.8274742
          ],
          [
            4.4792341,
            43.8274795
          ],
          [
            4.4781061,
            43.827651
          ],
          [
            4.4750434,
            43.8286931
          ],
          [
            4.4752789,
            43.828193
          ],
          [
            4.4712746,
            43.8292235
          ]
        ]
      },
      "properties": {
        "parking_id": "PKC_002",
        "origine_id": "ORI_008",
        "distance_m": 2302,
        "temps_min": 3.8,
        "voie_dom": "primary",
        "veh_origine": 9
      }
    },
    {
      "type": "Feature",
      "geometry": {
        "type": "LineString",
        "coordinates": [
          [
            4.4961524,
            43.8259324
          ],
          [
            4.4961854,
            43.8261737
          ],
          [
            4.4960506,
            43.8262813
          ],
          [
            4.4957181,
            43.8262837
          ],
          [
            4.4956667,
            43.826258
          ],
          [
            4.495259,
            43.8262119
          ],
          [
            4.4894097,
            43.8267769
          ],
          [
            4.4890082,
            43.8268171
          ],
          [
            4.4810674,
            43.827604
          ],
          [
            4.4804137,
            43.8277782
          ],
          [
            4.4802925,
            43.8279172
          ],
          [
            4.4800308,
            43.8279988
          ],
          [
            4.4798411,
            43.827978
          ],
          [
            4.4667737,
            43.8291428
          ],
          [
            4.4665303,
            43.8292398
          ],
          [
            4.4662141,
            43.8291864
          ],
          [
            4.4660425,
            43.8289149
          ],
          [
            4.4663802,
            43.8286442
          ],
          [
            4.4666627,
            43.8283198
          ],
          [
            4.4666749,
            43.8282168
          ],
          [
            4.4757613,
            43.8262427
          ],
          [
            4.4735259,
            43.8260765
          ]
        ]
      },
      "properties": {
        "parking_id": "PKC_002",
        "origine_id": "ORI_010",
        "distance_m": 3795,
        "temps_min": 5.9,
        "voie_dom": "primary",
        "veh_origine": 7
      }
    },
    {
      "type": "Feature",
      "geometry": {
        "type": "LineString",
        "coordinates": [
          [
            4.4961524,
            43.8259324
          ],
          [
            4.4961854,
            43.8261737
          ],
          [
            4.4960506,
            43.8262813
          ],
          [
            4.4958597,
            43.826611
          ],
          [
            4.4959698,
            43.8275536
          ],
          [
            4.495989,
            43.8277739
          ],
          [
            4.4960565,
            43.8285555
          ],
          [
            4.4960628,
            43.8286129
          ],
          [
            4.4964185,
            43.830054
          ],
          [
            4.4964876,
            43.8302627
          ],
          [
            4.4965621,
            43.8304325
          ],
          [
            4.4967451,
            43.8308012
          ],
          [
            4.4968494,
            43.8310386
          ],
          [
            4.4964748,
            43.8311449
          ],
          [
            4.4963408,
            43.8315362
          ],
          [
            4.4963344,
            43.8317947
          ],
          [
            4.4963273,
            43.8321912
          ],
          [
            4.4962492,
            43.832317
          ],
          [
            4.4962575,
            43.8324595
          ],
          [
            4.4963096,
            43.8326787
          ],
          [
            4.4963436,
            43.8329072
          ],
          [
            4.4964045,
            43.8333292
          ],
          [
            4.4964519,
            43.8336285
          ],
          [
            4.4967764,
            43.834146
          ],
          [
            4.4971831,
            43.8350138
          ],
          [
            4.4972985,
            43.8356184
          ],
          [
            4.4974389,
            43.8362542
          ],
          [
            4.497549,
            43.8366298
          ],
          [
            4.4965965,
            43.8367492
          ]
        ]
      },
      "properties": {
        "parking_id": "PKC_002",
        "origine_id": "ORI_030",
        "distance_m": 1326,
        "temps_min": 2.2,
        "voie_dom": "primary",
        "veh_origine": 7
      }
    },
    {
      "type": "Feature",
      "geometry": {
        "type": "LineString",
        "coordinates": [
          [
            4.4961524,
            43.8259324
          ],
          [
            4.4961854,
            43.8261737
          ],
          [
            4.4960506,
            43.8262813
          ],
          [
            4.4957181,
            43.8262837
          ],
          [
            4.4956667,
            43.826258
          ],
          [
            4.4955515,
            43.8260362
          ],
          [
            4.4956002,
            43.8259435
          ],
          [
            4.4955244,
            43.8255328
          ],
          [
            4.4953692,
            43.8251977
          ],
          [
            4.4939503,
            43.8228994
          ],
          [
            4.4923549,
            43.8206698
          ],
          [
            4.4920033,
            43.8204898
          ],
          [
            4.491926,
            43.820503
          ],
          [
            4.4917063,
            43.8204554
          ],
          [
            4.4916281,
            43.8203852
          ],
          [
            4.4916019,
            43.8202443
          ],
          [
            4.4913423,
            43.8199125
          ],
          [
            4.4900472,
            43.8186345
          ],
          [
            4.4889431,
            43.8174259
          ],
          [
            4.4870637,
            43.8150717
          ],
          [
            4.4867833,
            43.8148233
          ],
          [
            4.4867191,
            43.8148062
          ],
          [
            4.4863624,
            43.8149233
          ],
          [
            4.4853215,
            43.8161855
          ],
          [
            4.484423,
            43.817986
          ],
          [
            4.4844956,
            43.8180557
          ],
          [
            4.4844073,
            43.8181334
          ],
          [
            4.4842891,
            43.8180799
          ],
          [
            4.4827089,
            43.8185284
          ],
          [
            4.4825925,
            43.8185678
          ],
          [
            4.4819289,
            43.8187852
          ],
          [
            4.4804931,
            43.8190351
          ],
          [
            4.480089,
            43.8189551
          ],
          [
            4.4786033,
            43.818718
          ],
          [
            4.4785242,
            43.8187102
          ],
          [
            4.4778253,
            43.8186225
          ],
          [
            4.4771034,
            43.8185571
          ],
          [
            4.4767843,
            43.8185439
          ],
          [
            4.475864,
            43.81871
          ],
          [
            4.4745283,
            43.8190713
          ],
          [
            4.4749518,
            43.819671
          ],
          [
            4.4763044,
            43.8216525
          ],
          [
            4.4760583,
            43.8217388
          ],
          [
            4.4746933,
            43.8216617
          ],
          [
            4.4747956,
            43.8218626
          ]
        ]
      },
      "properties": {
        "parking_id": "PKC_002",
        "origine_id": "ORI_009",
        "distance_m": 3334,
        "temps_min": 4.8,
        "voie_dom": "primary",
        "veh_origine": 6
      }
    },
    {
      "type": "Feature",
      "geometry": {
        "type": "LineString",
        "coordinates": [
          [
            4.4961524,
            43.8259324
          ],
          [
            4.4961854,
            43.8261737
          ],
          [
            4.4960506,
            43.8262813
          ],
          [
            4.4957181,
            43.8262837
          ],
          [
            4.4956667,
            43.826258
          ],
          [
            4.495259,
            43.8262119
          ],
          [
            4.4894097,
            43.8267769
          ],
          [
            4.4890082,
            43.8268171
          ],
          [
            4.4810674,
            43.827604
          ],
          [
            4.4804137,
            43.8277782
          ],
          [
            4.4802925,
            43.8279172
          ],
          [
            4.4800308,
            43.8279988
          ],
          [
            4.4798411,
            43.827978
          ],
          [
            4.4796322,
            43.8278531
          ],
          [
            4.4795931,
            43.8275782
          ],
          [
            4.4793671,
            43.8274742
          ],
          [
            4.4792341,
            43.8274795
          ],
          [
            4.4781061,
            43.827651
          ],
          [
            4.4750434,
            43.8286931
          ],
          [
            4.4752789,
            43.828193
          ],
          [
            4.4712746,
            43.8292235
          ]
        ]
      },
      "properties": {
        "parking_id": "PKC_002",
        "origine_id": "ORI_019",
        "distance_m": 2302,
        "temps_min": 3.8,
        "voie_dom": "primary",
        "veh_origine": 6
      }
    },
    {
      "type": "Feature",
      "geometry": {
        "type": "LineString",
        "coordinates": [
          [
            4.4961524,
            43.8259324
          ],
          [
            4.4961854,
            43.8261737
          ],
          [
            4.4960506,
            43.8262813
          ],
          [
            4.4958597,
            43.826611
          ],
          [
            4.4959698,
            43.8275536
          ],
          [
            4.495989,
            43.8277739
          ],
          [
            4.4960565,
            43.8285555
          ],
          [
            4.4960628,
            43.8286129
          ],
          [
            4.4964185,
            43.830054
          ],
          [
            4.4964876,
            43.8302627
          ],
          [
            4.4965621,
            43.8304325
          ],
          [
            4.4967451,
            43.8308012
          ],
          [
            4.4968494,
            43.8310386
          ],
          [
            4.4964748,
            43.8311449
          ],
          [
            4.4963408,
            43.8315362
          ],
          [
            4.4963344,
            43.8317947
          ],
          [
            4.4963273,
            43.8321912
          ],
          [
            4.4962492,
            43.832317
          ],
          [
            4.4962575,
            43.8324595
          ],
          [
            4.4963096,
            43.8326787
          ],
          [
            4.4963436,
            43.8329072
          ],
          [
            4.4957189,
            43.8330153
          ],
          [
            4.4956073,
            43.8331685
          ],
          [
            4.4950011,
            43.8333791
          ],
          [
            4.4945384,
            43.8335197
          ],
          [
            4.4940413,
            43.8336111
          ],
          [
            4.4939379,
            43.8336774
          ],
          [
            4.4939009,
            43.833648
          ],
          [
            4.4939602,
            43.8335756
          ],
          [
            4.4936854,
            43.8324266
          ],
          [
            4.4931821,
            43.8319114
          ]
        ]
      },
      "properties": {
        "parking_id": "PKC_002",
        "origine_id": "ORI_039",
        "distance_m": 1267,
        "temps_min": 2.0,
        "voie_dom": "primary",
        "veh_origine": 6
      }
    },
    {
      "type": "Feature",
      "geometry": {
        "type": "LineString",
        "coordinates": [
          [
            4.4961524,
            43.8259324
          ],
          [
            4.4961854,
            43.8261737
          ],
          [
            4.4960506,
            43.8262813
          ],
          [
            4.4957181,
            43.8262837
          ],
          [
            4.4956667,
            43.826258
          ],
          [
            4.4955515,
            43.8260362
          ],
          [
            4.4956002,
            43.8259435
          ],
          [
            4.4955244,
            43.8255328
          ],
          [
            4.4953692,
            43.8251977
          ],
          [
            4.4939503,
            43.8228994
          ],
          [
            4.4923549,
            43.8206698
          ],
          [
            4.4920033,
            43.8204898
          ],
          [
            4.491926,
            43.820503
          ],
          [
            4.4917063,
            43.8204554
          ],
          [
            4.4916281,
            43.8203852
          ],
          [
            4.4916019,
            43.8202443
          ],
          [
            4.4913423,
            43.8199125
          ],
          [
            4.4900472,
            43.8186345
          ],
          [
            4.4889431,
            43.8174259
          ],
          [
            4.4870637,
            43.8150717
          ],
          [
            4.4867833,
            43.8148233
          ],
          [
            4.4867191,
            43.8148062
          ],
          [
            4.4863624,
            43.8149233
          ],
          [
            4.4853215,
            43.8161855
          ],
          [
            4.484423,
            43.817986
          ],
          [
            4.4844956,
            43.8180557
          ],
          [
            4.4844073,
            43.8181334
          ],
          [
            4.4842891,
            43.8180799
          ],
          [
            4.4827089,
            43.8185284
          ],
          [
            4.4825925,
            43.8185678
          ],
          [
            4.4819289,
            43.8187852
          ],
          [
            4.4804931,
            43.8190351
          ],
          [
            4.480089,
            43.8189551
          ],
          [
            4.4786033,
            43.818718
          ],
          [
            4.4785795,
            43.8191035
          ],
          [
            4.4785192,
            43.8197704
          ],
          [
            4.4784765,
            43.8202219
          ]
        ]
      },
      "properties": {
        "parking_id": "PKC_002",
        "origine_id": "ORI_003",
        "distance_m": 2664,
        "temps_min": 3.8,
        "voie_dom": "primary",
        "veh_origine": 4
      }
    },
    {
      "type": "Feature",
      "geometry": {
        "type": "LineString",
        "coordinates": [
          [
            4.4961524,
            43.8259324
          ],
          [
            4.4961854,
            43.8261737
          ],
          [
            4.4960506,
            43.8262813
          ],
          [
            4.4957181,
            43.8262837
          ],
          [
            4.4956667,
            43.826258
          ],
          [
            4.495259,
            43.8262119
          ],
          [
            4.4894097,
            43.8267769
          ],
          [
            4.4890082,
            43.8268171
          ],
          [
            4.4810674,
            43.827604
          ],
          [
            4.4804137,
            43.8277782
          ],
          [
            4.4802925,
            43.8279172
          ],
          [
            4.4800308,
            43.8279988
          ],
          [
            4.4798411,
            43.827978
          ],
          [
            4.4667737,
            43.8291428
          ],
          [
            4.4665303,
            43.8292398
          ],
          [
            4.4662141,
            43.8291864
          ],
          [
            4.4660425,
            43.8289149
          ],
          [
            4.4663802,
            43.8286442
          ],
          [
            4.4666627,
            43.8283198
          ],
          [
            4.4666749,
            43.8282168
          ],
          [
            4.4666972,
            43.8280233
          ]
        ]
      },
      "properties": {
        "parking_id": "PKC_002",
        "origine_id": "ORI_012",
        "distance_m": 2724,
        "temps_min": 3.3,
        "voie_dom": "primary",
        "veh_origine": 4
      }
    },
    {
      "type": "Feature",
      "geometry": {
        "type": "LineString",
        "coordinates": [
          [
            4.4961524,
            43.8259324
          ],
          [
            4.4961854,
            43.8261737
          ],
          [
            4.4960506,
            43.8262813
          ],
          [
            4.4958597,
            43.826611
          ],
          [
            4.4959698,
            43.8275536
          ],
          [
            4.495989,
            43.8277739
          ],
          [
            4.4960565,
            43.8285555
          ],
          [
            4.4960628,
            43.8286129
          ],
          [
            4.4964185,
            43.830054
          ],
          [
            4.4964876,
            43.8302627
          ],
          [
            4.4965621,
            43.8304325
          ],
          [
            4.4967451,
            43.8308012
          ],
          [
            4.4968494,
            43.8310386
          ],
          [
            4.4964748,
            43.8311449
          ],
          [
            4.4963408,
            43.8315362
          ],
          [
            4.4963344,
            43.8317947
          ],
          [
            4.4963273,
            43.8321912
          ],
          [
            4.4962492,
            43.832317
          ],
          [
            4.4962575,
            43.8324595
          ],
          [
            4.4963096,
            43.8326787
          ],
          [
            4.4963436,
            43.8329072
          ],
          [
            4.4957189,
            43.8330153
          ],
          [
            4.4956073,
            43.8331685
          ],
          [
            4.4950011,
            43.8333791
          ],
          [
            4.4945384,
            43.8335197
          ],
          [
            4.4940413,
            43.8336111
          ],
          [
            4.4939379,
            43.8336774
          ],
          [
            4.4939009,
            43.833648
          ],
          [
            4.4932128,
            43.833704
          ],
          [
            4.4918093,
            43.8337417
          ],
          [
            4.4908758,
            43.833773
          ],
          [
            4.4840329,
            43.8340457
          ]
        ]
      },
      "properties": {
        "parking_id": "PKC_002",
        "origine_id": "ORI_013",
        "distance_m": 1840,
        "temps_min": 3.2,
        "voie_dom": "primary",
        "veh_origine": 4
      }
    },
    {
      "type": "Feature",
      "geometry": {
        "type": "LineString",
        "coordinates": [
          [
            4.4961524,
            43.8259324
          ],
          [
            4.4961854,
            43.8261737
          ],
          [
            4.4960506,
            43.8262813
          ],
          [
            4.4958597,
            43.826611
          ],
          [
            4.4959698,
            43.8275536
          ],
          [
            4.495989,
            43.8277739
          ],
          [
            4.4960565,
            43.8285555
          ],
          [
            4.4960628,
            43.8286129
          ],
          [
            4.4964185,
            43.830054
          ],
          [
            4.4964876,
            43.8302627
          ],
          [
            4.4965621,
            43.8304325
          ],
          [
            4.4967451,
            43.8308012
          ],
          [
            4.4968494,
            43.8310386
          ],
          [
            4.4964748,
            43.8311449
          ],
          [
            4.4963408,
            43.8315362
          ],
          [
            4.4963344,
            43.8317947
          ],
          [
            4.4963273,
            43.8321912
          ],
          [
            4.4962492,
            43.832317
          ],
          [
            4.4962575,
            43.8324595
          ],
          [
            4.4963096,
            43.8326787
          ],
          [
            4.4963436,
            43.8329072
          ],
          [
            4.4957189,
            43.8330153
          ],
          [
            4.4956073,
            43.8331685
          ],
          [
            4.4950011,
            43.8333791
          ],
          [
            4.4945384,
            43.8335197
          ],
          [
            4.4940413,
            43.8336111
          ],
          [
            4.4939379,
            43.8336774
          ],
          [
            4.4939009,
            43.833648
          ],
          [
            4.4932128,
            43.833704
          ],
          [
            4.4918093,
            43.8337417
          ],
          [
            4.4908758,
            43.833773
          ],
          [
            4.4840329,
            43.8340457
          ]
        ]
      },
      "properties": {
        "parking_id": "PKC_002",
        "origine_id": "ORI_022",
        "distance_m": 1840,
        "temps_min": 3.2,
        "voie_dom": "primary",
        "veh_origine": 4
      }
    },
    {
      "type": "Feature",
      "geometry": {
        "type": "LineString",
        "coordinates": [
          [
            4.4961524,
            43.8259324
          ],
          [
            4.4961854,
            43.8261737
          ],
          [
            4.4960506,
            43.8262813
          ],
          [
            4.4957181,
            43.8262837
          ],
          [
            4.4956667,
            43.826258
          ],
          [
            4.495259,
            43.8262119
          ],
          [
            4.4894097,
            43.8267769
          ],
          [
            4.4890082,
            43.8268171
          ],
          [
            4.4810674,
            43.827604
          ],
          [
            4.4804137,
            43.8277782
          ],
          [
            4.4802925,
            43.8279172
          ],
          [
            4.4800308,
            43.8279988
          ],
          [
            4.4798411,
            43.827978
          ],
          [
            4.4667737,
            43.8291428
          ],
          [
            4.4665303,
            43.8292398
          ],
          [
            4.4662141,
            43.8291864
          ],
          [
            4.4660425,
            43.8289149
          ],
          [
            4.4663802,
            43.8286442
          ],
          [
            4.4666627,
            43.8283198
          ],
          [
            4.4666749,
            43.8282168
          ],
          [
            4.4757613,
            43.8262427
          ]
        ]
      },
      "properties": {
        "parking_id": "PKC_002",
        "origine_id": "ORI_015",
        "distance_m": 3615,
        "temps_min": 5.5,
        "voie_dom": "primary",
        "veh_origine": 3
      }
    },
    {
      "type": "Feature",
      "geometry": {
        "type": "LineString",
        "coordinates": [
          [
            4.4961524,
            43.8259324
          ],
          [
            4.4961854,
            43.8261737
          ],
          [
            4.4960506,
            43.8262813
          ],
          [
            4.4957181,
            43.8262837
          ],
          [
            4.4956667,
            43.826258
          ],
          [
            4.495259,
            43.8262119
          ],
          [
            4.4894097,
            43.8267769
          ],
          [
            4.4890082,
            43.8268171
          ],
          [
            4.4810674,
            43.827604
          ],
          [
            4.4804137,
            43.8277782
          ],
          [
            4.4802925,
            43.8279172
          ],
          [
            4.4800308,
            43.8279988
          ],
          [
            4.4798411,
            43.827978
          ],
          [
            4.4796322,
            43.8278531
          ],
          [
            4.4795931,
            43.8275782
          ],
          [
            4.4793671,
            43.8274742
          ],
          [
            4.4792341,
            43.8274795
          ],
          [
            4.4781061,
            43.827651
          ],
          [
            4.4750434,
            43.8286931
          ],
          [
            4.4752789,
            43.828193
          ],
          [
            4.4791133,
            43.8257106
          ],
          [
            4.4785365,
            43.8248727
          ],
          [
            4.4783932,
            43.8246535
          ],
          [
            4.4781501,
            43.824303
          ],
          [
            4.4776117,
            43.8235267
          ]
        ]
      },
      "properties": {
        "parking_id": "PKC_002",
        "origine_id": "ORI_027",
        "distance_m": 2736,
        "temps_min": 4.6,
        "voie_dom": "primary",
        "veh_origine": 3
      }
    },
    {
      "type": "Feature",
      "geometry": {
        "type": "LineString",
        "coordinates": [
          [
            4.4961524,
            43.8259324
          ],
          [
            4.4961854,
            43.8261737
          ],
          [
            4.4960506,
            43.8262813
          ],
          [
            4.4957181,
            43.8262837
          ],
          [
            4.4956667,
            43.826258
          ],
          [
            4.495259,
            43.8262119
          ],
          [
            4.4894097,
            43.8267769
          ],
          [
            4.4890082,
            43.8268171
          ],
          [
            4.4888534,
            43.8263593
          ],
          [
            4.4884619,
            43.8264006
          ]
        ]
      },
      "properties": {
        "parking_id": "PKC_002",
        "origine_id": "ORI_034",
        "distance_m": 702,
        "temps_min": 0.9,
        "voie_dom": "primary",
        "veh_origine": 3
      }
    },
    {
      "type": "Feature",
      "geometry": {
        "type": "LineString",
        "coordinates": [
          [
            4.4961524,
            43.8259324
          ],
          [
            4.4961854,
            43.8261737
          ],
          [
            4.4960506,
            43.8262813
          ],
          [
            4.4958597,
            43.826611
          ],
          [
            4.4959698,
            43.8275536
          ],
          [
            4.495989,
            43.8277739
          ],
          [
            4.4960565,
            43.8285555
          ],
          [
            4.4960628,
            43.8286129
          ],
          [
            4.4964185,
            43.830054
          ],
          [
            4.4964876,
            43.8302627
          ],
          [
            4.4965621,
            43.8304325
          ],
          [
            4.4967451,
            43.8308012
          ],
          [
            4.4968494,
            43.8310386
          ],
          [
            4.4964748,
            43.8311449
          ],
          [
            4.4963408,
            43.8315362
          ],
          [
            4.4963344,
            43.8317947
          ],
          [
            4.4963273,
            43.8321912
          ],
          [
            4.4962492,
            43.832317
          ],
          [
            4.4962575,
            43.8324595
          ],
          [
            4.4963096,
            43.8326787
          ],
          [
            4.4963436,
            43.8329072
          ],
          [
            4.4957189,
            43.8330153
          ],
          [
            4.4956073,
            43.8331685
          ],
          [
            4.4950011,
            43.8333791
          ],
          [
            4.4945384,
            43.8335197
          ],
          [
            4.4940413,
            43.8336111
          ],
          [
            4.4939379,
            43.8336774
          ],
          [
            4.4937461,
            43.8342775
          ],
          [
            4.4937087,
            43.8346667
          ],
          [
            4.4936846,
            43.8351114
          ],
          [
            4.4933524,
            43.8357545
          ],
          [
            4.4933755,
            43.8359605
          ],
          [
            4.4934165,
            43.8363261
          ],
          [
            4.4933995,
            43.8363843
          ]
        ]
      },
      "properties": {
        "parking_id": "PKC_002",
        "origine_id": "ORI_035",
        "distance_m": 1348,
        "temps_min": 2.2,
        "voie_dom": "primary",
        "veh_origine": 2
      }
    },
    {
      "type": "Feature",
      "geometry": {
        "type": "LineString",
        "coordinates": [
          [
            4.4961524,
            43.8259324
          ],
          [
            4.4961854,
            43.8261737
          ],
          [
            4.4960506,
            43.8262813
          ],
          [
            4.4958597,
            43.826611
          ],
          [
            4.4959698,
            43.8275536
          ],
          [
            4.495989,
            43.8277739
          ],
          [
            4.4960565,
            43.8285555
          ],
          [
            4.4960628,
            43.8286129
          ],
          [
            4.4964185,
            43.830054
          ],
          [
            4.4964876,
            43.8302627
          ],
          [
            4.4965621,
            43.8304325
          ],
          [
            4.4967451,
            43.8308012
          ],
          [
            4.4968494,
            43.8310386
          ],
          [
            4.4964748,
            43.8311449
          ],
          [
            4.4963408,
            43.8315362
          ],
          [
            4.4963344,
            43.8317947
          ],
          [
            4.4963273,
            43.8321912
          ],
          [
            4.4962492,
            43.832317
          ],
          [
            4.4962575,
            43.8324595
          ],
          [
            4.4963096,
            43.8326787
          ],
          [
            4.4963436,
            43.8329072
          ],
          [
            4.4957189,
            43.8330153
          ],
          [
            4.4956073,
            43.8331685
          ],
          [
            4.4950011,
            43.8333791
          ],
          [
            4.4945384,
            43.8335197
          ],
          [
            4.4940413,
            43.8336111
          ],
          [
            4.4939379,
            43.8336774
          ],
          [
            4.4937461,
            43.8342775
          ],
          [
            4.4937087,
            43.8346667
          ],
          [
            4.4936846,
            43.8351114
          ],
          [
            4.4933524,
            43.8357545
          ],
          [
            4.4933755,
            43.8359605
          ],
          [
            4.4934165,
            43.8363261
          ],
          [
            4.4933995,
            43.8363843
          ],
          [
            4.4887957,
            43.8397821
          ],
          [
            4.4876075,
            43.8400533
          ],
          [
            4.4772236,
            43.8375156
          ]
        ]
      },
      "properties": {
        "parking_id": "PKC_002",
        "origine_id": "ORI_001",
        "distance_m": 3033,
        "temps_min": 6.2,
        "voie_dom": "primary",
        "veh_origine": 1
      }
    },
    {
      "type": "Feature",
      "geometry": {
        "type": "LineString",
        "coordinates": [
          [
            4.4961524,
            43.8259324
          ],
          [
            4.4961854,
            43.8261737
          ],
          [
            4.4960506,
            43.8262813
          ],
          [
            4.4957181,
            43.8262837
          ],
          [
            4.4956667,
            43.826258
          ],
          [
            4.495259,
            43.8262119
          ],
          [
            4.4894097,
            43.8267769
          ],
          [
            4.4890082,
            43.8268171
          ],
          [
            4.4810674,
            43.827604
          ],
          [
            4.4804137,
            43.8277782
          ],
          [
            4.4802925,
            43.8279172
          ],
          [
            4.4800308,
            43.8279988
          ],
          [
            4.4798411,
            43.827978
          ],
          [
            4.4796322,
            43.8278531
          ],
          [
            4.4795931,
            43.8275782
          ],
          [
            4.4793671,
            43.8274742
          ],
          [
            4.4792341,
            43.8274795
          ],
          [
            4.4781061,
            43.827651
          ],
          [
            4.4750434,
            43.8286931
          ],
          [
            4.4752789,
            43.828193
          ],
          [
            4.4791133,
            43.8257106
          ],
          [
            4.4785365,
            43.8248727
          ],
          [
            4.4783932,
            43.8246535
          ],
          [
            4.4782941,
            43.8247235
          ],
          [
            4.4772863,
            43.8242391
          ]
        ]
      },
      "properties": {
        "parking_id": "PKC_002",
        "origine_id": "ORI_002",
        "distance_m": 2724,
        "temps_min": 4.7,
        "voie_dom": "primary",
        "veh_origine": 1
      }
    },
    {
      "type": "Feature",
      "geometry": {
        "type": "LineString",
        "coordinates": [
          [
            4.4961524,
            43.8259324
          ],
          [
            4.4961854,
            43.8261737
          ],
          [
            4.4960506,
            43.8262813
          ],
          [
            4.4957181,
            43.8262837
          ],
          [
            4.4956667,
            43.826258
          ],
          [
            4.495259,
            43.8262119
          ],
          [
            4.4894097,
            43.8267769
          ],
          [
            4.4890082,
            43.8268171
          ],
          [
            4.4810674,
            43.827604
          ],
          [
            4.4804137,
            43.8277782
          ],
          [
            4.4802925,
            43.8279172
          ],
          [
            4.4800308,
            43.8279988
          ],
          [
            4.4798411,
            43.827978
          ],
          [
            4.4796322,
            43.8278531
          ],
          [
            4.4795931,
            43.8275782
          ],
          [
            4.4793671,
            43.8274742
          ],
          [
            4.4792341,
            43.8274795
          ],
          [
            4.4781061,
            43.827651
          ],
          [
            4.4750434,
            43.8286931
          ],
          [
            4.4752789,
            43.828193
          ]
        ]
      },
      "properties": {
        "parking_id": "PKC_002",
        "origine_id": "ORI_014",
        "distance_m": 1949,
        "temps_min": 3.0,
        "voie_dom": "primary",
        "veh_origine": 1
      }
    },
    {
      "type": "Feature",
      "geometry": {
        "type": "LineString",
        "coordinates": [
          [
            4.4961524,
            43.8259324
          ],
          [
            4.4961854,
            43.8261737
          ],
          [
            4.4960506,
            43.8262813
          ],
          [
            4.4957181,
            43.8262837
          ],
          [
            4.4956667,
            43.826258
          ],
          [
            4.495259,
            43.8262119
          ],
          [
            4.4894097,
            43.8267769
          ],
          [
            4.4890082,
            43.8268171
          ],
          [
            4.4810674,
            43.827604
          ],
          [
            4.4804137,
            43.8277782
          ],
          [
            4.4802925,
            43.8279172
          ],
          [
            4.4800308,
            43.8279988
          ],
          [
            4.4798411,
            43.827978
          ],
          [
            4.4667737,
            43.8291428
          ],
          [
            4.4665303,
            43.8292398
          ],
          [
            4.4662141,
            43.8291864
          ],
          [
            4.4660425,
            43.8289149
          ],
          [
            4.4663802,
            43.8286442
          ],
          [
            4.4666627,
            43.8283198
          ],
          [
            4.4666749,
            43.8282168
          ],
          [
            4.4666972,
            43.8280233
          ],
          [
            4.4689408,
            43.821549
          ],
          [
            4.4705398,
            43.8217714
          ],
          [
            4.4727847,
            43.8208791
          ]
        ]
      },
      "properties": {
        "parking_id": "PKC_002",
        "origine_id": "ORI_017",
        "distance_m": 3822,
        "temps_min": 5.3,
        "voie_dom": "primary",
        "veh_origine": 1
      }
    },
    {
      "type": "Feature",
      "geometry": {
        "type": "LineString",
        "coordinates": [
          [
            4.4961524,
            43.8259324
          ],
          [
            4.4961854,
            43.8261737
          ],
          [
            4.4960506,
            43.8262813
          ],
          [
            4.4957181,
            43.8262837
          ],
          [
            4.4956667,
            43.826258
          ],
          [
            4.495259,
            43.8262119
          ],
          [
            4.4894097,
            43.8267769
          ],
          [
            4.4890082,
            43.8268171
          ],
          [
            4.4810674,
            43.827604
          ],
          [
            4.4804137,
            43.8277782
          ],
          [
            4.4802925,
            43.8279172
          ],
          [
            4.4800308,
            43.8279988
          ],
          [
            4.4798411,
            43.827978
          ],
          [
            4.4667737,
            43.8291428
          ],
          [
            4.4665303,
            43.8292398
          ],
          [
            4.4662141,
            43.8291864
          ],
          [
            4.4660425,
            43.8289149
          ],
          [
            4.4663802,
            43.8286442
          ],
          [
            4.4666627,
            43.8283198
          ],
          [
            4.4666749,
            43.8282168
          ],
          [
            4.4666972,
            43.8280233
          ],
          [
            4.4689408,
            43.821549
          ]
        ]
      },
      "properties": {
        "parking_id": "PKC_002",
        "origine_id": "ORI_018",
        "distance_m": 3469,
        "temps_min": 4.4,
        "voie_dom": "primary",
        "veh_origine": 1
      }
    },
    {
      "type": "Feature",
      "geometry": {
        "type": "LineString",
        "coordinates": [
          [
            4.4961524,
            43.8259324
          ],
          [
            4.4961854,
            43.8261737
          ],
          [
            4.4960506,
            43.8262813
          ],
          [
            4.4957181,
            43.8262837
          ],
          [
            4.4956667,
            43.826258
          ],
          [
            4.4955515,
            43.8260362
          ],
          [
            4.4956002,
            43.8259435
          ],
          [
            4.4955244,
            43.8255328
          ],
          [
            4.4953692,
            43.8251977
          ],
          [
            4.4939503,
            43.8228994
          ],
          [
            4.4923549,
            43.8206698
          ],
          [
            4.4920033,
            43.8204898
          ],
          [
            4.491926,
            43.820503
          ],
          [
            4.4917063,
            43.8204554
          ],
          [
            4.4916281,
            43.8203852
          ],
          [
            4.4916019,
            43.8202443
          ],
          [
            4.4913423,
            43.8199125
          ],
          [
            4.4900472,
            43.8186345
          ],
          [
            4.4889431,
            43.8174259
          ],
          [
            4.4870637,
            43.8150717
          ],
          [
            4.4867833,
            43.8148233
          ],
          [
            4.4867191,
            43.8148062
          ],
          [
            4.4863624,
            43.8149233
          ],
          [
            4.4853215,
            43.8161855
          ],
          [
            4.484423,
            43.817986
          ],
          [
            4.4844956,
            43.8180557
          ],
          [
            4.4844073,
            43.8181334
          ],
          [
            4.4842891,
            43.8180799
          ],
          [
            4.4827089,
            43.8185284
          ],
          [
            4.4825925,
            43.8185678
          ],
          [
            4.4819289,
            43.8187852
          ],
          [
            4.4804931,
            43.8190351
          ],
          [
            4.480089,
            43.8189551
          ],
          [
            4.4786033,
            43.818718
          ],
          [
            4.4785242,
            43.8187102
          ],
          [
            4.4778253,
            43.8186225
          ],
          [
            4.4771034,
            43.8185571
          ],
          [
            4.4767843,
            43.8185439
          ],
          [
            4.475864,
            43.81871
          ],
          [
            4.4745283,
            43.8190713
          ],
          [
            4.4749518,
            43.819671
          ],
          [
            4.4763044,
            43.8216525
          ],
          [
            4.4760583,
            43.8217388
          ],
          [
            4.4746933,
            43.8216617
          ],
          [
            4.4742697,
            43.8218419
          ]
        ]
      },
      "properties": {
        "parking_id": "PKC_002",
        "origine_id": "ORI_021",
        "distance_m": 3349,
        "temps_min": 4.8,
        "voie_dom": "primary",
        "veh_origine": 1
      }
    },
    {
      "type": "Feature",
      "geometry": {
        "type": "LineString",
        "coordinates": [
          [
            4.4961524,
            43.8259324
          ],
          [
            4.4961854,
            43.8261737
          ],
          [
            4.4960506,
            43.8262813
          ],
          [
            4.4957181,
            43.8262837
          ],
          [
            4.4956667,
            43.826258
          ],
          [
            4.495259,
            43.8262119
          ],
          [
            4.4894097,
            43.8267769
          ],
          [
            4.4890082,
            43.8268171
          ],
          [
            4.4810674,
            43.827604
          ],
          [
            4.4804137,
            43.8277782
          ],
          [
            4.4802925,
            43.8279172
          ],
          [
            4.4800308,
            43.8279988
          ],
          [
            4.4798411,
            43.827978
          ],
          [
            4.4667737,
            43.8291428
          ],
          [
            4.4665303,
            43.8292398
          ],
          [
            4.4662141,
            43.8291864
          ],
          [
            4.4660425,
            43.8289149
          ],
          [
            4.4663802,
            43.8286442
          ],
          [
            4.4666627,
            43.8283198
          ],
          [
            4.4666749,
            43.8282168
          ],
          [
            4.4666972,
            43.8280233
          ],
          [
            4.4689408,
            43.821549
          ],
          [
            4.469104,
            43.8203536
          ],
          [
            4.4677541,
            43.8205044
          ],
          [
            4.4657119,
            43.8208429
          ],
          [
            4.4644643,
            43.8210184
          ],
          [
            4.4633886,
            43.8213339
          ],
          [
            4.4629111,
            43.8214869
          ],
          [
            4.4633394,
            43.8230098
          ]
        ]
      },
      "properties": {
        "parking_id": "PKC_002",
        "origine_id": "ORI_023",
        "distance_m": 4354,
        "temps_min": 6.2,
        "voie_dom": "primary",
        "veh_origine": 1
      }
    },
    {
      "type": "Feature",
      "geometry": {
        "type": "LineString",
        "coordinates": [
          [
            4.4961524,
            43.8259324
          ],
          [
            4.4961854,
            43.8261737
          ],
          [
            4.4960506,
            43.8262813
          ],
          [
            4.4957181,
            43.8262837
          ],
          [
            4.4956667,
            43.826258
          ],
          [
            4.495259,
            43.8262119
          ],
          [
            4.4894097,
            43.8267769
          ],
          [
            4.4890082,
            43.8268171
          ],
          [
            4.4810674,
            43.827604
          ],
          [
            4.4804137,
            43.8277782
          ],
          [
            4.4802925,
            43.8279172
          ],
          [
            4.4800308,
            43.8279988
          ],
          [
            4.4798411,
            43.827978
          ],
          [
            4.4667737,
            43.8291428
          ],
          [
            4.4665303,
            43.8292398
          ],
          [
            4.4662141,
            43.8291864
          ],
          [
            4.4660425,
            43.8289149
          ],
          [
            4.4663802,
            43.8286442
          ],
          [
            4.4666627,
            43.8283198
          ],
          [
            4.4666749,
            43.8282168
          ],
          [
            4.4666972,
            43.8280233
          ],
          [
            4.4689408,
            43.821549
          ],
          [
            4.469104,
            43.8203536
          ],
          [
            4.4677541,
            43.8205044
          ],
          [
            4.4657119,
            43.8208429
          ],
          [
            4.4644643,
            43.8210184
          ],
          [
            4.4633886,
            43.8213339
          ],
          [
            4.4629111,
            43.8214869
          ]
        ]
      },
      "properties": {
        "parking_id": "PKC_002",
        "origine_id": "ORI_024",
        "distance_m": 4121,
        "temps_min": 5.6,
        "voie_dom": "primary",
        "veh_origine": 1
      }
    },
    {
      "type": "Feature",
      "geometry": {
        "type": "LineString",
        "coordinates": [
          [
            4.4961524,
            43.8259324
          ],
          [
            4.4961854,
            43.8261737
          ],
          [
            4.4960506,
            43.8262813
          ],
          [
            4.4957181,
            43.8262837
          ],
          [
            4.4956667,
            43.826258
          ],
          [
            4.495259,
            43.8262119
          ],
          [
            4.4894097,
            43.8267769
          ],
          [
            4.4890082,
            43.8268171
          ],
          [
            4.4810674,
            43.827604
          ],
          [
            4.4804137,
            43.8277782
          ],
          [
            4.4802925,
            43.8279172
          ],
          [
            4.4800308,
            43.8279988
          ],
          [
            4.4798411,
            43.827978
          ],
          [
            4.4667737,
            43.8291428
          ],
          [
            4.4665303,
            43.8292398
          ],
          [
            4.4662141,
            43.8291864
          ],
          [
            4.4660425,
            43.8289149
          ],
          [
            4.4663802,
            43.8286442
          ],
          [
            4.4666627,
            43.8283198
          ],
          [
            4.4666749,
            43.8282168
          ],
          [
            4.4666972,
            43.8280233
          ],
          [
            4.4689408,
            43.821549
          ],
          [
            4.469104,
            43.8203536
          ]
        ]
      },
      "properties": {
        "parking_id": "PKC_002",
        "origine_id": "ORI_025",
        "distance_m": 3604,
        "temps_min": 4.6,
        "voie_dom": "primary",
        "veh_origine": 1
      }
    },
    {
      "type": "Feature",
      "geometry": {
        "type": "LineString",
        "coordinates": [
          [
            4.4961524,
            43.8259324
          ],
          [
            4.4961854,
            43.8261737
          ],
          [
            4.4960506,
            43.8262813
          ],
          [
            4.4957181,
            43.8262837
          ],
          [
            4.4956667,
            43.826258
          ],
          [
            4.4955515,
            43.8260362
          ],
          [
            4.4956002,
            43.8259435
          ],
          [
            4.4955244,
            43.8255328
          ],
          [
            4.4953692,
            43.8251977
          ],
          [
            4.4939503,
            43.8228994
          ],
          [
            4.4923549,
            43.8206698
          ],
          [
            4.4920033,
            43.8204898
          ],
          [
            4.491926,
            43.820503
          ],
          [
            4.4917063,
            43.8204554
          ],
          [
            4.4916281,
            43.8203852
          ],
          [
            4.4916019,
            43.8202443
          ],
          [
            4.4913423,
            43.8199125
          ],
          [
            4.4900472,
            43.8186345
          ],
          [
            4.4889431,
            43.8174259
          ],
          [
            4.4870637,
            43.8150717
          ],
          [
            4.4867833,
            43.8148233
          ],
          [
            4.4867191,
            43.8148062
          ],
          [
            4.4863624,
            43.8149233
          ],
          [
            4.4853215,
            43.8161855
          ],
          [
            4.484423,
            43.817986
          ],
          [
            4.4844956,
            43.8180557
          ],
          [
            4.4844073,
            43.8181334
          ],
          [
            4.4842891,
            43.8180799
          ],
          [
            4.4827089,
            43.8185284
          ],
          [
            4.4825925,
            43.8185678
          ],
          [
            4.4819289,
            43.8187852
          ],
          [
            4.4804931,
            43.8190351
          ],
          [
            4.4808285,
            43.82001
          ]
        ]
      },
      "properties": {
        "parking_id": "PKC_002",
        "origine_id": "ORI_026",
        "distance_m": 2452,
        "temps_min": 3.5,
        "voie_dom": "primary",
        "veh_origine": 1
      }
    },
    {
      "type": "Feature",
      "geometry": {
        "type": "LineString",
        "coordinates": [
          [
            4.4961524,
            43.8259324
          ],
          [
            4.4961854,
            43.8261737
          ],
          [
            4.4960506,
            43.8262813
          ],
          [
            4.4957181,
            43.8262837
          ],
          [
            4.4956667,
            43.826258
          ],
          [
            4.4955515,
            43.8260362
          ],
          [
            4.4956002,
            43.8259435
          ],
          [
            4.4955244,
            43.8255328
          ],
          [
            4.4953692,
            43.8251977
          ],
          [
            4.4939503,
            43.8228994
          ],
          [
            4.4923549,
            43.8206698
          ],
          [
            4.4920033,
            43.8204898
          ],
          [
            4.491926,
            43.820503
          ],
          [
            4.4917063,
            43.8204554
          ],
          [
            4.4916281,
            43.8203852
          ],
          [
            4.4916019,
            43.8202443
          ],
          [
            4.4913423,
            43.8199125
          ],
          [
            4.4900472,
            43.8186345
          ],
          [
            4.4886735,
            43.8193728
          ],
          [
            4.4886661,
            43.819497
          ],
          [
            4.4884636,
            43.8195149
          ],
          [
            4.4858473,
            43.8206467
          ],
          [
            4.4847234,
            43.8209583
          ]
        ]
      },
      "properties": {
        "parking_id": "PKC_002",
        "origine_id": "ORI_028",
        "distance_m": 1579,
        "temps_min": 2.4,
        "voie_dom": "primary",
        "veh_origine": 1
      }
    },
    {
      "type": "Feature",
      "geometry": {
        "type": "LineString",
        "coordinates": [
          [
            4.4961524,
            43.8259324
          ],
          [
            4.4961854,
            43.8261737
          ],
          [
            4.4960506,
            43.8262813
          ],
          [
            4.4958597,
            43.826611
          ],
          [
            4.4959698,
            43.8275536
          ],
          [
            4.495989,
            43.8277739
          ],
          [
            4.4960565,
            43.8285555
          ],
          [
            4.4960628,
            43.8286129
          ],
          [
            4.4964185,
            43.830054
          ],
          [
            4.4964876,
            43.8302627
          ],
          [
            4.4965621,
            43.8304325
          ],
          [
            4.4967451,
            43.8308012
          ],
          [
            4.4968494,
            43.8310386
          ],
          [
            4.4964748,
            43.8311449
          ],
          [
            4.4963408,
            43.8315362
          ],
          [
            4.4963344,
            43.8317947
          ],
          [
            4.4963273,
            43.8321912
          ],
          [
            4.4962492,
            43.832317
          ],
          [
            4.4962575,
            43.8324595
          ],
          [
            4.4963096,
            43.8326787
          ],
          [
            4.4963436,
            43.8329072
          ],
          [
            4.4957189,
            43.8330153
          ],
          [
            4.4956073,
            43.8331685
          ],
          [
            4.4950011,
            43.8333791
          ],
          [
            4.4945384,
            43.8335197
          ],
          [
            4.4940413,
            43.8336111
          ],
          [
            4.4939379,
            43.8336774
          ],
          [
            4.4939009,
            43.833648
          ],
          [
            4.4932128,
            43.833704
          ],
          [
            4.4918571,
            43.8330336
          ],
          [
            4.4910297,
            43.8321233
          ]
        ]
      },
      "properties": {
        "parking_id": "PKC_002",
        "origine_id": "ORI_032",
        "distance_m": 1428,
        "temps_min": 2.3,
        "voie_dom": "primary",
        "veh_origine": 1
      }
    },
    {
      "type": "Feature",
      "geometry": {
        "type": "LineString",
        "coordinates": [
          [
            4.4961524,
            43.8259324
          ],
          [
            4.4961854,
            43.8261737
          ],
          [
            4.4960506,
            43.8262813
          ],
          [
            4.4958597,
            43.826611
          ],
          [
            4.4959698,
            43.8275536
          ],
          [
            4.495989,
            43.8277739
          ],
          [
            4.4960565,
            43.8285555
          ],
          [
            4.4960628,
            43.8286129
          ],
          [
            4.4964185,
            43.830054
          ],
          [
            4.4964876,
            43.8302627
          ],
          [
            4.4965621,
            43.8304325
          ],
          [
            4.4967451,
            43.8308012
          ],
          [
            4.4968494,
            43.8310386
          ],
          [
            4.4964748,
            43.8311449
          ],
          [
            4.4963408,
            43.8315362
          ],
          [
            4.4963344,
            43.8317947
          ],
          [
            4.4963273,
            43.8321912
          ],
          [
            4.4962492,
            43.832317
          ],
          [
            4.4962575,
            43.8324595
          ],
          [
            4.4963096,
            43.8326787
          ],
          [
            4.4963436,
            43.8329072
          ],
          [
            4.4957189,
            43.8330153
          ],
          [
            4.4956073,
            43.8331685
          ],
          [
            4.4950011,
            43.8333791
          ],
          [
            4.4945384,
            43.8335197
          ],
          [
            4.4940413,
            43.8336111
          ],
          [
            4.4939379,
            43.8336774
          ],
          [
            4.4937461,
            43.8342775
          ],
          [
            4.4937087,
            43.8346667
          ],
          [
            4.4936846,
            43.8351114
          ],
          [
            4.4933524,
            43.8357545
          ],
          [
            4.4933755,
            43.8359605
          ],
          [
            4.4934165,
            43.8363261
          ],
          [
            4.4933995,
            43.8363843
          ],
          [
            4.4917476,
            43.8366506
          ]
        ]
      },
      "properties": {
        "parking_id": "PKC_002",
        "origine_id": "ORI_033",
        "distance_m": 1483,
        "temps_min": 2.4,
        "voie_dom": "primary",
        "veh_origine": 1
      }
    },
    {
      "type": "Feature",
      "geometry": {
        "type": "LineString",
        "coordinates": [
          [
            4.4961524,
            43.8259324
          ],
          [
            4.4961854,
            43.8261737
          ],
          [
            4.4960506,
            43.8262813
          ],
          [
            4.4958597,
            43.826611
          ],
          [
            4.4959698,
            43.8275536
          ],
          [
            4.495989,
            43.8277739
          ],
          [
            4.4950176,
            43.827828
          ],
          [
            4.4944285,
            43.828902
          ],
          [
            4.4943634,
            43.8289961
          ],
          [
            4.4928104,
            43.8290887
          ],
          [
            4.4932646,
            43.8298843
          ],
          [
            4.4934921,
            43.8303752
          ],
          [
            4.4935751,
            43.8304696
          ],
          [
            4.493419,
            43.830458
          ],
          [
            4.491725,
            43.8302369
          ],
          [
            4.4915925,
            43.8303079
          ],
          [
            4.4915477,
            43.8302428
          ],
          [
            4.4916391,
            43.8301863
          ],
          [
            4.4888426,
            43.8294154
          ],
          [
            4.4878382,
            43.8291331
          ],
          [
            4.4875825,
            43.8290539
          ]
        ]
      },
      "properties": {
        "parking_id": "PKC_002",
        "origine_id": "ORI_036",
        "distance_m": 1284,
        "temps_min": 2.4,
        "voie_dom": "primary",
        "veh_origine": 1
      }
    },
    {
      "type": "Feature",
      "geometry": {
        "type": "LineString",
        "coordinates": [
          [
            4.4961524,
            43.8259324
          ],
          [
            4.4961854,
            43.8261737
          ],
          [
            4.4960506,
            43.8262813
          ],
          [
            4.4958597,
            43.826611
          ],
          [
            4.4959698,
            43.8275536
          ],
          [
            4.495989,
            43.8277739
          ],
          [
            4.4960565,
            43.8285555
          ],
          [
            4.4960628,
            43.8286129
          ],
          [
            4.4964185,
            43.830054
          ],
          [
            4.4964876,
            43.8302627
          ],
          [
            4.4965621,
            43.8304325
          ],
          [
            4.4967451,
            43.8308012
          ],
          [
            4.4968494,
            43.8310386
          ],
          [
            4.4964748,
            43.8311449
          ],
          [
            4.4963408,
            43.8315362
          ],
          [
            4.4963344,
            43.8317947
          ],
          [
            4.4963273,
            43.8321912
          ],
          [
            4.4962492,
            43.832317
          ],
          [
            4.4962575,
            43.8324595
          ],
          [
            4.4963096,
            43.8326787
          ],
          [
            4.4963436,
            43.8329072
          ],
          [
            4.4957189,
            43.8330153
          ],
          [
            4.4956073,
            43.8331685
          ],
          [
            4.4950011,
            43.8333791
          ],
          [
            4.4945384,
            43.8335197
          ],
          [
            4.4940413,
            43.8336111
          ],
          [
            4.4939379,
            43.8336774
          ],
          [
            4.4937461,
            43.8342775
          ],
          [
            4.4937087,
            43.8346667
          ],
          [
            4.4936846,
            43.8351114
          ],
          [
            4.4933524,
            43.8357545
          ],
          [
            4.490921,
            43.8360101
          ]
        ]
      },
      "properties": {
        "parking_id": "PKC_002",
        "origine_id": "ORI_037",
        "distance_m": 1474,
        "temps_min": 2.4,
        "voie_dom": "primary",
        "veh_origine": 1
      }
    },
    {
      "type": "Feature",
      "geometry": {
        "type": "LineString",
        "coordinates": [
          [
            4.4961524,
            43.8259324
          ],
          [
            4.4961854,
            43.8261737
          ],
          [
            4.4960506,
            43.8262813
          ],
          [
            4.4958597,
            43.826611
          ],
          [
            4.4959698,
            43.8275536
          ],
          [
            4.495989,
            43.8277739
          ],
          [
            4.4960565,
            43.8285555
          ],
          [
            4.4960628,
            43.8286129
          ],
          [
            4.4964185,
            43.830054
          ],
          [
            4.4964876,
            43.8302627
          ],
          [
            4.4965621,
            43.8304325
          ],
          [
            4.4967451,
            43.8308012
          ],
          [
            4.4968494,
            43.8310386
          ],
          [
            4.4964748,
            43.8311449
          ],
          [
            4.4963408,
            43.8315362
          ],
          [
            4.4963344,
            43.8317947
          ],
          [
            4.4963273,
            43.8321912
          ],
          [
            4.4962492,
            43.832317
          ],
          [
            4.4962575,
            43.8324595
          ],
          [
            4.4963096,
            43.8326787
          ],
          [
            4.4963436,
            43.8329072
          ],
          [
            4.4957189,
            43.8330153
          ],
          [
            4.4956073,
            43.8331685
          ],
          [
            4.4950011,
            43.8333791
          ],
          [
            4.4945384,
            43.8335197
          ],
          [
            4.4940413,
            43.8336111
          ],
          [
            4.4939379,
            43.8336774
          ],
          [
            4.4939009,
            43.833648
          ],
          [
            4.4932128,
            43.833704
          ],
          [
            4.4918093,
            43.8337417
          ],
          [
            4.4908758,
            43.833773
          ],
          [
            4.4908222,
            43.83345
          ],
          [
            4.4902664,
            43.8309959
          ]
        ]
      },
      "properties": {
        "parking_id": "PKC_002",
        "origine_id": "ORI_038",
        "distance_m": 1634,
        "temps_min": 2.7,
        "voie_dom": "primary",
        "veh_origine": 1
      }
    },
    {
      "type": "Feature",
      "geometry": {
        "type": "LineString",
        "coordinates": [
          [
            4.5010588,
            43.828315
          ],
          [
            4.5005422,
            43.8293521
          ],
          [
            4.4999642,
            43.8295569
          ],
          [
            4.4996122,
            43.8297121
          ],
          [
            4.499023,
            43.8299749
          ],
          [
            4.4990256,
            43.8320593
          ],
          [
            4.4986159,
            43.8319899
          ],
          [
            4.4982731,
            43.8323104
          ],
          [
            4.4981761,
            43.8324119
          ],
          [
            4.4980151,
            43.8324925
          ],
          [
            4.4978705,
            43.8326288
          ],
          [
            4.4978121,
            43.8328099
          ],
          [
            4.4968895,
            43.8328342
          ],
          [
            4.4967147,
            43.8328494
          ],
          [
            4.4963436,
            43.8329072
          ],
          [
            4.4957189,
            43.8330153
          ],
          [
            4.4956073,
            43.8331685
          ],
          [
            4.4950011,
            43.8333791
          ],
          [
            4.4945384,
            43.8335197
          ],
          [
            4.4940413,
            43.8336111
          ],
          [
            4.4939379,
            43.8336774
          ],
          [
            4.4939009,
            43.833648
          ],
          [
            4.4939602,
            43.8335756
          ],
          [
            4.4936854,
            43.8324266
          ],
          [
            4.4931821,
            43.8319114
          ]
        ]
      },
      "properties": {
        "parking_id": "PKC_003",
        "origine_id": "ORI_039",
        "distance_m": 1219,
        "temps_min": 2.4,
        "voie_dom": "secondary",
        "veh_origine": 6
      }
    },
    {
      "type": "Feature",
      "geometry": {
        "type": "LineString",
        "coordinates": [
          [
            4.5010588,
            43.828315
          ],
          [
            4.5005422,
            43.8293521
          ],
          [
            4.4999642,
            43.8295569
          ],
          [
            4.4996122,
            43.8297121
          ],
          [
            4.499023,
            43.8299749
          ],
          [
            4.4990256,
            43.8320593
          ],
          [
            4.4986159,
            43.8319899
          ],
          [
            4.4982731,
            43.8323104
          ],
          [
            4.4981761,
            43.8324119
          ],
          [
            4.4980151,
            43.8324925
          ],
          [
            4.4978705,
            43.8326288
          ],
          [
            4.4978121,
            43.8328099
          ],
          [
            4.4968895,
            43.8328342
          ],
          [
            4.4967147,
            43.8328494
          ],
          [
            4.4963436,
            43.8329072
          ],
          [
            4.4957189,
            43.8330153
          ],
          [
            4.4956073,
            43.8331685
          ],
          [
            4.4950011,
            43.8333791
          ],
          [
            4.4945384,
            43.8335197
          ],
          [
            4.4940413,
            43.8336111
          ],
          [
            4.4939379,
            43.8336774
          ],
          [
            4.4939009,
            43.833648
          ],
          [
            4.4932128,
            43.833704
          ],
          [
            4.4918093,
            43.8337417
          ],
          [
            4.4908758,
            43.833773
          ],
          [
            4.4908222,
            43.83345
          ],
          [
            4.4902664,
            43.8309959
          ]
        ]
      },
      "properties": {
        "parking_id": "PKC_003",
        "origine_id": "ORI_038",
        "distance_m": 1586,
        "temps_min": 3.1,
        "voie_dom": "secondary",
        "veh_origine": 1
      }
    },
    {
      "type": "Feature",
      "geometry": {
        "type": "LineString",
        "coordinates": [
          [
            4.5010588,
            43.828315
          ],
          [
            4.5005422,
            43.8293521
          ],
          [
            4.4999642,
            43.8295569
          ],
          [
            4.4996122,
            43.8297121
          ],
          [
            4.499023,
            43.8299749
          ],
          [
            4.4990256,
            43.8320593
          ],
          [
            4.4986159,
            43.8319899
          ],
          [
            4.4982731,
            43.8323104
          ],
          [
            4.4981761,
            43.8324119
          ],
          [
            4.4980151,
            43.8324925
          ],
          [
            4.4971386,
            43.8322278
          ],
          [
            4.4970614,
            43.8324239
          ],
          [
            4.4963273,
            43.8321912
          ],
          [
            4.4963344,
            43.8317947
          ],
          [
            4.4963408,
            43.8315362
          ],
          [
            4.4960367,
            43.8313309
          ],
          [
            4.4954574,
            43.8309265
          ],
          [
            4.4952166,
            43.8308002
          ],
          [
            4.4935751,
            43.8304696
          ],
          [
            4.493419,
            43.830458
          ],
          [
            4.491725,
            43.8302369
          ],
          [
            4.4915925,
            43.8303079
          ],
          [
            4.4915477,
            43.8302428
          ],
          [
            4.4898709,
            43.830535
          ],
          [
            4.4887324,
            43.8307642
          ],
          [
            4.4880761,
            43.8307804
          ],
          [
            4.4861466,
            43.830498
          ]
        ]
      },
      "properties": {
        "parking_id": "PKC_004",
        "origine_id": "ORI_031",
        "distance_m": 1738,
        "temps_min": 3.4,
        "voie_dom": "secondary",
        "veh_origine": 19
      }
    },
    {
      "type": "Feature",
      "geometry": {
        "type": "LineString",
        "coordinates": [
          [
            4.5010588,
            43.828315
          ],
          [
            4.5005422,
            43.8293521
          ],
          [
            4.4999642,
            43.8295569
          ],
          [
            4.4996122,
            43.8297121
          ],
          [
            4.499023,
            43.8299749
          ],
          [
            4.4990256,
            43.8320593
          ],
          [
            4.4986159,
            43.8319899
          ],
          [
            4.4982731,
            43.8323104
          ],
          [
            4.4981761,
            43.8324119
          ],
          [
            4.4980151,
            43.8324925
          ],
          [
            4.4978705,
            43.8326288
          ],
          [
            4.4978121,
            43.8328099
          ],
          [
            4.4968895,
            43.8328342
          ],
          [
            4.4967147,
            43.8328494
          ],
          [
            4.4963436,
            43.8329072
          ],
          [
            4.4957189,
            43.8330153
          ],
          [
            4.4956073,
            43.8331685
          ],
          [
            4.4950011,
            43.8333791
          ],
          [
            4.4945384,
            43.8335197
          ],
          [
            4.4940413,
            43.8336111
          ],
          [
            4.4939379,
            43.8336774
          ],
          [
            4.4939009,
            43.833648
          ],
          [
            4.4939602,
            43.8335756
          ],
          [
            4.4936854,
            43.8324266
          ],
          [
            4.4931821,
            43.8319114
          ]
        ]
      },
      "properties": {
        "parking_id": "PKC_004",
        "origine_id": "ORI_039",
        "distance_m": 1219,
        "temps_min": 2.4,
        "voie_dom": "secondary",
        "veh_origine": 6
      }
    },
    {
      "type": "Feature",
      "geometry": {
        "type": "LineString",
        "coordinates": [
          [
            4.5010588,
            43.828315
          ],
          [
            4.5010995,
            43.8271284
          ],
          [
            4.5011468,
            43.8266999
          ],
          [
            4.5012481,
            43.8260775
          ],
          [
            4.4968311,
            43.8260252
          ],
          [
            4.4961854,
            43.8261737
          ],
          [
            4.4960506,
            43.8262813
          ],
          [
            4.4957181,
            43.8262837
          ],
          [
            4.4956667,
            43.826258
          ],
          [
            4.495259,
            43.8262119
          ],
          [
            4.4894097,
            43.8267769
          ],
          [
            4.4890082,
            43.8268171
          ],
          [
            4.4888534,
            43.8263593
          ],
          [
            4.4884619,
            43.8264006
          ]
        ]
      },
      "properties": {
        "parking_id": "PKC_004",
        "origine_id": "ORI_034",
        "distance_m": 1339,
        "temps_min": 1.9,
        "voie_dom": "primary",
        "veh_origine": 3
      }
    },
    {
      "type": "Feature",
      "geometry": {
        "type": "LineString",
        "coordinates": [
          [
            4.5010588,
            43.828315
          ],
          [
            4.5005422,
            43.8293521
          ],
          [
            4.4999642,
            43.8295569
          ],
          [
            4.4996122,
            43.8297121
          ],
          [
            4.499023,
            43.8299749
          ],
          [
            4.4990256,
            43.8320593
          ],
          [
            4.4986159,
            43.8319899
          ],
          [
            4.4982731,
            43.8323104
          ],
          [
            4.4981761,
            43.8324119
          ],
          [
            4.4980151,
            43.8324925
          ],
          [
            4.4978705,
            43.8326288
          ],
          [
            4.4978121,
            43.8328099
          ],
          [
            4.4968895,
            43.8328342
          ],
          [
            4.4967147,
            43.8328494
          ],
          [
            4.4963436,
            43.8329072
          ],
          [
            4.4957189,
            43.8330153
          ],
          [
            4.4956073,
            43.8331685
          ],
          [
            4.4950011,
            43.8333791
          ],
          [
            4.4945384,
            43.8335197
          ],
          [
            4.4940413,
            43.8336111
          ],
          [
            4.4939379,
            43.8336774
          ],
          [
            4.4937461,
            43.8342775
          ],
          [
            4.4937087,
            43.8346667
          ],
          [
            4.4936846,
            43.8351114
          ],
          [
            4.4933524,
            43.8357545
          ],
          [
            4.4933755,
            43.8359605
          ],
          [
            4.4934165,
            43.8363261
          ],
          [
            4.4933995,
            43.8363843
          ]
        ]
      },
      "properties": {
        "parking_id": "PKC_004",
        "origine_id": "ORI_035",
        "distance_m": 1300,
        "temps_min": 2.5,
        "voie_dom": "secondary",
        "veh_origine": 2
      }
    },
    {
      "type": "Feature",
      "geometry": {
        "type": "LineString",
        "coordinates": [
          [
            4.5010588,
            43.828315
          ],
          [
            4.5005422,
            43.8293521
          ],
          [
            4.4999642,
            43.8295569
          ],
          [
            4.4996122,
            43.8297121
          ],
          [
            4.499023,
            43.8299749
          ],
          [
            4.4990256,
            43.8320593
          ],
          [
            4.4986159,
            43.8319899
          ],
          [
            4.4982731,
            43.8323104
          ],
          [
            4.4981761,
            43.8324119
          ],
          [
            4.4980151,
            43.8324925
          ],
          [
            4.4978705,
            43.8326288
          ],
          [
            4.4978121,
            43.8328099
          ],
          [
            4.4968895,
            43.8328342
          ],
          [
            4.4967147,
            43.8328494
          ],
          [
            4.4963436,
            43.8329072
          ],
          [
            4.4957189,
            43.8330153
          ],
          [
            4.4956073,
            43.8331685
          ],
          [
            4.4950011,
            43.8333791
          ],
          [
            4.4945384,
            43.8335197
          ],
          [
            4.4940413,
            43.8336111
          ],
          [
            4.4939379,
            43.8336774
          ],
          [
            4.4939009,
            43.833648
          ],
          [
            4.4932128,
            43.833704
          ],
          [
            4.4918571,
            43.8330336
          ],
          [
            4.4910297,
            43.8321233
          ]
        ]
      },
      "properties": {
        "parking_id": "PKC_004",
        "origine_id": "ORI_032",
        "distance_m": 1380,
        "temps_min": 2.7,
        "voie_dom": "secondary",
        "veh_origine": 1
      }
    },
    {
      "type": "Feature",
      "geometry": {
        "type": "LineString",
        "coordinates": [
          [
            4.5010588,
            43.828315
          ],
          [
            4.5005422,
            43.8293521
          ],
          [
            4.4999642,
            43.8295569
          ],
          [
            4.4996122,
            43.8297121
          ],
          [
            4.499023,
            43.8299749
          ],
          [
            4.4990256,
            43.8320593
          ],
          [
            4.4986159,
            43.8319899
          ],
          [
            4.4982731,
            43.8323104
          ],
          [
            4.4981761,
            43.8324119
          ],
          [
            4.4980151,
            43.8324925
          ],
          [
            4.4978705,
            43.8326288
          ],
          [
            4.4978121,
            43.8328099
          ],
          [
            4.4968895,
            43.8328342
          ],
          [
            4.4967147,
            43.8328494
          ],
          [
            4.4963436,
            43.8329072
          ],
          [
            4.4957189,
            43.8330153
          ],
          [
            4.4956073,
            43.8331685
          ],
          [
            4.4950011,
            43.8333791
          ],
          [
            4.4945384,
            43.8335197
          ],
          [
            4.4940413,
            43.8336111
          ],
          [
            4.4939379,
            43.8336774
          ],
          [
            4.4937461,
            43.8342775
          ],
          [
            4.4937087,
            43.8346667
          ],
          [
            4.4936846,
            43.8351114
          ],
          [
            4.4933524,
            43.8357545
          ],
          [
            4.4933755,
            43.8359605
          ],
          [
            4.4934165,
            43.8363261
          ],
          [
            4.4933995,
            43.8363843
          ],
          [
            4.4917476,
            43.8366506
          ]
        ]
      },
      "properties": {
        "parking_id": "PKC_004",
        "origine_id": "ORI_033",
        "distance_m": 1436,
        "temps_min": 2.8,
        "voie_dom": "secondary",
        "veh_origine": 1
      }
    },
    {
      "type": "Feature",
      "geometry": {
        "type": "LineString",
        "coordinates": [
          [
            4.5010588,
            43.828315
          ],
          [
            4.5005422,
            43.8293521
          ],
          [
            4.4999642,
            43.8295569
          ],
          [
            4.4996122,
            43.8297121
          ],
          [
            4.499023,
            43.8299749
          ],
          [
            4.4990256,
            43.8320593
          ],
          [
            4.4986159,
            43.8319899
          ],
          [
            4.4982731,
            43.8323104
          ],
          [
            4.4981761,
            43.8324119
          ],
          [
            4.4980151,
            43.8324925
          ],
          [
            4.4971386,
            43.8322278
          ],
          [
            4.4970614,
            43.8324239
          ],
          [
            4.4963273,
            43.8321912
          ],
          [
            4.4963344,
            43.8317947
          ],
          [
            4.4963408,
            43.8315362
          ],
          [
            4.4960367,
            43.8313309
          ],
          [
            4.4954574,
            43.8309265
          ],
          [
            4.4952166,
            43.8308002
          ],
          [
            4.4935751,
            43.8304696
          ],
          [
            4.493419,
            43.830458
          ],
          [
            4.491725,
            43.8302369
          ],
          [
            4.4915925,
            43.8303079
          ],
          [
            4.4915477,
            43.8302428
          ],
          [
            4.4916391,
            43.8301863
          ],
          [
            4.4888426,
            43.8294154
          ],
          [
            4.4878382,
            43.8291331
          ],
          [
            4.4875825,
            43.8290539
          ]
        ]
      },
      "properties": {
        "parking_id": "PKC_004",
        "origine_id": "ORI_036",
        "distance_m": 1650,
        "temps_min": 3.2,
        "voie_dom": "secondary",
        "veh_origine": 1
      }
    },
    {
      "type": "Feature",
      "geometry": {
        "type": "LineString",
        "coordinates": [
          [
            4.5010588,
            43.828315
          ],
          [
            4.5005422,
            43.8293521
          ],
          [
            4.4999642,
            43.8295569
          ],
          [
            4.4996122,
            43.8297121
          ],
          [
            4.499023,
            43.8299749
          ],
          [
            4.4990256,
            43.8320593
          ],
          [
            4.4986159,
            43.8319899
          ],
          [
            4.4982731,
            43.8323104
          ],
          [
            4.4981761,
            43.8324119
          ],
          [
            4.4980151,
            43.8324925
          ],
          [
            4.4978705,
            43.8326288
          ],
          [
            4.4978121,
            43.8328099
          ],
          [
            4.4968895,
            43.8328342
          ],
          [
            4.4967147,
            43.8328494
          ],
          [
            4.4963436,
            43.8329072
          ],
          [
            4.4957189,
            43.8330153
          ],
          [
            4.4956073,
            43.8331685
          ],
          [
            4.4950011,
            43.8333791
          ],
          [
            4.4945384,
            43.8335197
          ],
          [
            4.4940413,
            43.8336111
          ],
          [
            4.4939379,
            43.8336774
          ],
          [
            4.4937461,
            43.8342775
          ],
          [
            4.4937087,
            43.8346667
          ],
          [
            4.4936846,
            43.8351114
          ],
          [
            4.4933524,
            43.8357545
          ],
          [
            4.490921,
            43.8360101
          ]
        ]
      },
      "properties": {
        "parking_id": "PKC_004",
        "origine_id": "ORI_037",
        "distance_m": 1427,
        "temps_min": 2.8,
        "voie_dom": "secondary",
        "veh_origine": 1
      }
    },
    {
      "type": "Feature",
      "geometry": {
        "type": "LineString",
        "coordinates": [
          [
            4.5010588,
            43.828315
          ],
          [
            4.5005422,
            43.8293521
          ],
          [
            4.4999642,
            43.8295569
          ],
          [
            4.4996122,
            43.8297121
          ],
          [
            4.499023,
            43.8299749
          ],
          [
            4.4990256,
            43.8320593
          ],
          [
            4.4986159,
            43.8319899
          ],
          [
            4.4982731,
            43.8323104
          ],
          [
            4.4981761,
            43.8324119
          ],
          [
            4.4980151,
            43.8324925
          ],
          [
            4.4978705,
            43.8326288
          ],
          [
            4.4978121,
            43.8328099
          ],
          [
            4.4968895,
            43.8328342
          ],
          [
            4.4967147,
            43.8328494
          ],
          [
            4.4963436,
            43.8329072
          ],
          [
            4.4957189,
            43.8330153
          ],
          [
            4.4956073,
            43.8331685
          ],
          [
            4.4950011,
            43.8333791
          ],
          [
            4.4945384,
            43.8335197
          ],
          [
            4.4940413,
            43.8336111
          ],
          [
            4.4939379,
            43.8336774
          ],
          [
            4.4939009,
            43.833648
          ],
          [
            4.4932128,
            43.833704
          ],
          [
            4.4918093,
            43.8337417
          ],
          [
            4.4908758,
            43.833773
          ],
          [
            4.4908222,
            43.83345
          ],
          [
            4.4902664,
            43.8309959
          ]
        ]
      },
      "properties": {
        "parking_id": "PKC_004",
        "origine_id": "ORI_038",
        "distance_m": 1586,
        "temps_min": 3.1,
        "voie_dom": "secondary",
        "veh_origine": 1
      }
    },
    {
      "type": "Feature",
      "geometry": {
        "type": "LineString",
        "coordinates": [
          [
            4.4999642,
            43.8295569
          ],
          [
            4.4996122,
            43.8297121
          ],
          [
            4.499023,
            43.8299749
          ],
          [
            4.4990256,
            43.8320593
          ],
          [
            4.4986159,
            43.8319899
          ],
          [
            4.4982731,
            43.8323104
          ],
          [
            4.4981761,
            43.8324119
          ],
          [
            4.4980151,
            43.8324925
          ],
          [
            4.4971386,
            43.8322278
          ],
          [
            4.4970614,
            43.8324239
          ],
          [
            4.4963273,
            43.8321912
          ],
          [
            4.4963344,
            43.8317947
          ],
          [
            4.4963408,
            43.8315362
          ],
          [
            4.4960367,
            43.8313309
          ],
          [
            4.4954574,
            43.8309265
          ],
          [
            4.4952166,
            43.8308002
          ],
          [
            4.4935751,
            43.8304696
          ],
          [
            4.493419,
            43.830458
          ],
          [
            4.491725,
            43.8302369
          ],
          [
            4.4915925,
            43.8303079
          ],
          [
            4.4915477,
            43.8302428
          ],
          [
            4.4898709,
            43.830535
          ],
          [
            4.4887324,
            43.8307642
          ],
          [
            4.4880761,
            43.8307804
          ],
          [
            4.4861466,
            43.830498
          ]
        ]
      },
      "properties": {
        "parking_id": "PKC_005",
        "origine_id": "ORI_031",
        "distance_m": 1555,
        "temps_min": 3.0,
        "voie_dom": "secondary",
        "veh_origine": 19
      }
    },
    {
      "type": "Feature",
      "geometry": {
        "type": "LineString",
        "coordinates": [
          [
            4.4999642,
            43.8295569
          ],
          [
            4.4996122,
            43.8297121
          ],
          [
            4.499023,
            43.8299749
          ],
          [
            4.4990256,
            43.8320593
          ],
          [
            4.4986159,
            43.8319899
          ],
          [
            4.4982731,
            43.8323104
          ],
          [
            4.4981761,
            43.8324119
          ],
          [
            4.4980151,
            43.8324925
          ],
          [
            4.4978705,
            43.8326288
          ],
          [
            4.4978121,
            43.8328099
          ],
          [
            4.4968895,
            43.8328342
          ],
          [
            4.4967147,
            43.8328494
          ],
          [
            4.4963436,
            43.8329072
          ],
          [
            4.4957189,
            43.8330153
          ],
          [
            4.4956073,
            43.8331685
          ],
          [
            4.4950011,
            43.8333791
          ],
          [
            4.4945384,
            43.8335197
          ],
          [
            4.4940413,
            43.8336111
          ],
          [
            4.4939379,
            43.8336774
          ],
          [
            4.4939009,
            43.833648
          ],
          [
            4.4939602,
            43.8335756
          ],
          [
            4.4936854,
            43.8324266
          ],
          [
            4.4931821,
            43.8319114
          ]
        ]
      },
      "properties": {
        "parking_id": "PKC_005",
        "origine_id": "ORI_039",
        "distance_m": 1036,
        "temps_min": 2.0,
        "voie_dom": "secondary",
        "veh_origine": 6
      }
    },
    {
      "type": "Feature",
      "geometry": {
        "type": "LineString",
        "coordinates": [
          [
            4.4999642,
            43.8295569
          ],
          [
            4.4996122,
            43.8297121
          ],
          [
            4.4994581,
            43.8295654
          ],
          [
            4.4992763,
            43.8294615
          ],
          [
            4.4988757,
            43.8293132
          ],
          [
            4.498788,
            43.8288435
          ],
          [
            4.4987751,
            43.8285101
          ],
          [
            4.4987304,
            43.8280443
          ],
          [
            4.4986649,
            43.8275878
          ],
          [
            4.4985134,
            43.8274925
          ],
          [
            4.4974532,
            43.8275183
          ],
          [
            4.4959698,
            43.8275536
          ],
          [
            4.4958597,
            43.826611
          ],
          [
            4.4957181,
            43.8262837
          ],
          [
            4.4956667,
            43.826258
          ],
          [
            4.495259,
            43.8262119
          ],
          [
            4.4894097,
            43.8267769
          ],
          [
            4.4890082,
            43.8268171
          ],
          [
            4.4888534,
            43.8263593
          ],
          [
            4.4884619,
            43.8264006
          ]
        ]
      },
      "properties": {
        "parking_id": "PKC_005",
        "origine_id": "ORI_034",
        "distance_m": 1304,
        "temps_min": 2.1,
        "voie_dom": "primary",
        "veh_origine": 3
      }
    },
    {
      "type": "Feature",
      "geometry": {
        "type": "LineString",
        "coordinates": [
          [
            4.4999642,
            43.8295569
          ],
          [
            4.4996122,
            43.8297121
          ],
          [
            4.499023,
            43.8299749
          ],
          [
            4.4990256,
            43.8320593
          ],
          [
            4.4986159,
            43.8319899
          ],
          [
            4.4982731,
            43.8323104
          ],
          [
            4.4981761,
            43.8324119
          ],
          [
            4.4980151,
            43.8324925
          ],
          [
            4.4978705,
            43.8326288
          ],
          [
            4.4978121,
            43.8328099
          ],
          [
            4.4968895,
            43.8328342
          ],
          [
            4.4967147,
            43.8328494
          ],
          [
            4.4963436,
            43.8329072
          ],
          [
            4.4957189,
            43.8330153
          ],
          [
            4.4956073,
            43.8331685
          ],
          [
            4.4950011,
            43.8333791
          ],
          [
            4.4945384,
            43.8335197
          ],
          [
            4.4940413,
            43.8336111
          ],
          [
            4.4939379,
            43.8336774
          ],
          [
            4.4937461,
            43.8342775
          ],
          [
            4.4937087,
            43.8346667
          ],
          [
            4.4936846,
            43.8351114
          ],
          [
            4.4933524,
            43.8357545
          ],
          [
            4.4933755,
            43.8359605
          ],
          [
            4.4934165,
            43.8363261
          ],
          [
            4.4933995,
            43.8363843
          ]
        ]
      },
      "properties": {
        "parking_id": "PKC_005",
        "origine_id": "ORI_035",
        "distance_m": 1117,
        "temps_min": 2.2,
        "voie_dom": "secondary",
        "veh_origine": 2
      }
    },
    {
      "type": "Feature",
      "geometry": {
        "type": "LineString",
        "coordinates": [
          [
            4.4999642,
            43.8295569
          ],
          [
            4.4996122,
            43.8297121
          ],
          [
            4.499023,
            43.8299749
          ],
          [
            4.4990256,
            43.8320593
          ],
          [
            4.4986159,
            43.8319899
          ],
          [
            4.4982731,
            43.8323104
          ],
          [
            4.4981761,
            43.8324119
          ],
          [
            4.4980151,
            43.8324925
          ],
          [
            4.4978705,
            43.8326288
          ],
          [
            4.4978121,
            43.8328099
          ],
          [
            4.4968895,
            43.8328342
          ],
          [
            4.4967147,
            43.8328494
          ],
          [
            4.4963436,
            43.8329072
          ],
          [
            4.4957189,
            43.8330153
          ],
          [
            4.4956073,
            43.8331685
          ],
          [
            4.4950011,
            43.8333791
          ],
          [
            4.4945384,
            43.8335197
          ],
          [
            4.4940413,
            43.8336111
          ],
          [
            4.4939379,
            43.8336774
          ],
          [
            4.4939009,
            43.833648
          ],
          [
            4.4932128,
            43.833704
          ],
          [
            4.4918571,
            43.8330336
          ],
          [
            4.4910297,
            43.8321233
          ]
        ]
      },
      "properties": {
        "parking_id": "PKC_005",
        "origine_id": "ORI_032",
        "distance_m": 1197,
        "temps_min": 2.3,
        "voie_dom": "secondary",
        "veh_origine": 1
      }
    },
    {
      "type": "Feature",
      "geometry": {
        "type": "LineString",
        "coordinates": [
          [
            4.4999642,
            43.8295569
          ],
          [
            4.4996122,
            43.8297121
          ],
          [
            4.499023,
            43.8299749
          ],
          [
            4.4990256,
            43.8320593
          ],
          [
            4.4986159,
            43.8319899
          ],
          [
            4.4982731,
            43.8323104
          ],
          [
            4.4981761,
            43.8324119
          ],
          [
            4.4980151,
            43.8324925
          ],
          [
            4.4978705,
            43.8326288
          ],
          [
            4.4978121,
            43.8328099
          ],
          [
            4.4968895,
            43.8328342
          ],
          [
            4.4967147,
            43.8328494
          ],
          [
            4.4963436,
            43.8329072
          ],
          [
            4.4957189,
            43.8330153
          ],
          [
            4.4956073,
            43.8331685
          ],
          [
            4.4950011,
            43.8333791
          ],
          [
            4.4945384,
            43.8335197
          ],
          [
            4.4940413,
            43.8336111
          ],
          [
            4.4939379,
            43.8336774
          ],
          [
            4.4937461,
            43.8342775
          ],
          [
            4.4937087,
            43.8346667
          ],
          [
            4.4936846,
            43.8351114
          ],
          [
            4.4933524,
            43.8357545
          ],
          [
            4.4933755,
            43.8359605
          ],
          [
            4.4934165,
            43.8363261
          ],
          [
            4.4933995,
            43.8363843
          ],
          [
            4.4917476,
            43.8366506
          ]
        ]
      },
      "properties": {
        "parking_id": "PKC_005",
        "origine_id": "ORI_033",
        "distance_m": 1253,
        "temps_min": 2.4,
        "voie_dom": "secondary",
        "veh_origine": 1
      }
    },
    {
      "type": "Feature",
      "geometry": {
        "type": "LineString",
        "coordinates": [
          [
            4.4999642,
            43.8295569
          ],
          [
            4.4996122,
            43.8297121
          ],
          [
            4.499023,
            43.8299749
          ],
          [
            4.4990256,
            43.8320593
          ],
          [
            4.4986159,
            43.8319899
          ],
          [
            4.4982731,
            43.8323104
          ],
          [
            4.4981761,
            43.8324119
          ],
          [
            4.4980151,
            43.8324925
          ],
          [
            4.4971386,
            43.8322278
          ],
          [
            4.4970614,
            43.8324239
          ],
          [
            4.4963273,
            43.8321912
          ],
          [
            4.4963344,
            43.8317947
          ],
          [
            4.4963408,
            43.8315362
          ],
          [
            4.4960367,
            43.8313309
          ],
          [
            4.4954574,
            43.8309265
          ],
          [
            4.4952166,
            43.8308002
          ],
          [
            4.4935751,
            43.8304696
          ],
          [
            4.493419,
            43.830458
          ],
          [
            4.491725,
            43.8302369
          ],
          [
            4.4915925,
            43.8303079
          ],
          [
            4.4915477,
            43.8302428
          ],
          [
            4.4916391,
            43.8301863
          ],
          [
            4.4888426,
            43.8294154
          ],
          [
            4.4878382,
            43.8291331
          ],
          [
            4.4875825,
            43.8290539
          ]
        ]
      },
      "properties": {
        "parking_id": "PKC_005",
        "origine_id": "ORI_036",
        "distance_m": 1467,
        "temps_min": 2.8,
        "voie_dom": "secondary",
        "veh_origine": 1
      }
    },
    {
      "type": "Feature",
      "geometry": {
        "type": "LineString",
        "coordinates": [
          [
            4.4999642,
            43.8295569
          ],
          [
            4.4996122,
            43.8297121
          ],
          [
            4.499023,
            43.8299749
          ],
          [
            4.4990256,
            43.8320593
          ],
          [
            4.4986159,
            43.8319899
          ],
          [
            4.4982731,
            43.8323104
          ],
          [
            4.4981761,
            43.8324119
          ],
          [
            4.4980151,
            43.8324925
          ],
          [
            4.4978705,
            43.8326288
          ],
          [
            4.4978121,
            43.8328099
          ],
          [
            4.4968895,
            43.8328342
          ],
          [
            4.4967147,
            43.8328494
          ],
          [
            4.4963436,
            43.8329072
          ],
          [
            4.4957189,
            43.8330153
          ],
          [
            4.4956073,
            43.8331685
          ],
          [
            4.4950011,
            43.8333791
          ],
          [
            4.4945384,
            43.8335197
          ],
          [
            4.4940413,
            43.8336111
          ],
          [
            4.4939379,
            43.8336774
          ],
          [
            4.4939009,
            43.833648
          ],
          [
            4.4932128,
            43.833704
          ],
          [
            4.4918093,
            43.8337417
          ],
          [
            4.4908758,
            43.833773
          ],
          [
            4.4908222,
            43.83345
          ],
          [
            4.4902664,
            43.8309959
          ]
        ]
      },
      "properties": {
        "parking_id": "PKC_005",
        "origine_id": "ORI_038",
        "distance_m": 1403,
        "temps_min": 2.7,
        "voie_dom": "secondary",
        "veh_origine": 1
      }
    },
    {
      "type": "Feature",
      "geometry": {
        "type": "LineString",
        "coordinates": [
          [
            4.4992763,
            43.8294615
          ],
          [
            4.4994581,
            43.8295654
          ],
          [
            4.4996122,
            43.8297121
          ],
          [
            4.499023,
            43.8299749
          ],
          [
            4.4990256,
            43.8320593
          ],
          [
            4.4986159,
            43.8319899
          ],
          [
            4.4982731,
            43.8323104
          ],
          [
            4.4981761,
            43.8324119
          ],
          [
            4.4980151,
            43.8324925
          ],
          [
            4.4978705,
            43.8326288
          ],
          [
            4.4978121,
            43.8328099
          ],
          [
            4.4968895,
            43.8328342
          ],
          [
            4.4967147,
            43.8328494
          ],
          [
            4.4963436,
            43.8329072
          ],
          [
            4.4957189,
            43.8330153
          ],
          [
            4.4956073,
            43.8331685
          ],
          [
            4.4950011,
            43.8333791
          ],
          [
            4.4945384,
            43.8335197
          ],
          [
            4.4940413,
            43.8336111
          ],
          [
            4.4939379,
            43.8336774
          ],
          [
            4.4937461,
            43.8342775
          ],
          [
            4.4937087,
            43.8346667
          ],
          [
            4.4936846,
            43.8351114
          ],
          [
            4.4933524,
            43.8357545
          ],
          [
            4.4933755,
            43.8359605
          ],
          [
            4.4934165,
            43.8363261
          ],
          [
            4.4933995,
            43.8363843
          ],
          [
            4.4887957,
            43.8397821
          ],
          [
            4.4886068,
            43.8381104
          ]
        ]
      },
      "properties": {
        "parking_id": "PKC_006",
        "origine_id": "ORI_029",
        "distance_m": 1868,
        "temps_min": 3.9,
        "voie_dom": "secondary",
        "veh_origine": 83
      }
    },
    {
      "type": "Feature",
      "geometry": {
        "type": "LineString",
        "coordinates": [
          [
            4.4992763,
            43.8294615
          ],
          [
            4.4988757,
            43.8293132
          ],
          [
            4.498788,
            43.8288435
          ],
          [
            4.4987751,
            43.8285101
          ],
          [
            4.4987304,
            43.8280443
          ],
          [
            4.4986649,
            43.8275878
          ],
          [
            4.4985134,
            43.8274925
          ],
          [
            4.4974532,
            43.8275183
          ],
          [
            4.4959698,
            43.8275536
          ],
          [
            4.4958597,
            43.826611
          ],
          [
            4.4957181,
            43.8262837
          ],
          [
            4.4956667,
            43.826258
          ],
          [
            4.495259,
            43.8262119
          ],
          [
            4.4894097,
            43.8267769
          ],
          [
            4.4890082,
            43.8268171
          ],
          [
            4.4810674,
            43.827604
          ]
        ]
      },
      "properties": {
        "parking_id": "PKC_006",
        "origine_id": "ORI_004",
        "distance_m": 1784,
        "temps_min": 2.5,
        "voie_dom": "primary",
        "veh_origine": 36
      }
    },
    {
      "type": "Feature",
      "geometry": {
        "type": "LineString",
        "coordinates": [
          [
            4.4992763,
            43.8294615
          ],
          [
            4.4994581,
            43.8295654
          ],
          [
            4.4996122,
            43.8297121
          ],
          [
            4.499023,
            43.8299749
          ],
          [
            4.4990256,
            43.8320593
          ],
          [
            4.4986159,
            43.8319899
          ],
          [
            4.4982731,
            43.8323104
          ],
          [
            4.4981761,
            43.8324119
          ],
          [
            4.4980151,
            43.8324925
          ],
          [
            4.4971386,
            43.8322278
          ],
          [
            4.4970614,
            43.8324239
          ],
          [
            4.4963273,
            43.8321912
          ],
          [
            4.4963344,
            43.8317947
          ],
          [
            4.4963408,
            43.8315362
          ],
          [
            4.4960367,
            43.8313309
          ],
          [
            4.4954574,
            43.8309265
          ],
          [
            4.4952166,
            43.8308002
          ],
          [
            4.4935751,
            43.8304696
          ],
          [
            4.493419,
            43.830458
          ],
          [
            4.491725,
            43.8302369
          ],
          [
            4.4915925,
            43.8303079
          ],
          [
            4.4915477,
            43.8302428
          ],
          [
            4.4898709,
            43.830535
          ],
          [
            4.4887324,
            43.8307642
          ],
          [
            4.4880761,
            43.8307804
          ],
          [
            4.4861466,
            43.830498
          ]
        ]
      },
      "properties": {
        "parking_id": "PKC_006",
        "origine_id": "ORI_031",
        "distance_m": 1580,
        "temps_min": 3.1,
        "voie_dom": "secondary",
        "veh_origine": 19
      }
    },
    {
      "type": "Feature",
      "geometry": {
        "type": "LineString",
        "coordinates": [
          [
            4.4992763,
            43.8294615
          ],
          [
            4.4994581,
            43.8295654
          ],
          [
            4.4996122,
            43.8297121
          ],
          [
            4.499023,
            43.8299749
          ],
          [
            4.4990256,
            43.8320593
          ],
          [
            4.4986159,
            43.8319899
          ],
          [
            4.4982731,
            43.8323104
          ],
          [
            4.4981761,
            43.8324119
          ],
          [
            4.4980151,
            43.8324925
          ],
          [
            4.4978705,
            43.8326288
          ],
          [
            4.4978121,
            43.8328099
          ],
          [
            4.4968895,
            43.8328342
          ],
          [
            4.4967147,
            43.8328494
          ],
          [
            4.4963436,
            43.8329072
          ],
          [
            4.4964045,
            43.8333292
          ],
          [
            4.4964519,
            43.8336285
          ],
          [
            4.4967764,
            43.834146
          ],
          [
            4.4971831,
            43.8350138
          ],
          [
            4.4972985,
            43.8356184
          ],
          [
            4.4974389,
            43.8362542
          ],
          [
            4.497549,
            43.8366298
          ],
          [
            4.4965965,
            43.8367492
          ]
        ]
      },
      "properties": {
        "parking_id": "PKC_006",
        "origine_id": "ORI_030",
        "distance_m": 1120,
        "temps_min": 2.3,
        "voie_dom": "tertiary",
        "veh_origine": 7
      }
    },
    {
      "type": "Feature",
      "geometry": {
        "type": "LineString",
        "coordinates": [
          [
            4.4992763,
            43.8294615
          ],
          [
            4.4994581,
            43.8295654
          ],
          [
            4.4996122,
            43.8297121
          ],
          [
            4.499023,
            43.8299749
          ],
          [
            4.4990256,
            43.8320593
          ],
          [
            4.4986159,
            43.8319899
          ],
          [
            4.4982731,
            43.8323104
          ],
          [
            4.4981761,
            43.8324119
          ],
          [
            4.4980151,
            43.8324925
          ],
          [
            4.4978705,
            43.8326288
          ],
          [
            4.4978121,
            43.8328099
          ],
          [
            4.4968895,
            43.8328342
          ],
          [
            4.4967147,
            43.8328494
          ],
          [
            4.4963436,
            43.8329072
          ],
          [
            4.4957189,
            43.8330153
          ],
          [
            4.4956073,
            43.8331685
          ],
          [
            4.4950011,
            43.8333791
          ],
          [
            4.4945384,
            43.8335197
          ],
          [
            4.4940413,
            43.8336111
          ],
          [
            4.4939379,
            43.8336774
          ],
          [
            4.4939009,
            43.833648
          ],
          [
            4.4939602,
            43.8335756
          ],
          [
            4.4936854,
            43.8324266
          ],
          [
            4.4931821,
            43.8319114
          ]
        ]
      },
      "properties": {
        "parking_id": "PKC_006",
        "origine_id": "ORI_039",
        "distance_m": 1061,
        "temps_min": 2.1,
        "voie_dom": "secondary",
        "veh_origine": 6
      }
    },
    {
      "type": "Feature",
      "geometry": {
        "type": "LineString",
        "coordinates": [
          [
            4.4992763,
            43.8294615
          ],
          [
            4.4994581,
            43.8295654
          ],
          [
            4.4996122,
            43.8297121
          ],
          [
            4.499023,
            43.8299749
          ],
          [
            4.4990256,
            43.8320593
          ],
          [
            4.4986159,
            43.8319899
          ],
          [
            4.4982731,
            43.8323104
          ],
          [
            4.4981761,
            43.8324119
          ],
          [
            4.4980151,
            43.8324925
          ],
          [
            4.4978705,
            43.8326288
          ],
          [
            4.4978121,
            43.8328099
          ],
          [
            4.4968895,
            43.8328342
          ],
          [
            4.4967147,
            43.8328494
          ],
          [
            4.4963436,
            43.8329072
          ],
          [
            4.4957189,
            43.8330153
          ],
          [
            4.4956073,
            43.8331685
          ],
          [
            4.4950011,
            43.8333791
          ],
          [
            4.4945384,
            43.8335197
          ],
          [
            4.4940413,
            43.8336111
          ],
          [
            4.4939379,
            43.8336774
          ],
          [
            4.4939009,
            43.833648
          ],
          [
            4.4932128,
            43.833704
          ],
          [
            4.4918093,
            43.8337417
          ],
          [
            4.4908758,
            43.833773
          ],
          [
            4.4840329,
            43.8340457
          ]
        ]
      },
      "properties": {
        "parking_id": "PKC_006",
        "origine_id": "ORI_013",
        "distance_m": 1635,
        "temps_min": 3.2,
        "voie_dom": "secondary",
        "veh_origine": 4
      }
    },
    {
      "type": "Feature",
      "geometry": {
        "type": "LineString",
        "coordinates": [
          [
            4.4992763,
            43.8294615
          ],
          [
            4.4994581,
            43.8295654
          ],
          [
            4.4996122,
            43.8297121
          ],
          [
            4.499023,
            43.8299749
          ],
          [
            4.4990256,
            43.8320593
          ],
          [
            4.4986159,
            43.8319899
          ],
          [
            4.4982731,
            43.8323104
          ],
          [
            4.4981761,
            43.8324119
          ],
          [
            4.4980151,
            43.8324925
          ],
          [
            4.4978705,
            43.8326288
          ],
          [
            4.4978121,
            43.8328099
          ],
          [
            4.4968895,
            43.8328342
          ],
          [
            4.4967147,
            43.8328494
          ],
          [
            4.4963436,
            43.8329072
          ],
          [
            4.4957189,
            43.8330153
          ],
          [
            4.4956073,
            43.8331685
          ],
          [
            4.4950011,
            43.8333791
          ],
          [
            4.4945384,
            43.8335197
          ],
          [
            4.4940413,
            43.8336111
          ],
          [
            4.4939379,
            43.8336774
          ],
          [
            4.4939009,
            43.833648
          ],
          [
            4.4932128,
            43.833704
          ],
          [
            4.4918093,
            43.8337417
          ],
          [
            4.4908758,
            43.833773
          ],
          [
            4.4840329,
            43.8340457
          ]
        ]
      },
      "properties": {
        "parking_id": "PKC_006",
        "origine_id": "ORI_022",
        "distance_m": 1635,
        "temps_min": 3.2,
        "voie_dom": "secondary",
        "veh_origine": 4
      }
    },
    {
      "type": "Feature",
      "geometry": {
        "type": "LineString",
        "coordinates": [
          [
            4.4992763,
            43.8294615
          ],
          [
            4.4988757,
            43.8293132
          ],
          [
            4.498788,
            43.8288435
          ],
          [
            4.4987751,
            43.8285101
          ],
          [
            4.4987304,
            43.8280443
          ],
          [
            4.4986649,
            43.8275878
          ],
          [
            4.4985134,
            43.8274925
          ],
          [
            4.4974532,
            43.8275183
          ],
          [
            4.4959698,
            43.8275536
          ],
          [
            4.4958597,
            43.826611
          ],
          [
            4.4957181,
            43.8262837
          ],
          [
            4.4956667,
            43.826258
          ],
          [
            4.495259,
            43.8262119
          ],
          [
            4.4894097,
            43.8267769
          ],
          [
            4.4890082,
            43.8268171
          ],
          [
            4.4888534,
            43.8263593
          ],
          [
            4.4884619,
            43.8264006
          ]
        ]
      },
      "properties": {
        "parking_id": "PKC_006",
        "origine_id": "ORI_034",
        "distance_m": 1226,
        "temps_min": 1.9,
        "voie_dom": "primary",
        "veh_origine": 3
      }
    },
    {
      "type": "Feature",
      "geometry": {
        "type": "LineString",
        "coordinates": [
          [
            4.4992763,
            43.8294615
          ],
          [
            4.4994581,
            43.8295654
          ],
          [
            4.4996122,
            43.8297121
          ],
          [
            4.499023,
            43.8299749
          ],
          [
            4.4990256,
            43.8320593
          ],
          [
            4.4986159,
            43.8319899
          ],
          [
            4.4982731,
            43.8323104
          ],
          [
            4.4981761,
            43.8324119
          ],
          [
            4.4980151,
            43.8324925
          ],
          [
            4.4978705,
            43.8326288
          ],
          [
            4.4978121,
            43.8328099
          ],
          [
            4.4968895,
            43.8328342
          ],
          [
            4.4967147,
            43.8328494
          ],
          [
            4.4963436,
            43.8329072
          ],
          [
            4.4957189,
            43.8330153
          ],
          [
            4.4956073,
            43.8331685
          ],
          [
            4.4950011,
            43.8333791
          ],
          [
            4.4945384,
            43.8335197
          ],
          [
            4.4940413,
            43.8336111
          ],
          [
            4.4939379,
            43.8336774
          ],
          [
            4.4937461,
            43.8342775
          ],
          [
            4.4937087,
            43.8346667
          ],
          [
            4.4936846,
            43.8351114
          ],
          [
            4.4933524,
            43.8357545
          ],
          [
            4.4933755,
            43.8359605
          ],
          [
            4.4934165,
            43.8363261
          ],
          [
            4.4933995,
            43.8363843
          ]
        ]
      },
      "properties": {
        "parking_id": "PKC_006",
        "origine_id": "ORI_035",
        "distance_m": 1142,
        "temps_min": 2.2,
        "voie_dom": "secondary",
        "veh_origine": 2
      }
    },
    {
      "type": "Feature",
      "geometry": {
        "type": "LineString",
        "coordinates": [
          [
            4.4992763,
            43.8294615
          ],
          [
            4.4994581,
            43.8295654
          ],
          [
            4.4996122,
            43.8297121
          ],
          [
            4.499023,
            43.8299749
          ],
          [
            4.4990256,
            43.8320593
          ],
          [
            4.4986159,
            43.8319899
          ],
          [
            4.4982731,
            43.8323104
          ],
          [
            4.4981761,
            43.8324119
          ],
          [
            4.4980151,
            43.8324925
          ],
          [
            4.4978705,
            43.8326288
          ],
          [
            4.4978121,
            43.8328099
          ],
          [
            4.4968895,
            43.8328342
          ],
          [
            4.4967147,
            43.8328494
          ],
          [
            4.4963436,
            43.8329072
          ],
          [
            4.4957189,
            43.8330153
          ],
          [
            4.4956073,
            43.8331685
          ],
          [
            4.4950011,
            43.8333791
          ],
          [
            4.4945384,
            43.8335197
          ],
          [
            4.4940413,
            43.8336111
          ],
          [
            4.4939379,
            43.8336774
          ],
          [
            4.4939009,
            43.833648
          ],
          [
            4.4932128,
            43.833704
          ],
          [
            4.4918571,
            43.8330336
          ],
          [
            4.4910297,
            43.8321233
          ]
        ]
      },
      "properties": {
        "parking_id": "PKC_006",
        "origine_id": "ORI_032",
        "distance_m": 1222,
        "temps_min": 2.4,
        "voie_dom": "secondary",
        "veh_origine": 1
      }
    },
    {
      "type": "Feature",
      "geometry": {
        "type": "LineString",
        "coordinates": [
          [
            4.4992763,
            43.8294615
          ],
          [
            4.4994581,
            43.8295654
          ],
          [
            4.4996122,
            43.8297121
          ],
          [
            4.499023,
            43.8299749
          ],
          [
            4.4990256,
            43.8320593
          ],
          [
            4.4986159,
            43.8319899
          ],
          [
            4.4982731,
            43.8323104
          ],
          [
            4.4981761,
            43.8324119
          ],
          [
            4.4980151,
            43.8324925
          ],
          [
            4.4978705,
            43.8326288
          ],
          [
            4.4978121,
            43.8328099
          ],
          [
            4.4968895,
            43.8328342
          ],
          [
            4.4967147,
            43.8328494
          ],
          [
            4.4963436,
            43.8329072
          ],
          [
            4.4957189,
            43.8330153
          ],
          [
            4.4956073,
            43.8331685
          ],
          [
            4.4950011,
            43.8333791
          ],
          [
            4.4945384,
            43.8335197
          ],
          [
            4.4940413,
            43.8336111
          ],
          [
            4.4939379,
            43.8336774
          ],
          [
            4.4937461,
            43.8342775
          ],
          [
            4.4937087,
            43.8346667
          ],
          [
            4.4936846,
            43.8351114
          ],
          [
            4.4933524,
            43.8357545
          ],
          [
            4.4933755,
            43.8359605
          ],
          [
            4.4934165,
            43.8363261
          ],
          [
            4.4933995,
            43.8363843
          ],
          [
            4.4917476,
            43.8366506
          ]
        ]
      },
      "properties": {
        "parking_id": "PKC_006",
        "origine_id": "ORI_033",
        "distance_m": 1278,
        "temps_min": 2.5,
        "voie_dom": "secondary",
        "veh_origine": 1
      }
    },
    {
      "type": "Feature",
      "geometry": {
        "type": "LineString",
        "coordinates": [
          [
            4.4992763,
            43.8294615
          ],
          [
            4.4994581,
            43.8295654
          ],
          [
            4.4996122,
            43.8297121
          ],
          [
            4.499023,
            43.8299749
          ],
          [
            4.4990256,
            43.8320593
          ],
          [
            4.4986159,
            43.8319899
          ],
          [
            4.4982731,
            43.8323104
          ],
          [
            4.4981761,
            43.8324119
          ],
          [
            4.4980151,
            43.8324925
          ],
          [
            4.4971386,
            43.8322278
          ],
          [
            4.4970614,
            43.8324239
          ],
          [
            4.4963273,
            43.8321912
          ],
          [
            4.4963344,
            43.8317947
          ],
          [
            4.4963408,
            43.8315362
          ],
          [
            4.4960367,
            43.8313309
          ],
          [
            4.4954574,
            43.8309265
          ],
          [
            4.4952166,
            43.8308002
          ],
          [
            4.4935751,
            43.8304696
          ],
          [
            4.493419,
            43.830458
          ],
          [
            4.491725,
            43.8302369
          ],
          [
            4.4915925,
            43.8303079
          ],
          [
            4.4915477,
            43.8302428
          ],
          [
            4.4916391,
            43.8301863
          ],
          [
            4.4888426,
            43.8294154
          ],
          [
            4.4878382,
            43.8291331
          ],
          [
            4.4875825,
            43.8290539
          ]
        ]
      },
      "properties": {
        "parking_id": "PKC_006",
        "origine_id": "ORI_036",
        "distance_m": 1492,
        "temps_min": 2.9,
        "voie_dom": "secondary",
        "veh_origine": 1
      }
    },
    {
      "type": "Feature",
      "geometry": {
        "type": "LineString",
        "coordinates": [
          [
            4.4992763,
            43.8294615
          ],
          [
            4.4994581,
            43.8295654
          ],
          [
            4.4996122,
            43.8297121
          ],
          [
            4.499023,
            43.8299749
          ],
          [
            4.4990256,
            43.8320593
          ],
          [
            4.4986159,
            43.8319899
          ],
          [
            4.4982731,
            43.8323104
          ],
          [
            4.4981761,
            43.8324119
          ],
          [
            4.4980151,
            43.8324925
          ],
          [
            4.4978705,
            43.8326288
          ],
          [
            4.4978121,
            43.8328099
          ],
          [
            4.4968895,
            43.8328342
          ],
          [
            4.4967147,
            43.8328494
          ],
          [
            4.4963436,
            43.8329072
          ],
          [
            4.4957189,
            43.8330153
          ],
          [
            4.4956073,
            43.8331685
          ],
          [
            4.4950011,
            43.8333791
          ],
          [
            4.4945384,
            43.8335197
          ],
          [
            4.4940413,
            43.8336111
          ],
          [
            4.4939379,
            43.8336774
          ],
          [
            4.4937461,
            43.8342775
          ],
          [
            4.4937087,
            43.8346667
          ],
          [
            4.4936846,
            43.8351114
          ],
          [
            4.4933524,
            43.8357545
          ],
          [
            4.490921,
            43.8360101
          ]
        ]
      },
      "properties": {
        "parking_id": "PKC_006",
        "origine_id": "ORI_037",
        "distance_m": 1269,
        "temps_min": 2.5,
        "voie_dom": "secondary",
        "veh_origine": 1
      }
    },
    {
      "type": "Feature",
      "geometry": {
        "type": "LineString",
        "coordinates": [
          [
            4.4992763,
            43.8294615
          ],
          [
            4.4994581,
            43.8295654
          ],
          [
            4.4996122,
            43.8297121
          ],
          [
            4.499023,
            43.8299749
          ],
          [
            4.4990256,
            43.8320593
          ],
          [
            4.4986159,
            43.8319899
          ],
          [
            4.4982731,
            43.8323104
          ],
          [
            4.4981761,
            43.8324119
          ],
          [
            4.4980151,
            43.8324925
          ],
          [
            4.4978705,
            43.8326288
          ],
          [
            4.4978121,
            43.8328099
          ],
          [
            4.4968895,
            43.8328342
          ],
          [
            4.4967147,
            43.8328494
          ],
          [
            4.4963436,
            43.8329072
          ],
          [
            4.4957189,
            43.8330153
          ],
          [
            4.4956073,
            43.8331685
          ],
          [
            4.4950011,
            43.8333791
          ],
          [
            4.4945384,
            43.8335197
          ],
          [
            4.4940413,
            43.8336111
          ],
          [
            4.4939379,
            43.8336774
          ],
          [
            4.4939009,
            43.833648
          ],
          [
            4.4932128,
            43.833704
          ],
          [
            4.4918093,
            43.8337417
          ],
          [
            4.4908758,
            43.833773
          ],
          [
            4.4908222,
            43.83345
          ],
          [
            4.4902664,
            43.8309959
          ]
        ]
      },
      "properties": {
        "parking_id": "PKC_006",
        "origine_id": "ORI_038",
        "distance_m": 1428,
        "temps_min": 2.8,
        "voie_dom": "secondary",
        "veh_origine": 1
      }
    },
    {
      "type": "Feature",
      "geometry": {
        "type": "LineString",
        "coordinates": [
          [
            4.5046183,
            43.8169048
          ],
          [
            4.5060572,
            43.8171833
          ],
          [
            4.5055109,
            43.817611
          ],
          [
            4.5037851,
            43.816983
          ],
          [
            4.5035612,
            43.81692
          ],
          [
            4.4993908,
            43.8167936
          ],
          [
            4.4974087,
            43.8166092
          ],
          [
            4.4954789,
            43.8170289
          ],
          [
            4.492294,
            43.8170697
          ],
          [
            4.4889431,
            43.8174259
          ],
          [
            4.4900472,
            43.8186345
          ],
          [
            4.4913423,
            43.8199125
          ],
          [
            4.4917884,
            43.8200854
          ],
          [
            4.4921756,
            43.8203663
          ],
          [
            4.4923549,
            43.8206698
          ],
          [
            4.4939503,
            43.8228994
          ],
          [
            4.4953692,
            43.8251977
          ],
          [
            4.4955244,
            43.8255328
          ],
          [
            4.4958747,
            43.8258325
          ],
          [
            4.4961524,
            43.8259324
          ],
          [
            4.4961854,
            43.8261737
          ],
          [
            4.4960506,
            43.8262813
          ],
          [
            4.4958597,
            43.826611
          ],
          [
            4.4959698,
            43.8275536
          ],
          [
            4.495989,
            43.8277739
          ],
          [
            4.4960565,
            43.8285555
          ],
          [
            4.4960628,
            43.8286129
          ],
          [
            4.4964185,
            43.830054
          ],
          [
            4.4964876,
            43.8302627
          ],
          [
            4.4965621,
            43.8304325
          ],
          [
            4.4967451,
            43.8308012
          ],
          [
            4.4968494,
            43.8310386
          ],
          [
            4.4964748,
            43.8311449
          ],
          [
            4.4963408,
            43.8315362
          ],
          [
            4.4963344,
            43.8317947
          ],
          [
            4.4963273,
            43.8321912
          ],
          [
            4.4962492,
            43.832317
          ],
          [
            4.4962575,
            43.8324595
          ],
          [
            4.4963096,
            43.8326787
          ],
          [
            4.4963436,
            43.8329072
          ],
          [
            4.4957189,
            43.8330153
          ],
          [
            4.4956073,
            43.8331685
          ],
          [
            4.4950011,
            43.8333791
          ],
          [
            4.4945384,
            43.8335197
          ],
          [
            4.4940413,
            43.8336111
          ],
          [
            4.4939379,
            43.8336774
          ],
          [
            4.4937461,
            43.8342775
          ],
          [
            4.4937087,
            43.8346667
          ],
          [
            4.4936846,
            43.8351114
          ],
          [
            4.4933524,
            43.8357545
          ],
          [
            4.4933755,
            43.8359605
          ],
          [
            4.4934165,
            43.8363261
          ],
          [
            4.4933995,
            43.8363843
          ],
          [
            4.4887957,
            43.8397821
          ],
          [
            4.4886068,
            43.8381104
          ]
        ]
      },
      "properties": {
        "parking_id": "PKC_010",
        "origine_id": "ORI_029",
        "distance_m": 4842,
        "temps_min": 8.0,
        "voie_dom": "primary",
        "veh_origine": 83
      }
    },
    {
      "type": "Feature",
      "geometry": {
        "type": "LineString",
        "coordinates": [
          [
            4.5046183,
            43.8169048
          ],
          [
            4.5060572,
            43.8171833
          ],
          [
            4.5055109,
            43.817611
          ],
          [
            4.5037851,
            43.816983
          ],
          [
            4.5035612,
            43.81692
          ],
          [
            4.4993908,
            43.8167936
          ],
          [
            4.4974087,
            43.8166092
          ],
          [
            4.4954789,
            43.8170289
          ],
          [
            4.492294,
            43.8170697
          ],
          [
            4.4889431,
            43.8174259
          ],
          [
            4.4900472,
            43.8186345
          ],
          [
            4.4913423,
            43.8199125
          ],
          [
            4.4917884,
            43.8200854
          ],
          [
            4.4921756,
            43.8203663
          ],
          [
            4.4923549,
            43.8206698
          ],
          [
            4.4939503,
            43.8228994
          ],
          [
            4.4953692,
            43.8251977
          ],
          [
            4.4955244,
            43.8255328
          ],
          [
            4.4958747,
            43.8258325
          ],
          [
            4.4961524,
            43.8259324
          ],
          [
            4.4961854,
            43.8261737
          ],
          [
            4.4960506,
            43.8262813
          ],
          [
            4.4957181,
            43.8262837
          ],
          [
            4.4956667,
            43.826258
          ],
          [
            4.495259,
            43.8262119
          ],
          [
            4.4894097,
            43.8267769
          ],
          [
            4.4890082,
            43.8268171
          ],
          [
            4.4810674,
            43.827604
          ]
        ]
      },
      "properties": {
        "parking_id": "PKC_010",
        "origine_id": "ORI_004",
        "distance_m": 4029,
        "temps_min": 5.6,
        "voie_dom": "primary",
        "veh_origine": 36
      }
    },
    {
      "type": "Feature",
      "geometry": {
        "type": "LineString",
        "coordinates": [
          [
            4.5046183,
            43.8169048
          ],
          [
            4.5060572,
            43.8171833
          ],
          [
            4.5055109,
            43.817611
          ],
          [
            4.5037851,
            43.816983
          ],
          [
            4.5035612,
            43.81692
          ],
          [
            4.4993908,
            43.8167936
          ],
          [
            4.4974087,
            43.8166092
          ],
          [
            4.4954789,
            43.8170289
          ],
          [
            4.492294,
            43.8170697
          ],
          [
            4.4889431,
            43.8174259
          ],
          [
            4.4900472,
            43.8186345
          ],
          [
            4.4913423,
            43.8199125
          ],
          [
            4.4917884,
            43.8200854
          ],
          [
            4.4921756,
            43.8203663
          ],
          [
            4.4923549,
            43.8206698
          ],
          [
            4.4939503,
            43.8228994
          ],
          [
            4.4953692,
            43.8251977
          ],
          [
            4.4955244,
            43.8255328
          ],
          [
            4.4958747,
            43.8258325
          ],
          [
            4.4961524,
            43.8259324
          ],
          [
            4.4961854,
            43.8261737
          ],
          [
            4.4960506,
            43.8262813
          ],
          [
            4.4958597,
            43.826611
          ],
          [
            4.4959698,
            43.8275536
          ],
          [
            4.495989,
            43.8277739
          ],
          [
            4.4950176,
            43.827828
          ],
          [
            4.4944285,
            43.828902
          ],
          [
            4.4943634,
            43.8289961
          ],
          [
            4.4928104,
            43.8290887
          ],
          [
            4.4932646,
            43.8298843
          ],
          [
            4.4934921,
            43.8303752
          ],
          [
            4.4935751,
            43.8304696
          ],
          [
            4.493419,
            43.830458
          ],
          [
            4.491725,
            43.8302369
          ],
          [
            4.4915925,
            43.8303079
          ],
          [
            4.4915477,
            43.8302428
          ],
          [
            4.4898709,
            43.830535
          ],
          [
            4.4887324,
            43.8307642
          ],
          [
            4.4880761,
            43.8307804
          ],
          [
            4.4861466,
            43.830498
          ]
        ]
      },
      "properties": {
        "parking_id": "PKC_010",
        "origine_id": "ORI_031",
        "distance_m": 4141,
        "temps_min": 6.7,
        "voie_dom": "primary",
        "veh_origine": 19
      }
    },
    {
      "type": "Feature",
      "geometry": {
        "type": "LineString",
        "coordinates": [
          [
            4.5046183,
            43.8169048
          ],
          [
            4.5060572,
            43.8171833
          ],
          [
            4.5055109,
            43.817611
          ],
          [
            4.5037851,
            43.816983
          ],
          [
            4.5035612,
            43.81692
          ],
          [
            4.4993908,
            43.8167936
          ],
          [
            4.4974087,
            43.8166092
          ],
          [
            4.4954789,
            43.8170289
          ],
          [
            4.492294,
            43.8170697
          ],
          [
            4.4889431,
            43.8174259
          ],
          [
            4.4870637,
            43.8150717
          ],
          [
            4.4867833,
            43.8148233
          ],
          [
            4.4867191,
            43.8148062
          ],
          [
            4.4863624,
            43.8149233
          ],
          [
            4.4853215,
            43.8161855
          ],
          [
            4.484423,
            43.817986
          ],
          [
            4.4844956,
            43.8180557
          ],
          [
            4.4844073,
            43.8181334
          ],
          [
            4.4842891,
            43.8180799
          ],
          [
            4.4827089,
            43.8185284
          ],
          [
            4.4825925,
            43.8185678
          ],
          [
            4.4819289,
            43.8187852
          ],
          [
            4.4804931,
            43.8190351
          ],
          [
            4.480089,
            43.8189551
          ],
          [
            4.4786033,
            43.818718
          ],
          [
            4.4785242,
            43.8187102
          ],
          [
            4.4778253,
            43.8186225
          ],
          [
            4.4771034,
            43.8185571
          ],
          [
            4.4767843,
            43.8185439
          ],
          [
            4.475864,
            43.81871
          ],
          [
            4.4745283,
            43.8190713
          ],
          [
            4.4749518,
            43.819671
          ],
          [
            4.4763044,
            43.8216525
          ],
          [
            4.4760583,
            43.8217388
          ],
          [
            4.4755018,
            43.8231994
          ],
          [
            4.4757613,
            43.8262427
          ],
          [
            4.4735259,
            43.8260765
          ]
        ]
      },
      "properties": {
        "parking_id": "PKC_010",
        "origine_id": "ORI_010",
        "distance_m": 4276,
        "temps_min": 7.1,
        "voie_dom": "secondary",
        "veh_origine": 7
      }
    },
    {
      "type": "Feature",
      "geometry": {
        "type": "LineString",
        "coordinates": [
          [
            4.5046183,
            43.8169048
          ],
          [
            4.5060572,
            43.8171833
          ],
          [
            4.5055109,
            43.817611
          ],
          [
            4.5037851,
            43.816983
          ],
          [
            4.5035612,
            43.81692
          ],
          [
            4.4993908,
            43.8167936
          ],
          [
            4.4974087,
            43.8166092
          ],
          [
            4.4954789,
            43.8170289
          ],
          [
            4.492294,
            43.8170697
          ],
          [
            4.4889431,
            43.8174259
          ],
          [
            4.4900472,
            43.8186345
          ],
          [
            4.4913423,
            43.8199125
          ],
          [
            4.4917884,
            43.8200854
          ],
          [
            4.4921756,
            43.8203663
          ],
          [
            4.4923549,
            43.8206698
          ],
          [
            4.4939503,
            43.8228994
          ],
          [
            4.4953692,
            43.8251977
          ],
          [
            4.4955244,
            43.8255328
          ],
          [
            4.4958747,
            43.8258325
          ],
          [
            4.4961524,
            43.8259324
          ],
          [
            4.4961854,
            43.8261737
          ],
          [
            4.4960506,
            43.8262813
          ],
          [
            4.4958597,
            43.826611
          ],
          [
            4.4959698,
            43.8275536
          ],
          [
            4.495989,
            43.8277739
          ],
          [
            4.4960565,
            43.8285555
          ],
          [
            4.4960628,
            43.8286129
          ],
          [
            4.4964185,
            43.830054
          ],
          [
            4.4964876,
            43.8302627
          ],
          [
            4.4965621,
            43.8304325
          ],
          [
            4.4967451,
            43.8308012
          ],
          [
            4.4968494,
            43.8310386
          ],
          [
            4.4964748,
            43.8311449
          ],
          [
            4.4963408,
            43.8315362
          ],
          [
            4.4963344,
            43.8317947
          ],
          [
            4.4963273,
            43.8321912
          ],
          [
            4.4962492,
            43.832317
          ],
          [
            4.4962575,
            43.8324595
          ],
          [
            4.4963096,
            43.8326787
          ],
          [
            4.4963436,
            43.8329072
          ],
          [
            4.4964045,
            43.8333292
          ],
          [
            4.4964519,
            43.8336285
          ],
          [
            4.4967764,
            43.834146
          ],
          [
            4.4971831,
            43.8350138
          ],
          [
            4.4972985,
            43.8356184
          ],
          [
            4.4974389,
            43.8362542
          ],
          [
            4.497549,
            43.8366298
          ],
          [
            4.4965965,
            43.8367492
          ]
        ]
      },
      "properties": {
        "parking_id": "PKC_010",
        "origine_id": "ORI_030",
        "distance_m": 4095,
        "temps_min": 6.3,
        "voie_dom": "primary",
        "veh_origine": 7
      }
    },
    {
      "type": "Feature",
      "geometry": {
        "type": "LineString",
        "coordinates": [
          [
            4.5046183,
            43.8169048
          ],
          [
            4.5060572,
            43.8171833
          ],
          [
            4.5055109,
            43.817611
          ],
          [
            4.5037851,
            43.816983
          ],
          [
            4.5035612,
            43.81692
          ],
          [
            4.4993908,
            43.8167936
          ],
          [
            4.4974087,
            43.8166092
          ],
          [
            4.4954789,
            43.8170289
          ],
          [
            4.492294,
            43.8170697
          ],
          [
            4.4889431,
            43.8174259
          ],
          [
            4.4870637,
            43.8150717
          ],
          [
            4.4867833,
            43.8148233
          ],
          [
            4.4867191,
            43.8148062
          ],
          [
            4.4863624,
            43.8149233
          ],
          [
            4.4853215,
            43.8161855
          ],
          [
            4.484423,
            43.817986
          ],
          [
            4.4844956,
            43.8180557
          ],
          [
            4.4844073,
            43.8181334
          ],
          [
            4.4842891,
            43.8180799
          ],
          [
            4.4827089,
            43.8185284
          ],
          [
            4.4825925,
            43.8185678
          ],
          [
            4.4819289,
            43.8187852
          ],
          [
            4.4804931,
            43.8190351
          ],
          [
            4.480089,
            43.8189551
          ],
          [
            4.4786033,
            43.818718
          ],
          [
            4.4785242,
            43.8187102
          ],
          [
            4.4778253,
            43.8186225
          ],
          [
            4.4771034,
            43.8185571
          ],
          [
            4.4767843,
            43.8185439
          ],
          [
            4.475864,
            43.81871
          ],
          [
            4.4745283,
            43.8190713
          ],
          [
            4.4749518,
            43.819671
          ],
          [
            4.4763044,
            43.8216525
          ],
          [
            4.4760583,
            43.8217388
          ],
          [
            4.4746933,
            43.8216617
          ],
          [
            4.4747956,
            43.8218626
          ]
        ]
      },
      "properties": {
        "parking_id": "PKC_010",
        "origine_id": "ORI_009",
        "distance_m": 3735,
        "temps_min": 5.8,
        "voie_dom": "secondary",
        "veh_origine": 6
      }
    },
    {
      "type": "Feature",
      "geometry": {
        "type": "LineString",
        "coordinates": [
          [
            4.5046183,
            43.8169048
          ],
          [
            4.5060572,
            43.8171833
          ],
          [
            4.5055109,
            43.817611
          ],
          [
            4.5037851,
            43.816983
          ],
          [
            4.5035612,
            43.81692
          ],
          [
            4.4993908,
            43.8167936
          ],
          [
            4.4974087,
            43.8166092
          ],
          [
            4.4954789,
            43.8170289
          ],
          [
            4.492294,
            43.8170697
          ],
          [
            4.4889431,
            43.8174259
          ],
          [
            4.4900472,
            43.8186345
          ],
          [
            4.4913423,
            43.8199125
          ],
          [
            4.4917884,
            43.8200854
          ],
          [
            4.4921756,
            43.8203663
          ],
          [
            4.4923549,
            43.8206698
          ],
          [
            4.4939503,
            43.8228994
          ],
          [
            4.4953692,
            43.8251977
          ],
          [
            4.4955244,
            43.8255328
          ],
          [
            4.4958747,
            43.8258325
          ],
          [
            4.4961524,
            43.8259324
          ],
          [
            4.4961854,
            43.8261737
          ],
          [
            4.4960506,
            43.8262813
          ],
          [
            4.4958597,
            43.826611
          ],
          [
            4.4959698,
            43.8275536
          ],
          [
            4.495989,
            43.8277739
          ],
          [
            4.4960565,
            43.8285555
          ],
          [
            4.4960628,
            43.8286129
          ],
          [
            4.4964185,
            43.830054
          ],
          [
            4.4964876,
            43.8302627
          ],
          [
            4.4965621,
            43.8304325
          ],
          [
            4.4967451,
            43.8308012
          ],
          [
            4.4968494,
            43.8310386
          ],
          [
            4.4964748,
            43.8311449
          ],
          [
            4.4963408,
            43.8315362
          ],
          [
            4.4963344,
            43.8317947
          ],
          [
            4.4963273,
            43.8321912
          ],
          [
            4.4962492,
            43.832317
          ],
          [
            4.4962575,
            43.8324595
          ],
          [
            4.4963096,
            43.8326787
          ],
          [
            4.4963436,
            43.8329072
          ],
          [
            4.4957189,
            43.8330153
          ],
          [
            4.4956073,
            43.8331685
          ],
          [
            4.4950011,
            43.8333791
          ],
          [
            4.4945384,
            43.8335197
          ],
          [
            4.4940413,
            43.8336111
          ],
          [
            4.4939379,
            43.8336774
          ],
          [
            4.4939009,
            43.833648
          ],
          [
            4.4939602,
            43.8335756
          ],
          [
            4.4936854,
            43.8324266
          ],
          [
            4.4931821,
            43.8319114
          ]
        ]
      },
      "properties": {
        "parking_id": "PKC_010",
        "origine_id": "ORI_039",
        "distance_m": 4036,
        "temps_min": 6.1,
        "voie_dom": "primary",
        "veh_origine": 6
      }
    },
    {
      "type": "Feature",
      "geometry": {
        "type": "LineString",
        "coordinates": [
          [
            4.5046183,
            43.8169048
          ],
          [
            4.5060572,
            43.8171833
          ],
          [
            4.5055109,
            43.817611
          ],
          [
            4.5037851,
            43.816983
          ],
          [
            4.5035612,
            43.81692
          ],
          [
            4.4993908,
            43.8167936
          ],
          [
            4.4974087,
            43.8166092
          ],
          [
            4.4954789,
            43.8170289
          ],
          [
            4.492294,
            43.8170697
          ],
          [
            4.4889431,
            43.8174259
          ],
          [
            4.4870637,
            43.8150717
          ],
          [
            4.4867833,
            43.8148233
          ],
          [
            4.4867191,
            43.8148062
          ],
          [
            4.4863624,
            43.8149233
          ],
          [
            4.4853215,
            43.8161855
          ],
          [
            4.484423,
            43.817986
          ],
          [
            4.4844956,
            43.8180557
          ],
          [
            4.4844073,
            43.8181334
          ],
          [
            4.4842891,
            43.8180799
          ],
          [
            4.4827089,
            43.8185284
          ],
          [
            4.4825925,
            43.8185678
          ],
          [
            4.4819289,
            43.8187852
          ],
          [
            4.4804931,
            43.8190351
          ],
          [
            4.480089,
            43.8189551
          ],
          [
            4.4786033,
            43.818718
          ],
          [
            4.4785795,
            43.8191035
          ],
          [
            4.4785192,
            43.8197704
          ],
          [
            4.4784765,
            43.8202219
          ]
        ]
      },
      "properties": {
        "parking_id": "PKC_010",
        "origine_id": "ORI_003",
        "distance_m": 3066,
        "temps_min": 4.8,
        "voie_dom": "secondary",
        "veh_origine": 4
      }
    },
    {
      "type": "Feature",
      "geometry": {
        "type": "LineString",
        "coordinates": [
          [
            4.5046183,
            43.8169048
          ],
          [
            4.5060572,
            43.8171833
          ],
          [
            4.5055109,
            43.817611
          ],
          [
            4.5037851,
            43.816983
          ],
          [
            4.5035612,
            43.81692
          ],
          [
            4.4993908,
            43.8167936
          ],
          [
            4.4974087,
            43.8166092
          ],
          [
            4.4954789,
            43.8170289
          ],
          [
            4.492294,
            43.8170697
          ],
          [
            4.4889431,
            43.8174259
          ],
          [
            4.4900472,
            43.8186345
          ],
          [
            4.4913423,
            43.8199125
          ],
          [
            4.4917884,
            43.8200854
          ],
          [
            4.4921756,
            43.8203663
          ],
          [
            4.4923549,
            43.8206698
          ],
          [
            4.4939503,
            43.8228994
          ],
          [
            4.4953692,
            43.8251977
          ],
          [
            4.4955244,
            43.8255328
          ],
          [
            4.4958747,
            43.8258325
          ],
          [
            4.4961524,
            43.8259324
          ],
          [
            4.4961854,
            43.8261737
          ],
          [
            4.4960506,
            43.8262813
          ],
          [
            4.4958597,
            43.826611
          ],
          [
            4.4959698,
            43.8275536
          ],
          [
            4.495989,
            43.8277739
          ],
          [
            4.4960565,
            43.8285555
          ],
          [
            4.4960628,
            43.8286129
          ],
          [
            4.4964185,
            43.830054
          ],
          [
            4.4964876,
            43.8302627
          ],
          [
            4.4965621,
            43.8304325
          ],
          [
            4.4967451,
            43.8308012
          ],
          [
            4.4968494,
            43.8310386
          ],
          [
            4.4964748,
            43.8311449
          ],
          [
            4.4963408,
            43.8315362
          ],
          [
            4.4963344,
            43.8317947
          ],
          [
            4.4963273,
            43.8321912
          ],
          [
            4.4962492,
            43.832317
          ],
          [
            4.4962575,
            43.8324595
          ],
          [
            4.4963096,
            43.8326787
          ],
          [
            4.4963436,
            43.8329072
          ],
          [
            4.4957189,
            43.8330153
          ],
          [
            4.4956073,
            43.8331685
          ],
          [
            4.4950011,
            43.8333791
          ],
          [
            4.4945384,
            43.8335197
          ],
          [
            4.4940413,
            43.8336111
          ],
          [
            4.4939379,
            43.8336774
          ],
          [
            4.4939009,
            43.833648
          ],
          [
            4.4932128,
            43.833704
          ],
          [
            4.4918093,
            43.8337417
          ],
          [
            4.4908758,
            43.833773
          ],
          [
            4.4840329,
            43.8340457
          ]
        ]
      },
      "properties": {
        "parking_id": "PKC_010",
        "origine_id": "ORI_013",
        "distance_m": 4609,
        "temps_min": 7.3,
        "voie_dom": "primary",
        "veh_origine": 4
      }
    },
    {
      "type": "Feature",
      "geometry": {
        "type": "LineString",
        "coordinates": [
          [
            4.5046183,
            43.8169048
          ],
          [
            4.5060572,
            43.8171833
          ],
          [
            4.5055109,
            43.817611
          ],
          [
            4.5037851,
            43.816983
          ],
          [
            4.5035612,
            43.81692
          ],
          [
            4.4993908,
            43.8167936
          ],
          [
            4.4974087,
            43.8166092
          ],
          [
            4.4954789,
            43.8170289
          ],
          [
            4.492294,
            43.8170697
          ],
          [
            4.4889431,
            43.8174259
          ],
          [
            4.4900472,
            43.8186345
          ],
          [
            4.4913423,
            43.8199125
          ],
          [
            4.4917884,
            43.8200854
          ],
          [
            4.4921756,
            43.8203663
          ],
          [
            4.4923549,
            43.8206698
          ],
          [
            4.4939503,
            43.8228994
          ],
          [
            4.4953692,
            43.8251977
          ],
          [
            4.4955244,
            43.8255328
          ],
          [
            4.4958747,
            43.8258325
          ],
          [
            4.4961524,
            43.8259324
          ],
          [
            4.4961854,
            43.8261737
          ],
          [
            4.4960506,
            43.8262813
          ],
          [
            4.4958597,
            43.826611
          ],
          [
            4.4959698,
            43.8275536
          ],
          [
            4.495989,
            43.8277739
          ],
          [
            4.4960565,
            43.8285555
          ],
          [
            4.4960628,
            43.8286129
          ],
          [
            4.4964185,
            43.830054
          ],
          [
            4.4964876,
            43.8302627
          ],
          [
            4.4965621,
            43.8304325
          ],
          [
            4.4967451,
            43.8308012
          ],
          [
            4.4968494,
            43.8310386
          ],
          [
            4.4964748,
            43.8311449
          ],
          [
            4.4963408,
            43.8315362
          ],
          [
            4.4963344,
            43.8317947
          ],
          [
            4.4963273,
            43.8321912
          ],
          [
            4.4962492,
            43.832317
          ],
          [
            4.4962575,
            43.8324595
          ],
          [
            4.4963096,
            43.8326787
          ],
          [
            4.4963436,
            43.8329072
          ],
          [
            4.4957189,
            43.8330153
          ],
          [
            4.4956073,
            43.8331685
          ],
          [
            4.4950011,
            43.8333791
          ],
          [
            4.4945384,
            43.8335197
          ],
          [
            4.4940413,
            43.8336111
          ],
          [
            4.4939379,
            43.8336774
          ],
          [
            4.4939009,
            43.833648
          ],
          [
            4.4932128,
            43.833704
          ],
          [
            4.4918093,
            43.8337417
          ],
          [
            4.4908758,
            43.833773
          ],
          [
            4.4840329,
            43.8340457
          ]
        ]
      },
      "properties": {
        "parking_id": "PKC_010",
        "origine_id": "ORI_022",
        "distance_m": 4609,
        "temps_min": 7.3,
        "voie_dom": "primary",
        "veh_origine": 4
      }
    },
    {
      "type": "Feature",
      "geometry": {
        "type": "LineString",
        "coordinates": [
          [
            4.5046183,
            43.8169048
          ],
          [
            4.5060572,
            43.8171833
          ],
          [
            4.5055109,
            43.817611
          ],
          [
            4.5037851,
            43.816983
          ],
          [
            4.5035612,
            43.81692
          ],
          [
            4.4993908,
            43.8167936
          ],
          [
            4.4974087,
            43.8166092
          ],
          [
            4.4954789,
            43.8170289
          ],
          [
            4.492294,
            43.8170697
          ],
          [
            4.4889431,
            43.8174259
          ],
          [
            4.4870637,
            43.8150717
          ],
          [
            4.4867833,
            43.8148233
          ],
          [
            4.4867191,
            43.8148062
          ],
          [
            4.4863624,
            43.8149233
          ],
          [
            4.4853215,
            43.8161855
          ],
          [
            4.484423,
            43.817986
          ],
          [
            4.4844956,
            43.8180557
          ],
          [
            4.4844073,
            43.8181334
          ],
          [
            4.4842891,
            43.8180799
          ],
          [
            4.4827089,
            43.8185284
          ],
          [
            4.4825925,
            43.8185678
          ],
          [
            4.4819289,
            43.8187852
          ],
          [
            4.4804931,
            43.8190351
          ],
          [
            4.480089,
            43.8189551
          ],
          [
            4.4786033,
            43.818718
          ],
          [
            4.4785242,
            43.8187102
          ],
          [
            4.4778253,
            43.8186225
          ],
          [
            4.4771034,
            43.8185571
          ],
          [
            4.4767843,
            43.8185439
          ],
          [
            4.475864,
            43.81871
          ],
          [
            4.4745283,
            43.8190713
          ],
          [
            4.4749518,
            43.819671
          ],
          [
            4.4763044,
            43.8216525
          ],
          [
            4.4760583,
            43.8217388
          ],
          [
            4.4755018,
            43.8231994
          ],
          [
            4.4757613,
            43.8262427
          ]
        ]
      },
      "properties": {
        "parking_id": "PKC_010",
        "origine_id": "ORI_015",
        "distance_m": 4096,
        "temps_min": 6.7,
        "voie_dom": "secondary",
        "veh_origine": 3
      }
    },
    {
      "type": "Feature",
      "geometry": {
        "type": "LineString",
        "coordinates": [
          [
            4.5046183,
            43.8169048
          ],
          [
            4.5060572,
            43.8171833
          ],
          [
            4.5055109,
            43.817611
          ],
          [
            4.5037851,
            43.816983
          ],
          [
            4.5035612,
            43.81692
          ],
          [
            4.4993908,
            43.8167936
          ],
          [
            4.4974087,
            43.8166092
          ],
          [
            4.4954789,
            43.8170289
          ],
          [
            4.492294,
            43.8170697
          ],
          [
            4.4889431,
            43.8174259
          ],
          [
            4.4870637,
            43.8150717
          ],
          [
            4.4867833,
            43.8148233
          ],
          [
            4.4867191,
            43.8148062
          ],
          [
            4.4863624,
            43.8149233
          ],
          [
            4.4853215,
            43.8161855
          ],
          [
            4.484423,
            43.817986
          ],
          [
            4.4844956,
            43.8180557
          ],
          [
            4.4844073,
            43.8181334
          ],
          [
            4.4842891,
            43.8180799
          ],
          [
            4.4827089,
            43.8185284
          ],
          [
            4.4825925,
            43.8185678
          ],
          [
            4.4819289,
            43.8187852
          ],
          [
            4.4804931,
            43.8190351
          ],
          [
            4.480089,
            43.8189551
          ],
          [
            4.4786033,
            43.818718
          ],
          [
            4.4785242,
            43.8187102
          ],
          [
            4.4778253,
            43.8186225
          ],
          [
            4.4771034,
            43.8185571
          ],
          [
            4.4767843,
            43.8185439
          ],
          [
            4.475864,
            43.81871
          ],
          [
            4.4745283,
            43.8190713
          ],
          [
            4.4749518,
            43.819671
          ],
          [
            4.4763044,
            43.8216525
          ],
          [
            4.4766771,
            43.8221793
          ],
          [
            4.4776117,
            43.8235267
          ]
        ]
      },
      "properties": {
        "parking_id": "PKC_010",
        "origine_id": "ORI_027",
        "distance_m": 3791,
        "temps_min": 5.8,
        "voie_dom": "secondary",
        "veh_origine": 3
      }
    },
    {
      "type": "Feature",
      "geometry": {
        "type": "LineString",
        "coordinates": [
          [
            4.5046183,
            43.8169048
          ],
          [
            4.5060572,
            43.8171833
          ],
          [
            4.5055109,
            43.817611
          ],
          [
            4.5037851,
            43.816983
          ],
          [
            4.5035612,
            43.81692
          ],
          [
            4.4993908,
            43.8167936
          ],
          [
            4.4974087,
            43.8166092
          ],
          [
            4.4954789,
            43.8170289
          ],
          [
            4.492294,
            43.8170697
          ],
          [
            4.4889431,
            43.8174259
          ],
          [
            4.4900472,
            43.8186345
          ],
          [
            4.4913423,
            43.8199125
          ],
          [
            4.4917884,
            43.8200854
          ],
          [
            4.4921756,
            43.8203663
          ],
          [
            4.4923549,
            43.8206698
          ],
          [
            4.4939503,
            43.8228994
          ],
          [
            4.4953692,
            43.8251977
          ],
          [
            4.4955244,
            43.8255328
          ],
          [
            4.4958747,
            43.8258325
          ],
          [
            4.4961524,
            43.8259324
          ],
          [
            4.4961854,
            43.8261737
          ],
          [
            4.4960506,
            43.8262813
          ],
          [
            4.4957181,
            43.8262837
          ],
          [
            4.4956667,
            43.826258
          ],
          [
            4.495259,
            43.8262119
          ],
          [
            4.4894097,
            43.8267769
          ],
          [
            4.4890082,
            43.8268171
          ],
          [
            4.4888534,
            43.8263593
          ],
          [
            4.4884619,
            43.8264006
          ]
        ]
      },
      "properties": {
        "parking_id": "PKC_010",
        "origine_id": "ORI_034",
        "distance_m": 3471,
        "temps_min": 5.0,
        "voie_dom": "primary",
        "veh_origine": 3
      }
    },
    {
      "type": "Feature",
      "geometry": {
        "type": "LineString",
        "coordinates": [
          [
            4.5046183,
            43.8169048
          ],
          [
            4.5060572,
            43.8171833
          ],
          [
            4.5055109,
            43.817611
          ],
          [
            4.5037851,
            43.816983
          ],
          [
            4.5035612,
            43.81692
          ],
          [
            4.4993908,
            43.8167936
          ],
          [
            4.4974087,
            43.8166092
          ],
          [
            4.4954789,
            43.8170289
          ],
          [
            4.492294,
            43.8170697
          ],
          [
            4.4889431,
            43.8174259
          ],
          [
            4.4900472,
            43.8186345
          ],
          [
            4.4913423,
            43.8199125
          ],
          [
            4.4917884,
            43.8200854
          ],
          [
            4.4921756,
            43.8203663
          ],
          [
            4.4923549,
            43.8206698
          ],
          [
            4.4939503,
            43.8228994
          ],
          [
            4.4953692,
            43.8251977
          ],
          [
            4.4955244,
            43.8255328
          ],
          [
            4.4958747,
            43.8258325
          ],
          [
            4.4961524,
            43.8259324
          ],
          [
            4.4961854,
            43.8261737
          ],
          [
            4.4960506,
            43.8262813
          ],
          [
            4.4958597,
            43.826611
          ],
          [
            4.4959698,
            43.8275536
          ],
          [
            4.495989,
            43.8277739
          ],
          [
            4.4960565,
            43.8285555
          ],
          [
            4.4960628,
            43.8286129
          ],
          [
            4.4964185,
            43.830054
          ],
          [
            4.4964876,
            43.8302627
          ],
          [
            4.4965621,
            43.8304325
          ],
          [
            4.4967451,
            43.8308012
          ],
          [
            4.4968494,
            43.8310386
          ],
          [
            4.4964748,
            43.8311449
          ],
          [
            4.4963408,
            43.8315362
          ],
          [
            4.4963344,
            43.8317947
          ],
          [
            4.4963273,
            43.8321912
          ],
          [
            4.4962492,
            43.832317
          ],
          [
            4.4962575,
            43.8324595
          ],
          [
            4.4963096,
            43.8326787
          ],
          [
            4.4963436,
            43.8329072
          ],
          [
            4.4957189,
            43.8330153
          ],
          [
            4.4956073,
            43.8331685
          ],
          [
            4.4950011,
            43.8333791
          ],
          [
            4.4945384,
            43.8335197
          ],
          [
            4.4940413,
            43.8336111
          ],
          [
            4.4939379,
            43.8336774
          ],
          [
            4.4937461,
            43.8342775
          ],
          [
            4.4937087,
            43.8346667
          ],
          [
            4.4936846,
            43.8351114
          ],
          [
            4.4933524,
            43.8357545
          ],
          [
            4.4933755,
            43.8359605
          ],
          [
            4.4934165,
            43.8363261
          ],
          [
            4.4933995,
            43.8363843
          ]
        ]
      },
      "properties": {
        "parking_id": "PKC_010",
        "origine_id": "ORI_035",
        "distance_m": 4116,
        "temps_min": 6.3,
        "voie_dom": "primary",
        "veh_origine": 2
      }
    },
    {
      "type": "Feature",
      "geometry": {
        "type": "LineString",
        "coordinates": [
          [
            4.5046183,
            43.8169048
          ],
          [
            4.5060572,
            43.8171833
          ],
          [
            4.5055109,
            43.817611
          ],
          [
            4.5037851,
            43.816983
          ],
          [
            4.5035612,
            43.81692
          ],
          [
            4.4993908,
            43.8167936
          ],
          [
            4.4974087,
            43.8166092
          ],
          [
            4.4954789,
            43.8170289
          ],
          [
            4.492294,
            43.8170697
          ],
          [
            4.4889431,
            43.8174259
          ],
          [
            4.4870637,
            43.8150717
          ],
          [
            4.4867833,
            43.8148233
          ],
          [
            4.4867191,
            43.8148062
          ],
          [
            4.4863624,
            43.8149233
          ],
          [
            4.4853215,
            43.8161855
          ],
          [
            4.484423,
            43.817986
          ],
          [
            4.4844956,
            43.8180557
          ],
          [
            4.4844073,
            43.8181334
          ],
          [
            4.4842891,
            43.8180799
          ],
          [
            4.4827089,
            43.8185284
          ],
          [
            4.4825925,
            43.8185678
          ],
          [
            4.4819289,
            43.8187852
          ],
          [
            4.4804931,
            43.8190351
          ],
          [
            4.480089,
            43.8189551
          ],
          [
            4.4786033,
            43.818718
          ],
          [
            4.4785242,
            43.8187102
          ],
          [
            4.4778253,
            43.8186225
          ],
          [
            4.4771034,
            43.8185571
          ],
          [
            4.4767843,
            43.8185439
          ],
          [
            4.475864,
            43.81871
          ],
          [
            4.4745283,
            43.8190713
          ],
          [
            4.4749518,
            43.819671
          ],
          [
            4.4763044,
            43.8216525
          ],
          [
            4.4766771,
            43.8221793
          ],
          [
            4.4776117,
            43.8235267
          ],
          [
            4.4781501,
            43.824303
          ],
          [
            4.4783932,
            43.8246535
          ],
          [
            4.4782941,
            43.8247235
          ],
          [
            4.4772863,
            43.8242391
          ]
        ]
      },
      "properties": {
        "parking_id": "PKC_010",
        "origine_id": "ORI_002",
        "distance_m": 4058,
        "temps_min": 6.3,
        "voie_dom": "secondary",
        "veh_origine": 1
      }
    },
    {
      "type": "Feature",
      "geometry": {
        "type": "LineString",
        "coordinates": [
          [
            4.5046183,
            43.8169048
          ],
          [
            4.5060572,
            43.8171833
          ],
          [
            4.5055109,
            43.817611
          ],
          [
            4.5037851,
            43.816983
          ],
          [
            4.5035612,
            43.81692
          ],
          [
            4.4993908,
            43.8167936
          ],
          [
            4.4974087,
            43.8166092
          ],
          [
            4.4954789,
            43.8170289
          ],
          [
            4.492294,
            43.8170697
          ],
          [
            4.4889431,
            43.8174259
          ],
          [
            4.4900472,
            43.8186345
          ],
          [
            4.4913423,
            43.8199125
          ],
          [
            4.4917884,
            43.8200854
          ],
          [
            4.4921756,
            43.8203663
          ],
          [
            4.4923549,
            43.8206698
          ],
          [
            4.4939503,
            43.8228994
          ],
          [
            4.4953692,
            43.8251977
          ],
          [
            4.4955244,
            43.8255328
          ],
          [
            4.4958747,
            43.8258325
          ],
          [
            4.4961524,
            43.8259324
          ],
          [
            4.4961854,
            43.8261737
          ],
          [
            4.4960506,
            43.8262813
          ],
          [
            4.4957181,
            43.8262837
          ],
          [
            4.4956667,
            43.826258
          ],
          [
            4.495259,
            43.8262119
          ],
          [
            4.4894097,
            43.8267769
          ],
          [
            4.4890082,
            43.8268171
          ],
          [
            4.4810674,
            43.827604
          ],
          [
            4.4804137,
            43.8277782
          ],
          [
            4.4802925,
            43.8279172
          ],
          [
            4.4800308,
            43.8279988
          ],
          [
            4.4798411,
            43.827978
          ],
          [
            4.4796322,
            43.8278531
          ],
          [
            4.4795931,
            43.8275782
          ],
          [
            4.4793671,
            43.8274742
          ],
          [
            4.4792341,
            43.8274795
          ],
          [
            4.4781061,
            43.827651
          ],
          [
            4.4750434,
            43.8286931
          ],
          [
            4.4752789,
            43.828193
          ]
        ]
      },
      "properties": {
        "parking_id": "PKC_010",
        "origine_id": "ORI_014",
        "distance_m": 4718,
        "temps_min": 7.1,
        "voie_dom": "primary",
        "veh_origine": 1
      }
    },
    {
      "type": "Feature",
      "geometry": {
        "type": "LineString",
        "coordinates": [
          [
            4.5046183,
            43.8169048
          ],
          [
            4.5060572,
            43.8171833
          ],
          [
            4.5055109,
            43.817611
          ],
          [
            4.5037851,
            43.816983
          ],
          [
            4.5035612,
            43.81692
          ],
          [
            4.4993908,
            43.8167936
          ],
          [
            4.4974087,
            43.8166092
          ],
          [
            4.4954789,
            43.8170289
          ],
          [
            4.492294,
            43.8170697
          ],
          [
            4.4889431,
            43.8174259
          ],
          [
            4.4870637,
            43.8150717
          ],
          [
            4.4867833,
            43.8148233
          ],
          [
            4.4867191,
            43.8148062
          ],
          [
            4.4863624,
            43.8149233
          ],
          [
            4.4853215,
            43.8161855
          ],
          [
            4.484423,
            43.817986
          ],
          [
            4.4844956,
            43.8180557
          ],
          [
            4.4844073,
            43.8181334
          ],
          [
            4.4842891,
            43.8180799
          ],
          [
            4.4827089,
            43.8185284
          ],
          [
            4.4825925,
            43.8185678
          ],
          [
            4.4819289,
            43.8187852
          ],
          [
            4.4804931,
            43.8190351
          ],
          [
            4.480089,
            43.8189551
          ],
          [
            4.4786033,
            43.818718
          ],
          [
            4.4785242,
            43.8187102
          ],
          [
            4.4778253,
            43.8186225
          ],
          [
            4.4771034,
            43.8185571
          ],
          [
            4.4767843,
            43.8185439
          ],
          [
            4.475864,
            43.81871
          ],
          [
            4.4745283,
            43.8190713
          ],
          [
            4.4739654,
            43.8190273
          ],
          [
            4.4737471,
            43.818733
          ],
          [
            4.4735607,
            43.8186072
          ],
          [
            4.4732111,
            43.8186331
          ],
          [
            4.4726148,
            43.8186882
          ],
          [
            4.47243,
            43.8186715
          ],
          [
            4.4721882,
            43.8186497
          ],
          [
            4.4719714,
            43.8186723
          ],
          [
            4.4718887,
            43.8190249
          ],
          [
            4.4711429,
            43.8190323
          ],
          [
            4.4709447,
            43.8190053
          ],
          [
            4.4701163,
            43.8191219
          ],
          [
            4.4699835,
            43.8192155
          ],
          [
            4.4698495,
            43.8194146
          ],
          [
            4.4697339,
            43.8195864
          ],
          [
            4.469104,
            43.8203536
          ],
          [
            4.4689408,
            43.821549
          ],
          [
            4.4705398,
            43.8217714
          ],
          [
            4.4727847,
            43.8208791
          ]
        ]
      },
      "properties": {
        "parking_id": "PKC_010",
        "origine_id": "ORI_017",
        "distance_m": 4304,
        "temps_min": 6.9,
        "voie_dom": "secondary",
        "veh_origine": 1
      }
    },
    {
      "type": "Feature",
      "geometry": {
        "type": "LineString",
        "coordinates": [
          [
            4.5046183,
            43.8169048
          ],
          [
            4.5060572,
            43.8171833
          ],
          [
            4.5055109,
            43.817611
          ],
          [
            4.5037851,
            43.816983
          ],
          [
            4.5035612,
            43.81692
          ],
          [
            4.4993908,
            43.8167936
          ],
          [
            4.4974087,
            43.8166092
          ],
          [
            4.4954789,
            43.8170289
          ],
          [
            4.492294,
            43.8170697
          ],
          [
            4.4889431,
            43.8174259
          ],
          [
            4.4870637,
            43.8150717
          ],
          [
            4.4867833,
            43.8148233
          ],
          [
            4.4867191,
            43.8148062
          ],
          [
            4.4863624,
            43.8149233
          ],
          [
            4.4853215,
            43.8161855
          ],
          [
            4.484423,
            43.817986
          ],
          [
            4.4844956,
            43.8180557
          ],
          [
            4.4844073,
            43.8181334
          ],
          [
            4.4842891,
            43.8180799
          ],
          [
            4.4827089,
            43.8185284
          ],
          [
            4.4825925,
            43.8185678
          ],
          [
            4.4819289,
            43.8187852
          ],
          [
            4.4804931,
            43.8190351
          ],
          [
            4.480089,
            43.8189551
          ],
          [
            4.4786033,
            43.818718
          ],
          [
            4.4785242,
            43.8187102
          ],
          [
            4.4778253,
            43.8186225
          ],
          [
            4.4771034,
            43.8185571
          ],
          [
            4.4767843,
            43.8185439
          ],
          [
            4.475864,
            43.81871
          ],
          [
            4.4745283,
            43.8190713
          ],
          [
            4.4749518,
            43.819671
          ],
          [
            4.4763044,
            43.8216525
          ],
          [
            4.4760583,
            43.8217388
          ],
          [
            4.4746933,
            43.8216617
          ],
          [
            4.4742697,
            43.8218419
          ]
        ]
      },
      "properties": {
        "parking_id": "PKC_010",
        "origine_id": "ORI_021",
        "distance_m": 3751,
        "temps_min": 5.8,
        "voie_dom": "secondary",
        "veh_origine": 1
      }
    },
    {
      "type": "Feature",
      "geometry": {
        "type": "LineString",
        "coordinates": [
          [
            4.5046183,
            43.8169048
          ],
          [
            4.5060572,
            43.8171833
          ],
          [
            4.5055109,
            43.817611
          ],
          [
            4.5037851,
            43.816983
          ],
          [
            4.5035612,
            43.81692
          ],
          [
            4.4993908,
            43.8167936
          ],
          [
            4.4974087,
            43.8166092
          ],
          [
            4.4954789,
            43.8170289
          ],
          [
            4.492294,
            43.8170697
          ],
          [
            4.4889431,
            43.8174259
          ],
          [
            4.4870637,
            43.8150717
          ],
          [
            4.4867833,
            43.8148233
          ],
          [
            4.4867191,
            43.8148062
          ],
          [
            4.4863624,
            43.8149233
          ],
          [
            4.4853215,
            43.8161855
          ],
          [
            4.484423,
            43.817986
          ],
          [
            4.4844956,
            43.8180557
          ],
          [
            4.4844073,
            43.8181334
          ],
          [
            4.4842891,
            43.8180799
          ],
          [
            4.4827089,
            43.8185284
          ],
          [
            4.4825925,
            43.8185678
          ],
          [
            4.4819289,
            43.8187852
          ],
          [
            4.4804931,
            43.8190351
          ],
          [
            4.480089,
            43.8189551
          ],
          [
            4.4786033,
            43.818718
          ],
          [
            4.4785242,
            43.8187102
          ],
          [
            4.4778253,
            43.8186225
          ],
          [
            4.4771034,
            43.8185571
          ],
          [
            4.4767843,
            43.8185439
          ],
          [
            4.475864,
            43.81871
          ],
          [
            4.4745283,
            43.8190713
          ],
          [
            4.4739654,
            43.8190273
          ],
          [
            4.4737471,
            43.818733
          ],
          [
            4.4735607,
            43.8186072
          ],
          [
            4.4732111,
            43.8186331
          ],
          [
            4.4726148,
            43.8186882
          ],
          [
            4.47243,
            43.8186715
          ],
          [
            4.4721882,
            43.8186497
          ],
          [
            4.4719714,
            43.8186723
          ],
          [
            4.4718887,
            43.8190249
          ],
          [
            4.4711429,
            43.8190323
          ],
          [
            4.4709447,
            43.8190053
          ],
          [
            4.4701163,
            43.8191219
          ],
          [
            4.4699835,
            43.8192155
          ],
          [
            4.4698495,
            43.8194146
          ],
          [
            4.4697339,
            43.8195864
          ],
          [
            4.469104,
            43.8203536
          ]
        ]
      },
      "properties": {
        "parking_id": "PKC_010",
        "origine_id": "ORI_025",
        "distance_m": 3816,
        "temps_min": 5.8,
        "voie_dom": "secondary",
        "veh_origine": 1
      }
    },
    {
      "type": "Feature",
      "geometry": {
        "type": "LineString",
        "coordinates": [
          [
            4.5046183,
            43.8169048
          ],
          [
            4.5060572,
            43.8171833
          ],
          [
            4.5055109,
            43.817611
          ],
          [
            4.5037851,
            43.816983
          ],
          [
            4.5035612,
            43.81692
          ],
          [
            4.4993908,
            43.8167936
          ],
          [
            4.4974087,
            43.8166092
          ],
          [
            4.4954789,
            43.8170289
          ],
          [
            4.492294,
            43.8170697
          ],
          [
            4.4889431,
            43.8174259
          ],
          [
            4.4870637,
            43.8150717
          ],
          [
            4.4867833,
            43.8148233
          ],
          [
            4.4867191,
            43.8148062
          ],
          [
            4.4863624,
            43.8149233
          ],
          [
            4.4853215,
            43.8161855
          ],
          [
            4.484423,
            43.817986
          ],
          [
            4.4844956,
            43.8180557
          ],
          [
            4.4844073,
            43.8181334
          ],
          [
            4.4842891,
            43.8180799
          ],
          [
            4.4827089,
            43.8185284
          ],
          [
            4.4825925,
            43.8185678
          ],
          [
            4.4819289,
            43.8187852
          ],
          [
            4.4804931,
            43.8190351
          ],
          [
            4.4808285,
            43.82001
          ]
        ]
      },
      "properties": {
        "parking_id": "PKC_010",
        "origine_id": "ORI_026",
        "distance_m": 2854,
        "temps_min": 4.4,
        "voie_dom": "secondary",
        "veh_origine": 1
      }
    },
    {
      "type": "Feature",
      "geometry": {
        "type": "LineString",
        "coordinates": [
          [
            4.5046183,
            43.8169048
          ],
          [
            4.5060572,
            43.8171833
          ],
          [
            4.5055109,
            43.817611
          ],
          [
            4.5037851,
            43.816983
          ],
          [
            4.5035612,
            43.81692
          ],
          [
            4.4993908,
            43.8167936
          ],
          [
            4.4974087,
            43.8166092
          ],
          [
            4.4954789,
            43.8170289
          ],
          [
            4.492294,
            43.8170697
          ],
          [
            4.4889431,
            43.8174259
          ],
          [
            4.4900472,
            43.8186345
          ],
          [
            4.4886735,
            43.8193728
          ],
          [
            4.4886661,
            43.819497
          ],
          [
            4.4884636,
            43.8195149
          ],
          [
            4.4858473,
            43.8206467
          ],
          [
            4.4847234,
            43.8209583
          ]
        ]
      },
      "properties": {
        "parking_id": "PKC_010",
        "origine_id": "ORI_028",
        "distance_m": 2303,
        "temps_min": 3.8,
        "voie_dom": "secondary",
        "veh_origine": 1
      }
    },
    {
      "type": "Feature",
      "geometry": {
        "type": "LineString",
        "coordinates": [
          [
            4.5046183,
            43.8169048
          ],
          [
            4.5060572,
            43.8171833
          ],
          [
            4.5055109,
            43.817611
          ],
          [
            4.5037851,
            43.816983
          ],
          [
            4.5035612,
            43.81692
          ],
          [
            4.4993908,
            43.8167936
          ],
          [
            4.4974087,
            43.8166092
          ],
          [
            4.4954789,
            43.8170289
          ],
          [
            4.492294,
            43.8170697
          ],
          [
            4.4889431,
            43.8174259
          ],
          [
            4.4900472,
            43.8186345
          ],
          [
            4.4913423,
            43.8199125
          ],
          [
            4.4917884,
            43.8200854
          ],
          [
            4.4921756,
            43.8203663
          ],
          [
            4.4923549,
            43.8206698
          ],
          [
            4.4939503,
            43.8228994
          ],
          [
            4.4953692,
            43.8251977
          ],
          [
            4.4955244,
            43.8255328
          ],
          [
            4.4958747,
            43.8258325
          ],
          [
            4.4961524,
            43.8259324
          ],
          [
            4.4961854,
            43.8261737
          ],
          [
            4.4960506,
            43.8262813
          ],
          [
            4.4958597,
            43.826611
          ],
          [
            4.4959698,
            43.8275536
          ],
          [
            4.495989,
            43.8277739
          ],
          [
            4.4960565,
            43.8285555
          ],
          [
            4.4960628,
            43.8286129
          ],
          [
            4.4964185,
            43.830054
          ],
          [
            4.4964876,
            43.8302627
          ],
          [
            4.4965621,
            43.8304325
          ],
          [
            4.4967451,
            43.8308012
          ],
          [
            4.4968494,
            43.8310386
          ],
          [
            4.4964748,
            43.8311449
          ],
          [
            4.4963408,
            43.8315362
          ],
          [
            4.4963344,
            43.8317947
          ],
          [
            4.4963273,
            43.8321912
          ],
          [
            4.4962492,
            43.832317
          ],
          [
            4.4962575,
            43.8324595
          ],
          [
            4.4963096,
            43.8326787
          ],
          [
            4.4963436,
            43.8329072
          ],
          [
            4.4957189,
            43.8330153
          ],
          [
            4.4956073,
            43.8331685
          ],
          [
            4.4950011,
            43.8333791
          ],
          [
            4.4945384,
            43.8335197
          ],
          [
            4.4940413,
            43.8336111
          ],
          [
            4.4939379,
            43.8336774
          ],
          [
            4.4939009,
            43.833648
          ],
          [
            4.4932128,
            43.833704
          ],
          [
            4.4918571,
            43.8330336
          ],
          [
            4.4910297,
            43.8321233
          ]
        ]
      },
      "properties": {
        "parking_id": "PKC_010",
        "origine_id": "ORI_032",
        "distance_m": 4197,
        "temps_min": 6.5,
        "voie_dom": "primary",
        "veh_origine": 1
      }
    },
    {
      "type": "Feature",
      "geometry": {
        "type": "LineString",
        "coordinates": [
          [
            4.5046183,
            43.8169048
          ],
          [
            4.5060572,
            43.8171833
          ],
          [
            4.5055109,
            43.817611
          ],
          [
            4.5037851,
            43.816983
          ],
          [
            4.5035612,
            43.81692
          ],
          [
            4.4993908,
            43.8167936
          ],
          [
            4.4974087,
            43.8166092
          ],
          [
            4.4954789,
            43.8170289
          ],
          [
            4.492294,
            43.8170697
          ],
          [
            4.4889431,
            43.8174259
          ],
          [
            4.4900472,
            43.8186345
          ],
          [
            4.4913423,
            43.8199125
          ],
          [
            4.4917884,
            43.8200854
          ],
          [
            4.4921756,
            43.8203663
          ],
          [
            4.4923549,
            43.8206698
          ],
          [
            4.4939503,
            43.8228994
          ],
          [
            4.4953692,
            43.8251977
          ],
          [
            4.4955244,
            43.8255328
          ],
          [
            4.4958747,
            43.8258325
          ],
          [
            4.4961524,
            43.8259324
          ],
          [
            4.4961854,
            43.8261737
          ],
          [
            4.4960506,
            43.8262813
          ],
          [
            4.4958597,
            43.826611
          ],
          [
            4.4959698,
            43.8275536
          ],
          [
            4.495989,
            43.8277739
          ],
          [
            4.4960565,
            43.8285555
          ],
          [
            4.4960628,
            43.8286129
          ],
          [
            4.4964185,
            43.830054
          ],
          [
            4.4964876,
            43.8302627
          ],
          [
            4.4965621,
            43.8304325
          ],
          [
            4.4967451,
            43.8308012
          ],
          [
            4.4968494,
            43.8310386
          ],
          [
            4.4964748,
            43.8311449
          ],
          [
            4.4963408,
            43.8315362
          ],
          [
            4.4963344,
            43.8317947
          ],
          [
            4.4963273,
            43.8321912
          ],
          [
            4.4962492,
            43.832317
          ],
          [
            4.4962575,
            43.8324595
          ],
          [
            4.4963096,
            43.8326787
          ],
          [
            4.4963436,
            43.8329072
          ],
          [
            4.4957189,
            43.8330153
          ],
          [
            4.4956073,
            43.8331685
          ],
          [
            4.4950011,
            43.8333791
          ],
          [
            4.4945384,
            43.8335197
          ],
          [
            4.4940413,
            43.8336111
          ],
          [
            4.4939379,
            43.8336774
          ],
          [
            4.4937461,
            43.8342775
          ],
          [
            4.4937087,
            43.8346667
          ],
          [
            4.4936846,
            43.8351114
          ],
          [
            4.4933524,
            43.8357545
          ],
          [
            4.4933755,
            43.8359605
          ],
          [
            4.4934165,
            43.8363261
          ],
          [
            4.4933995,
            43.8363843
          ],
          [
            4.4917476,
            43.8366506
          ]
        ]
      },
      "properties": {
        "parking_id": "PKC_010",
        "origine_id": "ORI_033",
        "distance_m": 4252,
        "temps_min": 6.6,
        "voie_dom": "primary",
        "veh_origine": 1
      }
    },
    {
      "type": "Feature",
      "geometry": {
        "type": "LineString",
        "coordinates": [
          [
            4.5046183,
            43.8169048
          ],
          [
            4.5060572,
            43.8171833
          ],
          [
            4.5055109,
            43.817611
          ],
          [
            4.5037851,
            43.816983
          ],
          [
            4.5035612,
            43.81692
          ],
          [
            4.4993908,
            43.8167936
          ],
          [
            4.4974087,
            43.8166092
          ],
          [
            4.4954789,
            43.8170289
          ],
          [
            4.492294,
            43.8170697
          ],
          [
            4.4889431,
            43.8174259
          ],
          [
            4.4900472,
            43.8186345
          ],
          [
            4.4913423,
            43.8199125
          ],
          [
            4.4917884,
            43.8200854
          ],
          [
            4.4921756,
            43.8203663
          ],
          [
            4.4923549,
            43.8206698
          ],
          [
            4.4939503,
            43.8228994
          ],
          [
            4.4953692,
            43.8251977
          ],
          [
            4.4955244,
            43.8255328
          ],
          [
            4.4958747,
            43.8258325
          ],
          [
            4.4961524,
            43.8259324
          ],
          [
            4.4961854,
            43.8261737
          ],
          [
            4.4960506,
            43.8262813
          ],
          [
            4.4958597,
            43.826611
          ],
          [
            4.4959698,
            43.8275536
          ],
          [
            4.495989,
            43.8277739
          ],
          [
            4.4950176,
            43.827828
          ],
          [
            4.4944285,
            43.828902
          ],
          [
            4.4943634,
            43.8289961
          ],
          [
            4.4928104,
            43.8290887
          ],
          [
            4.4932646,
            43.8298843
          ],
          [
            4.4934921,
            43.8303752
          ],
          [
            4.4935751,
            43.8304696
          ],
          [
            4.493419,
            43.830458
          ],
          [
            4.491725,
            43.8302369
          ],
          [
            4.4915925,
            43.8303079
          ],
          [
            4.4915477,
            43.8302428
          ],
          [
            4.4916391,
            43.8301863
          ],
          [
            4.4888426,
            43.8294154
          ],
          [
            4.4878382,
            43.8291331
          ],
          [
            4.4875825,
            43.8290539
          ]
        ]
      },
      "properties": {
        "parking_id": "PKC_010",
        "origine_id": "ORI_036",
        "distance_m": 4053,
        "temps_min": 6.5,
        "voie_dom": "primary",
        "veh_origine": 1
      }
    },
    {
      "type": "Feature",
      "geometry": {
        "type": "LineString",
        "coordinates": [
          [
            4.5046183,
            43.8169048
          ],
          [
            4.5060572,
            43.8171833
          ],
          [
            4.5055109,
            43.817611
          ],
          [
            4.5037851,
            43.816983
          ],
          [
            4.5035612,
            43.81692
          ],
          [
            4.4993908,
            43.8167936
          ],
          [
            4.4974087,
            43.8166092
          ],
          [
            4.4954789,
            43.8170289
          ],
          [
            4.492294,
            43.8170697
          ],
          [
            4.4889431,
            43.8174259
          ],
          [
            4.4900472,
            43.8186345
          ],
          [
            4.4913423,
            43.8199125
          ],
          [
            4.4917884,
            43.8200854
          ],
          [
            4.4921756,
            43.8203663
          ],
          [
            4.4923549,
            43.8206698
          ],
          [
            4.4939503,
            43.8228994
          ],
          [
            4.4953692,
            43.8251977
          ],
          [
            4.4955244,
            43.8255328
          ],
          [
            4.4958747,
            43.8258325
          ],
          [
            4.4961524,
            43.8259324
          ],
          [
            4.4961854,
            43.8261737
          ],
          [
            4.4960506,
            43.8262813
          ],
          [
            4.4958597,
            43.826611
          ],
          [
            4.4959698,
            43.8275536
          ],
          [
            4.495989,
            43.8277739
          ],
          [
            4.4960565,
            43.8285555
          ],
          [
            4.4960628,
            43.8286129
          ],
          [
            4.4964185,
            43.830054
          ],
          [
            4.4964876,
            43.8302627
          ],
          [
            4.4965621,
            43.8304325
          ],
          [
            4.4967451,
            43.8308012
          ],
          [
            4.4968494,
            43.8310386
          ],
          [
            4.4964748,
            43.8311449
          ],
          [
            4.4963408,
            43.8315362
          ],
          [
            4.4963344,
            43.8317947
          ],
          [
            4.4963273,
            43.8321912
          ],
          [
            4.4962492,
            43.832317
          ],
          [
            4.4962575,
            43.8324595
          ],
          [
            4.4963096,
            43.8326787
          ],
          [
            4.4963436,
            43.8329072
          ],
          [
            4.4957189,
            43.8330153
          ],
          [
            4.4956073,
            43.8331685
          ],
          [
            4.4950011,
            43.8333791
          ],
          [
            4.4945384,
            43.8335197
          ],
          [
            4.4940413,
            43.8336111
          ],
          [
            4.4939379,
            43.8336774
          ],
          [
            4.4937461,
            43.8342775
          ],
          [
            4.4937087,
            43.8346667
          ],
          [
            4.4936846,
            43.8351114
          ],
          [
            4.4933524,
            43.8357545
          ],
          [
            4.490921,
            43.8360101
          ]
        ]
      },
      "properties": {
        "parking_id": "PKC_010",
        "origine_id": "ORI_037",
        "distance_m": 4243,
        "temps_min": 6.6,
        "voie_dom": "primary",
        "veh_origine": 1
      }
    },
    {
      "type": "Feature",
      "geometry": {
        "type": "LineString",
        "coordinates": [
          [
            4.5046183,
            43.8169048
          ],
          [
            4.5060572,
            43.8171833
          ],
          [
            4.5055109,
            43.817611
          ],
          [
            4.5037851,
            43.816983
          ],
          [
            4.5035612,
            43.81692
          ],
          [
            4.4993908,
            43.8167936
          ],
          [
            4.4974087,
            43.8166092
          ],
          [
            4.4954789,
            43.8170289
          ],
          [
            4.492294,
            43.8170697
          ],
          [
            4.4889431,
            43.8174259
          ],
          [
            4.4900472,
            43.8186345
          ],
          [
            4.4913423,
            43.8199125
          ],
          [
            4.4917884,
            43.8200854
          ],
          [
            4.4921756,
            43.8203663
          ],
          [
            4.4923549,
            43.8206698
          ],
          [
            4.4939503,
            43.8228994
          ],
          [
            4.4953692,
            43.8251977
          ],
          [
            4.4955244,
            43.8255328
          ],
          [
            4.4958747,
            43.8258325
          ],
          [
            4.4961524,
            43.8259324
          ],
          [
            4.4961854,
            43.8261737
          ],
          [
            4.4960506,
            43.8262813
          ],
          [
            4.4958597,
            43.826611
          ],
          [
            4.4959698,
            43.8275536
          ],
          [
            4.495989,
            43.8277739
          ],
          [
            4.4960565,
            43.8285555
          ],
          [
            4.4960628,
            43.8286129
          ],
          [
            4.4964185,
            43.830054
          ],
          [
            4.4964876,
            43.8302627
          ],
          [
            4.4965621,
            43.8304325
          ],
          [
            4.4967451,
            43.8308012
          ],
          [
            4.4968494,
            43.8310386
          ],
          [
            4.4964748,
            43.8311449
          ],
          [
            4.4963408,
            43.8315362
          ],
          [
            4.4963344,
            43.8317947
          ],
          [
            4.4963273,
            43.8321912
          ],
          [
            4.4962492,
            43.832317
          ],
          [
            4.4962575,
            43.8324595
          ],
          [
            4.4963096,
            43.8326787
          ],
          [
            4.4963436,
            43.8329072
          ],
          [
            4.4957189,
            43.8330153
          ],
          [
            4.4956073,
            43.8331685
          ],
          [
            4.4950011,
            43.8333791
          ],
          [
            4.4945384,
            43.8335197
          ],
          [
            4.4940413,
            43.8336111
          ],
          [
            4.4939379,
            43.8336774
          ],
          [
            4.4939009,
            43.833648
          ],
          [
            4.4932128,
            43.833704
          ],
          [
            4.4918093,
            43.8337417
          ],
          [
            4.4908758,
            43.833773
          ],
          [
            4.4908222,
            43.83345
          ],
          [
            4.4902664,
            43.8309959
          ]
        ]
      },
      "properties": {
        "parking_id": "PKC_010",
        "origine_id": "ORI_038",
        "distance_m": 4403,
        "temps_min": 6.9,
        "voie_dom": "primary",
        "veh_origine": 1
      }
    },
    {
      "type": "Feature",
      "geometry": {
        "type": "LineString",
        "coordinates": [
          [
            4.5046183,
            43.8169048
          ],
          [
            4.5060572,
            43.8171833
          ],
          [
            4.5055109,
            43.817611
          ],
          [
            4.5037851,
            43.816983
          ],
          [
            4.5035612,
            43.81692
          ],
          [
            4.4993908,
            43.8167936
          ],
          [
            4.4974087,
            43.8166092
          ],
          [
            4.4954789,
            43.8170289
          ],
          [
            4.492294,
            43.8170697
          ],
          [
            4.4889431,
            43.8174259
          ],
          [
            4.4900472,
            43.8186345
          ],
          [
            4.4913423,
            43.8199125
          ],
          [
            4.4917884,
            43.8200854
          ],
          [
            4.4921756,
            43.8203663
          ],
          [
            4.4923549,
            43.8206698
          ],
          [
            4.4939503,
            43.8228994
          ],
          [
            4.4953692,
            43.8251977
          ],
          [
            4.4955244,
            43.8255328
          ],
          [
            4.4958747,
            43.8258325
          ],
          [
            4.4961524,
            43.8259324
          ],
          [
            4.4961854,
            43.8261737
          ],
          [
            4.4960506,
            43.8262813
          ],
          [
            4.4957181,
            43.8262837
          ],
          [
            4.4956667,
            43.826258
          ],
          [
            4.495259,
            43.8262119
          ],
          [
            4.4894097,
            43.8267769
          ],
          [
            4.4890082,
            43.8268171
          ],
          [
            4.4810674,
            43.827604
          ]
        ]
      },
      "properties": {
        "parking_id": "PKC_011",
        "origine_id": "ORI_004",
        "distance_m": 4029,
        "temps_min": 5.6,
        "voie_dom": "primary",
        "veh_origine": 36
      }
    },
    {
      "type": "Feature",
      "geometry": {
        "type": "LineString",
        "coordinates": [
          [
            4.5046183,
            43.8169048
          ],
          [
            4.5060572,
            43.8171833
          ],
          [
            4.5055109,
            43.817611
          ],
          [
            4.5037851,
            43.816983
          ],
          [
            4.5035612,
            43.81692
          ],
          [
            4.4993908,
            43.8167936
          ],
          [
            4.4974087,
            43.8166092
          ],
          [
            4.4954789,
            43.8170289
          ],
          [
            4.492294,
            43.8170697
          ],
          [
            4.4889431,
            43.8174259
          ],
          [
            4.4900472,
            43.8186345
          ],
          [
            4.4913423,
            43.8199125
          ],
          [
            4.4917884,
            43.8200854
          ],
          [
            4.4921756,
            43.8203663
          ],
          [
            4.4923549,
            43.8206698
          ],
          [
            4.4939503,
            43.8228994
          ],
          [
            4.4953692,
            43.8251977
          ],
          [
            4.4955244,
            43.8255328
          ],
          [
            4.4958747,
            43.8258325
          ],
          [
            4.4961524,
            43.8259324
          ],
          [
            4.4961854,
            43.8261737
          ],
          [
            4.4960506,
            43.8262813
          ],
          [
            4.4958597,
            43.826611
          ],
          [
            4.4959698,
            43.8275536
          ],
          [
            4.495989,
            43.8277739
          ],
          [
            4.4950176,
            43.827828
          ],
          [
            4.4944285,
            43.828902
          ],
          [
            4.4943634,
            43.8289961
          ],
          [
            4.4928104,
            43.8290887
          ],
          [
            4.4932646,
            43.8298843
          ],
          [
            4.4934921,
            43.8303752
          ],
          [
            4.4935751,
            43.8304696
          ],
          [
            4.493419,
            43.830458
          ],
          [
            4.491725,
            43.8302369
          ],
          [
            4.4915925,
            43.8303079
          ],
          [
            4.4915477,
            43.8302428
          ],
          [
            4.4898709,
            43.830535
          ],
          [
            4.4887324,
            43.8307642
          ],
          [
            4.4880761,
            43.8307804
          ],
          [
            4.4861466,
            43.830498
          ]
        ]
      },
      "properties": {
        "parking_id": "PKC_011",
        "origine_id": "ORI_031",
        "distance_m": 4141,
        "temps_min": 6.7,
        "voie_dom": "primary",
        "veh_origine": 19
      }
    },
    {
      "type": "Feature",
      "geometry": {
        "type": "LineString",
        "coordinates": [
          [
            4.5046183,
            43.8169048
          ],
          [
            4.5060572,
            43.8171833
          ],
          [
            4.5055109,
            43.817611
          ],
          [
            4.5037851,
            43.816983
          ],
          [
            4.5035612,
            43.81692
          ],
          [
            4.4993908,
            43.8167936
          ],
          [
            4.4974087,
            43.8166092
          ],
          [
            4.4954789,
            43.8170289
          ],
          [
            4.492294,
            43.8170697
          ],
          [
            4.4889431,
            43.8174259
          ],
          [
            4.4870637,
            43.8150717
          ],
          [
            4.4867833,
            43.8148233
          ],
          [
            4.4867191,
            43.8148062
          ],
          [
            4.4863624,
            43.8149233
          ],
          [
            4.4853215,
            43.8161855
          ],
          [
            4.484423,
            43.817986
          ],
          [
            4.4844956,
            43.8180557
          ],
          [
            4.4844073,
            43.8181334
          ],
          [
            4.4842891,
            43.8180799
          ],
          [
            4.4827089,
            43.8185284
          ],
          [
            4.4825925,
            43.8185678
          ],
          [
            4.4819289,
            43.8187852
          ],
          [
            4.4804931,
            43.8190351
          ],
          [
            4.480089,
            43.8189551
          ],
          [
            4.4786033,
            43.818718
          ],
          [
            4.4785242,
            43.8187102
          ],
          [
            4.4778253,
            43.8186225
          ],
          [
            4.4771034,
            43.8185571
          ],
          [
            4.4767843,
            43.8185439
          ],
          [
            4.475864,
            43.81871
          ],
          [
            4.4745283,
            43.8190713
          ],
          [
            4.4749518,
            43.819671
          ],
          [
            4.4763044,
            43.8216525
          ],
          [
            4.4760583,
            43.8217388
          ],
          [
            4.4755018,
            43.8231994
          ],
          [
            4.4757613,
            43.8262427
          ],
          [
            4.4735259,
            43.8260765
          ]
        ]
      },
      "properties": {
        "parking_id": "PKC_011",
        "origine_id": "ORI_010",
        "distance_m": 4276,
        "temps_min": 7.1,
        "voie_dom": "secondary",
        "veh_origine": 7
      }
    },
    {
      "type": "Feature",
      "geometry": {
        "type": "LineString",
        "coordinates": [
          [
            4.5046183,
            43.8169048
          ],
          [
            4.5060572,
            43.8171833
          ],
          [
            4.5055109,
            43.817611
          ],
          [
            4.5037851,
            43.816983
          ],
          [
            4.5035612,
            43.81692
          ],
          [
            4.4993908,
            43.8167936
          ],
          [
            4.4974087,
            43.8166092
          ],
          [
            4.4954789,
            43.8170289
          ],
          [
            4.492294,
            43.8170697
          ],
          [
            4.4889431,
            43.8174259
          ],
          [
            4.4870637,
            43.8150717
          ],
          [
            4.4867833,
            43.8148233
          ],
          [
            4.4867191,
            43.8148062
          ],
          [
            4.4863624,
            43.8149233
          ],
          [
            4.4853215,
            43.8161855
          ],
          [
            4.484423,
            43.817986
          ],
          [
            4.4844956,
            43.8180557
          ],
          [
            4.4844073,
            43.8181334
          ],
          [
            4.4842891,
            43.8180799
          ],
          [
            4.4827089,
            43.8185284
          ],
          [
            4.4825925,
            43.8185678
          ],
          [
            4.4819289,
            43.8187852
          ],
          [
            4.4804931,
            43.8190351
          ],
          [
            4.480089,
            43.8189551
          ],
          [
            4.4786033,
            43.818718
          ],
          [
            4.4785242,
            43.8187102
          ],
          [
            4.4778253,
            43.8186225
          ],
          [
            4.4771034,
            43.8185571
          ],
          [
            4.4767843,
            43.8185439
          ],
          [
            4.475864,
            43.81871
          ],
          [
            4.4745283,
            43.8190713
          ],
          [
            4.4749518,
            43.819671
          ],
          [
            4.4763044,
            43.8216525
          ],
          [
            4.4760583,
            43.8217388
          ],
          [
            4.4746933,
            43.8216617
          ],
          [
            4.4747956,
            43.8218626
          ]
        ]
      },
      "properties": {
        "parking_id": "PKC_011",
        "origine_id": "ORI_009",
        "distance_m": 3735,
        "temps_min": 5.8,
        "voie_dom": "secondary",
        "veh_origine": 6
      }
    },
    {
      "type": "Feature",
      "geometry": {
        "type": "LineString",
        "coordinates": [
          [
            4.5046183,
            43.8169048
          ],
          [
            4.5060572,
            43.8171833
          ],
          [
            4.5055109,
            43.817611
          ],
          [
            4.5037851,
            43.816983
          ],
          [
            4.5035612,
            43.81692
          ],
          [
            4.4993908,
            43.8167936
          ],
          [
            4.4974087,
            43.8166092
          ],
          [
            4.4954789,
            43.8170289
          ],
          [
            4.492294,
            43.8170697
          ],
          [
            4.4889431,
            43.8174259
          ],
          [
            4.4900472,
            43.8186345
          ],
          [
            4.4913423,
            43.8199125
          ],
          [
            4.4917884,
            43.8200854
          ],
          [
            4.4921756,
            43.8203663
          ],
          [
            4.4923549,
            43.8206698
          ],
          [
            4.4939503,
            43.8228994
          ],
          [
            4.4953692,
            43.8251977
          ],
          [
            4.4955244,
            43.8255328
          ],
          [
            4.4958747,
            43.8258325
          ],
          [
            4.4961524,
            43.8259324
          ],
          [
            4.4961854,
            43.8261737
          ],
          [
            4.4960506,
            43.8262813
          ],
          [
            4.4958597,
            43.826611
          ],
          [
            4.4959698,
            43.8275536
          ],
          [
            4.495989,
            43.8277739
          ],
          [
            4.4960565,
            43.8285555
          ],
          [
            4.4960628,
            43.8286129
          ],
          [
            4.4964185,
            43.830054
          ],
          [
            4.4964876,
            43.8302627
          ],
          [
            4.4965621,
            43.8304325
          ],
          [
            4.4967451,
            43.8308012
          ],
          [
            4.4968494,
            43.8310386
          ],
          [
            4.4964748,
            43.8311449
          ],
          [
            4.4963408,
            43.8315362
          ],
          [
            4.4963344,
            43.8317947
          ],
          [
            4.4963273,
            43.8321912
          ],
          [
            4.4962492,
            43.832317
          ],
          [
            4.4962575,
            43.8324595
          ],
          [
            4.4963096,
            43.8326787
          ],
          [
            4.4963436,
            43.8329072
          ],
          [
            4.4957189,
            43.8330153
          ],
          [
            4.4956073,
            43.8331685
          ],
          [
            4.4950011,
            43.8333791
          ],
          [
            4.4945384,
            43.8335197
          ],
          [
            4.4940413,
            43.8336111
          ],
          [
            4.4939379,
            43.8336774
          ],
          [
            4.4939009,
            43.833648
          ],
          [
            4.4939602,
            43.8335756
          ],
          [
            4.4936854,
            43.8324266
          ],
          [
            4.4931821,
            43.8319114
          ]
        ]
      },
      "properties": {
        "parking_id": "PKC_011",
        "origine_id": "ORI_039",
        "distance_m": 4036,
        "temps_min": 6.1,
        "voie_dom": "primary",
        "veh_origine": 6
      }
    },
    {
      "type": "Feature",
      "geometry": {
        "type": "LineString",
        "coordinates": [
          [
            4.5046183,
            43.8169048
          ],
          [
            4.5060572,
            43.8171833
          ],
          [
            4.5055109,
            43.817611
          ],
          [
            4.5037851,
            43.816983
          ],
          [
            4.5035612,
            43.81692
          ],
          [
            4.4993908,
            43.8167936
          ],
          [
            4.4974087,
            43.8166092
          ],
          [
            4.4954789,
            43.8170289
          ],
          [
            4.492294,
            43.8170697
          ],
          [
            4.4889431,
            43.8174259
          ],
          [
            4.4870637,
            43.8150717
          ],
          [
            4.4867833,
            43.8148233
          ],
          [
            4.4867191,
            43.8148062
          ],
          [
            4.4863624,
            43.8149233
          ],
          [
            4.4853215,
            43.8161855
          ],
          [
            4.484423,
            43.817986
          ],
          [
            4.4844956,
            43.8180557
          ],
          [
            4.4844073,
            43.8181334
          ],
          [
            4.4842891,
            43.8180799
          ],
          [
            4.4827089,
            43.8185284
          ],
          [
            4.4825925,
            43.8185678
          ],
          [
            4.4819289,
            43.8187852
          ],
          [
            4.4804931,
            43.8190351
          ],
          [
            4.480089,
            43.8189551
          ],
          [
            4.4786033,
            43.818718
          ],
          [
            4.4785795,
            43.8191035
          ],
          [
            4.4785192,
            43.8197704
          ],
          [
            4.4784765,
            43.8202219
          ]
        ]
      },
      "properties": {
        "parking_id": "PKC_011",
        "origine_id": "ORI_003",
        "distance_m": 3066,
        "temps_min": 4.8,
        "voie_dom": "secondary",
        "veh_origine": 4
      }
    },
    {
      "type": "Feature",
      "geometry": {
        "type": "LineString",
        "coordinates": [
          [
            4.5046183,
            43.8169048
          ],
          [
            4.5060572,
            43.8171833
          ],
          [
            4.5055109,
            43.817611
          ],
          [
            4.5037851,
            43.816983
          ],
          [
            4.5035612,
            43.81692
          ],
          [
            4.4993908,
            43.8167936
          ],
          [
            4.4974087,
            43.8166092
          ],
          [
            4.4954789,
            43.8170289
          ],
          [
            4.492294,
            43.8170697
          ],
          [
            4.4889431,
            43.8174259
          ],
          [
            4.4900472,
            43.8186345
          ],
          [
            4.4913423,
            43.8199125
          ],
          [
            4.4917884,
            43.8200854
          ],
          [
            4.4921756,
            43.8203663
          ],
          [
            4.4923549,
            43.8206698
          ],
          [
            4.4939503,
            43.8228994
          ],
          [
            4.4953692,
            43.8251977
          ],
          [
            4.4955244,
            43.8255328
          ],
          [
            4.4958747,
            43.8258325
          ],
          [
            4.4961524,
            43.8259324
          ],
          [
            4.4961854,
            43.8261737
          ],
          [
            4.4960506,
            43.8262813
          ],
          [
            4.4958597,
            43.826611
          ],
          [
            4.4959698,
            43.8275536
          ],
          [
            4.495989,
            43.8277739
          ],
          [
            4.4960565,
            43.8285555
          ],
          [
            4.4960628,
            43.8286129
          ],
          [
            4.4964185,
            43.830054
          ],
          [
            4.4964876,
            43.8302627
          ],
          [
            4.4965621,
            43.8304325
          ],
          [
            4.4967451,
            43.8308012
          ],
          [
            4.4968494,
            43.8310386
          ],
          [
            4.4964748,
            43.8311449
          ],
          [
            4.4963408,
            43.8315362
          ],
          [
            4.4963344,
            43.8317947
          ],
          [
            4.4963273,
            43.8321912
          ],
          [
            4.4962492,
            43.832317
          ],
          [
            4.4962575,
            43.8324595
          ],
          [
            4.4963096,
            43.8326787
          ],
          [
            4.4963436,
            43.8329072
          ],
          [
            4.4957189,
            43.8330153
          ],
          [
            4.4956073,
            43.8331685
          ],
          [
            4.4950011,
            43.8333791
          ],
          [
            4.4945384,
            43.8335197
          ],
          [
            4.4940413,
            43.8336111
          ],
          [
            4.4939379,
            43.8336774
          ],
          [
            4.4939009,
            43.833648
          ],
          [
            4.4932128,
            43.833704
          ],
          [
            4.4918093,
            43.8337417
          ],
          [
            4.4908758,
            43.833773
          ],
          [
            4.4840329,
            43.8340457
          ]
        ]
      },
      "properties": {
        "parking_id": "PKC_011",
        "origine_id": "ORI_013",
        "distance_m": 4609,
        "temps_min": 7.3,
        "voie_dom": "primary",
        "veh_origine": 4
      }
    },
    {
      "type": "Feature",
      "geometry": {
        "type": "LineString",
        "coordinates": [
          [
            4.5046183,
            43.8169048
          ],
          [
            4.5060572,
            43.8171833
          ],
          [
            4.5055109,
            43.817611
          ],
          [
            4.5037851,
            43.816983
          ],
          [
            4.5035612,
            43.81692
          ],
          [
            4.4993908,
            43.8167936
          ],
          [
            4.4974087,
            43.8166092
          ],
          [
            4.4954789,
            43.8170289
          ],
          [
            4.492294,
            43.8170697
          ],
          [
            4.4889431,
            43.8174259
          ],
          [
            4.4900472,
            43.8186345
          ],
          [
            4.4913423,
            43.8199125
          ],
          [
            4.4917884,
            43.8200854
          ],
          [
            4.4921756,
            43.8203663
          ],
          [
            4.4923549,
            43.8206698
          ],
          [
            4.4939503,
            43.8228994
          ],
          [
            4.4953692,
            43.8251977
          ],
          [
            4.4955244,
            43.8255328
          ],
          [
            4.4958747,
            43.8258325
          ],
          [
            4.4961524,
            43.8259324
          ],
          [
            4.4961854,
            43.8261737
          ],
          [
            4.4960506,
            43.8262813
          ],
          [
            4.4958597,
            43.826611
          ],
          [
            4.4959698,
            43.8275536
          ],
          [
            4.495989,
            43.8277739
          ],
          [
            4.4960565,
            43.8285555
          ],
          [
            4.4960628,
            43.8286129
          ],
          [
            4.4964185,
            43.830054
          ],
          [
            4.4964876,
            43.8302627
          ],
          [
            4.4965621,
            43.8304325
          ],
          [
            4.4967451,
            43.8308012
          ],
          [
            4.4968494,
            43.8310386
          ],
          [
            4.4964748,
            43.8311449
          ],
          [
            4.4963408,
            43.8315362
          ],
          [
            4.4963344,
            43.8317947
          ],
          [
            4.4963273,
            43.8321912
          ],
          [
            4.4962492,
            43.832317
          ],
          [
            4.4962575,
            43.8324595
          ],
          [
            4.4963096,
            43.8326787
          ],
          [
            4.4963436,
            43.8329072
          ],
          [
            4.4957189,
            43.8330153
          ],
          [
            4.4956073,
            43.8331685
          ],
          [
            4.4950011,
            43.8333791
          ],
          [
            4.4945384,
            43.8335197
          ],
          [
            4.4940413,
            43.8336111
          ],
          [
            4.4939379,
            43.8336774
          ],
          [
            4.4939009,
            43.833648
          ],
          [
            4.4932128,
            43.833704
          ],
          [
            4.4918093,
            43.8337417
          ],
          [
            4.4908758,
            43.833773
          ],
          [
            4.4840329,
            43.8340457
          ]
        ]
      },
      "properties": {
        "parking_id": "PKC_011",
        "origine_id": "ORI_022",
        "distance_m": 4609,
        "temps_min": 7.3,
        "voie_dom": "primary",
        "veh_origine": 4
      }
    },
    {
      "type": "Feature",
      "geometry": {
        "type": "LineString",
        "coordinates": [
          [
            4.5046183,
            43.8169048
          ],
          [
            4.5060572,
            43.8171833
          ],
          [
            4.5055109,
            43.817611
          ],
          [
            4.5037851,
            43.816983
          ],
          [
            4.5035612,
            43.81692
          ],
          [
            4.4993908,
            43.8167936
          ],
          [
            4.4974087,
            43.8166092
          ],
          [
            4.4954789,
            43.8170289
          ],
          [
            4.492294,
            43.8170697
          ],
          [
            4.4889431,
            43.8174259
          ],
          [
            4.4870637,
            43.8150717
          ],
          [
            4.4867833,
            43.8148233
          ],
          [
            4.4867191,
            43.8148062
          ],
          [
            4.4863624,
            43.8149233
          ],
          [
            4.4853215,
            43.8161855
          ],
          [
            4.484423,
            43.817986
          ],
          [
            4.4844956,
            43.8180557
          ],
          [
            4.4844073,
            43.8181334
          ],
          [
            4.4842891,
            43.8180799
          ],
          [
            4.4827089,
            43.8185284
          ],
          [
            4.4825925,
            43.8185678
          ],
          [
            4.4819289,
            43.8187852
          ],
          [
            4.4804931,
            43.8190351
          ],
          [
            4.480089,
            43.8189551
          ],
          [
            4.4786033,
            43.818718
          ],
          [
            4.4785242,
            43.8187102
          ],
          [
            4.4778253,
            43.8186225
          ],
          [
            4.4771034,
            43.8185571
          ],
          [
            4.4767843,
            43.8185439
          ],
          [
            4.475864,
            43.81871
          ],
          [
            4.4745283,
            43.8190713
          ],
          [
            4.4749518,
            43.819671
          ],
          [
            4.4763044,
            43.8216525
          ],
          [
            4.4760583,
            43.8217388
          ],
          [
            4.4755018,
            43.8231994
          ],
          [
            4.4757613,
            43.8262427
          ]
        ]
      },
      "properties": {
        "parking_id": "PKC_011",
        "origine_id": "ORI_015",
        "distance_m": 4096,
        "temps_min": 6.7,
        "voie_dom": "secondary",
        "veh_origine": 3
      }
    },
    {
      "type": "Feature",
      "geometry": {
        "type": "LineString",
        "coordinates": [
          [
            4.5046183,
            43.8169048
          ],
          [
            4.5060572,
            43.8171833
          ],
          [
            4.5055109,
            43.817611
          ],
          [
            4.5037851,
            43.816983
          ],
          [
            4.5035612,
            43.81692
          ],
          [
            4.4993908,
            43.8167936
          ],
          [
            4.4974087,
            43.8166092
          ],
          [
            4.4954789,
            43.8170289
          ],
          [
            4.492294,
            43.8170697
          ],
          [
            4.4889431,
            43.8174259
          ],
          [
            4.4870637,
            43.8150717
          ],
          [
            4.4867833,
            43.8148233
          ],
          [
            4.4867191,
            43.8148062
          ],
          [
            4.4863624,
            43.8149233
          ],
          [
            4.4853215,
            43.8161855
          ],
          [
            4.484423,
            43.817986
          ],
          [
            4.4844956,
            43.8180557
          ],
          [
            4.4844073,
            43.8181334
          ],
          [
            4.4842891,
            43.8180799
          ],
          [
            4.4827089,
            43.8185284
          ],
          [
            4.4825925,
            43.8185678
          ],
          [
            4.4819289,
            43.8187852
          ],
          [
            4.4804931,
            43.8190351
          ],
          [
            4.480089,
            43.8189551
          ],
          [
            4.4786033,
            43.818718
          ],
          [
            4.4785242,
            43.8187102
          ],
          [
            4.4778253,
            43.8186225
          ],
          [
            4.4771034,
            43.8185571
          ],
          [
            4.4767843,
            43.8185439
          ],
          [
            4.475864,
            43.81871
          ],
          [
            4.4745283,
            43.8190713
          ],
          [
            4.4749518,
            43.819671
          ],
          [
            4.4763044,
            43.8216525
          ],
          [
            4.4766771,
            43.8221793
          ],
          [
            4.4776117,
            43.8235267
          ]
        ]
      },
      "properties": {
        "parking_id": "PKC_011",
        "origine_id": "ORI_027",
        "distance_m": 3791,
        "temps_min": 5.8,
        "voie_dom": "secondary",
        "veh_origine": 3
      }
    },
    {
      "type": "Feature",
      "geometry": {
        "type": "LineString",
        "coordinates": [
          [
            4.5046183,
            43.8169048
          ],
          [
            4.5060572,
            43.8171833
          ],
          [
            4.5055109,
            43.817611
          ],
          [
            4.5037851,
            43.816983
          ],
          [
            4.5035612,
            43.81692
          ],
          [
            4.4993908,
            43.8167936
          ],
          [
            4.4974087,
            43.8166092
          ],
          [
            4.4954789,
            43.8170289
          ],
          [
            4.492294,
            43.8170697
          ],
          [
            4.4889431,
            43.8174259
          ],
          [
            4.4900472,
            43.8186345
          ],
          [
            4.4913423,
            43.8199125
          ],
          [
            4.4917884,
            43.8200854
          ],
          [
            4.4921756,
            43.8203663
          ],
          [
            4.4923549,
            43.8206698
          ],
          [
            4.4939503,
            43.8228994
          ],
          [
            4.4953692,
            43.8251977
          ],
          [
            4.4955244,
            43.8255328
          ],
          [
            4.4958747,
            43.8258325
          ],
          [
            4.4961524,
            43.8259324
          ],
          [
            4.4961854,
            43.8261737
          ],
          [
            4.4960506,
            43.8262813
          ],
          [
            4.4957181,
            43.8262837
          ],
          [
            4.4956667,
            43.826258
          ],
          [
            4.495259,
            43.8262119
          ],
          [
            4.4894097,
            43.8267769
          ],
          [
            4.4890082,
            43.8268171
          ],
          [
            4.4888534,
            43.8263593
          ],
          [
            4.4884619,
            43.8264006
          ]
        ]
      },
      "properties": {
        "parking_id": "PKC_011",
        "origine_id": "ORI_034",
        "distance_m": 3471,
        "temps_min": 5.0,
        "voie_dom": "primary",
        "veh_origine": 3
      }
    },
    {
      "type": "Feature",
      "geometry": {
        "type": "LineString",
        "coordinates": [
          [
            4.5046183,
            43.8169048
          ],
          [
            4.5060572,
            43.8171833
          ],
          [
            4.5055109,
            43.817611
          ],
          [
            4.5037851,
            43.816983
          ],
          [
            4.5035612,
            43.81692
          ],
          [
            4.4993908,
            43.8167936
          ],
          [
            4.4974087,
            43.8166092
          ],
          [
            4.4954789,
            43.8170289
          ],
          [
            4.492294,
            43.8170697
          ],
          [
            4.4889431,
            43.8174259
          ],
          [
            4.4900472,
            43.8186345
          ],
          [
            4.4913423,
            43.8199125
          ],
          [
            4.4917884,
            43.8200854
          ],
          [
            4.4921756,
            43.8203663
          ],
          [
            4.4923549,
            43.8206698
          ],
          [
            4.4939503,
            43.8228994
          ],
          [
            4.4953692,
            43.8251977
          ],
          [
            4.4955244,
            43.8255328
          ],
          [
            4.4958747,
            43.8258325
          ],
          [
            4.4961524,
            43.8259324
          ],
          [
            4.4961854,
            43.8261737
          ],
          [
            4.4960506,
            43.8262813
          ],
          [
            4.4958597,
            43.826611
          ],
          [
            4.4959698,
            43.8275536
          ],
          [
            4.495989,
            43.8277739
          ],
          [
            4.4960565,
            43.8285555
          ],
          [
            4.4960628,
            43.8286129
          ],
          [
            4.4964185,
            43.830054
          ],
          [
            4.4964876,
            43.8302627
          ],
          [
            4.4965621,
            43.8304325
          ],
          [
            4.4967451,
            43.8308012
          ],
          [
            4.4968494,
            43.8310386
          ],
          [
            4.4964748,
            43.8311449
          ],
          [
            4.4963408,
            43.8315362
          ],
          [
            4.4963344,
            43.8317947
          ],
          [
            4.4963273,
            43.8321912
          ],
          [
            4.4962492,
            43.832317
          ],
          [
            4.4962575,
            43.8324595
          ],
          [
            4.4963096,
            43.8326787
          ],
          [
            4.4963436,
            43.8329072
          ],
          [
            4.4957189,
            43.8330153
          ],
          [
            4.4956073,
            43.8331685
          ],
          [
            4.4950011,
            43.8333791
          ],
          [
            4.4945384,
            43.8335197
          ],
          [
            4.4940413,
            43.8336111
          ],
          [
            4.4939379,
            43.8336774
          ],
          [
            4.4937461,
            43.8342775
          ],
          [
            4.4937087,
            43.8346667
          ],
          [
            4.4936846,
            43.8351114
          ],
          [
            4.4933524,
            43.8357545
          ],
          [
            4.4933755,
            43.8359605
          ],
          [
            4.4934165,
            43.8363261
          ],
          [
            4.4933995,
            43.8363843
          ]
        ]
      },
      "properties": {
        "parking_id": "PKC_011",
        "origine_id": "ORI_035",
        "distance_m": 4116,
        "temps_min": 6.3,
        "voie_dom": "primary",
        "veh_origine": 2
      }
    },
    {
      "type": "Feature",
      "geometry": {
        "type": "LineString",
        "coordinates": [
          [
            4.5046183,
            43.8169048
          ],
          [
            4.5060572,
            43.8171833
          ],
          [
            4.5055109,
            43.817611
          ],
          [
            4.5037851,
            43.816983
          ],
          [
            4.5035612,
            43.81692
          ],
          [
            4.4993908,
            43.8167936
          ],
          [
            4.4974087,
            43.8166092
          ],
          [
            4.4954789,
            43.8170289
          ],
          [
            4.492294,
            43.8170697
          ],
          [
            4.4889431,
            43.8174259
          ],
          [
            4.4870637,
            43.8150717
          ],
          [
            4.4867833,
            43.8148233
          ],
          [
            4.4867191,
            43.8148062
          ],
          [
            4.4863624,
            43.8149233
          ],
          [
            4.4853215,
            43.8161855
          ],
          [
            4.484423,
            43.817986
          ],
          [
            4.4844956,
            43.8180557
          ],
          [
            4.4844073,
            43.8181334
          ],
          [
            4.4842891,
            43.8180799
          ],
          [
            4.4827089,
            43.8185284
          ],
          [
            4.4825925,
            43.8185678
          ],
          [
            4.4819289,
            43.8187852
          ],
          [
            4.4804931,
            43.8190351
          ],
          [
            4.480089,
            43.8189551
          ],
          [
            4.4786033,
            43.818718
          ],
          [
            4.4785242,
            43.8187102
          ],
          [
            4.4778253,
            43.8186225
          ],
          [
            4.4771034,
            43.8185571
          ],
          [
            4.4767843,
            43.8185439
          ],
          [
            4.475864,
            43.81871
          ],
          [
            4.4745283,
            43.8190713
          ],
          [
            4.4749518,
            43.819671
          ],
          [
            4.4763044,
            43.8216525
          ],
          [
            4.4766771,
            43.8221793
          ],
          [
            4.4776117,
            43.8235267
          ],
          [
            4.4781501,
            43.824303
          ],
          [
            4.4783932,
            43.8246535
          ],
          [
            4.4782941,
            43.8247235
          ],
          [
            4.4772863,
            43.8242391
          ]
        ]
      },
      "properties": {
        "parking_id": "PKC_011",
        "origine_id": "ORI_002",
        "distance_m": 4058,
        "temps_min": 6.3,
        "voie_dom": "secondary",
        "veh_origine": 1
      }
    },
    {
      "type": "Feature",
      "geometry": {
        "type": "LineString",
        "coordinates": [
          [
            4.5046183,
            43.8169048
          ],
          [
            4.5060572,
            43.8171833
          ],
          [
            4.5055109,
            43.817611
          ],
          [
            4.5037851,
            43.816983
          ],
          [
            4.5035612,
            43.81692
          ],
          [
            4.4993908,
            43.8167936
          ],
          [
            4.4974087,
            43.8166092
          ],
          [
            4.4954789,
            43.8170289
          ],
          [
            4.492294,
            43.8170697
          ],
          [
            4.4889431,
            43.8174259
          ],
          [
            4.4870637,
            43.8150717
          ],
          [
            4.4867833,
            43.8148233
          ],
          [
            4.4867191,
            43.8148062
          ],
          [
            4.4863624,
            43.8149233
          ],
          [
            4.4853215,
            43.8161855
          ],
          [
            4.484423,
            43.817986
          ],
          [
            4.4844956,
            43.8180557
          ],
          [
            4.4844073,
            43.8181334
          ],
          [
            4.4842891,
            43.8180799
          ],
          [
            4.4827089,
            43.8185284
          ],
          [
            4.4825925,
            43.8185678
          ],
          [
            4.4819289,
            43.8187852
          ],
          [
            4.4804931,
            43.8190351
          ],
          [
            4.480089,
            43.8189551
          ],
          [
            4.4786033,
            43.818718
          ],
          [
            4.4785242,
            43.8187102
          ],
          [
            4.4778253,
            43.8186225
          ],
          [
            4.4771034,
            43.8185571
          ],
          [
            4.4767843,
            43.8185439
          ],
          [
            4.475864,
            43.81871
          ],
          [
            4.4745283,
            43.8190713
          ],
          [
            4.4739654,
            43.8190273
          ],
          [
            4.4737471,
            43.818733
          ],
          [
            4.4735607,
            43.8186072
          ],
          [
            4.4732111,
            43.8186331
          ],
          [
            4.4726148,
            43.8186882
          ],
          [
            4.47243,
            43.8186715
          ],
          [
            4.4721882,
            43.8186497
          ],
          [
            4.4719714,
            43.8186723
          ],
          [
            4.4718887,
            43.8190249
          ],
          [
            4.4711429,
            43.8190323
          ],
          [
            4.4709447,
            43.8190053
          ],
          [
            4.4701163,
            43.8191219
          ],
          [
            4.4699835,
            43.8192155
          ],
          [
            4.4698495,
            43.8194146
          ],
          [
            4.4697339,
            43.8195864
          ],
          [
            4.469104,
            43.8203536
          ],
          [
            4.4689408,
            43.821549
          ],
          [
            4.4705398,
            43.8217714
          ],
          [
            4.4727847,
            43.8208791
          ]
        ]
      },
      "properties": {
        "parking_id": "PKC_011",
        "origine_id": "ORI_017",
        "distance_m": 4304,
        "temps_min": 6.9,
        "voie_dom": "secondary",
        "veh_origine": 1
      }
    },
    {
      "type": "Feature",
      "geometry": {
        "type": "LineString",
        "coordinates": [
          [
            4.5046183,
            43.8169048
          ],
          [
            4.5060572,
            43.8171833
          ],
          [
            4.5055109,
            43.817611
          ],
          [
            4.5037851,
            43.816983
          ],
          [
            4.5035612,
            43.81692
          ],
          [
            4.4993908,
            43.8167936
          ],
          [
            4.4974087,
            43.8166092
          ],
          [
            4.4954789,
            43.8170289
          ],
          [
            4.492294,
            43.8170697
          ],
          [
            4.4889431,
            43.8174259
          ],
          [
            4.4870637,
            43.8150717
          ],
          [
            4.4867833,
            43.8148233
          ],
          [
            4.4867191,
            43.8148062
          ],
          [
            4.4863624,
            43.8149233
          ],
          [
            4.4853215,
            43.8161855
          ],
          [
            4.484423,
            43.817986
          ],
          [
            4.4844956,
            43.8180557
          ],
          [
            4.4844073,
            43.8181334
          ],
          [
            4.4842891,
            43.8180799
          ],
          [
            4.4827089,
            43.8185284
          ],
          [
            4.4825925,
            43.8185678
          ],
          [
            4.4819289,
            43.8187852
          ],
          [
            4.4804931,
            43.8190351
          ],
          [
            4.480089,
            43.8189551
          ],
          [
            4.4786033,
            43.818718
          ],
          [
            4.4785242,
            43.8187102
          ],
          [
            4.4778253,
            43.8186225
          ],
          [
            4.4771034,
            43.8185571
          ],
          [
            4.4767843,
            43.8185439
          ],
          [
            4.475864,
            43.81871
          ],
          [
            4.4745283,
            43.8190713
          ],
          [
            4.4749518,
            43.819671
          ],
          [
            4.4763044,
            43.8216525
          ],
          [
            4.4760583,
            43.8217388
          ],
          [
            4.4746933,
            43.8216617
          ],
          [
            4.4742697,
            43.8218419
          ]
        ]
      },
      "properties": {
        "parking_id": "PKC_011",
        "origine_id": "ORI_021",
        "distance_m": 3751,
        "temps_min": 5.8,
        "voie_dom": "secondary",
        "veh_origine": 1
      }
    },
    {
      "type": "Feature",
      "geometry": {
        "type": "LineString",
        "coordinates": [
          [
            4.5046183,
            43.8169048
          ],
          [
            4.5060572,
            43.8171833
          ],
          [
            4.5055109,
            43.817611
          ],
          [
            4.5037851,
            43.816983
          ],
          [
            4.5035612,
            43.81692
          ],
          [
            4.4993908,
            43.8167936
          ],
          [
            4.4974087,
            43.8166092
          ],
          [
            4.4954789,
            43.8170289
          ],
          [
            4.492294,
            43.8170697
          ],
          [
            4.4889431,
            43.8174259
          ],
          [
            4.4870637,
            43.8150717
          ],
          [
            4.4867833,
            43.8148233
          ],
          [
            4.4867191,
            43.8148062
          ],
          [
            4.4863624,
            43.8149233
          ],
          [
            4.4853215,
            43.8161855
          ],
          [
            4.484423,
            43.817986
          ],
          [
            4.4844956,
            43.8180557
          ],
          [
            4.4844073,
            43.8181334
          ],
          [
            4.4842891,
            43.8180799
          ],
          [
            4.4827089,
            43.8185284
          ],
          [
            4.4825925,
            43.8185678
          ],
          [
            4.4819289,
            43.8187852
          ],
          [
            4.4804931,
            43.8190351
          ],
          [
            4.4808285,
            43.82001
          ]
        ]
      },
      "properties": {
        "parking_id": "PKC_011",
        "origine_id": "ORI_026",
        "distance_m": 2854,
        "temps_min": 4.4,
        "voie_dom": "secondary",
        "veh_origine": 1
      }
    },
    {
      "type": "Feature",
      "geometry": {
        "type": "LineString",
        "coordinates": [
          [
            4.5046183,
            43.8169048
          ],
          [
            4.5060572,
            43.8171833
          ],
          [
            4.5055109,
            43.817611
          ],
          [
            4.5037851,
            43.816983
          ],
          [
            4.5035612,
            43.81692
          ],
          [
            4.4993908,
            43.8167936
          ],
          [
            4.4974087,
            43.8166092
          ],
          [
            4.4954789,
            43.8170289
          ],
          [
            4.492294,
            43.8170697
          ],
          [
            4.4889431,
            43.8174259
          ],
          [
            4.4900472,
            43.8186345
          ],
          [
            4.4886735,
            43.8193728
          ],
          [
            4.4886661,
            43.819497
          ],
          [
            4.4884636,
            43.8195149
          ],
          [
            4.4858473,
            43.8206467
          ],
          [
            4.4847234,
            43.8209583
          ]
        ]
      },
      "properties": {
        "parking_id": "PKC_011",
        "origine_id": "ORI_028",
        "distance_m": 2303,
        "temps_min": 3.8,
        "voie_dom": "secondary",
        "veh_origine": 1
      }
    },
    {
      "type": "Feature",
      "geometry": {
        "type": "LineString",
        "coordinates": [
          [
            4.5046183,
            43.8169048
          ],
          [
            4.5060572,
            43.8171833
          ],
          [
            4.5055109,
            43.817611
          ],
          [
            4.5037851,
            43.816983
          ],
          [
            4.5035612,
            43.81692
          ],
          [
            4.4993908,
            43.8167936
          ],
          [
            4.4974087,
            43.8166092
          ],
          [
            4.4954789,
            43.8170289
          ],
          [
            4.492294,
            43.8170697
          ],
          [
            4.4889431,
            43.8174259
          ],
          [
            4.4900472,
            43.8186345
          ],
          [
            4.4913423,
            43.8199125
          ],
          [
            4.4917884,
            43.8200854
          ],
          [
            4.4921756,
            43.8203663
          ],
          [
            4.4923549,
            43.8206698
          ],
          [
            4.4939503,
            43.8228994
          ],
          [
            4.4953692,
            43.8251977
          ],
          [
            4.4955244,
            43.8255328
          ],
          [
            4.4958747,
            43.8258325
          ],
          [
            4.4961524,
            43.8259324
          ],
          [
            4.4961854,
            43.8261737
          ],
          [
            4.4960506,
            43.8262813
          ],
          [
            4.4958597,
            43.826611
          ],
          [
            4.4959698,
            43.8275536
          ],
          [
            4.495989,
            43.8277739
          ],
          [
            4.4960565,
            43.8285555
          ],
          [
            4.4960628,
            43.8286129
          ],
          [
            4.4964185,
            43.830054
          ],
          [
            4.4964876,
            43.8302627
          ],
          [
            4.4965621,
            43.8304325
          ],
          [
            4.4967451,
            43.8308012
          ],
          [
            4.4968494,
            43.8310386
          ],
          [
            4.4964748,
            43.8311449
          ],
          [
            4.4963408,
            43.8315362
          ],
          [
            4.4963344,
            43.8317947
          ],
          [
            4.4963273,
            43.8321912
          ],
          [
            4.4962492,
            43.832317
          ],
          [
            4.4962575,
            43.8324595
          ],
          [
            4.4963096,
            43.8326787
          ],
          [
            4.4963436,
            43.8329072
          ],
          [
            4.4957189,
            43.8330153
          ],
          [
            4.4956073,
            43.8331685
          ],
          [
            4.4950011,
            43.8333791
          ],
          [
            4.4945384,
            43.8335197
          ],
          [
            4.4940413,
            43.8336111
          ],
          [
            4.4939379,
            43.8336774
          ],
          [
            4.4939009,
            43.833648
          ],
          [
            4.4932128,
            43.833704
          ],
          [
            4.4918571,
            43.8330336
          ],
          [
            4.4910297,
            43.8321233
          ]
        ]
      },
      "properties": {
        "parking_id": "PKC_011",
        "origine_id": "ORI_032",
        "distance_m": 4197,
        "temps_min": 6.5,
        "voie_dom": "primary",
        "veh_origine": 1
      }
    },
    {
      "type": "Feature",
      "geometry": {
        "type": "LineString",
        "coordinates": [
          [
            4.5046183,
            43.8169048
          ],
          [
            4.5060572,
            43.8171833
          ],
          [
            4.5055109,
            43.817611
          ],
          [
            4.5037851,
            43.816983
          ],
          [
            4.5035612,
            43.81692
          ],
          [
            4.4993908,
            43.8167936
          ],
          [
            4.4974087,
            43.8166092
          ],
          [
            4.4954789,
            43.8170289
          ],
          [
            4.492294,
            43.8170697
          ],
          [
            4.4889431,
            43.8174259
          ],
          [
            4.4900472,
            43.8186345
          ],
          [
            4.4913423,
            43.8199125
          ],
          [
            4.4917884,
            43.8200854
          ],
          [
            4.4921756,
            43.8203663
          ],
          [
            4.4923549,
            43.8206698
          ],
          [
            4.4939503,
            43.8228994
          ],
          [
            4.4953692,
            43.8251977
          ],
          [
            4.4955244,
            43.8255328
          ],
          [
            4.4958747,
            43.8258325
          ],
          [
            4.4961524,
            43.8259324
          ],
          [
            4.4961854,
            43.8261737
          ],
          [
            4.4960506,
            43.8262813
          ],
          [
            4.4958597,
            43.826611
          ],
          [
            4.4959698,
            43.8275536
          ],
          [
            4.495989,
            43.8277739
          ],
          [
            4.4960565,
            43.8285555
          ],
          [
            4.4960628,
            43.8286129
          ],
          [
            4.4964185,
            43.830054
          ],
          [
            4.4964876,
            43.8302627
          ],
          [
            4.4965621,
            43.8304325
          ],
          [
            4.4967451,
            43.8308012
          ],
          [
            4.4968494,
            43.8310386
          ],
          [
            4.4964748,
            43.8311449
          ],
          [
            4.4963408,
            43.8315362
          ],
          [
            4.4963344,
            43.8317947
          ],
          [
            4.4963273,
            43.8321912
          ],
          [
            4.4962492,
            43.832317
          ],
          [
            4.4962575,
            43.8324595
          ],
          [
            4.4963096,
            43.8326787
          ],
          [
            4.4963436,
            43.8329072
          ],
          [
            4.4957189,
            43.8330153
          ],
          [
            4.4956073,
            43.8331685
          ],
          [
            4.4950011,
            43.8333791
          ],
          [
            4.4945384,
            43.8335197
          ],
          [
            4.4940413,
            43.8336111
          ],
          [
            4.4939379,
            43.8336774
          ],
          [
            4.4937461,
            43.8342775
          ],
          [
            4.4937087,
            43.8346667
          ],
          [
            4.4936846,
            43.8351114
          ],
          [
            4.4933524,
            43.8357545
          ],
          [
            4.4933755,
            43.8359605
          ],
          [
            4.4934165,
            43.8363261
          ],
          [
            4.4933995,
            43.8363843
          ],
          [
            4.4917476,
            43.8366506
          ]
        ]
      },
      "properties": {
        "parking_id": "PKC_011",
        "origine_id": "ORI_033",
        "distance_m": 4252,
        "temps_min": 6.6,
        "voie_dom": "primary",
        "veh_origine": 1
      }
    },
    {
      "type": "Feature",
      "geometry": {
        "type": "LineString",
        "coordinates": [
          [
            4.5046183,
            43.8169048
          ],
          [
            4.5060572,
            43.8171833
          ],
          [
            4.5055109,
            43.817611
          ],
          [
            4.5037851,
            43.816983
          ],
          [
            4.5035612,
            43.81692
          ],
          [
            4.4993908,
            43.8167936
          ],
          [
            4.4974087,
            43.8166092
          ],
          [
            4.4954789,
            43.8170289
          ],
          [
            4.492294,
            43.8170697
          ],
          [
            4.4889431,
            43.8174259
          ],
          [
            4.4900472,
            43.8186345
          ],
          [
            4.4913423,
            43.8199125
          ],
          [
            4.4917884,
            43.8200854
          ],
          [
            4.4921756,
            43.8203663
          ],
          [
            4.4923549,
            43.8206698
          ],
          [
            4.4939503,
            43.8228994
          ],
          [
            4.4953692,
            43.8251977
          ],
          [
            4.4955244,
            43.8255328
          ],
          [
            4.4958747,
            43.8258325
          ],
          [
            4.4961524,
            43.8259324
          ],
          [
            4.4961854,
            43.8261737
          ],
          [
            4.4960506,
            43.8262813
          ],
          [
            4.4958597,
            43.826611
          ],
          [
            4.4959698,
            43.8275536
          ],
          [
            4.495989,
            43.8277739
          ],
          [
            4.4950176,
            43.827828
          ],
          [
            4.4944285,
            43.828902
          ],
          [
            4.4943634,
            43.8289961
          ],
          [
            4.4928104,
            43.8290887
          ],
          [
            4.4932646,
            43.8298843
          ],
          [
            4.4934921,
            43.8303752
          ],
          [
            4.4935751,
            43.8304696
          ],
          [
            4.493419,
            43.830458
          ],
          [
            4.491725,
            43.8302369
          ],
          [
            4.4915925,
            43.8303079
          ],
          [
            4.4915477,
            43.8302428
          ],
          [
            4.4916391,
            43.8301863
          ],
          [
            4.4888426,
            43.8294154
          ],
          [
            4.4878382,
            43.8291331
          ],
          [
            4.4875825,
            43.8290539
          ]
        ]
      },
      "properties": {
        "parking_id": "PKC_011",
        "origine_id": "ORI_036",
        "distance_m": 4053,
        "temps_min": 6.5,
        "voie_dom": "primary",
        "veh_origine": 1
      }
    },
    {
      "type": "Feature",
      "geometry": {
        "type": "LineString",
        "coordinates": [
          [
            4.5046183,
            43.8169048
          ],
          [
            4.5060572,
            43.8171833
          ],
          [
            4.5055109,
            43.817611
          ],
          [
            4.5037851,
            43.816983
          ],
          [
            4.5035612,
            43.81692
          ],
          [
            4.4993908,
            43.8167936
          ],
          [
            4.4974087,
            43.8166092
          ],
          [
            4.4954789,
            43.8170289
          ],
          [
            4.492294,
            43.8170697
          ],
          [
            4.4889431,
            43.8174259
          ],
          [
            4.4900472,
            43.8186345
          ],
          [
            4.4913423,
            43.8199125
          ],
          [
            4.4917884,
            43.8200854
          ],
          [
            4.4921756,
            43.8203663
          ],
          [
            4.4923549,
            43.8206698
          ],
          [
            4.4939503,
            43.8228994
          ],
          [
            4.4953692,
            43.8251977
          ],
          [
            4.4955244,
            43.8255328
          ],
          [
            4.4958747,
            43.8258325
          ],
          [
            4.4961524,
            43.8259324
          ],
          [
            4.4961854,
            43.8261737
          ],
          [
            4.4960506,
            43.8262813
          ],
          [
            4.4958597,
            43.826611
          ],
          [
            4.4959698,
            43.8275536
          ],
          [
            4.495989,
            43.8277739
          ],
          [
            4.4960565,
            43.8285555
          ],
          [
            4.4960628,
            43.8286129
          ],
          [
            4.4964185,
            43.830054
          ],
          [
            4.4964876,
            43.8302627
          ],
          [
            4.4965621,
            43.8304325
          ],
          [
            4.4967451,
            43.8308012
          ],
          [
            4.4968494,
            43.8310386
          ],
          [
            4.4964748,
            43.8311449
          ],
          [
            4.4963408,
            43.8315362
          ],
          [
            4.4963344,
            43.8317947
          ],
          [
            4.4963273,
            43.8321912
          ],
          [
            4.4962492,
            43.832317
          ],
          [
            4.4962575,
            43.8324595
          ],
          [
            4.4963096,
            43.8326787
          ],
          [
            4.4963436,
            43.8329072
          ],
          [
            4.4957189,
            43.8330153
          ],
          [
            4.4956073,
            43.8331685
          ],
          [
            4.4950011,
            43.8333791
          ],
          [
            4.4945384,
            43.8335197
          ],
          [
            4.4940413,
            43.8336111
          ],
          [
            4.4939379,
            43.8336774
          ],
          [
            4.4937461,
            43.8342775
          ],
          [
            4.4937087,
            43.8346667
          ],
          [
            4.4936846,
            43.8351114
          ],
          [
            4.4933524,
            43.8357545
          ],
          [
            4.490921,
            43.8360101
          ]
        ]
      },
      "properties": {
        "parking_id": "PKC_011",
        "origine_id": "ORI_037",
        "distance_m": 4243,
        "temps_min": 6.6,
        "voie_dom": "primary",
        "veh_origine": 1
      }
    },
    {
      "type": "Feature",
      "geometry": {
        "type": "LineString",
        "coordinates": [
          [
            4.5046183,
            43.8169048
          ],
          [
            4.5060572,
            43.8171833
          ],
          [
            4.5055109,
            43.817611
          ],
          [
            4.5037851,
            43.816983
          ],
          [
            4.5035612,
            43.81692
          ],
          [
            4.4993908,
            43.8167936
          ],
          [
            4.4974087,
            43.8166092
          ],
          [
            4.4954789,
            43.8170289
          ],
          [
            4.492294,
            43.8170697
          ],
          [
            4.4889431,
            43.8174259
          ],
          [
            4.4900472,
            43.8186345
          ],
          [
            4.4913423,
            43.8199125
          ],
          [
            4.4917884,
            43.8200854
          ],
          [
            4.4921756,
            43.8203663
          ],
          [
            4.4923549,
            43.8206698
          ],
          [
            4.4939503,
            43.8228994
          ],
          [
            4.4953692,
            43.8251977
          ],
          [
            4.4955244,
            43.8255328
          ],
          [
            4.4958747,
            43.8258325
          ],
          [
            4.4961524,
            43.8259324
          ],
          [
            4.4961854,
            43.8261737
          ],
          [
            4.4960506,
            43.8262813
          ],
          [
            4.4958597,
            43.826611
          ],
          [
            4.4959698,
            43.8275536
          ],
          [
            4.495989,
            43.8277739
          ],
          [
            4.4960565,
            43.8285555
          ],
          [
            4.4960628,
            43.8286129
          ],
          [
            4.4964185,
            43.830054
          ],
          [
            4.4964876,
            43.8302627
          ],
          [
            4.4965621,
            43.8304325
          ],
          [
            4.4967451,
            43.8308012
          ],
          [
            4.4968494,
            43.8310386
          ],
          [
            4.4964748,
            43.8311449
          ],
          [
            4.4963408,
            43.8315362
          ],
          [
            4.4963344,
            43.8317947
          ],
          [
            4.4963273,
            43.8321912
          ],
          [
            4.4962492,
            43.832317
          ],
          [
            4.4962575,
            43.8324595
          ],
          [
            4.4963096,
            43.8326787
          ],
          [
            4.4963436,
            43.8329072
          ],
          [
            4.4957189,
            43.8330153
          ],
          [
            4.4956073,
            43.8331685
          ],
          [
            4.4950011,
            43.8333791
          ],
          [
            4.4945384,
            43.8335197
          ],
          [
            4.4940413,
            43.8336111
          ],
          [
            4.4939379,
            43.8336774
          ],
          [
            4.4939009,
            43.833648
          ],
          [
            4.4932128,
            43.833704
          ],
          [
            4.4918093,
            43.8337417
          ],
          [
            4.4908758,
            43.833773
          ],
          [
            4.4908222,
            43.83345
          ],
          [
            4.4902664,
            43.8309959
          ]
        ]
      },
      "properties": {
        "parking_id": "PKC_011",
        "origine_id": "ORI_038",
        "distance_m": 4403,
        "temps_min": 6.9,
        "voie_dom": "primary",
        "veh_origine": 1
      }
    },
    {
      "type": "Feature",
      "geometry": {
        "type": "LineString",
        "coordinates": [
          [
            4.5060572,
            43.8171833
          ],
          [
            4.5055109,
            43.817611
          ],
          [
            4.5037851,
            43.816983
          ],
          [
            4.5035612,
            43.81692
          ],
          [
            4.4993908,
            43.8167936
          ],
          [
            4.4974087,
            43.8166092
          ],
          [
            4.4954789,
            43.8170289
          ],
          [
            4.492294,
            43.8170697
          ],
          [
            4.4889431,
            43.8174259
          ],
          [
            4.4900472,
            43.8186345
          ],
          [
            4.4913423,
            43.8199125
          ],
          [
            4.4917884,
            43.8200854
          ],
          [
            4.4921756,
            43.8203663
          ],
          [
            4.4923549,
            43.8206698
          ],
          [
            4.4939503,
            43.8228994
          ],
          [
            4.4953692,
            43.8251977
          ],
          [
            4.4955244,
            43.8255328
          ],
          [
            4.4958747,
            43.8258325
          ],
          [
            4.4961524,
            43.8259324
          ],
          [
            4.4961854,
            43.8261737
          ],
          [
            4.4960506,
            43.8262813
          ],
          [
            4.4958597,
            43.826611
          ],
          [
            4.4959698,
            43.8275536
          ],
          [
            4.495989,
            43.8277739
          ],
          [
            4.4960565,
            43.8285555
          ],
          [
            4.4960628,
            43.8286129
          ],
          [
            4.4964185,
            43.830054
          ],
          [
            4.4964876,
            43.8302627
          ],
          [
            4.4965621,
            43.8304325
          ],
          [
            4.4967451,
            43.8308012
          ],
          [
            4.4968494,
            43.8310386
          ],
          [
            4.4964748,
            43.8311449
          ],
          [
            4.4963408,
            43.8315362
          ],
          [
            4.4963344,
            43.8317947
          ],
          [
            4.4963273,
            43.8321912
          ],
          [
            4.4962492,
            43.832317
          ],
          [
            4.4962575,
            43.8324595
          ],
          [
            4.4963096,
            43.8326787
          ],
          [
            4.4963436,
            43.8329072
          ],
          [
            4.4957189,
            43.8330153
          ],
          [
            4.4956073,
            43.8331685
          ],
          [
            4.4950011,
            43.8333791
          ],
          [
            4.4945384,
            43.8335197
          ],
          [
            4.4940413,
            43.8336111
          ],
          [
            4.4939379,
            43.8336774
          ],
          [
            4.4937461,
            43.8342775
          ],
          [
            4.4937087,
            43.8346667
          ],
          [
            4.4936846,
            43.8351114
          ],
          [
            4.4933524,
            43.8357545
          ],
          [
            4.4933755,
            43.8359605
          ],
          [
            4.4934165,
            43.8363261
          ],
          [
            4.4933995,
            43.8363843
          ],
          [
            4.4887957,
            43.8397821
          ],
          [
            4.4886068,
            43.8381104
          ]
        ]
      },
      "properties": {
        "parking_id": "PKC_012",
        "origine_id": "ORI_029",
        "distance_m": 4705,
        "temps_min": 7.6,
        "voie_dom": "primary",
        "veh_origine": 83
      }
    },
    {
      "type": "Feature",
      "geometry": {
        "type": "LineString",
        "coordinates": [
          [
            4.5060572,
            43.8171833
          ],
          [
            4.5055109,
            43.817611
          ],
          [
            4.5037851,
            43.816983
          ],
          [
            4.5035612,
            43.81692
          ],
          [
            4.4993908,
            43.8167936
          ],
          [
            4.4974087,
            43.8166092
          ],
          [
            4.4954789,
            43.8170289
          ],
          [
            4.492294,
            43.8170697
          ],
          [
            4.4889431,
            43.8174259
          ],
          [
            4.4900472,
            43.8186345
          ],
          [
            4.4913423,
            43.8199125
          ],
          [
            4.4917884,
            43.8200854
          ],
          [
            4.4921756,
            43.8203663
          ],
          [
            4.4923549,
            43.8206698
          ],
          [
            4.4939503,
            43.8228994
          ],
          [
            4.4953692,
            43.8251977
          ],
          [
            4.4955244,
            43.8255328
          ],
          [
            4.4958747,
            43.8258325
          ],
          [
            4.4961524,
            43.8259324
          ],
          [
            4.4961854,
            43.8261737
          ],
          [
            4.4960506,
            43.8262813
          ],
          [
            4.4957181,
            43.8262837
          ],
          [
            4.4956667,
            43.826258
          ],
          [
            4.495259,
            43.8262119
          ],
          [
            4.4894097,
            43.8267769
          ],
          [
            4.4890082,
            43.8268171
          ],
          [
            4.4810674,
            43.827604
          ]
        ]
      },
      "properties": {
        "parking_id": "PKC_012",
        "origine_id": "ORI_004",
        "distance_m": 3891,
        "temps_min": 5.3,
        "voie_dom": "primary",
        "veh_origine": 36
      }
    },
    {
      "type": "Feature",
      "geometry": {
        "type": "LineString",
        "coordinates": [
          [
            4.5060572,
            43.8171833
          ],
          [
            4.5055109,
            43.817611
          ],
          [
            4.5037851,
            43.816983
          ],
          [
            4.5035612,
            43.81692
          ],
          [
            4.4993908,
            43.8167936
          ],
          [
            4.4974087,
            43.8166092
          ],
          [
            4.4954789,
            43.8170289
          ],
          [
            4.492294,
            43.8170697
          ],
          [
            4.4889431,
            43.8174259
          ],
          [
            4.4900472,
            43.8186345
          ],
          [
            4.4913423,
            43.8199125
          ],
          [
            4.4917884,
            43.8200854
          ],
          [
            4.4921756,
            43.8203663
          ],
          [
            4.4923549,
            43.8206698
          ],
          [
            4.4939503,
            43.8228994
          ],
          [
            4.4953692,
            43.8251977
          ],
          [
            4.4955244,
            43.8255328
          ],
          [
            4.4958747,
            43.8258325
          ],
          [
            4.4961524,
            43.8259324
          ],
          [
            4.4961854,
            43.8261737
          ],
          [
            4.4960506,
            43.8262813
          ],
          [
            4.4958597,
            43.826611
          ],
          [
            4.4959698,
            43.8275536
          ],
          [
            4.495989,
            43.8277739
          ],
          [
            4.4950176,
            43.827828
          ],
          [
            4.4944285,
            43.828902
          ],
          [
            4.4943634,
            43.8289961
          ],
          [
            4.4928104,
            43.8290887
          ],
          [
            4.4932646,
            43.8298843
          ],
          [
            4.4934921,
            43.8303752
          ],
          [
            4.4935751,
            43.8304696
          ],
          [
            4.493419,
            43.830458
          ],
          [
            4.491725,
            43.8302369
          ],
          [
            4.4915925,
            43.8303079
          ],
          [
            4.4915477,
            43.8302428
          ],
          [
            4.4898709,
            43.830535
          ],
          [
            4.4887324,
            43.8307642
          ],
          [
            4.4880761,
            43.8307804
          ],
          [
            4.4861466,
            43.830498
          ]
        ]
      },
      "properties": {
        "parking_id": "PKC_012",
        "origine_id": "ORI_031",
        "distance_m": 4003,
        "temps_min": 6.4,
        "voie_dom": "primary",
        "veh_origine": 19
      }
    },
    {
      "type": "Feature",
      "geometry": {
        "type": "LineString",
        "coordinates": [
          [
            4.5060572,
            43.8171833
          ],
          [
            4.5055109,
            43.817611
          ],
          [
            4.5037851,
            43.816983
          ],
          [
            4.5035612,
            43.81692
          ],
          [
            4.4993908,
            43.8167936
          ],
          [
            4.4974087,
            43.8166092
          ],
          [
            4.4954789,
            43.8170289
          ],
          [
            4.492294,
            43.8170697
          ],
          [
            4.4889431,
            43.8174259
          ],
          [
            4.4870637,
            43.8150717
          ],
          [
            4.4867833,
            43.8148233
          ],
          [
            4.4867191,
            43.8148062
          ],
          [
            4.4863624,
            43.8149233
          ],
          [
            4.4853215,
            43.8161855
          ],
          [
            4.484423,
            43.817986
          ],
          [
            4.4844956,
            43.8180557
          ],
          [
            4.4844073,
            43.8181334
          ],
          [
            4.4842891,
            43.8180799
          ],
          [
            4.4827089,
            43.8185284
          ],
          [
            4.4825925,
            43.8185678
          ],
          [
            4.4819289,
            43.8187852
          ],
          [
            4.4804931,
            43.8190351
          ],
          [
            4.480089,
            43.8189551
          ],
          [
            4.4786033,
            43.818718
          ],
          [
            4.4785242,
            43.8187102
          ],
          [
            4.4778253,
            43.8186225
          ],
          [
            4.4771034,
            43.8185571
          ],
          [
            4.4767843,
            43.8185439
          ],
          [
            4.475864,
            43.81871
          ],
          [
            4.4745283,
            43.8190713
          ],
          [
            4.4749518,
            43.819671
          ],
          [
            4.4763044,
            43.8216525
          ],
          [
            4.4760583,
            43.8217388
          ],
          [
            4.4755018,
            43.8231994
          ],
          [
            4.4757613,
            43.8262427
          ],
          [
            4.4735259,
            43.8260765
          ]
        ]
      },
      "properties": {
        "parking_id": "PKC_012",
        "origine_id": "ORI_010",
        "distance_m": 4138,
        "temps_min": 6.8,
        "voie_dom": "secondary",
        "veh_origine": 7
      }
    },
    {
      "type": "Feature",
      "geometry": {
        "type": "LineString",
        "coordinates": [
          [
            4.5060572,
            43.8171833
          ],
          [
            4.5055109,
            43.817611
          ],
          [
            4.5037851,
            43.816983
          ],
          [
            4.5035612,
            43.81692
          ],
          [
            4.4993908,
            43.8167936
          ],
          [
            4.4974087,
            43.8166092
          ],
          [
            4.4954789,
            43.8170289
          ],
          [
            4.492294,
            43.8170697
          ],
          [
            4.4889431,
            43.8174259
          ],
          [
            4.4900472,
            43.8186345
          ],
          [
            4.4913423,
            43.8199125
          ],
          [
            4.4917884,
            43.8200854
          ],
          [
            4.4921756,
            43.8203663
          ],
          [
            4.4923549,
            43.8206698
          ],
          [
            4.4939503,
            43.8228994
          ],
          [
            4.4953692,
            43.8251977
          ],
          [
            4.4955244,
            43.8255328
          ],
          [
            4.4958747,
            43.8258325
          ],
          [
            4.4961524,
            43.8259324
          ],
          [
            4.4961854,
            43.8261737
          ],
          [
            4.4960506,
            43.8262813
          ],
          [
            4.4958597,
            43.826611
          ],
          [
            4.4959698,
            43.8275536
          ],
          [
            4.495989,
            43.8277739
          ],
          [
            4.4960565,
            43.8285555
          ],
          [
            4.4960628,
            43.8286129
          ],
          [
            4.4964185,
            43.830054
          ],
          [
            4.4964876,
            43.8302627
          ],
          [
            4.4965621,
            43.8304325
          ],
          [
            4.4967451,
            43.8308012
          ],
          [
            4.4968494,
            43.8310386
          ],
          [
            4.4964748,
            43.8311449
          ],
          [
            4.4963408,
            43.8315362
          ],
          [
            4.4963344,
            43.8317947
          ],
          [
            4.4963273,
            43.8321912
          ],
          [
            4.4962492,
            43.832317
          ],
          [
            4.4962575,
            43.8324595
          ],
          [
            4.4963096,
            43.8326787
          ],
          [
            4.4963436,
            43.8329072
          ],
          [
            4.4964045,
            43.8333292
          ],
          [
            4.4964519,
            43.8336285
          ],
          [
            4.4967764,
            43.834146
          ],
          [
            4.4971831,
            43.8350138
          ],
          [
            4.4972985,
            43.8356184
          ],
          [
            4.4974389,
            43.8362542
          ],
          [
            4.497549,
            43.8366298
          ],
          [
            4.4965965,
            43.8367492
          ]
        ]
      },
      "properties": {
        "parking_id": "PKC_012",
        "origine_id": "ORI_030",
        "distance_m": 3957,
        "temps_min": 6.0,
        "voie_dom": "primary",
        "veh_origine": 7
      }
    },
    {
      "type": "Feature",
      "geometry": {
        "type": "LineString",
        "coordinates": [
          [
            4.5060572,
            43.8171833
          ],
          [
            4.5055109,
            43.817611
          ],
          [
            4.5037851,
            43.816983
          ],
          [
            4.5035612,
            43.81692
          ],
          [
            4.4993908,
            43.8167936
          ],
          [
            4.4974087,
            43.8166092
          ],
          [
            4.4954789,
            43.8170289
          ],
          [
            4.492294,
            43.8170697
          ],
          [
            4.4889431,
            43.8174259
          ],
          [
            4.4870637,
            43.8150717
          ],
          [
            4.4867833,
            43.8148233
          ],
          [
            4.4867191,
            43.8148062
          ],
          [
            4.4863624,
            43.8149233
          ],
          [
            4.4853215,
            43.8161855
          ],
          [
            4.484423,
            43.817986
          ],
          [
            4.4844956,
            43.8180557
          ],
          [
            4.4844073,
            43.8181334
          ],
          [
            4.4842891,
            43.8180799
          ],
          [
            4.4827089,
            43.8185284
          ],
          [
            4.4825925,
            43.8185678
          ],
          [
            4.4819289,
            43.8187852
          ],
          [
            4.4804931,
            43.8190351
          ],
          [
            4.480089,
            43.8189551
          ],
          [
            4.4786033,
            43.818718
          ],
          [
            4.4785242,
            43.8187102
          ],
          [
            4.4778253,
            43.8186225
          ],
          [
            4.4771034,
            43.8185571
          ],
          [
            4.4767843,
            43.8185439
          ],
          [
            4.475864,
            43.81871
          ],
          [
            4.4745283,
            43.8190713
          ],
          [
            4.4749518,
            43.819671
          ],
          [
            4.4763044,
            43.8216525
          ],
          [
            4.4760583,
            43.8217388
          ],
          [
            4.4746933,
            43.8216617
          ],
          [
            4.4747956,
            43.8218626
          ]
        ]
      },
      "properties": {
        "parking_id": "PKC_012",
        "origine_id": "ORI_009",
        "distance_m": 3598,
        "temps_min": 5.5,
        "voie_dom": "secondary",
        "veh_origine": 6
      }
    },
    {
      "type": "Feature",
      "geometry": {
        "type": "LineString",
        "coordinates": [
          [
            4.5060572,
            43.8171833
          ],
          [
            4.5055109,
            43.817611
          ],
          [
            4.5037851,
            43.816983
          ],
          [
            4.5035612,
            43.81692
          ],
          [
            4.4993908,
            43.8167936
          ],
          [
            4.4974087,
            43.8166092
          ],
          [
            4.4954789,
            43.8170289
          ],
          [
            4.492294,
            43.8170697
          ],
          [
            4.4889431,
            43.8174259
          ],
          [
            4.4900472,
            43.8186345
          ],
          [
            4.4913423,
            43.8199125
          ],
          [
            4.4917884,
            43.8200854
          ],
          [
            4.4921756,
            43.8203663
          ],
          [
            4.4923549,
            43.8206698
          ],
          [
            4.4939503,
            43.8228994
          ],
          [
            4.4953692,
            43.8251977
          ],
          [
            4.4955244,
            43.8255328
          ],
          [
            4.4958747,
            43.8258325
          ],
          [
            4.4961524,
            43.8259324
          ],
          [
            4.4961854,
            43.8261737
          ],
          [
            4.4960506,
            43.8262813
          ],
          [
            4.4958597,
            43.826611
          ],
          [
            4.4959698,
            43.8275536
          ],
          [
            4.495989,
            43.8277739
          ],
          [
            4.4960565,
            43.8285555
          ],
          [
            4.4960628,
            43.8286129
          ],
          [
            4.4964185,
            43.830054
          ],
          [
            4.4964876,
            43.8302627
          ],
          [
            4.4965621,
            43.8304325
          ],
          [
            4.4967451,
            43.8308012
          ],
          [
            4.4968494,
            43.8310386
          ],
          [
            4.4964748,
            43.8311449
          ],
          [
            4.4963408,
            43.8315362
          ],
          [
            4.4963344,
            43.8317947
          ],
          [
            4.4963273,
            43.8321912
          ],
          [
            4.4962492,
            43.832317
          ],
          [
            4.4962575,
            43.8324595
          ],
          [
            4.4963096,
            43.8326787
          ],
          [
            4.4963436,
            43.8329072
          ],
          [
            4.4957189,
            43.8330153
          ],
          [
            4.4956073,
            43.8331685
          ],
          [
            4.4950011,
            43.8333791
          ],
          [
            4.4945384,
            43.8335197
          ],
          [
            4.4940413,
            43.8336111
          ],
          [
            4.4939379,
            43.8336774
          ],
          [
            4.4939009,
            43.833648
          ],
          [
            4.4939602,
            43.8335756
          ],
          [
            4.4936854,
            43.8324266
          ],
          [
            4.4931821,
            43.8319114
          ]
        ]
      },
      "properties": {
        "parking_id": "PKC_012",
        "origine_id": "ORI_039",
        "distance_m": 3898,
        "temps_min": 5.8,
        "voie_dom": "primary",
        "veh_origine": 6
      }
    },
    {
      "type": "Feature",
      "geometry": {
        "type": "LineString",
        "coordinates": [
          [
            4.5060572,
            43.8171833
          ],
          [
            4.5055109,
            43.817611
          ],
          [
            4.5037851,
            43.816983
          ],
          [
            4.5035612,
            43.81692
          ],
          [
            4.4993908,
            43.8167936
          ],
          [
            4.4974087,
            43.8166092
          ],
          [
            4.4954789,
            43.8170289
          ],
          [
            4.492294,
            43.8170697
          ],
          [
            4.4889431,
            43.8174259
          ],
          [
            4.4870637,
            43.8150717
          ],
          [
            4.4867833,
            43.8148233
          ],
          [
            4.4867191,
            43.8148062
          ],
          [
            4.4863624,
            43.8149233
          ],
          [
            4.4853215,
            43.8161855
          ],
          [
            4.484423,
            43.817986
          ],
          [
            4.4844956,
            43.8180557
          ],
          [
            4.4844073,
            43.8181334
          ],
          [
            4.4842891,
            43.8180799
          ],
          [
            4.4827089,
            43.8185284
          ],
          [
            4.4825925,
            43.8185678
          ],
          [
            4.4819289,
            43.8187852
          ],
          [
            4.4804931,
            43.8190351
          ],
          [
            4.480089,
            43.8189551
          ],
          [
            4.4786033,
            43.818718
          ],
          [
            4.4785795,
            43.8191035
          ],
          [
            4.4785192,
            43.8197704
          ],
          [
            4.4784765,
            43.8202219
          ]
        ]
      },
      "properties": {
        "parking_id": "PKC_012",
        "origine_id": "ORI_003",
        "distance_m": 2929,
        "temps_min": 4.5,
        "voie_dom": "secondary",
        "veh_origine": 4
      }
    },
    {
      "type": "Feature",
      "geometry": {
        "type": "LineString",
        "coordinates": [
          [
            4.5060572,
            43.8171833
          ],
          [
            4.5055109,
            43.817611
          ],
          [
            4.5037851,
            43.816983
          ],
          [
            4.5035612,
            43.81692
          ],
          [
            4.4993908,
            43.8167936
          ],
          [
            4.4974087,
            43.8166092
          ],
          [
            4.4954789,
            43.8170289
          ],
          [
            4.492294,
            43.8170697
          ],
          [
            4.4889431,
            43.8174259
          ],
          [
            4.4900472,
            43.8186345
          ],
          [
            4.4913423,
            43.8199125
          ],
          [
            4.4917884,
            43.8200854
          ],
          [
            4.4921756,
            43.8203663
          ],
          [
            4.4923549,
            43.8206698
          ],
          [
            4.4939503,
            43.8228994
          ],
          [
            4.4953692,
            43.8251977
          ],
          [
            4.4955244,
            43.8255328
          ],
          [
            4.4958747,
            43.8258325
          ],
          [
            4.4961524,
            43.8259324
          ],
          [
            4.4961854,
            43.8261737
          ],
          [
            4.4960506,
            43.8262813
          ],
          [
            4.4958597,
            43.826611
          ],
          [
            4.4959698,
            43.8275536
          ],
          [
            4.495989,
            43.8277739
          ],
          [
            4.4960565,
            43.8285555
          ],
          [
            4.4960628,
            43.8286129
          ],
          [
            4.4964185,
            43.830054
          ],
          [
            4.4964876,
            43.8302627
          ],
          [
            4.4965621,
            43.8304325
          ],
          [
            4.4967451,
            43.8308012
          ],
          [
            4.4968494,
            43.8310386
          ],
          [
            4.4964748,
            43.8311449
          ],
          [
            4.4963408,
            43.8315362
          ],
          [
            4.4963344,
            43.8317947
          ],
          [
            4.4963273,
            43.8321912
          ],
          [
            4.4962492,
            43.832317
          ],
          [
            4.4962575,
            43.8324595
          ],
          [
            4.4963096,
            43.8326787
          ],
          [
            4.4963436,
            43.8329072
          ],
          [
            4.4957189,
            43.8330153
          ],
          [
            4.4956073,
            43.8331685
          ],
          [
            4.4950011,
            43.8333791
          ],
          [
            4.4945384,
            43.8335197
          ],
          [
            4.4940413,
            43.8336111
          ],
          [
            4.4939379,
            43.8336774
          ],
          [
            4.4939009,
            43.833648
          ],
          [
            4.4932128,
            43.833704
          ],
          [
            4.4918093,
            43.8337417
          ],
          [
            4.4908758,
            43.833773
          ],
          [
            4.4840329,
            43.8340457
          ]
        ]
      },
      "properties": {
        "parking_id": "PKC_012",
        "origine_id": "ORI_013",
        "distance_m": 4472,
        "temps_min": 7.0,
        "voie_dom": "primary",
        "veh_origine": 4
      }
    },
    {
      "type": "Feature",
      "geometry": {
        "type": "LineString",
        "coordinates": [
          [
            4.5060572,
            43.8171833
          ],
          [
            4.5055109,
            43.817611
          ],
          [
            4.5037851,
            43.816983
          ],
          [
            4.5035612,
            43.81692
          ],
          [
            4.4993908,
            43.8167936
          ],
          [
            4.4974087,
            43.8166092
          ],
          [
            4.4954789,
            43.8170289
          ],
          [
            4.492294,
            43.8170697
          ],
          [
            4.4889431,
            43.8174259
          ],
          [
            4.4900472,
            43.8186345
          ],
          [
            4.4913423,
            43.8199125
          ],
          [
            4.4917884,
            43.8200854
          ],
          [
            4.4921756,
            43.8203663
          ],
          [
            4.4923549,
            43.8206698
          ],
          [
            4.4939503,
            43.8228994
          ],
          [
            4.4953692,
            43.8251977
          ],
          [
            4.4955244,
            43.8255328
          ],
          [
            4.4958747,
            43.8258325
          ],
          [
            4.4961524,
            43.8259324
          ],
          [
            4.4961854,
            43.8261737
          ],
          [
            4.4960506,
            43.8262813
          ],
          [
            4.4958597,
            43.826611
          ],
          [
            4.4959698,
            43.8275536
          ],
          [
            4.495989,
            43.8277739
          ],
          [
            4.4960565,
            43.8285555
          ],
          [
            4.4960628,
            43.8286129
          ],
          [
            4.4964185,
            43.830054
          ],
          [
            4.4964876,
            43.8302627
          ],
          [
            4.4965621,
            43.8304325
          ],
          [
            4.4967451,
            43.8308012
          ],
          [
            4.4968494,
            43.8310386
          ],
          [
            4.4964748,
            43.8311449
          ],
          [
            4.4963408,
            43.8315362
          ],
          [
            4.4963344,
            43.8317947
          ],
          [
            4.4963273,
            43.8321912
          ],
          [
            4.4962492,
            43.832317
          ],
          [
            4.4962575,
            43.8324595
          ],
          [
            4.4963096,
            43.8326787
          ],
          [
            4.4963436,
            43.8329072
          ],
          [
            4.4957189,
            43.8330153
          ],
          [
            4.4956073,
            43.8331685
          ],
          [
            4.4950011,
            43.8333791
          ],
          [
            4.4945384,
            43.8335197
          ],
          [
            4.4940413,
            43.8336111
          ],
          [
            4.4939379,
            43.8336774
          ],
          [
            4.4939009,
            43.833648
          ],
          [
            4.4932128,
            43.833704
          ],
          [
            4.4918093,
            43.8337417
          ],
          [
            4.4908758,
            43.833773
          ],
          [
            4.4840329,
            43.8340457
          ]
        ]
      },
      "properties": {
        "parking_id": "PKC_012",
        "origine_id": "ORI_022",
        "distance_m": 4472,
        "temps_min": 7.0,
        "voie_dom": "primary",
        "veh_origine": 4
      }
    },
    {
      "type": "Feature",
      "geometry": {
        "type": "LineString",
        "coordinates": [
          [
            4.5060572,
            43.8171833
          ],
          [
            4.5055109,
            43.817611
          ],
          [
            4.5037851,
            43.816983
          ],
          [
            4.5035612,
            43.81692
          ],
          [
            4.4993908,
            43.8167936
          ],
          [
            4.4974087,
            43.8166092
          ],
          [
            4.4954789,
            43.8170289
          ],
          [
            4.492294,
            43.8170697
          ],
          [
            4.4889431,
            43.8174259
          ],
          [
            4.4870637,
            43.8150717
          ],
          [
            4.4867833,
            43.8148233
          ],
          [
            4.4867191,
            43.8148062
          ],
          [
            4.4863624,
            43.8149233
          ],
          [
            4.4853215,
            43.8161855
          ],
          [
            4.484423,
            43.817986
          ],
          [
            4.4844956,
            43.8180557
          ],
          [
            4.4844073,
            43.8181334
          ],
          [
            4.4842891,
            43.8180799
          ],
          [
            4.4827089,
            43.8185284
          ],
          [
            4.4825925,
            43.8185678
          ],
          [
            4.4819289,
            43.8187852
          ],
          [
            4.4804931,
            43.8190351
          ],
          [
            4.480089,
            43.8189551
          ],
          [
            4.4786033,
            43.818718
          ],
          [
            4.4785242,
            43.8187102
          ],
          [
            4.4778253,
            43.8186225
          ],
          [
            4.4771034,
            43.8185571
          ],
          [
            4.4767843,
            43.8185439
          ],
          [
            4.475864,
            43.81871
          ],
          [
            4.4745283,
            43.8190713
          ],
          [
            4.4749518,
            43.819671
          ],
          [
            4.4763044,
            43.8216525
          ],
          [
            4.4760583,
            43.8217388
          ],
          [
            4.4755018,
            43.8231994
          ],
          [
            4.4757613,
            43.8262427
          ]
        ]
      },
      "properties": {
        "parking_id": "PKC_012",
        "origine_id": "ORI_015",
        "distance_m": 3958,
        "temps_min": 6.3,
        "voie_dom": "secondary",
        "veh_origine": 3
      }
    },
    {
      "type": "Feature",
      "geometry": {
        "type": "LineString",
        "coordinates": [
          [
            4.5060572,
            43.8171833
          ],
          [
            4.5055109,
            43.817611
          ],
          [
            4.5037851,
            43.816983
          ],
          [
            4.5035612,
            43.81692
          ],
          [
            4.4993908,
            43.8167936
          ],
          [
            4.4974087,
            43.8166092
          ],
          [
            4.4954789,
            43.8170289
          ],
          [
            4.492294,
            43.8170697
          ],
          [
            4.4889431,
            43.8174259
          ],
          [
            4.4870637,
            43.8150717
          ],
          [
            4.4867833,
            43.8148233
          ],
          [
            4.4867191,
            43.8148062
          ],
          [
            4.4863624,
            43.8149233
          ],
          [
            4.4853215,
            43.8161855
          ],
          [
            4.484423,
            43.817986
          ],
          [
            4.4844956,
            43.8180557
          ],
          [
            4.4844073,
            43.8181334
          ],
          [
            4.4842891,
            43.8180799
          ],
          [
            4.4827089,
            43.8185284
          ],
          [
            4.4825925,
            43.8185678
          ],
          [
            4.4819289,
            43.8187852
          ],
          [
            4.4804931,
            43.8190351
          ],
          [
            4.480089,
            43.8189551
          ],
          [
            4.4786033,
            43.818718
          ],
          [
            4.4785242,
            43.8187102
          ],
          [
            4.4778253,
            43.8186225
          ],
          [
            4.4771034,
            43.8185571
          ],
          [
            4.4767843,
            43.8185439
          ],
          [
            4.475864,
            43.81871
          ],
          [
            4.4745283,
            43.8190713
          ],
          [
            4.4749518,
            43.819671
          ],
          [
            4.4763044,
            43.8216525
          ],
          [
            4.4766771,
            43.8221793
          ],
          [
            4.4776117,
            43.8235267
          ]
        ]
      },
      "properties": {
        "parking_id": "PKC_012",
        "origine_id": "ORI_027",
        "distance_m": 3653,
        "temps_min": 5.5,
        "voie_dom": "secondary",
        "veh_origine": 3
      }
    },
    {
      "type": "Feature",
      "geometry": {
        "type": "LineString",
        "coordinates": [
          [
            4.5060572,
            43.8171833
          ],
          [
            4.5055109,
            43.817611
          ],
          [
            4.5037851,
            43.816983
          ],
          [
            4.5035612,
            43.81692
          ],
          [
            4.4993908,
            43.8167936
          ],
          [
            4.4974087,
            43.8166092
          ],
          [
            4.4954789,
            43.8170289
          ],
          [
            4.492294,
            43.8170697
          ],
          [
            4.4889431,
            43.8174259
          ],
          [
            4.4900472,
            43.8186345
          ],
          [
            4.4913423,
            43.8199125
          ],
          [
            4.4917884,
            43.8200854
          ],
          [
            4.4921756,
            43.8203663
          ],
          [
            4.4923549,
            43.8206698
          ],
          [
            4.4939503,
            43.8228994
          ],
          [
            4.4953692,
            43.8251977
          ],
          [
            4.4955244,
            43.8255328
          ],
          [
            4.4958747,
            43.8258325
          ],
          [
            4.4961524,
            43.8259324
          ],
          [
            4.4961854,
            43.8261737
          ],
          [
            4.4960506,
            43.8262813
          ],
          [
            4.4957181,
            43.8262837
          ],
          [
            4.4956667,
            43.826258
          ],
          [
            4.495259,
            43.8262119
          ],
          [
            4.4894097,
            43.8267769
          ],
          [
            4.4890082,
            43.8268171
          ],
          [
            4.4888534,
            43.8263593
          ],
          [
            4.4884619,
            43.8264006
          ]
        ]
      },
      "properties": {
        "parking_id": "PKC_012",
        "origine_id": "ORI_034",
        "distance_m": 3333,
        "temps_min": 4.7,
        "voie_dom": "primary",
        "veh_origine": 3
      }
    },
    {
      "type": "Feature",
      "geometry": {
        "type": "LineString",
        "coordinates": [
          [
            4.5060572,
            43.8171833
          ],
          [
            4.5055109,
            43.817611
          ],
          [
            4.5037851,
            43.816983
          ],
          [
            4.5035612,
            43.81692
          ],
          [
            4.4993908,
            43.8167936
          ],
          [
            4.4974087,
            43.8166092
          ],
          [
            4.4954789,
            43.8170289
          ],
          [
            4.492294,
            43.8170697
          ],
          [
            4.4889431,
            43.8174259
          ],
          [
            4.4900472,
            43.8186345
          ],
          [
            4.4913423,
            43.8199125
          ],
          [
            4.4917884,
            43.8200854
          ],
          [
            4.4921756,
            43.8203663
          ],
          [
            4.4923549,
            43.8206698
          ],
          [
            4.4939503,
            43.8228994
          ],
          [
            4.4953692,
            43.8251977
          ],
          [
            4.4955244,
            43.8255328
          ],
          [
            4.4958747,
            43.8258325
          ],
          [
            4.4961524,
            43.8259324
          ],
          [
            4.4961854,
            43.8261737
          ],
          [
            4.4960506,
            43.8262813
          ],
          [
            4.4958597,
            43.826611
          ],
          [
            4.4959698,
            43.8275536
          ],
          [
            4.495989,
            43.8277739
          ],
          [
            4.4960565,
            43.8285555
          ],
          [
            4.4960628,
            43.8286129
          ],
          [
            4.4964185,
            43.830054
          ],
          [
            4.4964876,
            43.8302627
          ],
          [
            4.4965621,
            43.8304325
          ],
          [
            4.4967451,
            43.8308012
          ],
          [
            4.4968494,
            43.8310386
          ],
          [
            4.4964748,
            43.8311449
          ],
          [
            4.4963408,
            43.8315362
          ],
          [
            4.4963344,
            43.8317947
          ],
          [
            4.4963273,
            43.8321912
          ],
          [
            4.4962492,
            43.832317
          ],
          [
            4.4962575,
            43.8324595
          ],
          [
            4.4963096,
            43.8326787
          ],
          [
            4.4963436,
            43.8329072
          ],
          [
            4.4957189,
            43.8330153
          ],
          [
            4.4956073,
            43.8331685
          ],
          [
            4.4950011,
            43.8333791
          ],
          [
            4.4945384,
            43.8335197
          ],
          [
            4.4940413,
            43.8336111
          ],
          [
            4.4939379,
            43.8336774
          ],
          [
            4.4937461,
            43.8342775
          ],
          [
            4.4937087,
            43.8346667
          ],
          [
            4.4936846,
            43.8351114
          ],
          [
            4.4933524,
            43.8357545
          ],
          [
            4.4933755,
            43.8359605
          ],
          [
            4.4934165,
            43.8363261
          ],
          [
            4.4933995,
            43.8363843
          ]
        ]
      },
      "properties": {
        "parking_id": "PKC_012",
        "origine_id": "ORI_035",
        "distance_m": 3979,
        "temps_min": 6.0,
        "voie_dom": "primary",
        "veh_origine": 2
      }
    },
    {
      "type": "Feature",
      "geometry": {
        "type": "LineString",
        "coordinates": [
          [
            4.5060572,
            43.8171833
          ],
          [
            4.5055109,
            43.817611
          ],
          [
            4.5037851,
            43.816983
          ],
          [
            4.5035612,
            43.81692
          ],
          [
            4.4993908,
            43.8167936
          ],
          [
            4.4974087,
            43.8166092
          ],
          [
            4.4954789,
            43.8170289
          ],
          [
            4.492294,
            43.8170697
          ],
          [
            4.4889431,
            43.8174259
          ],
          [
            4.4870637,
            43.8150717
          ],
          [
            4.4867833,
            43.8148233
          ],
          [
            4.4867191,
            43.8148062
          ],
          [
            4.4863624,
            43.8149233
          ],
          [
            4.4853215,
            43.8161855
          ],
          [
            4.484423,
            43.817986
          ],
          [
            4.4844956,
            43.8180557
          ],
          [
            4.4844073,
            43.8181334
          ],
          [
            4.4842891,
            43.8180799
          ],
          [
            4.4827089,
            43.8185284
          ],
          [
            4.4825925,
            43.8185678
          ],
          [
            4.4819289,
            43.8187852
          ],
          [
            4.4804931,
            43.8190351
          ],
          [
            4.480089,
            43.8189551
          ],
          [
            4.4786033,
            43.818718
          ],
          [
            4.4785242,
            43.8187102
          ],
          [
            4.4778253,
            43.8186225
          ],
          [
            4.4771034,
            43.8185571
          ],
          [
            4.4767843,
            43.8185439
          ],
          [
            4.475864,
            43.81871
          ],
          [
            4.4745283,
            43.8190713
          ],
          [
            4.4749518,
            43.819671
          ],
          [
            4.4763044,
            43.8216525
          ],
          [
            4.4766771,
            43.8221793
          ],
          [
            4.4776117,
            43.8235267
          ],
          [
            4.4781501,
            43.824303
          ],
          [
            4.4783932,
            43.8246535
          ],
          [
            4.4782941,
            43.8247235
          ],
          [
            4.4772863,
            43.8242391
          ]
        ]
      },
      "properties": {
        "parking_id": "PKC_012",
        "origine_id": "ORI_002",
        "distance_m": 3921,
        "temps_min": 5.9,
        "voie_dom": "secondary",
        "veh_origine": 1
      }
    },
    {
      "type": "Feature",
      "geometry": {
        "type": "LineString",
        "coordinates": [
          [
            4.5060572,
            43.8171833
          ],
          [
            4.5055109,
            43.817611
          ],
          [
            4.5037851,
            43.816983
          ],
          [
            4.5035612,
            43.81692
          ],
          [
            4.4993908,
            43.8167936
          ],
          [
            4.4974087,
            43.8166092
          ],
          [
            4.4954789,
            43.8170289
          ],
          [
            4.492294,
            43.8170697
          ],
          [
            4.4889431,
            43.8174259
          ],
          [
            4.4900472,
            43.8186345
          ],
          [
            4.4913423,
            43.8199125
          ],
          [
            4.4917884,
            43.8200854
          ],
          [
            4.4921756,
            43.8203663
          ],
          [
            4.4923549,
            43.8206698
          ],
          [
            4.4939503,
            43.8228994
          ],
          [
            4.4953692,
            43.8251977
          ],
          [
            4.4955244,
            43.8255328
          ],
          [
            4.4958747,
            43.8258325
          ],
          [
            4.4961524,
            43.8259324
          ],
          [
            4.4961854,
            43.8261737
          ],
          [
            4.4960506,
            43.8262813
          ],
          [
            4.4957181,
            43.8262837
          ],
          [
            4.4956667,
            43.826258
          ],
          [
            4.495259,
            43.8262119
          ],
          [
            4.4894097,
            43.8267769
          ],
          [
            4.4890082,
            43.8268171
          ],
          [
            4.4810674,
            43.827604
          ],
          [
            4.4804137,
            43.8277782
          ],
          [
            4.4802925,
            43.8279172
          ],
          [
            4.4800308,
            43.8279988
          ],
          [
            4.4798411,
            43.827978
          ],
          [
            4.4796322,
            43.8278531
          ],
          [
            4.4795931,
            43.8275782
          ],
          [
            4.4793671,
            43.8274742
          ],
          [
            4.4792341,
            43.8274795
          ],
          [
            4.4781061,
            43.827651
          ],
          [
            4.4750434,
            43.8286931
          ],
          [
            4.4752789,
            43.828193
          ]
        ]
      },
      "properties": {
        "parking_id": "PKC_012",
        "origine_id": "ORI_014",
        "distance_m": 4581,
        "temps_min": 6.8,
        "voie_dom": "primary",
        "veh_origine": 1
      }
    },
    {
      "type": "Feature",
      "geometry": {
        "type": "LineString",
        "coordinates": [
          [
            4.5060572,
            43.8171833
          ],
          [
            4.5055109,
            43.817611
          ],
          [
            4.5037851,
            43.816983
          ],
          [
            4.5035612,
            43.81692
          ],
          [
            4.4993908,
            43.8167936
          ],
          [
            4.4974087,
            43.8166092
          ],
          [
            4.4954789,
            43.8170289
          ],
          [
            4.492294,
            43.8170697
          ],
          [
            4.4889431,
            43.8174259
          ],
          [
            4.4870637,
            43.8150717
          ],
          [
            4.4867833,
            43.8148233
          ],
          [
            4.4867191,
            43.8148062
          ],
          [
            4.4863624,
            43.8149233
          ],
          [
            4.4853215,
            43.8161855
          ],
          [
            4.484423,
            43.817986
          ],
          [
            4.4844956,
            43.8180557
          ],
          [
            4.4844073,
            43.8181334
          ],
          [
            4.4842891,
            43.8180799
          ],
          [
            4.4827089,
            43.8185284
          ],
          [
            4.4825925,
            43.8185678
          ],
          [
            4.4819289,
            43.8187852
          ],
          [
            4.4804931,
            43.8190351
          ],
          [
            4.480089,
            43.8189551
          ],
          [
            4.4786033,
            43.818718
          ],
          [
            4.4785242,
            43.8187102
          ],
          [
            4.4778253,
            43.8186225
          ],
          [
            4.4771034,
            43.8185571
          ],
          [
            4.4767843,
            43.8185439
          ],
          [
            4.475864,
            43.81871
          ],
          [
            4.4745283,
            43.8190713
          ],
          [
            4.4739654,
            43.8190273
          ],
          [
            4.4737471,
            43.818733
          ],
          [
            4.4735607,
            43.8186072
          ],
          [
            4.4732111,
            43.8186331
          ],
          [
            4.4726148,
            43.8186882
          ],
          [
            4.47243,
            43.8186715
          ],
          [
            4.4721882,
            43.8186497
          ],
          [
            4.4719714,
            43.8186723
          ],
          [
            4.4718887,
            43.8190249
          ],
          [
            4.4711429,
            43.8190323
          ],
          [
            4.4709447,
            43.8190053
          ],
          [
            4.4701163,
            43.8191219
          ],
          [
            4.4699835,
            43.8192155
          ],
          [
            4.4698495,
            43.8194146
          ],
          [
            4.4697339,
            43.8195864
          ],
          [
            4.469104,
            43.8203536
          ],
          [
            4.4689408,
            43.821549
          ],
          [
            4.4705398,
            43.8217714
          ],
          [
            4.4727847,
            43.8208791
          ]
        ]
      },
      "properties": {
        "parking_id": "PKC_012",
        "origine_id": "ORI_017",
        "distance_m": 4167,
        "temps_min": 6.6,
        "voie_dom": "secondary",
        "veh_origine": 1
      }
    },
    {
      "type": "Feature",
      "geometry": {
        "type": "LineString",
        "coordinates": [
          [
            4.5060572,
            43.8171833
          ],
          [
            4.5055109,
            43.817611
          ],
          [
            4.5037851,
            43.816983
          ],
          [
            4.5035612,
            43.81692
          ],
          [
            4.4993908,
            43.8167936
          ],
          [
            4.4974087,
            43.8166092
          ],
          [
            4.4954789,
            43.8170289
          ],
          [
            4.492294,
            43.8170697
          ],
          [
            4.4889431,
            43.8174259
          ],
          [
            4.4870637,
            43.8150717
          ],
          [
            4.4867833,
            43.8148233
          ],
          [
            4.4867191,
            43.8148062
          ],
          [
            4.4863624,
            43.8149233
          ],
          [
            4.4853215,
            43.8161855
          ],
          [
            4.484423,
            43.817986
          ],
          [
            4.4844956,
            43.8180557
          ],
          [
            4.4844073,
            43.8181334
          ],
          [
            4.4842891,
            43.8180799
          ],
          [
            4.4827089,
            43.8185284
          ],
          [
            4.4825925,
            43.8185678
          ],
          [
            4.4819289,
            43.8187852
          ],
          [
            4.4804931,
            43.8190351
          ],
          [
            4.480089,
            43.8189551
          ],
          [
            4.4786033,
            43.818718
          ],
          [
            4.4785242,
            43.8187102
          ],
          [
            4.4778253,
            43.8186225
          ],
          [
            4.4771034,
            43.8185571
          ],
          [
            4.4767843,
            43.8185439
          ],
          [
            4.475864,
            43.81871
          ],
          [
            4.4745283,
            43.8190713
          ],
          [
            4.4749518,
            43.819671
          ],
          [
            4.4763044,
            43.8216525
          ],
          [
            4.4760583,
            43.8217388
          ],
          [
            4.4746933,
            43.8216617
          ],
          [
            4.4742697,
            43.8218419
          ]
        ]
      },
      "properties": {
        "parking_id": "PKC_012",
        "origine_id": "ORI_021",
        "distance_m": 3614,
        "temps_min": 5.5,
        "voie_dom": "secondary",
        "veh_origine": 1
      }
    },
    {
      "type": "Feature",
      "geometry": {
        "type": "LineString",
        "coordinates": [
          [
            4.5060572,
            43.8171833
          ],
          [
            4.5055109,
            43.817611
          ],
          [
            4.5037851,
            43.816983
          ],
          [
            4.5035612,
            43.81692
          ],
          [
            4.4993908,
            43.8167936
          ],
          [
            4.4974087,
            43.8166092
          ],
          [
            4.4954789,
            43.8170289
          ],
          [
            4.492294,
            43.8170697
          ],
          [
            4.4889431,
            43.8174259
          ],
          [
            4.4870637,
            43.8150717
          ],
          [
            4.4867833,
            43.8148233
          ],
          [
            4.4867191,
            43.8148062
          ],
          [
            4.4863624,
            43.8149233
          ],
          [
            4.4853215,
            43.8161855
          ],
          [
            4.484423,
            43.817986
          ],
          [
            4.4844956,
            43.8180557
          ],
          [
            4.4844073,
            43.8181334
          ],
          [
            4.4842891,
            43.8180799
          ],
          [
            4.4827089,
            43.8185284
          ],
          [
            4.4825925,
            43.8185678
          ],
          [
            4.4819289,
            43.8187852
          ],
          [
            4.4804931,
            43.8190351
          ],
          [
            4.4808285,
            43.82001
          ]
        ]
      },
      "properties": {
        "parking_id": "PKC_012",
        "origine_id": "ORI_026",
        "distance_m": 2717,
        "temps_min": 4.1,
        "voie_dom": "secondary",
        "veh_origine": 1
      }
    },
    {
      "type": "Feature",
      "geometry": {
        "type": "LineString",
        "coordinates": [
          [
            4.5060572,
            43.8171833
          ],
          [
            4.5055109,
            43.817611
          ],
          [
            4.5037851,
            43.816983
          ],
          [
            4.5035612,
            43.81692
          ],
          [
            4.4993908,
            43.8167936
          ],
          [
            4.4974087,
            43.8166092
          ],
          [
            4.4954789,
            43.8170289
          ],
          [
            4.492294,
            43.8170697
          ],
          [
            4.4889431,
            43.8174259
          ],
          [
            4.4900472,
            43.8186345
          ],
          [
            4.4886735,
            43.8193728
          ],
          [
            4.4886661,
            43.819497
          ],
          [
            4.4884636,
            43.8195149
          ],
          [
            4.4858473,
            43.8206467
          ],
          [
            4.4847234,
            43.8209583
          ]
        ]
      },
      "properties": {
        "parking_id": "PKC_012",
        "origine_id": "ORI_028",
        "distance_m": 2165,
        "temps_min": 3.5,
        "voie_dom": "secondary",
        "veh_origine": 1
      }
    },
    {
      "type": "Feature",
      "geometry": {
        "type": "LineString",
        "coordinates": [
          [
            4.5060572,
            43.8171833
          ],
          [
            4.5055109,
            43.817611
          ],
          [
            4.5037851,
            43.816983
          ],
          [
            4.5035612,
            43.81692
          ],
          [
            4.4993908,
            43.8167936
          ],
          [
            4.4974087,
            43.8166092
          ],
          [
            4.4954789,
            43.8170289
          ],
          [
            4.492294,
            43.8170697
          ],
          [
            4.4889431,
            43.8174259
          ],
          [
            4.4900472,
            43.8186345
          ],
          [
            4.4913423,
            43.8199125
          ],
          [
            4.4917884,
            43.8200854
          ],
          [
            4.4921756,
            43.8203663
          ],
          [
            4.4923549,
            43.8206698
          ],
          [
            4.4939503,
            43.8228994
          ],
          [
            4.4953692,
            43.8251977
          ],
          [
            4.4955244,
            43.8255328
          ],
          [
            4.4958747,
            43.8258325
          ],
          [
            4.4961524,
            43.8259324
          ],
          [
            4.4961854,
            43.8261737
          ],
          [
            4.4960506,
            43.8262813
          ],
          [
            4.4958597,
            43.826611
          ],
          [
            4.4959698,
            43.8275536
          ],
          [
            4.495989,
            43.8277739
          ],
          [
            4.4960565,
            43.8285555
          ],
          [
            4.4960628,
            43.8286129
          ],
          [
            4.4964185,
            43.830054
          ],
          [
            4.4964876,
            43.8302627
          ],
          [
            4.4965621,
            43.8304325
          ],
          [
            4.4967451,
            43.8308012
          ],
          [
            4.4968494,
            43.8310386
          ],
          [
            4.4964748,
            43.8311449
          ],
          [
            4.4963408,
            43.8315362
          ],
          [
            4.4963344,
            43.8317947
          ],
          [
            4.4963273,
            43.8321912
          ],
          [
            4.4962492,
            43.832317
          ],
          [
            4.4962575,
            43.8324595
          ],
          [
            4.4963096,
            43.8326787
          ],
          [
            4.4963436,
            43.8329072
          ],
          [
            4.4957189,
            43.8330153
          ],
          [
            4.4956073,
            43.8331685
          ],
          [
            4.4950011,
            43.8333791
          ],
          [
            4.4945384,
            43.8335197
          ],
          [
            4.4940413,
            43.8336111
          ],
          [
            4.4939379,
            43.8336774
          ],
          [
            4.4939009,
            43.833648
          ],
          [
            4.4932128,
            43.833704
          ],
          [
            4.4918571,
            43.8330336
          ],
          [
            4.4910297,
            43.8321233
          ]
        ]
      },
      "properties": {
        "parking_id": "PKC_012",
        "origine_id": "ORI_032",
        "distance_m": 4059,
        "temps_min": 6.1,
        "voie_dom": "primary",
        "veh_origine": 1
      }
    },
    {
      "type": "Feature",
      "geometry": {
        "type": "LineString",
        "coordinates": [
          [
            4.5060572,
            43.8171833
          ],
          [
            4.5055109,
            43.817611
          ],
          [
            4.5037851,
            43.816983
          ],
          [
            4.5035612,
            43.81692
          ],
          [
            4.4993908,
            43.8167936
          ],
          [
            4.4974087,
            43.8166092
          ],
          [
            4.4954789,
            43.8170289
          ],
          [
            4.492294,
            43.8170697
          ],
          [
            4.4889431,
            43.8174259
          ],
          [
            4.4900472,
            43.8186345
          ],
          [
            4.4913423,
            43.8199125
          ],
          [
            4.4917884,
            43.8200854
          ],
          [
            4.4921756,
            43.8203663
          ],
          [
            4.4923549,
            43.8206698
          ],
          [
            4.4939503,
            43.8228994
          ],
          [
            4.4953692,
            43.8251977
          ],
          [
            4.4955244,
            43.8255328
          ],
          [
            4.4958747,
            43.8258325
          ],
          [
            4.4961524,
            43.8259324
          ],
          [
            4.4961854,
            43.8261737
          ],
          [
            4.4960506,
            43.8262813
          ],
          [
            4.4958597,
            43.826611
          ],
          [
            4.4959698,
            43.8275536
          ],
          [
            4.495989,
            43.8277739
          ],
          [
            4.4960565,
            43.8285555
          ],
          [
            4.4960628,
            43.8286129
          ],
          [
            4.4964185,
            43.830054
          ],
          [
            4.4964876,
            43.8302627
          ],
          [
            4.4965621,
            43.8304325
          ],
          [
            4.4967451,
            43.8308012
          ],
          [
            4.4968494,
            43.8310386
          ],
          [
            4.4964748,
            43.8311449
          ],
          [
            4.4963408,
            43.8315362
          ],
          [
            4.4963344,
            43.8317947
          ],
          [
            4.4963273,
            43.8321912
          ],
          [
            4.4962492,
            43.832317
          ],
          [
            4.4962575,
            43.8324595
          ],
          [
            4.4963096,
            43.8326787
          ],
          [
            4.4963436,
            43.8329072
          ],
          [
            4.4957189,
            43.8330153
          ],
          [
            4.4956073,
            43.8331685
          ],
          [
            4.4950011,
            43.8333791
          ],
          [
            4.4945384,
            43.8335197
          ],
          [
            4.4940413,
            43.8336111
          ],
          [
            4.4939379,
            43.8336774
          ],
          [
            4.4937461,
            43.8342775
          ],
          [
            4.4937087,
            43.8346667
          ],
          [
            4.4936846,
            43.8351114
          ],
          [
            4.4933524,
            43.8357545
          ],
          [
            4.4933755,
            43.8359605
          ],
          [
            4.4934165,
            43.8363261
          ],
          [
            4.4933995,
            43.8363843
          ],
          [
            4.4917476,
            43.8366506
          ]
        ]
      },
      "properties": {
        "parking_id": "PKC_012",
        "origine_id": "ORI_033",
        "distance_m": 4115,
        "temps_min": 6.2,
        "voie_dom": "primary",
        "veh_origine": 1
      }
    },
    {
      "type": "Feature",
      "geometry": {
        "type": "LineString",
        "coordinates": [
          [
            4.5060572,
            43.8171833
          ],
          [
            4.5055109,
            43.817611
          ],
          [
            4.5037851,
            43.816983
          ],
          [
            4.5035612,
            43.81692
          ],
          [
            4.4993908,
            43.8167936
          ],
          [
            4.4974087,
            43.8166092
          ],
          [
            4.4954789,
            43.8170289
          ],
          [
            4.492294,
            43.8170697
          ],
          [
            4.4889431,
            43.8174259
          ],
          [
            4.4900472,
            43.8186345
          ],
          [
            4.4913423,
            43.8199125
          ],
          [
            4.4917884,
            43.8200854
          ],
          [
            4.4921756,
            43.8203663
          ],
          [
            4.4923549,
            43.8206698
          ],
          [
            4.4939503,
            43.8228994
          ],
          [
            4.4953692,
            43.8251977
          ],
          [
            4.4955244,
            43.8255328
          ],
          [
            4.4958747,
            43.8258325
          ],
          [
            4.4961524,
            43.8259324
          ],
          [
            4.4961854,
            43.8261737
          ],
          [
            4.4960506,
            43.8262813
          ],
          [
            4.4958597,
            43.826611
          ],
          [
            4.4959698,
            43.8275536
          ],
          [
            4.495989,
            43.8277739
          ],
          [
            4.4950176,
            43.827828
          ],
          [
            4.4944285,
            43.828902
          ],
          [
            4.4943634,
            43.8289961
          ],
          [
            4.4928104,
            43.8290887
          ],
          [
            4.4932646,
            43.8298843
          ],
          [
            4.4934921,
            43.8303752
          ],
          [
            4.4935751,
            43.8304696
          ],
          [
            4.493419,
            43.830458
          ],
          [
            4.491725,
            43.8302369
          ],
          [
            4.4915925,
            43.8303079
          ],
          [
            4.4915477,
            43.8302428
          ],
          [
            4.4916391,
            43.8301863
          ],
          [
            4.4888426,
            43.8294154
          ],
          [
            4.4878382,
            43.8291331
          ],
          [
            4.4875825,
            43.8290539
          ]
        ]
      },
      "properties": {
        "parking_id": "PKC_012",
        "origine_id": "ORI_036",
        "distance_m": 3916,
        "temps_min": 6.2,
        "voie_dom": "primary",
        "veh_origine": 1
      }
    },
    {
      "type": "Feature",
      "geometry": {
        "type": "LineString",
        "coordinates": [
          [
            4.5060572,
            43.8171833
          ],
          [
            4.5055109,
            43.817611
          ],
          [
            4.5037851,
            43.816983
          ],
          [
            4.5035612,
            43.81692
          ],
          [
            4.4993908,
            43.8167936
          ],
          [
            4.4974087,
            43.8166092
          ],
          [
            4.4954789,
            43.8170289
          ],
          [
            4.492294,
            43.8170697
          ],
          [
            4.4889431,
            43.8174259
          ],
          [
            4.4900472,
            43.8186345
          ],
          [
            4.4913423,
            43.8199125
          ],
          [
            4.4917884,
            43.8200854
          ],
          [
            4.4921756,
            43.8203663
          ],
          [
            4.4923549,
            43.8206698
          ],
          [
            4.4939503,
            43.8228994
          ],
          [
            4.4953692,
            43.8251977
          ],
          [
            4.4955244,
            43.8255328
          ],
          [
            4.4958747,
            43.8258325
          ],
          [
            4.4961524,
            43.8259324
          ],
          [
            4.4961854,
            43.8261737
          ],
          [
            4.4960506,
            43.8262813
          ],
          [
            4.4958597,
            43.826611
          ],
          [
            4.4959698,
            43.8275536
          ],
          [
            4.495989,
            43.8277739
          ],
          [
            4.4960565,
            43.8285555
          ],
          [
            4.4960628,
            43.8286129
          ],
          [
            4.4964185,
            43.830054
          ],
          [
            4.4964876,
            43.8302627
          ],
          [
            4.4965621,
            43.8304325
          ],
          [
            4.4967451,
            43.8308012
          ],
          [
            4.4968494,
            43.8310386
          ],
          [
            4.4964748,
            43.8311449
          ],
          [
            4.4963408,
            43.8315362
          ],
          [
            4.4963344,
            43.8317947
          ],
          [
            4.4963273,
            43.8321912
          ],
          [
            4.4962492,
            43.832317
          ],
          [
            4.4962575,
            43.8324595
          ],
          [
            4.4963096,
            43.8326787
          ],
          [
            4.4963436,
            43.8329072
          ],
          [
            4.4957189,
            43.8330153
          ],
          [
            4.4956073,
            43.8331685
          ],
          [
            4.4950011,
            43.8333791
          ],
          [
            4.4945384,
            43.8335197
          ],
          [
            4.4940413,
            43.8336111
          ],
          [
            4.4939379,
            43.8336774
          ],
          [
            4.4937461,
            43.8342775
          ],
          [
            4.4937087,
            43.8346667
          ],
          [
            4.4936846,
            43.8351114
          ],
          [
            4.4933524,
            43.8357545
          ],
          [
            4.490921,
            43.8360101
          ]
        ]
      },
      "properties": {
        "parking_id": "PKC_012",
        "origine_id": "ORI_037",
        "distance_m": 4106,
        "temps_min": 6.2,
        "voie_dom": "primary",
        "veh_origine": 1
      }
    },
    {
      "type": "Feature",
      "geometry": {
        "type": "LineString",
        "coordinates": [
          [
            4.5060572,
            43.8171833
          ],
          [
            4.5055109,
            43.817611
          ],
          [
            4.5037851,
            43.816983
          ],
          [
            4.5035612,
            43.81692
          ],
          [
            4.4993908,
            43.8167936
          ],
          [
            4.4974087,
            43.8166092
          ],
          [
            4.4954789,
            43.8170289
          ],
          [
            4.492294,
            43.8170697
          ],
          [
            4.4889431,
            43.8174259
          ],
          [
            4.4900472,
            43.8186345
          ],
          [
            4.4913423,
            43.8199125
          ],
          [
            4.4917884,
            43.8200854
          ],
          [
            4.4921756,
            43.8203663
          ],
          [
            4.4923549,
            43.8206698
          ],
          [
            4.4939503,
            43.8228994
          ],
          [
            4.4953692,
            43.8251977
          ],
          [
            4.4955244,
            43.8255328
          ],
          [
            4.4958747,
            43.8258325
          ],
          [
            4.4961524,
            43.8259324
          ],
          [
            4.4961854,
            43.8261737
          ],
          [
            4.4960506,
            43.8262813
          ],
          [
            4.4958597,
            43.826611
          ],
          [
            4.4959698,
            43.8275536
          ],
          [
            4.495989,
            43.8277739
          ],
          [
            4.4960565,
            43.8285555
          ],
          [
            4.4960628,
            43.8286129
          ],
          [
            4.4964185,
            43.830054
          ],
          [
            4.4964876,
            43.8302627
          ],
          [
            4.4965621,
            43.8304325
          ],
          [
            4.4967451,
            43.8308012
          ],
          [
            4.4968494,
            43.8310386
          ],
          [
            4.4964748,
            43.8311449
          ],
          [
            4.4963408,
            43.8315362
          ],
          [
            4.4963344,
            43.8317947
          ],
          [
            4.4963273,
            43.8321912
          ],
          [
            4.4962492,
            43.832317
          ],
          [
            4.4962575,
            43.8324595
          ],
          [
            4.4963096,
            43.8326787
          ],
          [
            4.4963436,
            43.8329072
          ],
          [
            4.4957189,
            43.8330153
          ],
          [
            4.4956073,
            43.8331685
          ],
          [
            4.4950011,
            43.8333791
          ],
          [
            4.4945384,
            43.8335197
          ],
          [
            4.4940413,
            43.8336111
          ],
          [
            4.4939379,
            43.8336774
          ],
          [
            4.4939009,
            43.833648
          ],
          [
            4.4932128,
            43.833704
          ],
          [
            4.4918093,
            43.8337417
          ],
          [
            4.4908758,
            43.833773
          ],
          [
            4.4908222,
            43.83345
          ],
          [
            4.4902664,
            43.8309959
          ]
        ]
      },
      "properties": {
        "parking_id": "PKC_012",
        "origine_id": "ORI_038",
        "distance_m": 4265,
        "temps_min": 6.5,
        "voie_dom": "primary",
        "veh_origine": 1
      }
    },
    {
      "type": "Feature",
      "geometry": {
        "type": "LineString",
        "coordinates": [
          [
            4.4973064,
            43.8309465
          ],
          [
            4.4967451,
            43.8308012
          ],
          [
            4.4968494,
            43.8310386
          ],
          [
            4.4964748,
            43.8311449
          ],
          [
            4.4963408,
            43.8315362
          ],
          [
            4.4963344,
            43.8317947
          ],
          [
            4.4963273,
            43.8321912
          ],
          [
            4.4962492,
            43.832317
          ],
          [
            4.4962575,
            43.8324595
          ],
          [
            4.4963096,
            43.8326787
          ],
          [
            4.4963436,
            43.8329072
          ],
          [
            4.4957189,
            43.8330153
          ],
          [
            4.4956073,
            43.8331685
          ],
          [
            4.4950011,
            43.8333791
          ],
          [
            4.4945384,
            43.8335197
          ],
          [
            4.4940413,
            43.8336111
          ],
          [
            4.4939379,
            43.8336774
          ],
          [
            4.4939009,
            43.833648
          ],
          [
            4.4939602,
            43.8335756
          ],
          [
            4.4936854,
            43.8324266
          ],
          [
            4.4931821,
            43.8319114
          ]
        ]
      },
      "properties": {
        "parking_id": "PKC_013",
        "origine_id": "ORI_039",
        "distance_m": 763,
        "temps_min": 1.5,
        "voie_dom": "secondary",
        "veh_origine": 6
      }
    },
    {
      "type": "Feature",
      "geometry": {
        "type": "LineString",
        "coordinates": [
          [
            4.4973064,
            43.8309465
          ],
          [
            4.4967451,
            43.8308012
          ],
          [
            4.4968494,
            43.8310386
          ],
          [
            4.4964748,
            43.8311449
          ],
          [
            4.4963408,
            43.8315362
          ],
          [
            4.4963344,
            43.8317947
          ],
          [
            4.4963273,
            43.8321912
          ],
          [
            4.4962492,
            43.832317
          ],
          [
            4.4962575,
            43.8324595
          ],
          [
            4.4963096,
            43.8326787
          ],
          [
            4.4963436,
            43.8329072
          ],
          [
            4.4957189,
            43.8330153
          ],
          [
            4.4956073,
            43.8331685
          ],
          [
            4.4950011,
            43.8333791
          ],
          [
            4.4945384,
            43.8335197
          ],
          [
            4.4940413,
            43.8336111
          ],
          [
            4.4939379,
            43.8336774
          ],
          [
            4.4937461,
            43.8342775
          ],
          [
            4.4937087,
            43.8346667
          ],
          [
            4.4936846,
            43.8351114
          ],
          [
            4.4933524,
            43.8357545
          ],
          [
            4.4933755,
            43.8359605
          ],
          [
            4.4934165,
            43.8363261
          ],
          [
            4.4933995,
            43.8363843
          ]
        ]
      },
      "properties": {
        "parking_id": "PKC_013",
        "origine_id": "ORI_035",
        "distance_m": 844,
        "temps_min": 1.7,
        "voie_dom": "secondary",
        "veh_origine": 2
      }
    },
    {
      "type": "Feature",
      "geometry": {
        "type": "LineString",
        "coordinates": [
          [
            4.4973064,
            43.8309465
          ],
          [
            4.4967451,
            43.8308012
          ],
          [
            4.4968494,
            43.8310386
          ],
          [
            4.4964748,
            43.8311449
          ],
          [
            4.4963408,
            43.8315362
          ],
          [
            4.4963344,
            43.8317947
          ],
          [
            4.4963273,
            43.8321912
          ],
          [
            4.4962492,
            43.832317
          ],
          [
            4.4962575,
            43.8324595
          ],
          [
            4.4963096,
            43.8326787
          ],
          [
            4.4963436,
            43.8329072
          ],
          [
            4.4957189,
            43.8330153
          ],
          [
            4.4956073,
            43.8331685
          ],
          [
            4.4950011,
            43.8333791
          ],
          [
            4.4945384,
            43.8335197
          ],
          [
            4.4940413,
            43.8336111
          ],
          [
            4.4939379,
            43.8336774
          ],
          [
            4.4939009,
            43.833648
          ],
          [
            4.4932128,
            43.833704
          ],
          [
            4.4918571,
            43.8330336
          ],
          [
            4.4910297,
            43.8321233
          ]
        ]
      },
      "properties": {
        "parking_id": "PKC_013",
        "origine_id": "ORI_032",
        "distance_m": 924,
        "temps_min": 1.8,
        "voie_dom": "secondary",
        "veh_origine": 1
      }
    },
    {
      "type": "Feature",
      "geometry": {
        "type": "LineString",
        "coordinates": [
          [
            4.4973064,
            43.8309465
          ],
          [
            4.4967451,
            43.8308012
          ],
          [
            4.4968494,
            43.8310386
          ],
          [
            4.4964748,
            43.8311449
          ],
          [
            4.4963408,
            43.8315362
          ],
          [
            4.4963344,
            43.8317947
          ],
          [
            4.4963273,
            43.8321912
          ],
          [
            4.4962492,
            43.832317
          ],
          [
            4.4962575,
            43.8324595
          ],
          [
            4.4963096,
            43.8326787
          ],
          [
            4.4963436,
            43.8329072
          ],
          [
            4.4957189,
            43.8330153
          ],
          [
            4.4956073,
            43.8331685
          ],
          [
            4.4950011,
            43.8333791
          ],
          [
            4.4945384,
            43.8335197
          ],
          [
            4.4940413,
            43.8336111
          ],
          [
            4.4939379,
            43.8336774
          ],
          [
            4.4937461,
            43.8342775
          ],
          [
            4.4937087,
            43.8346667
          ],
          [
            4.4936846,
            43.8351114
          ],
          [
            4.4933524,
            43.8357545
          ],
          [
            4.4933755,
            43.8359605
          ],
          [
            4.4934165,
            43.8363261
          ],
          [
            4.4933995,
            43.8363843
          ],
          [
            4.4917476,
            43.8366506
          ]
        ]
      },
      "properties": {
        "parking_id": "PKC_013",
        "origine_id": "ORI_033",
        "distance_m": 980,
        "temps_min": 1.9,
        "voie_dom": "secondary",
        "veh_origine": 1
      }
    },
    {
      "type": "Feature",
      "geometry": {
        "type": "LineString",
        "coordinates": [
          [
            4.4973064,
            43.8309465
          ],
          [
            4.4967451,
            43.8308012
          ],
          [
            4.4968494,
            43.8310386
          ],
          [
            4.4964748,
            43.8311449
          ],
          [
            4.4963408,
            43.8315362
          ],
          [
            4.4960367,
            43.8313309
          ],
          [
            4.4954574,
            43.8309265
          ],
          [
            4.4952166,
            43.8308002
          ],
          [
            4.4935751,
            43.8304696
          ],
          [
            4.493419,
            43.830458
          ],
          [
            4.491725,
            43.8302369
          ],
          [
            4.4915925,
            43.8303079
          ],
          [
            4.4915477,
            43.8302428
          ],
          [
            4.4916391,
            43.8301863
          ],
          [
            4.4888426,
            43.8294154
          ],
          [
            4.4878382,
            43.8291331
          ],
          [
            4.4875825,
            43.8290539
          ]
        ]
      },
      "properties": {
        "parking_id": "PKC_013",
        "origine_id": "ORI_036",
        "distance_m": 962,
        "temps_min": 2.0,
        "voie_dom": "secondary",
        "veh_origine": 1
      }
    },
    {
      "type": "Feature",
      "geometry": {
        "type": "LineString",
        "coordinates": [
          [
            4.4973064,
            43.8309465
          ],
          [
            4.4967451,
            43.8308012
          ],
          [
            4.4968494,
            43.8310386
          ],
          [
            4.4964748,
            43.8311449
          ],
          [
            4.4963408,
            43.8315362
          ],
          [
            4.4963344,
            43.8317947
          ],
          [
            4.4963273,
            43.8321912
          ],
          [
            4.4962492,
            43.832317
          ],
          [
            4.4962575,
            43.8324595
          ],
          [
            4.4963096,
            43.8326787
          ],
          [
            4.4963436,
            43.8329072
          ],
          [
            4.4957189,
            43.8330153
          ],
          [
            4.4956073,
            43.8331685
          ],
          [
            4.4950011,
            43.8333791
          ],
          [
            4.4945384,
            43.8335197
          ],
          [
            4.4940413,
            43.8336111
          ],
          [
            4.4939379,
            43.8336774
          ],
          [
            4.4939009,
            43.833648
          ],
          [
            4.4932128,
            43.833704
          ],
          [
            4.4918093,
            43.8337417
          ],
          [
            4.4908758,
            43.833773
          ],
          [
            4.4908222,
            43.83345
          ],
          [
            4.4902664,
            43.8309959
          ]
        ]
      },
      "properties": {
        "parking_id": "PKC_013",
        "origine_id": "ORI_038",
        "distance_m": 1130,
        "temps_min": 2.2,
        "voie_dom": "secondary",
        "veh_origine": 1
      }
    },
    {
      "type": "Feature",
      "geometry": {
        "type": "LineString",
        "coordinates": [
          [
            4.4983507,
            43.8303464
          ],
          [
            4.499023,
            43.8299749
          ],
          [
            4.4990256,
            43.8320593
          ],
          [
            4.4986159,
            43.8319899
          ],
          [
            4.4982731,
            43.8323104
          ],
          [
            4.4981761,
            43.8324119
          ],
          [
            4.4980151,
            43.8324925
          ],
          [
            4.4978705,
            43.8326288
          ],
          [
            4.4978121,
            43.8328099
          ],
          [
            4.4968895,
            43.8328342
          ],
          [
            4.4967147,
            43.8328494
          ],
          [
            4.4963436,
            43.8329072
          ],
          [
            4.4957189,
            43.8330153
          ],
          [
            4.4956073,
            43.8331685
          ],
          [
            4.4950011,
            43.8333791
          ],
          [
            4.4945384,
            43.8335197
          ],
          [
            4.4940413,
            43.8336111
          ],
          [
            4.4939379,
            43.8336774
          ],
          [
            4.4939009,
            43.833648
          ],
          [
            4.4939602,
            43.8335756
          ],
          [
            4.4936854,
            43.8324266
          ],
          [
            4.4931821,
            43.8319114
          ]
        ]
      },
      "properties": {
        "parking_id": "PKC_014",
        "origine_id": "ORI_039",
        "distance_m": 1016,
        "temps_min": 2.0,
        "voie_dom": "secondary",
        "veh_origine": 6
      }
    },
    {
      "type": "Feature",
      "geometry": {
        "type": "LineString",
        "coordinates": [
          [
            4.5028727,
            43.8276299
          ],
          [
            4.5029852,
            43.8273564
          ],
          [
            4.5036067,
            43.8273851
          ],
          [
            4.5038121,
            43.8278714
          ],
          [
            4.5039646,
            43.8281658
          ],
          [
            4.5005422,
            43.8293521
          ],
          [
            4.4999642,
            43.8295569
          ],
          [
            4.4996122,
            43.8297121
          ],
          [
            4.499023,
            43.8299749
          ],
          [
            4.4990256,
            43.8320593
          ],
          [
            4.4986159,
            43.8319899
          ],
          [
            4.4982731,
            43.8323104
          ],
          [
            4.4981761,
            43.8324119
          ],
          [
            4.4980151,
            43.8324925
          ],
          [
            4.4978705,
            43.8326288
          ],
          [
            4.4978121,
            43.8328099
          ],
          [
            4.4968895,
            43.8328342
          ],
          [
            4.4967147,
            43.8328494
          ],
          [
            4.4963436,
            43.8329072
          ],
          [
            4.4957189,
            43.8330153
          ],
          [
            4.4956073,
            43.8331685
          ],
          [
            4.4950011,
            43.8333791
          ],
          [
            4.4945384,
            43.8335197
          ],
          [
            4.4940413,
            43.8336111
          ],
          [
            4.4939379,
            43.8336774
          ],
          [
            4.4939009,
            43.833648
          ],
          [
            4.4939602,
            43.8335756
          ],
          [
            4.4936854,
            43.8324266
          ],
          [
            4.4931821,
            43.8319114
          ]
        ]
      },
      "properties": {
        "parking_id": "PKC_016",
        "origine_id": "ORI_039",
        "distance_m": 1566,
        "temps_min": 2.9,
        "voie_dom": "secondary",
        "veh_origine": 6
      }
    },
    {
      "type": "Feature",
      "geometry": {
        "type": "LineString",
        "coordinates": [
          [
            4.5028727,
            43.8276299
          ],
          [
            4.5029852,
            43.8273564
          ],
          [
            4.5036067,
            43.8273851
          ],
          [
            4.5038121,
            43.8278714
          ],
          [
            4.5039646,
            43.8281658
          ],
          [
            4.5053411,
            43.8276869
          ],
          [
            4.5061791,
            43.8270156
          ],
          [
            4.5012481,
            43.8260775
          ],
          [
            4.4968311,
            43.8260252
          ],
          [
            4.4961854,
            43.8261737
          ],
          [
            4.4960506,
            43.8262813
          ],
          [
            4.4957181,
            43.8262837
          ],
          [
            4.4956667,
            43.826258
          ],
          [
            4.495259,
            43.8262119
          ],
          [
            4.4894097,
            43.8267769
          ],
          [
            4.4890082,
            43.8268171
          ],
          [
            4.4888534,
            43.8263593
          ],
          [
            4.4884619,
            43.8264006
          ]
        ]
      },
      "properties": {
        "parking_id": "PKC_016",
        "origine_id": "ORI_034",
        "distance_m": 1912,
        "temps_min": 2.6,
        "voie_dom": "primary",
        "veh_origine": 3
      }
    },
    {
      "type": "Feature",
      "geometry": {
        "type": "LineString",
        "coordinates": [
          [
            4.5028727,
            43.8276299
          ],
          [
            4.5029852,
            43.8273564
          ],
          [
            4.5036067,
            43.8273851
          ],
          [
            4.5038121,
            43.8278714
          ],
          [
            4.5039646,
            43.8281658
          ],
          [
            4.5005422,
            43.8293521
          ],
          [
            4.4999642,
            43.8295569
          ],
          [
            4.4996122,
            43.8297121
          ],
          [
            4.499023,
            43.8299749
          ],
          [
            4.4990256,
            43.8320593
          ],
          [
            4.4986159,
            43.8319899
          ],
          [
            4.4982731,
            43.8323104
          ],
          [
            4.4981761,
            43.8324119
          ],
          [
            4.4980151,
            43.8324925
          ],
          [
            4.4978705,
            43.8326288
          ],
          [
            4.4978121,
            43.8328099
          ],
          [
            4.4968895,
            43.8328342
          ],
          [
            4.4967147,
            43.8328494
          ],
          [
            4.4963436,
            43.8329072
          ],
          [
            4.4957189,
            43.8330153
          ],
          [
            4.4956073,
            43.8331685
          ],
          [
            4.4950011,
            43.8333791
          ],
          [
            4.4945384,
            43.8335197
          ],
          [
            4.4940413,
            43.8336111
          ],
          [
            4.4939379,
            43.8336774
          ],
          [
            4.4937461,
            43.8342775
          ],
          [
            4.4937087,
            43.8346667
          ],
          [
            4.4936846,
            43.8351114
          ],
          [
            4.4933524,
            43.8357545
          ],
          [
            4.4933755,
            43.8359605
          ],
          [
            4.4934165,
            43.8363261
          ],
          [
            4.4933995,
            43.8363843
          ]
        ]
      },
      "properties": {
        "parking_id": "PKC_016",
        "origine_id": "ORI_035",
        "distance_m": 1647,
        "temps_min": 3.1,
        "voie_dom": "secondary",
        "veh_origine": 2
      }
    },
    {
      "type": "Feature",
      "geometry": {
        "type": "LineString",
        "coordinates": [
          [
            4.5028727,
            43.8276299
          ],
          [
            4.5029852,
            43.8273564
          ],
          [
            4.5036067,
            43.8273851
          ],
          [
            4.5038121,
            43.8278714
          ],
          [
            4.5039646,
            43.8281658
          ],
          [
            4.5005422,
            43.8293521
          ],
          [
            4.4999642,
            43.8295569
          ],
          [
            4.4996122,
            43.8297121
          ],
          [
            4.499023,
            43.8299749
          ],
          [
            4.4990256,
            43.8320593
          ],
          [
            4.4986159,
            43.8319899
          ],
          [
            4.4982731,
            43.8323104
          ],
          [
            4.4981761,
            43.8324119
          ],
          [
            4.4980151,
            43.8324925
          ],
          [
            4.4978705,
            43.8326288
          ],
          [
            4.4978121,
            43.8328099
          ],
          [
            4.4968895,
            43.8328342
          ],
          [
            4.4967147,
            43.8328494
          ],
          [
            4.4963436,
            43.8329072
          ],
          [
            4.4957189,
            43.8330153
          ],
          [
            4.4956073,
            43.8331685
          ],
          [
            4.4950011,
            43.8333791
          ],
          [
            4.4945384,
            43.8335197
          ],
          [
            4.4940413,
            43.8336111
          ],
          [
            4.4939379,
            43.8336774
          ],
          [
            4.4939009,
            43.833648
          ],
          [
            4.4932128,
            43.833704
          ],
          [
            4.4918571,
            43.8330336
          ],
          [
            4.4910297,
            43.8321233
          ]
        ]
      },
      "properties": {
        "parking_id": "PKC_016",
        "origine_id": "ORI_032",
        "distance_m": 1727,
        "temps_min": 3.2,
        "voie_dom": "secondary",
        "veh_origine": 1
      }
    },
    {
      "type": "Feature",
      "geometry": {
        "type": "LineString",
        "coordinates": [
          [
            4.5028727,
            43.8276299
          ],
          [
            4.5029852,
            43.8273564
          ],
          [
            4.5036067,
            43.8273851
          ],
          [
            4.5038121,
            43.8278714
          ],
          [
            4.5039646,
            43.8281658
          ],
          [
            4.5005422,
            43.8293521
          ],
          [
            4.4999642,
            43.8295569
          ],
          [
            4.4996122,
            43.8297121
          ],
          [
            4.499023,
            43.8299749
          ],
          [
            4.4990256,
            43.8320593
          ],
          [
            4.4986159,
            43.8319899
          ],
          [
            4.4982731,
            43.8323104
          ],
          [
            4.4981761,
            43.8324119
          ],
          [
            4.4980151,
            43.8324925
          ],
          [
            4.4978705,
            43.8326288
          ],
          [
            4.4978121,
            43.8328099
          ],
          [
            4.4968895,
            43.8328342
          ],
          [
            4.4967147,
            43.8328494
          ],
          [
            4.4963436,
            43.8329072
          ],
          [
            4.4957189,
            43.8330153
          ],
          [
            4.4956073,
            43.8331685
          ],
          [
            4.4950011,
            43.8333791
          ],
          [
            4.4945384,
            43.8335197
          ],
          [
            4.4940413,
            43.8336111
          ],
          [
            4.4939379,
            43.8336774
          ],
          [
            4.4937461,
            43.8342775
          ],
          [
            4.4937087,
            43.8346667
          ],
          [
            4.4936846,
            43.8351114
          ],
          [
            4.4933524,
            43.8357545
          ],
          [
            4.4933755,
            43.8359605
          ],
          [
            4.4934165,
            43.8363261
          ],
          [
            4.4933995,
            43.8363843
          ],
          [
            4.4917476,
            43.8366506
          ]
        ]
      },
      "properties": {
        "parking_id": "PKC_016",
        "origine_id": "ORI_033",
        "distance_m": 1783,
        "temps_min": 3.3,
        "voie_dom": "secondary",
        "veh_origine": 1
      }
    },
    {
      "type": "Feature",
      "geometry": {
        "type": "LineString",
        "coordinates": [
          [
            4.5028727,
            43.8276299
          ],
          [
            4.5029852,
            43.8273564
          ],
          [
            4.5036067,
            43.8273851
          ],
          [
            4.5038121,
            43.8278714
          ],
          [
            4.5039646,
            43.8281658
          ],
          [
            4.5005422,
            43.8293521
          ],
          [
            4.4999642,
            43.8295569
          ],
          [
            4.4996122,
            43.8297121
          ],
          [
            4.499023,
            43.8299749
          ],
          [
            4.4990256,
            43.8320593
          ],
          [
            4.4986159,
            43.8319899
          ],
          [
            4.4982731,
            43.8323104
          ],
          [
            4.4981761,
            43.8324119
          ],
          [
            4.4980151,
            43.8324925
          ],
          [
            4.4971386,
            43.8322278
          ],
          [
            4.4970614,
            43.8324239
          ],
          [
            4.4963273,
            43.8321912
          ],
          [
            4.4963344,
            43.8317947
          ],
          [
            4.4963408,
            43.8315362
          ],
          [
            4.4960367,
            43.8313309
          ],
          [
            4.4954574,
            43.8309265
          ],
          [
            4.4952166,
            43.8308002
          ],
          [
            4.4935751,
            43.8304696
          ],
          [
            4.493419,
            43.830458
          ],
          [
            4.491725,
            43.8302369
          ],
          [
            4.4915925,
            43.8303079
          ],
          [
            4.4915477,
            43.8302428
          ],
          [
            4.4916391,
            43.8301863
          ],
          [
            4.4888426,
            43.8294154
          ],
          [
            4.4878382,
            43.8291331
          ],
          [
            4.4875825,
            43.8290539
          ]
        ]
      },
      "properties": {
        "parking_id": "PKC_016",
        "origine_id": "ORI_036",
        "distance_m": 1996,
        "temps_min": 3.7,
        "voie_dom": "secondary",
        "veh_origine": 1
      }
    },
    {
      "type": "Feature",
      "geometry": {
        "type": "LineString",
        "coordinates": [
          [
            4.5028727,
            43.8276299
          ],
          [
            4.5029852,
            43.8273564
          ],
          [
            4.5036067,
            43.8273851
          ],
          [
            4.5038121,
            43.8278714
          ],
          [
            4.5039646,
            43.8281658
          ],
          [
            4.5005422,
            43.8293521
          ],
          [
            4.4999642,
            43.8295569
          ],
          [
            4.4996122,
            43.8297121
          ],
          [
            4.499023,
            43.8299749
          ],
          [
            4.4990256,
            43.8320593
          ],
          [
            4.4986159,
            43.8319899
          ],
          [
            4.4982731,
            43.8323104
          ],
          [
            4.4981761,
            43.8324119
          ],
          [
            4.4980151,
            43.8324925
          ],
          [
            4.4978705,
            43.8326288
          ],
          [
            4.4978121,
            43.8328099
          ],
          [
            4.4968895,
            43.8328342
          ],
          [
            4.4967147,
            43.8328494
          ],
          [
            4.4963436,
            43.8329072
          ],
          [
            4.4957189,
            43.8330153
          ],
          [
            4.4956073,
            43.8331685
          ],
          [
            4.4950011,
            43.8333791
          ],
          [
            4.4945384,
            43.8335197
          ],
          [
            4.4940413,
            43.8336111
          ],
          [
            4.4939379,
            43.8336774
          ],
          [
            4.4939009,
            43.833648
          ],
          [
            4.4932128,
            43.833704
          ],
          [
            4.4918093,
            43.8337417
          ],
          [
            4.4908758,
            43.833773
          ],
          [
            4.4908222,
            43.83345
          ],
          [
            4.4902664,
            43.8309959
          ]
        ]
      },
      "properties": {
        "parking_id": "PKC_016",
        "origine_id": "ORI_038",
        "distance_m": 1933,
        "temps_min": 3.6,
        "voie_dom": "secondary",
        "veh_origine": 1
      }
    },
    {
      "type": "Feature",
      "geometry": {
        "type": "LineString",
        "coordinates": [
          [
            4.4923549,
            43.8206698
          ],
          [
            4.4939503,
            43.8228994
          ],
          [
            4.4953692,
            43.8251977
          ],
          [
            4.4955244,
            43.8255328
          ],
          [
            4.4958747,
            43.8258325
          ],
          [
            4.4961524,
            43.8259324
          ],
          [
            4.4961854,
            43.8261737
          ],
          [
            4.4960506,
            43.8262813
          ],
          [
            4.4957181,
            43.8262837
          ],
          [
            4.4956667,
            43.826258
          ],
          [
            4.495259,
            43.8262119
          ],
          [
            4.4894097,
            43.8267769
          ],
          [
            4.4890082,
            43.8268171
          ],
          [
            4.4810674,
            43.827604
          ]
        ]
      },
      "properties": {
        "parking_id": "PKC_017",
        "origine_id": "ORI_004",
        "distance_m": 1929,
        "temps_min": 2.4,
        "voie_dom": "primary",
        "veh_origine": 36
      }
    },
    {
      "type": "Feature",
      "geometry": {
        "type": "LineString",
        "coordinates": [
          [
            4.4923549,
            43.8206698
          ],
          [
            4.4939503,
            43.8228994
          ],
          [
            4.4953692,
            43.8251977
          ],
          [
            4.4955244,
            43.8255328
          ],
          [
            4.4958747,
            43.8258325
          ],
          [
            4.4961524,
            43.8259324
          ],
          [
            4.4961854,
            43.8261737
          ],
          [
            4.4960506,
            43.8262813
          ],
          [
            4.4958597,
            43.826611
          ],
          [
            4.4959698,
            43.8275536
          ],
          [
            4.495989,
            43.8277739
          ],
          [
            4.4950176,
            43.827828
          ],
          [
            4.4944285,
            43.828902
          ],
          [
            4.4943634,
            43.8289961
          ],
          [
            4.4928104,
            43.8290887
          ],
          [
            4.4932646,
            43.8298843
          ],
          [
            4.4934921,
            43.8303752
          ],
          [
            4.4935751,
            43.8304696
          ],
          [
            4.493419,
            43.830458
          ],
          [
            4.491725,
            43.8302369
          ],
          [
            4.4915925,
            43.8303079
          ],
          [
            4.4915477,
            43.8302428
          ],
          [
            4.4898709,
            43.830535
          ],
          [
            4.4887324,
            43.8307642
          ],
          [
            4.4880761,
            43.8307804
          ],
          [
            4.4861466,
            43.830498
          ]
        ]
      },
      "properties": {
        "parking_id": "PKC_017",
        "origine_id": "ORI_031",
        "distance_m": 2041,
        "temps_min": 3.5,
        "voie_dom": "primary",
        "veh_origine": 19
      }
    },
    {
      "type": "Feature",
      "geometry": {
        "type": "LineString",
        "coordinates": [
          [
            4.4923549,
            43.8206698
          ],
          [
            4.4920033,
            43.8204898
          ],
          [
            4.491926,
            43.820503
          ],
          [
            4.4917063,
            43.8204554
          ],
          [
            4.4916281,
            43.8203852
          ],
          [
            4.4916019,
            43.8202443
          ],
          [
            4.4913423,
            43.8199125
          ],
          [
            4.4900472,
            43.8186345
          ],
          [
            4.4889431,
            43.8174259
          ],
          [
            4.4870637,
            43.8150717
          ],
          [
            4.4867833,
            43.8148233
          ],
          [
            4.4867191,
            43.8148062
          ],
          [
            4.4863624,
            43.8149233
          ],
          [
            4.4853215,
            43.8161855
          ],
          [
            4.484423,
            43.817986
          ],
          [
            4.4844956,
            43.8180557
          ],
          [
            4.4844073,
            43.8181334
          ],
          [
            4.4842891,
            43.8180799
          ],
          [
            4.4827089,
            43.8185284
          ],
          [
            4.4825925,
            43.8185678
          ],
          [
            4.4819289,
            43.8187852
          ],
          [
            4.4804931,
            43.8190351
          ],
          [
            4.480089,
            43.8189551
          ],
          [
            4.4786033,
            43.818718
          ],
          [
            4.4785242,
            43.8187102
          ],
          [
            4.4778253,
            43.8186225
          ],
          [
            4.4771034,
            43.8185571
          ],
          [
            4.4767843,
            43.8185439
          ],
          [
            4.475864,
            43.81871
          ],
          [
            4.4745283,
            43.8190713
          ],
          [
            4.4749518,
            43.819671
          ],
          [
            4.4763044,
            43.8216525
          ],
          [
            4.4760583,
            43.8217388
          ],
          [
            4.4746933,
            43.8216617
          ],
          [
            4.4747956,
            43.8218626
          ]
        ]
      },
      "properties": {
        "parking_id": "PKC_017",
        "origine_id": "ORI_009",
        "distance_m": 2572,
        "temps_min": 3.8,
        "voie_dom": "secondary",
        "veh_origine": 6
      }
    },
    {
      "type": "Feature",
      "geometry": {
        "type": "LineString",
        "coordinates": [
          [
            4.4923549,
            43.8206698
          ],
          [
            4.4939503,
            43.8228994
          ],
          [
            4.4953692,
            43.8251977
          ],
          [
            4.4955244,
            43.8255328
          ],
          [
            4.4958747,
            43.8258325
          ],
          [
            4.4961524,
            43.8259324
          ],
          [
            4.4961854,
            43.8261737
          ],
          [
            4.4960506,
            43.8262813
          ],
          [
            4.4958597,
            43.826611
          ],
          [
            4.4959698,
            43.8275536
          ],
          [
            4.495989,
            43.8277739
          ],
          [
            4.4960565,
            43.8285555
          ],
          [
            4.4960628,
            43.8286129
          ],
          [
            4.4964185,
            43.830054
          ],
          [
            4.4964876,
            43.8302627
          ],
          [
            4.4965621,
            43.8304325
          ],
          [
            4.4967451,
            43.8308012
          ],
          [
            4.4968494,
            43.8310386
          ],
          [
            4.4964748,
            43.8311449
          ],
          [
            4.4963408,
            43.8315362
          ],
          [
            4.4963344,
            43.8317947
          ],
          [
            4.4963273,
            43.8321912
          ],
          [
            4.4962492,
            43.832317
          ],
          [
            4.4962575,
            43.8324595
          ],
          [
            4.4963096,
            43.8326787
          ],
          [
            4.4963436,
            43.8329072
          ],
          [
            4.4957189,
            43.8330153
          ],
          [
            4.4956073,
            43.8331685
          ],
          [
            4.4950011,
            43.8333791
          ],
          [
            4.4945384,
            43.8335197
          ],
          [
            4.4940413,
            43.8336111
          ],
          [
            4.4939379,
            43.8336774
          ],
          [
            4.4939009,
            43.833648
          ],
          [
            4.4939602,
            43.8335756
          ],
          [
            4.4936854,
            43.8324266
          ],
          [
            4.4931821,
            43.8319114
          ]
        ]
      },
      "properties": {
        "parking_id": "PKC_017",
        "origine_id": "ORI_039",
        "distance_m": 1936,
        "temps_min": 2.9,
        "voie_dom": "primary",
        "veh_origine": 6
      }
    },
    {
      "type": "Feature",
      "geometry": {
        "type": "LineString",
        "coordinates": [
          [
            4.4923549,
            43.8206698
          ],
          [
            4.4920033,
            43.8204898
          ],
          [
            4.491926,
            43.820503
          ],
          [
            4.4917063,
            43.8204554
          ],
          [
            4.4916281,
            43.8203852
          ],
          [
            4.4916019,
            43.8202443
          ],
          [
            4.4913423,
            43.8199125
          ],
          [
            4.4900472,
            43.8186345
          ],
          [
            4.4889431,
            43.8174259
          ],
          [
            4.4870637,
            43.8150717
          ],
          [
            4.4867833,
            43.8148233
          ],
          [
            4.4867191,
            43.8148062
          ],
          [
            4.4863624,
            43.8149233
          ],
          [
            4.4853215,
            43.8161855
          ],
          [
            4.484423,
            43.817986
          ],
          [
            4.4844956,
            43.8180557
          ],
          [
            4.4844073,
            43.8181334
          ],
          [
            4.4842891,
            43.8180799
          ],
          [
            4.4827089,
            43.8185284
          ],
          [
            4.4825925,
            43.8185678
          ],
          [
            4.4819289,
            43.8187852
          ],
          [
            4.4804931,
            43.8190351
          ],
          [
            4.480089,
            43.8189551
          ],
          [
            4.4786033,
            43.818718
          ],
          [
            4.4785795,
            43.8191035
          ],
          [
            4.4785192,
            43.8197704
          ],
          [
            4.4784765,
            43.8202219
          ]
        ]
      },
      "properties": {
        "parking_id": "PKC_017",
        "origine_id": "ORI_003",
        "distance_m": 1903,
        "temps_min": 2.8,
        "voie_dom": "secondary",
        "veh_origine": 4
      }
    },
    {
      "type": "Feature",
      "geometry": {
        "type": "LineString",
        "coordinates": [
          [
            4.4923549,
            43.8206698
          ],
          [
            4.4920033,
            43.8204898
          ],
          [
            4.491926,
            43.820503
          ],
          [
            4.4917063,
            43.8204554
          ],
          [
            4.4916281,
            43.8203852
          ],
          [
            4.4916019,
            43.8202443
          ],
          [
            4.4913423,
            43.8199125
          ],
          [
            4.4900472,
            43.8186345
          ],
          [
            4.4889431,
            43.8174259
          ],
          [
            4.4870637,
            43.8150717
          ],
          [
            4.4867833,
            43.8148233
          ],
          [
            4.4867191,
            43.8148062
          ],
          [
            4.4863624,
            43.8149233
          ],
          [
            4.4853215,
            43.8161855
          ],
          [
            4.484423,
            43.817986
          ],
          [
            4.4844956,
            43.8180557
          ],
          [
            4.4844073,
            43.8181334
          ],
          [
            4.4842891,
            43.8180799
          ],
          [
            4.4827089,
            43.8185284
          ],
          [
            4.4825925,
            43.8185678
          ],
          [
            4.4819289,
            43.8187852
          ],
          [
            4.4804931,
            43.8190351
          ],
          [
            4.480089,
            43.8189551
          ],
          [
            4.4786033,
            43.818718
          ],
          [
            4.4785242,
            43.8187102
          ],
          [
            4.4778253,
            43.8186225
          ],
          [
            4.4771034,
            43.8185571
          ],
          [
            4.4767843,
            43.8185439
          ],
          [
            4.475864,
            43.81871
          ],
          [
            4.4745283,
            43.8190713
          ],
          [
            4.4749518,
            43.819671
          ],
          [
            4.4763044,
            43.8216525
          ],
          [
            4.4766771,
            43.8221793
          ],
          [
            4.4776117,
            43.8235267
          ]
        ]
      },
      "properties": {
        "parking_id": "PKC_017",
        "origine_id": "ORI_027",
        "distance_m": 2628,
        "temps_min": 3.8,
        "voie_dom": "secondary",
        "veh_origine": 3
      }
    },
    {
      "type": "Feature",
      "geometry": {
        "type": "LineString",
        "coordinates": [
          [
            4.4923549,
            43.8206698
          ],
          [
            4.4939503,
            43.8228994
          ],
          [
            4.4953692,
            43.8251977
          ],
          [
            4.4955244,
            43.8255328
          ],
          [
            4.4958747,
            43.8258325
          ],
          [
            4.4961524,
            43.8259324
          ],
          [
            4.4961854,
            43.8261737
          ],
          [
            4.4960506,
            43.8262813
          ],
          [
            4.4957181,
            43.8262837
          ],
          [
            4.4956667,
            43.826258
          ],
          [
            4.495259,
            43.8262119
          ],
          [
            4.4894097,
            43.8267769
          ],
          [
            4.4890082,
            43.8268171
          ],
          [
            4.4888534,
            43.8263593
          ],
          [
            4.4884619,
            43.8264006
          ]
        ]
      },
      "properties": {
        "parking_id": "PKC_017",
        "origine_id": "ORI_034",
        "distance_m": 1371,
        "temps_min": 1.8,
        "voie_dom": "primary",
        "veh_origine": 3
      }
    },
    {
      "type": "Feature",
      "geometry": {
        "type": "LineString",
        "coordinates": [
          [
            4.4923549,
            43.8206698
          ],
          [
            4.4920033,
            43.8204898
          ],
          [
            4.491926,
            43.820503
          ],
          [
            4.4917063,
            43.8204554
          ],
          [
            4.4916281,
            43.8203852
          ],
          [
            4.4916019,
            43.8202443
          ],
          [
            4.4913423,
            43.8199125
          ],
          [
            4.4900472,
            43.8186345
          ],
          [
            4.4889431,
            43.8174259
          ],
          [
            4.4870637,
            43.8150717
          ],
          [
            4.4867833,
            43.8148233
          ],
          [
            4.4867191,
            43.8148062
          ],
          [
            4.4863624,
            43.8149233
          ],
          [
            4.4853215,
            43.8161855
          ],
          [
            4.484423,
            43.817986
          ],
          [
            4.4844956,
            43.8180557
          ],
          [
            4.4844073,
            43.8181334
          ],
          [
            4.4842891,
            43.8180799
          ],
          [
            4.4827089,
            43.8185284
          ],
          [
            4.4825925,
            43.8185678
          ],
          [
            4.4819289,
            43.8187852
          ],
          [
            4.4804931,
            43.8190351
          ],
          [
            4.4808285,
            43.82001
          ]
        ]
      },
      "properties": {
        "parking_id": "PKC_017",
        "origine_id": "ORI_026",
        "distance_m": 1691,
        "temps_min": 2.5,
        "voie_dom": "secondary",
        "veh_origine": 1
      }
    },
    {
      "type": "Feature",
      "geometry": {
        "type": "LineString",
        "coordinates": [
          [
            4.4923549,
            43.8206698
          ],
          [
            4.4920033,
            43.8204898
          ],
          [
            4.491926,
            43.820503
          ],
          [
            4.4917063,
            43.8204554
          ],
          [
            4.4916281,
            43.8203852
          ],
          [
            4.4916019,
            43.8202443
          ],
          [
            4.4913423,
            43.8199125
          ],
          [
            4.4900472,
            43.8186345
          ],
          [
            4.4886735,
            43.8193728
          ],
          [
            4.4886661,
            43.819497
          ],
          [
            4.4884636,
            43.8195149
          ],
          [
            4.4858473,
            43.8206467
          ],
          [
            4.4847234,
            43.8209583
          ]
        ]
      },
      "properties": {
        "parking_id": "PKC_017",
        "origine_id": "ORI_028",
        "distance_m": 818,
        "temps_min": 1.4,
        "voie_dom": "secondary",
        "veh_origine": 1
      }
    },
    {
      "type": "Feature",
      "geometry": {
        "type": "LineString",
        "coordinates": [
          [
            4.4923549,
            43.8206698
          ],
          [
            4.4939503,
            43.8228994
          ],
          [
            4.4953692,
            43.8251977
          ],
          [
            4.4955244,
            43.8255328
          ],
          [
            4.4958747,
            43.8258325
          ],
          [
            4.4961524,
            43.8259324
          ],
          [
            4.4961854,
            43.8261737
          ],
          [
            4.4960506,
            43.8262813
          ],
          [
            4.4958597,
            43.826611
          ],
          [
            4.4959698,
            43.8275536
          ],
          [
            4.495989,
            43.8277739
          ],
          [
            4.4960565,
            43.8285555
          ],
          [
            4.4960628,
            43.8286129
          ],
          [
            4.4964185,
            43.830054
          ],
          [
            4.4964876,
            43.8302627
          ],
          [
            4.4965621,
            43.8304325
          ],
          [
            4.4967451,
            43.8308012
          ],
          [
            4.4968494,
            43.8310386
          ],
          [
            4.4964748,
            43.8311449
          ],
          [
            4.4963408,
            43.8315362
          ],
          [
            4.4963344,
            43.8317947
          ],
          [
            4.4963273,
            43.8321912
          ],
          [
            4.4962492,
            43.832317
          ],
          [
            4.4962575,
            43.8324595
          ],
          [
            4.4963096,
            43.8326787
          ],
          [
            4.4963436,
            43.8329072
          ],
          [
            4.4957189,
            43.8330153
          ],
          [
            4.4956073,
            43.8331685
          ],
          [
            4.4950011,
            43.8333791
          ],
          [
            4.4945384,
            43.8335197
          ],
          [
            4.4940413,
            43.8336111
          ],
          [
            4.4939379,
            43.8336774
          ],
          [
            4.4939009,
            43.833648
          ],
          [
            4.4932128,
            43.833704
          ],
          [
            4.4918571,
            43.8330336
          ],
          [
            4.4910297,
            43.8321233
          ]
        ]
      },
      "properties": {
        "parking_id": "PKC_017",
        "origine_id": "ORI_032",
        "distance_m": 2097,
        "temps_min": 3.2,
        "voie_dom": "primary",
        "veh_origine": 1
      }
    },
    {
      "type": "Feature",
      "geometry": {
        "type": "LineString",
        "coordinates": [
          [
            4.4923549,
            43.8206698
          ],
          [
            4.4939503,
            43.8228994
          ],
          [
            4.4953692,
            43.8251977
          ],
          [
            4.4955244,
            43.8255328
          ],
          [
            4.4958747,
            43.8258325
          ],
          [
            4.4961524,
            43.8259324
          ],
          [
            4.4961854,
            43.8261737
          ],
          [
            4.4960506,
            43.8262813
          ],
          [
            4.4958597,
            43.826611
          ],
          [
            4.4959698,
            43.8275536
          ],
          [
            4.495989,
            43.8277739
          ],
          [
            4.4950176,
            43.827828
          ],
          [
            4.4944285,
            43.828902
          ],
          [
            4.4943634,
            43.8289961
          ],
          [
            4.4928104,
            43.8290887
          ],
          [
            4.4932646,
            43.8298843
          ],
          [
            4.4934921,
            43.8303752
          ],
          [
            4.4935751,
            43.8304696
          ],
          [
            4.493419,
            43.830458
          ],
          [
            4.491725,
            43.8302369
          ],
          [
            4.4915925,
            43.8303079
          ],
          [
            4.4915477,
            43.8302428
          ],
          [
            4.4916391,
            43.8301863
          ],
          [
            4.4888426,
            43.8294154
          ],
          [
            4.4878382,
            43.8291331
          ],
          [
            4.4875825,
            43.8290539
          ]
        ]
      },
      "properties": {
        "parking_id": "PKC_017",
        "origine_id": "ORI_036",
        "distance_m": 1954,
        "temps_min": 3.3,
        "voie_dom": "primary",
        "veh_origine": 1
      }
    },
    {
      "type": "Feature",
      "geometry": {
        "type": "LineString",
        "coordinates": [
          [
            4.4923549,
            43.8206698
          ],
          [
            4.4939503,
            43.8228994
          ],
          [
            4.4953692,
            43.8251977
          ],
          [
            4.4955244,
            43.8255328
          ],
          [
            4.4958747,
            43.8258325
          ],
          [
            4.4961524,
            43.8259324
          ],
          [
            4.4961854,
            43.8261737
          ],
          [
            4.4960506,
            43.8262813
          ],
          [
            4.4958597,
            43.826611
          ],
          [
            4.4959698,
            43.8275536
          ],
          [
            4.495989,
            43.8277739
          ],
          [
            4.4960565,
            43.8285555
          ],
          [
            4.4960628,
            43.8286129
          ],
          [
            4.4964185,
            43.830054
          ],
          [
            4.4964876,
            43.8302627
          ],
          [
            4.4965621,
            43.8304325
          ],
          [
            4.4967451,
            43.8308012
          ],
          [
            4.4968494,
            43.8310386
          ],
          [
            4.4964748,
            43.8311449
          ],
          [
            4.4963408,
            43.8315362
          ],
          [
            4.4963344,
            43.8317947
          ],
          [
            4.4963273,
            43.8321912
          ],
          [
            4.4962492,
            43.832317
          ],
          [
            4.4962575,
            43.8324595
          ],
          [
            4.4963096,
            43.8326787
          ],
          [
            4.4963436,
            43.8329072
          ],
          [
            4.4957189,
            43.8330153
          ],
          [
            4.4956073,
            43.8331685
          ],
          [
            4.4950011,
            43.8333791
          ],
          [
            4.4945384,
            43.8335197
          ],
          [
            4.4940413,
            43.8336111
          ],
          [
            4.4939379,
            43.8336774
          ],
          [
            4.4939009,
            43.833648
          ],
          [
            4.4932128,
            43.833704
          ],
          [
            4.4918093,
            43.8337417
          ],
          [
            4.4908758,
            43.833773
          ],
          [
            4.4908222,
            43.83345
          ],
          [
            4.4902664,
            43.8309959
          ]
        ]
      },
      "properties": {
        "parking_id": "PKC_017",
        "origine_id": "ORI_038",
        "distance_m": 2303,
        "temps_min": 3.6,
        "voie_dom": "primary",
        "veh_origine": 1
      }
    },
    {
      "type": "Feature",
      "geometry": {
        "type": "LineString",
        "coordinates": [
          [
            4.4992763,
            43.8294615
          ],
          [
            4.4994581,
            43.8295654
          ],
          [
            4.4996122,
            43.8297121
          ],
          [
            4.499023,
            43.8299749
          ],
          [
            4.4990256,
            43.8320593
          ],
          [
            4.4986159,
            43.8319899
          ],
          [
            4.4982731,
            43.8323104
          ],
          [
            4.4981761,
            43.8324119
          ],
          [
            4.4980151,
            43.8324925
          ],
          [
            4.4978705,
            43.8326288
          ],
          [
            4.4978121,
            43.8328099
          ],
          [
            4.4968895,
            43.8328342
          ],
          [
            4.4967147,
            43.8328494
          ],
          [
            4.4963436,
            43.8329072
          ],
          [
            4.4957189,
            43.8330153
          ],
          [
            4.4956073,
            43.8331685
          ],
          [
            4.4950011,
            43.8333791
          ],
          [
            4.4945384,
            43.8335197
          ],
          [
            4.4940413,
            43.8336111
          ],
          [
            4.4939379,
            43.8336774
          ],
          [
            4.4939009,
            43.833648
          ],
          [
            4.4939602,
            43.8335756
          ],
          [
            4.4936854,
            43.8324266
          ],
          [
            4.4931821,
            43.8319114
          ]
        ]
      },
      "properties": {
        "parking_id": "PKC_018",
        "origine_id": "ORI_039",
        "distance_m": 1061,
        "temps_min": 2.1,
        "voie_dom": "secondary",
        "veh_origine": 6
      }
    },
    {
      "type": "Feature",
      "geometry": {
        "type": "LineString",
        "coordinates": [
          [
            4.4992763,
            43.8294615
          ],
          [
            4.4994581,
            43.8295654
          ],
          [
            4.4996122,
            43.8297121
          ],
          [
            4.499023,
            43.8299749
          ],
          [
            4.4990256,
            43.8320593
          ],
          [
            4.4986159,
            43.8319899
          ],
          [
            4.4982731,
            43.8323104
          ],
          [
            4.4981761,
            43.8324119
          ],
          [
            4.4980151,
            43.8324925
          ],
          [
            4.4978705,
            43.8326288
          ],
          [
            4.4978121,
            43.8328099
          ],
          [
            4.4968895,
            43.8328342
          ],
          [
            4.4967147,
            43.8328494
          ],
          [
            4.4963436,
            43.8329072
          ],
          [
            4.4957189,
            43.8330153
          ],
          [
            4.4956073,
            43.8331685
          ],
          [
            4.4950011,
            43.8333791
          ],
          [
            4.4945384,
            43.8335197
          ],
          [
            4.4940413,
            43.8336111
          ],
          [
            4.4939379,
            43.8336774
          ],
          [
            4.4939009,
            43.833648
          ],
          [
            4.4932128,
            43.833704
          ],
          [
            4.4918571,
            43.8330336
          ],
          [
            4.4910297,
            43.8321233
          ]
        ]
      },
      "properties": {
        "parking_id": "PKC_018",
        "origine_id": "ORI_032",
        "distance_m": 1222,
        "temps_min": 2.4,
        "voie_dom": "secondary",
        "veh_origine": 1
      }
    },
    {
      "type": "Feature",
      "geometry": {
        "type": "LineString",
        "coordinates": [
          [
            4.4992763,
            43.8294615
          ],
          [
            4.4994581,
            43.8295654
          ],
          [
            4.4996122,
            43.8297121
          ],
          [
            4.499023,
            43.8299749
          ],
          [
            4.4990256,
            43.8320593
          ],
          [
            4.4986159,
            43.8319899
          ],
          [
            4.4982731,
            43.8323104
          ],
          [
            4.4981761,
            43.8324119
          ],
          [
            4.4980151,
            43.8324925
          ],
          [
            4.4978705,
            43.8326288
          ],
          [
            4.4978121,
            43.8328099
          ],
          [
            4.4968895,
            43.8328342
          ],
          [
            4.4967147,
            43.8328494
          ],
          [
            4.4963436,
            43.8329072
          ],
          [
            4.4957189,
            43.8330153
          ],
          [
            4.4956073,
            43.8331685
          ],
          [
            4.4950011,
            43.8333791
          ],
          [
            4.4945384,
            43.8335197
          ],
          [
            4.4940413,
            43.8336111
          ],
          [
            4.4939379,
            43.8336774
          ],
          [
            4.4939009,
            43.833648
          ],
          [
            4.4932128,
            43.833704
          ],
          [
            4.4918093,
            43.8337417
          ],
          [
            4.4908758,
            43.833773
          ],
          [
            4.4908222,
            43.83345
          ],
          [
            4.4902664,
            43.8309959
          ]
        ]
      },
      "properties": {
        "parking_id": "PKC_018",
        "origine_id": "ORI_038",
        "distance_m": 1428,
        "temps_min": 2.8,
        "voie_dom": "secondary",
        "veh_origine": 1
      }
    },
    {
      "type": "Feature",
      "geometry": {
        "type": "LineString",
        "coordinates": [
          [
            4.495259,
            43.8262119
          ],
          [
            4.4955515,
            43.8260362
          ],
          [
            4.4956002,
            43.8259435
          ],
          [
            4.4958747,
            43.8258325
          ],
          [
            4.4961524,
            43.8259324
          ],
          [
            4.4961854,
            43.8261737
          ],
          [
            4.4960506,
            43.8262813
          ],
          [
            4.4958597,
            43.826611
          ],
          [
            4.4959698,
            43.8275536
          ],
          [
            4.495989,
            43.8277739
          ],
          [
            4.4960565,
            43.8285555
          ],
          [
            4.4960628,
            43.8286129
          ],
          [
            4.4964185,
            43.830054
          ],
          [
            4.4964876,
            43.8302627
          ],
          [
            4.4965621,
            43.8304325
          ],
          [
            4.4967451,
            43.8308012
          ],
          [
            4.4968494,
            43.8310386
          ],
          [
            4.4964748,
            43.8311449
          ],
          [
            4.4963408,
            43.8315362
          ],
          [
            4.4963344,
            43.8317947
          ],
          [
            4.4963273,
            43.8321912
          ],
          [
            4.4962492,
            43.832317
          ],
          [
            4.4962575,
            43.8324595
          ],
          [
            4.4963096,
            43.8326787
          ],
          [
            4.4963436,
            43.8329072
          ],
          [
            4.4957189,
            43.8330153
          ],
          [
            4.4956073,
            43.8331685
          ],
          [
            4.4950011,
            43.8333791
          ],
          [
            4.4945384,
            43.8335197
          ],
          [
            4.4940413,
            43.8336111
          ],
          [
            4.4939379,
            43.8336774
          ],
          [
            4.4937461,
            43.8342775
          ],
          [
            4.4937087,
            43.8346667
          ],
          [
            4.4936846,
            43.8351114
          ],
          [
            4.4933524,
            43.8357545
          ],
          [
            4.4933755,
            43.8359605
          ],
          [
            4.4934165,
            43.8363261
          ],
          [
            4.4933995,
            43.8363843
          ],
          [
            4.4887957,
            43.8397821
          ],
          [
            4.4886068,
            43.8381104
          ]
        ]
      },
      "properties": {
        "parking_id": "PKC_019",
        "origine_id": "ORI_029",
        "distance_m": 2167,
        "temps_min": 4.0,
        "voie_dom": "primary",
        "veh_origine": 83
      }
    },
    {
      "type": "Feature",
      "geometry": {
        "type": "LineString",
        "coordinates": [
          [
            4.495259,
            43.8262119
          ],
          [
            4.4894097,
            43.8267769
          ],
          [
            4.4890082,
            43.8268171
          ],
          [
            4.4810674,
            43.827604
          ]
        ]
      },
      "properties": {
        "parking_id": "PKC_019",
        "origine_id": "ORI_004",
        "distance_m": 1149,
        "temps_min": 1.4,
        "voie_dom": "primary",
        "veh_origine": 36
      }
    },
    {
      "type": "Feature",
      "geometry": {
        "type": "LineString",
        "coordinates": [
          [
            4.495259,
            43.8262119
          ],
          [
            4.4955515,
            43.8260362
          ],
          [
            4.4956002,
            43.8259435
          ],
          [
            4.4958747,
            43.8258325
          ],
          [
            4.4961524,
            43.8259324
          ],
          [
            4.4961854,
            43.8261737
          ],
          [
            4.4960506,
            43.8262813
          ],
          [
            4.4958597,
            43.826611
          ],
          [
            4.4959698,
            43.8275536
          ],
          [
            4.495989,
            43.8277739
          ],
          [
            4.4950176,
            43.827828
          ],
          [
            4.4944285,
            43.828902
          ],
          [
            4.4943634,
            43.8289961
          ],
          [
            4.4928104,
            43.8290887
          ],
          [
            4.4932646,
            43.8298843
          ],
          [
            4.4934921,
            43.8303752
          ],
          [
            4.4935751,
            43.8304696
          ],
          [
            4.493419,
            43.830458
          ],
          [
            4.491725,
            43.8302369
          ],
          [
            4.4915925,
            43.8303079
          ],
          [
            4.4915477,
            43.8302428
          ],
          [
            4.4898709,
            43.830535
          ],
          [
            4.4887324,
            43.8307642
          ],
          [
            4.4880761,
            43.8307804
          ],
          [
            4.4861466,
            43.830498
          ]
        ]
      },
      "properties": {
        "parking_id": "PKC_019",
        "origine_id": "ORI_031",
        "distance_m": 1466,
        "temps_min": 2.7,
        "voie_dom": "primary",
        "veh_origine": 19
      }
    },
    {
      "type": "Feature",
      "geometry": {
        "type": "LineString",
        "coordinates": [
          [
            4.495259,
            43.8262119
          ],
          [
            4.4955515,
            43.8260362
          ],
          [
            4.4956002,
            43.8259435
          ],
          [
            4.4958747,
            43.8258325
          ],
          [
            4.4961524,
            43.8259324
          ],
          [
            4.4961854,
            43.8261737
          ],
          [
            4.4960506,
            43.8262813
          ],
          [
            4.4958597,
            43.826611
          ],
          [
            4.4959698,
            43.8275536
          ],
          [
            4.495989,
            43.8277739
          ],
          [
            4.4960565,
            43.8285555
          ],
          [
            4.4960628,
            43.8286129
          ],
          [
            4.4964185,
            43.830054
          ],
          [
            4.4964876,
            43.8302627
          ],
          [
            4.4965621,
            43.8304325
          ],
          [
            4.4967451,
            43.8308012
          ],
          [
            4.4968494,
            43.8310386
          ],
          [
            4.4964748,
            43.8311449
          ],
          [
            4.4963408,
            43.8315362
          ],
          [
            4.4963344,
            43.8317947
          ],
          [
            4.4963273,
            43.8321912
          ],
          [
            4.4962492,
            43.832317
          ],
          [
            4.4962575,
            43.8324595
          ],
          [
            4.4963096,
            43.8326787
          ],
          [
            4.4963436,
            43.8329072
          ],
          [
            4.4964045,
            43.8333292
          ],
          [
            4.4964519,
            43.8336285
          ],
          [
            4.4967764,
            43.834146
          ],
          [
            4.4971831,
            43.8350138
          ],
          [
            4.4972985,
            43.8356184
          ],
          [
            4.4974389,
            43.8362542
          ],
          [
            4.497549,
            43.8366298
          ],
          [
            4.4965965,
            43.8367492
          ]
        ]
      },
      "properties": {
        "parking_id": "PKC_019",
        "origine_id": "ORI_030",
        "distance_m": 1420,
        "temps_min": 2.3,
        "voie_dom": "primary",
        "veh_origine": 7
      }
    },
    {
      "type": "Feature",
      "geometry": {
        "type": "LineString",
        "coordinates": [
          [
            4.495259,
            43.8262119
          ],
          [
            4.4955515,
            43.8260362
          ],
          [
            4.4956002,
            43.8259435
          ],
          [
            4.4958747,
            43.8258325
          ],
          [
            4.4961524,
            43.8259324
          ],
          [
            4.4961854,
            43.8261737
          ],
          [
            4.4960506,
            43.8262813
          ],
          [
            4.4958597,
            43.826611
          ],
          [
            4.4959698,
            43.8275536
          ],
          [
            4.495989,
            43.8277739
          ],
          [
            4.4960565,
            43.8285555
          ],
          [
            4.4960628,
            43.8286129
          ],
          [
            4.4964185,
            43.830054
          ],
          [
            4.4964876,
            43.8302627
          ],
          [
            4.4965621,
            43.8304325
          ],
          [
            4.4967451,
            43.8308012
          ],
          [
            4.4968494,
            43.8310386
          ],
          [
            4.4964748,
            43.8311449
          ],
          [
            4.4963408,
            43.8315362
          ],
          [
            4.4963344,
            43.8317947
          ],
          [
            4.4963273,
            43.8321912
          ],
          [
            4.4962492,
            43.832317
          ],
          [
            4.4962575,
            43.8324595
          ],
          [
            4.4963096,
            43.8326787
          ],
          [
            4.4963436,
            43.8329072
          ],
          [
            4.4957189,
            43.8330153
          ],
          [
            4.4956073,
            43.8331685
          ],
          [
            4.4950011,
            43.8333791
          ],
          [
            4.4945384,
            43.8335197
          ],
          [
            4.4940413,
            43.8336111
          ],
          [
            4.4939379,
            43.8336774
          ],
          [
            4.4939009,
            43.833648
          ],
          [
            4.4939602,
            43.8335756
          ],
          [
            4.4936854,
            43.8324266
          ],
          [
            4.4931821,
            43.8319114
          ]
        ]
      },
      "properties": {
        "parking_id": "PKC_019",
        "origine_id": "ORI_039",
        "distance_m": 1361,
        "temps_min": 2.1,
        "voie_dom": "primary",
        "veh_origine": 6
      }
    },
    {
      "type": "Feature",
      "geometry": {
        "type": "LineString",
        "coordinates": [
          [
            4.495259,
            43.8262119
          ],
          [
            4.4955515,
            43.8260362
          ],
          [
            4.4956002,
            43.8259435
          ],
          [
            4.4955244,
            43.8255328
          ],
          [
            4.4953692,
            43.8251977
          ],
          [
            4.4939503,
            43.8228994
          ],
          [
            4.4923549,
            43.8206698
          ],
          [
            4.4920033,
            43.8204898
          ],
          [
            4.491926,
            43.820503
          ],
          [
            4.4917063,
            43.8204554
          ],
          [
            4.4916281,
            43.8203852
          ],
          [
            4.4916019,
            43.8202443
          ],
          [
            4.4913423,
            43.8199125
          ],
          [
            4.4900472,
            43.8186345
          ],
          [
            4.4889431,
            43.8174259
          ],
          [
            4.4870637,
            43.8150717
          ],
          [
            4.4867833,
            43.8148233
          ],
          [
            4.4867191,
            43.8148062
          ],
          [
            4.4863624,
            43.8149233
          ],
          [
            4.4853215,
            43.8161855
          ],
          [
            4.484423,
            43.817986
          ],
          [
            4.4844956,
            43.8180557
          ],
          [
            4.4844073,
            43.8181334
          ],
          [
            4.4842891,
            43.8180799
          ],
          [
            4.4827089,
            43.8185284
          ],
          [
            4.4825925,
            43.8185678
          ],
          [
            4.4819289,
            43.8187852
          ],
          [
            4.4804931,
            43.8190351
          ],
          [
            4.480089,
            43.8189551
          ],
          [
            4.4786033,
            43.818718
          ],
          [
            4.4785795,
            43.8191035
          ],
          [
            4.4785192,
            43.8197704
          ],
          [
            4.4784765,
            43.8202219
          ]
        ]
      },
      "properties": {
        "parking_id": "PKC_019",
        "origine_id": "ORI_003",
        "distance_m": 2590,
        "temps_min": 3.7,
        "voie_dom": "primary",
        "veh_origine": 4
      }
    },
    {
      "type": "Feature",
      "geometry": {
        "type": "LineString",
        "coordinates": [
          [
            4.495259,
            43.8262119
          ],
          [
            4.4955515,
            43.8260362
          ],
          [
            4.4956002,
            43.8259435
          ],
          [
            4.4958747,
            43.8258325
          ],
          [
            4.4961524,
            43.8259324
          ],
          [
            4.4961854,
            43.8261737
          ],
          [
            4.4960506,
            43.8262813
          ],
          [
            4.4958597,
            43.826611
          ],
          [
            4.4959698,
            43.8275536
          ],
          [
            4.495989,
            43.8277739
          ],
          [
            4.4960565,
            43.8285555
          ],
          [
            4.4960628,
            43.8286129
          ],
          [
            4.4964185,
            43.830054
          ],
          [
            4.4964876,
            43.8302627
          ],
          [
            4.4965621,
            43.8304325
          ],
          [
            4.4967451,
            43.8308012
          ],
          [
            4.4968494,
            43.8310386
          ],
          [
            4.4964748,
            43.8311449
          ],
          [
            4.4963408,
            43.8315362
          ],
          [
            4.4963344,
            43.8317947
          ],
          [
            4.4963273,
            43.8321912
          ],
          [
            4.4962492,
            43.832317
          ],
          [
            4.4962575,
            43.8324595
          ],
          [
            4.4963096,
            43.8326787
          ],
          [
            4.4963436,
            43.8329072
          ],
          [
            4.4957189,
            43.8330153
          ],
          [
            4.4956073,
            43.8331685
          ],
          [
            4.4950011,
            43.8333791
          ],
          [
            4.4945384,
            43.8335197
          ],
          [
            4.4940413,
            43.8336111
          ],
          [
            4.4939379,
            43.8336774
          ],
          [
            4.4939009,
            43.833648
          ],
          [
            4.4932128,
            43.833704
          ],
          [
            4.4918093,
            43.8337417
          ],
          [
            4.4908758,
            43.833773
          ],
          [
            4.4840329,
            43.8340457
          ]
        ]
      },
      "properties": {
        "parking_id": "PKC_019",
        "origine_id": "ORI_013",
        "distance_m": 1934,
        "temps_min": 3.3,
        "voie_dom": "primary",
        "veh_origine": 4
      }
    },
    {
      "type": "Feature",
      "geometry": {
        "type": "LineString",
        "coordinates": [
          [
            4.495259,
            43.8262119
          ],
          [
            4.4955515,
            43.8260362
          ],
          [
            4.4956002,
            43.8259435
          ],
          [
            4.4958747,
            43.8258325
          ],
          [
            4.4961524,
            43.8259324
          ],
          [
            4.4961854,
            43.8261737
          ],
          [
            4.4960506,
            43.8262813
          ],
          [
            4.4958597,
            43.826611
          ],
          [
            4.4959698,
            43.8275536
          ],
          [
            4.495989,
            43.8277739
          ],
          [
            4.4960565,
            43.8285555
          ],
          [
            4.4960628,
            43.8286129
          ],
          [
            4.4964185,
            43.830054
          ],
          [
            4.4964876,
            43.8302627
          ],
          [
            4.4965621,
            43.8304325
          ],
          [
            4.4967451,
            43.8308012
          ],
          [
            4.4968494,
            43.8310386
          ],
          [
            4.4964748,
            43.8311449
          ],
          [
            4.4963408,
            43.8315362
          ],
          [
            4.4963344,
            43.8317947
          ],
          [
            4.4963273,
            43.8321912
          ],
          [
            4.4962492,
            43.832317
          ],
          [
            4.4962575,
            43.8324595
          ],
          [
            4.4963096,
            43.8326787
          ],
          [
            4.4963436,
            43.8329072
          ],
          [
            4.4957189,
            43.8330153
          ],
          [
            4.4956073,
            43.8331685
          ],
          [
            4.4950011,
            43.8333791
          ],
          [
            4.4945384,
            43.8335197
          ],
          [
            4.4940413,
            43.8336111
          ],
          [
            4.4939379,
            43.8336774
          ],
          [
            4.4939009,
            43.833648
          ],
          [
            4.4932128,
            43.833704
          ],
          [
            4.4918093,
            43.8337417
          ],
          [
            4.4908758,
            43.833773
          ],
          [
            4.4840329,
            43.8340457
          ]
        ]
      },
      "properties": {
        "parking_id": "PKC_019",
        "origine_id": "ORI_022",
        "distance_m": 1934,
        "temps_min": 3.3,
        "voie_dom": "primary",
        "veh_origine": 4
      }
    },
    {
      "type": "Feature",
      "geometry": {
        "type": "LineString",
        "coordinates": [
          [
            4.495259,
            43.8262119
          ],
          [
            4.4894097,
            43.8267769
          ],
          [
            4.4890082,
            43.8268171
          ],
          [
            4.4810674,
            43.827604
          ],
          [
            4.4804137,
            43.8277782
          ],
          [
            4.4802925,
            43.8279172
          ],
          [
            4.4800308,
            43.8279988
          ],
          [
            4.4798411,
            43.827978
          ],
          [
            4.4667737,
            43.8291428
          ],
          [
            4.4665303,
            43.8292398
          ],
          [
            4.4662141,
            43.8291864
          ],
          [
            4.4660425,
            43.8289149
          ],
          [
            4.4663802,
            43.8286442
          ],
          [
            4.4666627,
            43.8283198
          ],
          [
            4.4666749,
            43.8282168
          ],
          [
            4.4757613,
            43.8262427
          ]
        ]
      },
      "properties": {
        "parking_id": "PKC_019",
        "origine_id": "ORI_015",
        "distance_m": 3504,
        "temps_min": 5.3,
        "voie_dom": "primary",
        "veh_origine": 3
      }
    },
    {
      "type": "Feature",
      "geometry": {
        "type": "LineString",
        "coordinates": [
          [
            4.495259,
            43.8262119
          ],
          [
            4.4894097,
            43.8267769
          ],
          [
            4.4890082,
            43.8268171
          ],
          [
            4.4810674,
            43.827604
          ],
          [
            4.4804137,
            43.8277782
          ],
          [
            4.4802925,
            43.8279172
          ],
          [
            4.4800308,
            43.8279988
          ],
          [
            4.4798411,
            43.827978
          ],
          [
            4.4796322,
            43.8278531
          ],
          [
            4.4795931,
            43.8275782
          ],
          [
            4.4793671,
            43.8274742
          ],
          [
            4.4792341,
            43.8274795
          ],
          [
            4.4781061,
            43.827651
          ],
          [
            4.4750434,
            43.8286931
          ],
          [
            4.4752789,
            43.828193
          ],
          [
            4.4791133,
            43.8257106
          ],
          [
            4.4785365,
            43.8248727
          ],
          [
            4.4783932,
            43.8246535
          ],
          [
            4.4781501,
            43.824303
          ],
          [
            4.4776117,
            43.8235267
          ]
        ]
      },
      "properties": {
        "parking_id": "PKC_019",
        "origine_id": "ORI_027",
        "distance_m": 2625,
        "temps_min": 4.5,
        "voie_dom": "primary",
        "veh_origine": 3
      }
    },
    {
      "type": "Feature",
      "geometry": {
        "type": "LineString",
        "coordinates": [
          [
            4.495259,
            43.8262119
          ],
          [
            4.4894097,
            43.8267769
          ],
          [
            4.4890082,
            43.8268171
          ],
          [
            4.4888534,
            43.8263593
          ],
          [
            4.4884619,
            43.8264006
          ]
        ]
      },
      "properties": {
        "parking_id": "PKC_019",
        "origine_id": "ORI_034",
        "distance_m": 591,
        "temps_min": 0.8,
        "voie_dom": "primary",
        "veh_origine": 3
      }
    },
    {
      "type": "Feature",
      "geometry": {
        "type": "LineString",
        "coordinates": [
          [
            4.495259,
            43.8262119
          ],
          [
            4.4955515,
            43.8260362
          ],
          [
            4.4956002,
            43.8259435
          ],
          [
            4.4958747,
            43.8258325
          ],
          [
            4.4961524,
            43.8259324
          ],
          [
            4.4961854,
            43.8261737
          ],
          [
            4.4960506,
            43.8262813
          ],
          [
            4.4958597,
            43.826611
          ],
          [
            4.4959698,
            43.8275536
          ],
          [
            4.495989,
            43.8277739
          ],
          [
            4.4960565,
            43.8285555
          ],
          [
            4.4960628,
            43.8286129
          ],
          [
            4.4964185,
            43.830054
          ],
          [
            4.4964876,
            43.8302627
          ],
          [
            4.4965621,
            43.8304325
          ],
          [
            4.4967451,
            43.8308012
          ],
          [
            4.4968494,
            43.8310386
          ],
          [
            4.4964748,
            43.8311449
          ],
          [
            4.4963408,
            43.8315362
          ],
          [
            4.4963344,
            43.8317947
          ],
          [
            4.4963273,
            43.8321912
          ],
          [
            4.4962492,
            43.832317
          ],
          [
            4.4962575,
            43.8324595
          ],
          [
            4.4963096,
            43.8326787
          ],
          [
            4.4963436,
            43.8329072
          ],
          [
            4.4957189,
            43.8330153
          ],
          [
            4.4956073,
            43.8331685
          ],
          [
            4.4950011,
            43.8333791
          ],
          [
            4.4945384,
            43.8335197
          ],
          [
            4.4940413,
            43.8336111
          ],
          [
            4.4939379,
            43.8336774
          ],
          [
            4.4937461,
            43.8342775
          ],
          [
            4.4937087,
            43.8346667
          ],
          [
            4.4936846,
            43.8351114
          ],
          [
            4.4933524,
            43.8357545
          ],
          [
            4.4933755,
            43.8359605
          ],
          [
            4.4934165,
            43.8363261
          ],
          [
            4.4933995,
            43.8363843
          ]
        ]
      },
      "properties": {
        "parking_id": "PKC_019",
        "origine_id": "ORI_035",
        "distance_m": 1442,
        "temps_min": 2.3,
        "voie_dom": "primary",
        "veh_origine": 2
      }
    },
    {
      "type": "Feature",
      "geometry": {
        "type": "LineString",
        "coordinates": [
          [
            4.495259,
            43.8262119
          ],
          [
            4.4894097,
            43.8267769
          ],
          [
            4.4890082,
            43.8268171
          ],
          [
            4.4810674,
            43.827604
          ],
          [
            4.4804137,
            43.8277782
          ],
          [
            4.4802925,
            43.8279172
          ],
          [
            4.4800308,
            43.8279988
          ],
          [
            4.4798411,
            43.827978
          ],
          [
            4.4796322,
            43.8278531
          ],
          [
            4.4795931,
            43.8275782
          ],
          [
            4.4793671,
            43.8274742
          ],
          [
            4.4792341,
            43.8274795
          ],
          [
            4.4781061,
            43.827651
          ],
          [
            4.4750434,
            43.8286931
          ],
          [
            4.4752789,
            43.828193
          ],
          [
            4.4791133,
            43.8257106
          ],
          [
            4.4785365,
            43.8248727
          ],
          [
            4.4783932,
            43.8246535
          ],
          [
            4.4782941,
            43.8247235
          ],
          [
            4.4772863,
            43.8242391
          ]
        ]
      },
      "properties": {
        "parking_id": "PKC_019",
        "origine_id": "ORI_002",
        "distance_m": 2613,
        "temps_min": 4.5,
        "voie_dom": "primary",
        "veh_origine": 1
      }
    },
    {
      "type": "Feature",
      "geometry": {
        "type": "LineString",
        "coordinates": [
          [
            4.495259,
            43.8262119
          ],
          [
            4.4955515,
            43.8260362
          ],
          [
            4.4956002,
            43.8259435
          ],
          [
            4.4955244,
            43.8255328
          ],
          [
            4.4953692,
            43.8251977
          ],
          [
            4.4939503,
            43.8228994
          ],
          [
            4.4923549,
            43.8206698
          ],
          [
            4.4920033,
            43.8204898
          ],
          [
            4.491926,
            43.820503
          ],
          [
            4.4917063,
            43.8204554
          ],
          [
            4.4916281,
            43.8203852
          ],
          [
            4.4916019,
            43.8202443
          ],
          [
            4.4913423,
            43.8199125
          ],
          [
            4.4900472,
            43.8186345
          ],
          [
            4.4889431,
            43.8174259
          ],
          [
            4.4870637,
            43.8150717
          ],
          [
            4.4867833,
            43.8148233
          ],
          [
            4.4867191,
            43.8148062
          ],
          [
            4.4863624,
            43.8149233
          ],
          [
            4.4853215,
            43.8161855
          ],
          [
            4.484423,
            43.817986
          ],
          [
            4.4844956,
            43.8180557
          ],
          [
            4.4844073,
            43.8181334
          ],
          [
            4.4842891,
            43.8180799
          ],
          [
            4.4827089,
            43.8185284
          ],
          [
            4.4825925,
            43.8185678
          ],
          [
            4.4819289,
            43.8187852
          ],
          [
            4.4804931,
            43.8190351
          ],
          [
            4.4808285,
            43.82001
          ]
        ]
      },
      "properties": {
        "parking_id": "PKC_019",
        "origine_id": "ORI_026",
        "distance_m": 2378,
        "temps_min": 3.4,
        "voie_dom": "primary",
        "veh_origine": 1
      }
    },
    {
      "type": "Feature",
      "geometry": {
        "type": "LineString",
        "coordinates": [
          [
            4.495259,
            43.8262119
          ],
          [
            4.4955515,
            43.8260362
          ],
          [
            4.4956002,
            43.8259435
          ],
          [
            4.4955244,
            43.8255328
          ],
          [
            4.4953692,
            43.8251977
          ],
          [
            4.4939503,
            43.8228994
          ],
          [
            4.4923549,
            43.8206698
          ],
          [
            4.4920033,
            43.8204898
          ],
          [
            4.491926,
            43.820503
          ],
          [
            4.4917063,
            43.8204554
          ],
          [
            4.4916281,
            43.8203852
          ],
          [
            4.4916019,
            43.8202443
          ],
          [
            4.4913423,
            43.8199125
          ],
          [
            4.4900472,
            43.8186345
          ],
          [
            4.4886735,
            43.8193728
          ],
          [
            4.4886661,
            43.819497
          ],
          [
            4.4884636,
            43.8195149
          ],
          [
            4.4858473,
            43.8206467
          ],
          [
            4.4847234,
            43.8209583
          ]
        ]
      },
      "properties": {
        "parking_id": "PKC_019",
        "origine_id": "ORI_028",
        "distance_m": 1505,
        "temps_min": 2.3,
        "voie_dom": "primary",
        "veh_origine": 1
      }
    },
    {
      "type": "Feature",
      "geometry": {
        "type": "LineString",
        "coordinates": [
          [
            4.495259,
            43.8262119
          ],
          [
            4.4955515,
            43.8260362
          ],
          [
            4.4956002,
            43.8259435
          ],
          [
            4.4958747,
            43.8258325
          ],
          [
            4.4961524,
            43.8259324
          ],
          [
            4.4961854,
            43.8261737
          ],
          [
            4.4960506,
            43.8262813
          ],
          [
            4.4958597,
            43.826611
          ],
          [
            4.4959698,
            43.8275536
          ],
          [
            4.495989,
            43.8277739
          ],
          [
            4.4960565,
            43.8285555
          ],
          [
            4.4960628,
            43.8286129
          ],
          [
            4.4964185,
            43.830054
          ],
          [
            4.4964876,
            43.8302627
          ],
          [
            4.4965621,
            43.8304325
          ],
          [
            4.4967451,
            43.8308012
          ],
          [
            4.4968494,
            43.8310386
          ],
          [
            4.4964748,
            43.8311449
          ],
          [
            4.4963408,
            43.8315362
          ],
          [
            4.4963344,
            43.8317947
          ],
          [
            4.4963273,
            43.8321912
          ],
          [
            4.4962492,
            43.832317
          ],
          [
            4.4962575,
            43.8324595
          ],
          [
            4.4963096,
            43.8326787
          ],
          [
            4.4963436,
            43.8329072
          ],
          [
            4.4957189,
            43.8330153
          ],
          [
            4.4956073,
            43.8331685
          ],
          [
            4.4950011,
            43.8333791
          ],
          [
            4.4945384,
            43.8335197
          ],
          [
            4.4940413,
            43.8336111
          ],
          [
            4.4939379,
            43.8336774
          ],
          [
            4.4939009,
            43.833648
          ],
          [
            4.4932128,
            43.833704
          ],
          [
            4.4918571,
            43.8330336
          ],
          [
            4.4910297,
            43.8321233
          ]
        ]
      },
      "properties": {
        "parking_id": "PKC_019",
        "origine_id": "ORI_032",
        "distance_m": 1522,
        "temps_min": 2.4,
        "voie_dom": "primary",
        "veh_origine": 1
      }
    },
    {
      "type": "Feature",
      "geometry": {
        "type": "LineString",
        "coordinates": [
          [
            4.495259,
            43.8262119
          ],
          [
            4.4955515,
            43.8260362
          ],
          [
            4.4956002,
            43.8259435
          ],
          [
            4.4958747,
            43.8258325
          ],
          [
            4.4961524,
            43.8259324
          ],
          [
            4.4961854,
            43.8261737
          ],
          [
            4.4960506,
            43.8262813
          ],
          [
            4.4958597,
            43.826611
          ],
          [
            4.4959698,
            43.8275536
          ],
          [
            4.495989,
            43.8277739
          ],
          [
            4.4960565,
            43.8285555
          ],
          [
            4.4960628,
            43.8286129
          ],
          [
            4.4964185,
            43.830054
          ],
          [
            4.4964876,
            43.8302627
          ],
          [
            4.4965621,
            43.8304325
          ],
          [
            4.4967451,
            43.8308012
          ],
          [
            4.4968494,
            43.8310386
          ],
          [
            4.4964748,
            43.8311449
          ],
          [
            4.4963408,
            43.8315362
          ],
          [
            4.4963344,
            43.8317947
          ],
          [
            4.4963273,
            43.8321912
          ],
          [
            4.4962492,
            43.832317
          ],
          [
            4.4962575,
            43.8324595
          ],
          [
            4.4963096,
            43.8326787
          ],
          [
            4.4963436,
            43.8329072
          ],
          [
            4.4957189,
            43.8330153
          ],
          [
            4.4956073,
            43.8331685
          ],
          [
            4.4950011,
            43.8333791
          ],
          [
            4.4945384,
            43.8335197
          ],
          [
            4.4940413,
            43.8336111
          ],
          [
            4.4939379,
            43.8336774
          ],
          [
            4.4937461,
            43.8342775
          ],
          [
            4.4937087,
            43.8346667
          ],
          [
            4.4936846,
            43.8351114
          ],
          [
            4.4933524,
            43.8357545
          ],
          [
            4.4933755,
            43.8359605
          ],
          [
            4.4934165,
            43.8363261
          ],
          [
            4.4933995,
            43.8363843
          ],
          [
            4.4917476,
            43.8366506
          ]
        ]
      },
      "properties": {
        "parking_id": "PKC_019",
        "origine_id": "ORI_033",
        "distance_m": 1577,
        "temps_min": 2.6,
        "voie_dom": "primary",
        "veh_origine": 1
      }
    },
    {
      "type": "Feature",
      "geometry": {
        "type": "LineString",
        "coordinates": [
          [
            4.495259,
            43.8262119
          ],
          [
            4.4955515,
            43.8260362
          ],
          [
            4.4956002,
            43.8259435
          ],
          [
            4.4958747,
            43.8258325
          ],
          [
            4.4961524,
            43.8259324
          ],
          [
            4.4961854,
            43.8261737
          ],
          [
            4.4960506,
            43.8262813
          ],
          [
            4.4958597,
            43.826611
          ],
          [
            4.4959698,
            43.8275536
          ],
          [
            4.495989,
            43.8277739
          ],
          [
            4.4950176,
            43.827828
          ],
          [
            4.4944285,
            43.828902
          ],
          [
            4.4943634,
            43.8289961
          ],
          [
            4.4928104,
            43.8290887
          ],
          [
            4.4932646,
            43.8298843
          ],
          [
            4.4934921,
            43.8303752
          ],
          [
            4.4935751,
            43.8304696
          ],
          [
            4.493419,
            43.830458
          ],
          [
            4.491725,
            43.8302369
          ],
          [
            4.4915925,
            43.8303079
          ],
          [
            4.4915477,
            43.8302428
          ],
          [
            4.4916391,
            43.8301863
          ],
          [
            4.4888426,
            43.8294154
          ],
          [
            4.4878382,
            43.8291331
          ],
          [
            4.4875825,
            43.8290539
          ]
        ]
      },
      "properties": {
        "parking_id": "PKC_019",
        "origine_id": "ORI_036",
        "distance_m": 1378,
        "temps_min": 2.5,
        "voie_dom": "primary",
        "veh_origine": 1
      }
    },
    {
      "type": "Feature",
      "geometry": {
        "type": "LineString",
        "coordinates": [
          [
            4.495259,
            43.8262119
          ],
          [
            4.4955515,
            43.8260362
          ],
          [
            4.4956002,
            43.8259435
          ],
          [
            4.4958747,
            43.8258325
          ],
          [
            4.4961524,
            43.8259324
          ],
          [
            4.4961854,
            43.8261737
          ],
          [
            4.4960506,
            43.8262813
          ],
          [
            4.4958597,
            43.826611
          ],
          [
            4.4959698,
            43.8275536
          ],
          [
            4.495989,
            43.8277739
          ],
          [
            4.4960565,
            43.8285555
          ],
          [
            4.4960628,
            43.8286129
          ],
          [
            4.4964185,
            43.830054
          ],
          [
            4.4964876,
            43.8302627
          ],
          [
            4.4965621,
            43.8304325
          ],
          [
            4.4967451,
            43.8308012
          ],
          [
            4.4968494,
            43.8310386
          ],
          [
            4.4964748,
            43.8311449
          ],
          [
            4.4963408,
            43.8315362
          ],
          [
            4.4963344,
            43.8317947
          ],
          [
            4.4963273,
            43.8321912
          ],
          [
            4.4962492,
            43.832317
          ],
          [
            4.4962575,
            43.8324595
          ],
          [
            4.4963096,
            43.8326787
          ],
          [
            4.4963436,
            43.8329072
          ],
          [
            4.4957189,
            43.8330153
          ],
          [
            4.4956073,
            43.8331685
          ],
          [
            4.4950011,
            43.8333791
          ],
          [
            4.4945384,
            43.8335197
          ],
          [
            4.4940413,
            43.8336111
          ],
          [
            4.4939379,
            43.8336774
          ],
          [
            4.4937461,
            43.8342775
          ],
          [
            4.4937087,
            43.8346667
          ],
          [
            4.4936846,
            43.8351114
          ],
          [
            4.4933524,
            43.8357545
          ],
          [
            4.490921,
            43.8360101
          ]
        ]
      },
      "properties": {
        "parking_id": "PKC_019",
        "origine_id": "ORI_037",
        "distance_m": 1568,
        "temps_min": 2.5,
        "voie_dom": "primary",
        "veh_origine": 1
      }
    },
    {
      "type": "Feature",
      "geometry": {
        "type": "LineString",
        "coordinates": [
          [
            4.495259,
            43.8262119
          ],
          [
            4.4955515,
            43.8260362
          ],
          [
            4.4956002,
            43.8259435
          ],
          [
            4.4958747,
            43.8258325
          ],
          [
            4.4961524,
            43.8259324
          ],
          [
            4.4961854,
            43.8261737
          ],
          [
            4.4960506,
            43.8262813
          ],
          [
            4.4958597,
            43.826611
          ],
          [
            4.4959698,
            43.8275536
          ],
          [
            4.495989,
            43.8277739
          ],
          [
            4.4960565,
            43.8285555
          ],
          [
            4.4960628,
            43.8286129
          ],
          [
            4.4964185,
            43.830054
          ],
          [
            4.4964876,
            43.8302627
          ],
          [
            4.4965621,
            43.8304325
          ],
          [
            4.4967451,
            43.8308012
          ],
          [
            4.4968494,
            43.8310386
          ],
          [
            4.4964748,
            43.8311449
          ],
          [
            4.4963408,
            43.8315362
          ],
          [
            4.4963344,
            43.8317947
          ],
          [
            4.4963273,
            43.8321912
          ],
          [
            4.4962492,
            43.832317
          ],
          [
            4.4962575,
            43.8324595
          ],
          [
            4.4963096,
            43.8326787
          ],
          [
            4.4963436,
            43.8329072
          ],
          [
            4.4957189,
            43.8330153
          ],
          [
            4.4956073,
            43.8331685
          ],
          [
            4.4950011,
            43.8333791
          ],
          [
            4.4945384,
            43.8335197
          ],
          [
            4.4940413,
            43.8336111
          ],
          [
            4.4939379,
            43.8336774
          ],
          [
            4.4939009,
            43.833648
          ],
          [
            4.4932128,
            43.833704
          ],
          [
            4.4918093,
            43.8337417
          ],
          [
            4.4908758,
            43.833773
          ],
          [
            4.4908222,
            43.83345
          ],
          [
            4.4902664,
            43.8309959
          ]
        ]
      },
      "properties": {
        "parking_id": "PKC_019",
        "origine_id": "ORI_038",
        "distance_m": 1728,
        "temps_min": 2.9,
        "voie_dom": "primary",
        "veh_origine": 1
      }
    },
    {
      "type": "Feature",
      "geometry": {
        "type": "LineString",
        "coordinates": [
          [
            4.4713552,
            43.8137998
          ],
          [
            4.4699416,
            43.8150312
          ],
          [
            4.46984,
            43.815142
          ],
          [
            4.469498,
            43.8154889
          ],
          [
            4.469524,
            43.8156214
          ],
          [
            4.4698224,
            43.8171717
          ],
          [
            4.469779,
            43.8178162
          ],
          [
            4.4702065,
            43.8184803
          ],
          [
            4.4702105,
            43.818654
          ],
          [
            4.4701163,
            43.8191219
          ],
          [
            4.4699835,
            43.8192155
          ],
          [
            4.4698495,
            43.8194146
          ],
          [
            4.4697339,
            43.8195864
          ],
          [
            4.469104,
            43.8203536
          ],
          [
            4.4689408,
            43.821549
          ],
          [
            4.4666972,
            43.8280233
          ],
          [
            4.4666749,
            43.8282168
          ],
          [
            4.4666627,
            43.8283198
          ],
          [
            4.4667982,
            43.8287617
          ],
          [
            4.466843,
            43.8288169
          ],
          [
            4.4796322,
            43.8278531
          ],
          [
            4.4795931,
            43.8275782
          ],
          [
            4.479667,
            43.8274864
          ],
          [
            4.4800344,
            43.8273754
          ],
          [
            4.480386,
            43.827546
          ],
          [
            4.4810674,
            43.827604
          ]
        ]
      },
      "properties": {
        "parking_id": "PKC_021",
        "origine_id": "ORI_004",
        "distance_m": 3102,
        "temps_min": 4.3,
        "voie_dom": "primary",
        "veh_origine": 36
      }
    },
    {
      "type": "Feature",
      "geometry": {
        "type": "LineString",
        "coordinates": [
          [
            4.4713552,
            43.8137998
          ],
          [
            4.4699416,
            43.8150312
          ],
          [
            4.46984,
            43.815142
          ],
          [
            4.469498,
            43.8154889
          ],
          [
            4.4681534,
            43.8161592
          ],
          [
            4.4668676,
            43.8164952
          ],
          [
            4.4667838,
            43.816574
          ],
          [
            4.4663315,
            43.8164395
          ],
          [
            4.4659655,
            43.8166225
          ],
          [
            4.4656163,
            43.8167021
          ],
          [
            4.4648758,
            43.8168889
          ],
          [
            4.4638034,
            43.8171937
          ],
          [
            4.4628021,
            43.8176821
          ],
          [
            4.4612346,
            43.8186662
          ],
          [
            4.4617245,
            43.8197734
          ],
          [
            4.4620327,
            43.8203597
          ],
          [
            4.4569925,
            43.8212322
          ]
        ]
      },
      "properties": {
        "parking_id": "PKC_021",
        "origine_id": "ORI_006",
        "distance_m": 1642,
        "temps_min": 2.5,
        "voie_dom": "tertiary",
        "veh_origine": 11
      }
    },
    {
      "type": "Feature",
      "geometry": {
        "type": "LineString",
        "coordinates": [
          [
            4.4713552,
            43.8137998
          ],
          [
            4.4699416,
            43.8150312
          ],
          [
            4.46984,
            43.815142
          ],
          [
            4.469498,
            43.8154889
          ],
          [
            4.469524,
            43.8156214
          ],
          [
            4.4698224,
            43.8171717
          ],
          [
            4.469779,
            43.8178162
          ],
          [
            4.4702065,
            43.8184803
          ],
          [
            4.4702105,
            43.818654
          ],
          [
            4.4701163,
            43.8191219
          ],
          [
            4.4699835,
            43.8192155
          ],
          [
            4.4698495,
            43.8194146
          ],
          [
            4.4697339,
            43.8195864
          ],
          [
            4.469104,
            43.8203536
          ],
          [
            4.4677541,
            43.8205044
          ],
          [
            4.4657119,
            43.8208429
          ]
        ]
      },
      "properties": {
        "parking_id": "PKC_021",
        "origine_id": "ORI_007",
        "distance_m": 1098,
        "temps_min": 1.8,
        "voie_dom": "tertiary",
        "veh_origine": 11
      }
    },
    {
      "type": "Feature",
      "geometry": {
        "type": "LineString",
        "coordinates": [
          [
            4.4713552,
            43.8137998
          ],
          [
            4.4699416,
            43.8150312
          ],
          [
            4.46984,
            43.815142
          ],
          [
            4.469498,
            43.8154889
          ],
          [
            4.469524,
            43.8156214
          ],
          [
            4.4698224,
            43.8171717
          ],
          [
            4.469779,
            43.8178162
          ],
          [
            4.4702065,
            43.8184803
          ],
          [
            4.4702105,
            43.818654
          ],
          [
            4.4701163,
            43.8191219
          ],
          [
            4.4699835,
            43.8192155
          ],
          [
            4.4698495,
            43.8194146
          ],
          [
            4.4697339,
            43.8195864
          ],
          [
            4.469104,
            43.8203536
          ],
          [
            4.4689408,
            43.821549
          ],
          [
            4.4666972,
            43.8280233
          ]
        ]
      },
      "properties": {
        "parking_id": "PKC_021",
        "origine_id": "ORI_016",
        "distance_m": 1699,
        "temps_min": 2.5,
        "voie_dom": "tertiary",
        "veh_origine": 10
      }
    },
    {
      "type": "Feature",
      "geometry": {
        "type": "LineString",
        "coordinates": [
          [
            4.4713552,
            43.8137998
          ],
          [
            4.4699416,
            43.8150312
          ],
          [
            4.46984,
            43.815142
          ],
          [
            4.469498,
            43.8154889
          ],
          [
            4.469524,
            43.8156214
          ],
          [
            4.4698224,
            43.8171717
          ],
          [
            4.469779,
            43.8178162
          ],
          [
            4.4702065,
            43.8184803
          ],
          [
            4.4710476,
            43.8183734
          ],
          [
            4.4719344,
            43.8182975
          ],
          [
            4.4719714,
            43.8186723
          ],
          [
            4.4721882,
            43.8186497
          ],
          [
            4.4724102,
            43.818564
          ],
          [
            4.4733559,
            43.8184699
          ],
          [
            4.4735963,
            43.8184701
          ],
          [
            4.4736416,
            43.8185173
          ],
          [
            4.4737471,
            43.818733
          ],
          [
            4.4739654,
            43.8190273
          ],
          [
            4.4745283,
            43.8190713
          ],
          [
            4.4749518,
            43.819671
          ],
          [
            4.4763044,
            43.8216525
          ],
          [
            4.4766771,
            43.8221793
          ],
          [
            4.4776117,
            43.8235267
          ],
          [
            4.4781501,
            43.824303
          ],
          [
            4.4783932,
            43.8246535
          ],
          [
            4.4785365,
            43.8248727
          ],
          [
            4.4791133,
            43.8257106
          ],
          [
            4.4752789,
            43.828193
          ],
          [
            4.4712746,
            43.8292235
          ]
        ]
      },
      "properties": {
        "parking_id": "PKC_021",
        "origine_id": "ORI_008",
        "distance_m": 2713,
        "temps_min": 5.0,
        "voie_dom": "tertiary",
        "veh_origine": 9
      }
    },
    {
      "type": "Feature",
      "geometry": {
        "type": "LineString",
        "coordinates": [
          [
            4.4713552,
            43.8137998
          ],
          [
            4.4699416,
            43.8150312
          ],
          [
            4.46984,
            43.815142
          ],
          [
            4.469498,
            43.8154889
          ],
          [
            4.469524,
            43.8156214
          ],
          [
            4.4698224,
            43.8171717
          ],
          [
            4.469779,
            43.8178162
          ],
          [
            4.4702065,
            43.8184803
          ],
          [
            4.4710476,
            43.8183734
          ],
          [
            4.4719344,
            43.8182975
          ],
          [
            4.4719714,
            43.8186723
          ],
          [
            4.4721882,
            43.8186497
          ],
          [
            4.4724102,
            43.818564
          ],
          [
            4.4733559,
            43.8184699
          ],
          [
            4.4735963,
            43.8184701
          ],
          [
            4.4736416,
            43.8185173
          ],
          [
            4.4737471,
            43.818733
          ],
          [
            4.4739654,
            43.8190273
          ],
          [
            4.4745283,
            43.8190713
          ],
          [
            4.4749518,
            43.819671
          ],
          [
            4.4763044,
            43.8216525
          ],
          [
            4.4760583,
            43.8217388
          ],
          [
            4.4755018,
            43.8231994
          ],
          [
            4.4757613,
            43.8262427
          ],
          [
            4.4735259,
            43.8260765
          ]
        ]
      },
      "properties": {
        "parking_id": "PKC_021",
        "origine_id": "ORI_010",
        "distance_m": 2058,
        "temps_min": 3.8,
        "voie_dom": "tertiary",
        "veh_origine": 7
      }
    },
    {
      "type": "Feature",
      "geometry": {
        "type": "LineString",
        "coordinates": [
          [
            4.4713552,
            43.8137998
          ],
          [
            4.4699416,
            43.8150312
          ],
          [
            4.46984,
            43.815142
          ],
          [
            4.469498,
            43.8154889
          ],
          [
            4.469524,
            43.8156214
          ],
          [
            4.4698224,
            43.8171717
          ],
          [
            4.469779,
            43.8178162
          ],
          [
            4.4702065,
            43.8184803
          ],
          [
            4.4710476,
            43.8183734
          ],
          [
            4.4719344,
            43.8182975
          ],
          [
            4.4719714,
            43.8186723
          ],
          [
            4.4721882,
            43.8186497
          ],
          [
            4.4724102,
            43.818564
          ],
          [
            4.4733559,
            43.8184699
          ],
          [
            4.4735963,
            43.8184701
          ],
          [
            4.4736416,
            43.8185173
          ],
          [
            4.4737471,
            43.818733
          ],
          [
            4.4739654,
            43.8190273
          ],
          [
            4.4745283,
            43.8190713
          ],
          [
            4.4749518,
            43.819671
          ],
          [
            4.4763044,
            43.8216525
          ],
          [
            4.4760583,
            43.8217388
          ],
          [
            4.4746933,
            43.8216617
          ],
          [
            4.4747956,
            43.8218626
          ]
        ]
      },
      "properties": {
        "parking_id": "PKC_021",
        "origine_id": "ORI_009",
        "distance_m": 1518,
        "temps_min": 2.5,
        "voie_dom": "tertiary",
        "veh_origine": 6
      }
    },
    {
      "type": "Feature",
      "geometry": {
        "type": "LineString",
        "coordinates": [
          [
            4.4713552,
            43.8137998
          ],
          [
            4.4699416,
            43.8150312
          ],
          [
            4.46984,
            43.815142
          ],
          [
            4.469498,
            43.8154889
          ],
          [
            4.469524,
            43.8156214
          ],
          [
            4.4698224,
            43.8171717
          ],
          [
            4.469779,
            43.8178162
          ],
          [
            4.4702065,
            43.8184803
          ],
          [
            4.4710476,
            43.8183734
          ],
          [
            4.4719344,
            43.8182975
          ],
          [
            4.4719714,
            43.8186723
          ],
          [
            4.4721882,
            43.8186497
          ],
          [
            4.4724102,
            43.818564
          ],
          [
            4.4733559,
            43.8184699
          ],
          [
            4.4735963,
            43.8184701
          ],
          [
            4.4736416,
            43.8185173
          ],
          [
            4.4737471,
            43.818733
          ],
          [
            4.4739654,
            43.8190273
          ],
          [
            4.4745283,
            43.8190713
          ],
          [
            4.4749518,
            43.819671
          ],
          [
            4.4763044,
            43.8216525
          ],
          [
            4.4766771,
            43.8221793
          ],
          [
            4.4776117,
            43.8235267
          ],
          [
            4.4781501,
            43.824303
          ],
          [
            4.4783932,
            43.8246535
          ],
          [
            4.4785365,
            43.8248727
          ],
          [
            4.4791133,
            43.8257106
          ],
          [
            4.4752789,
            43.828193
          ],
          [
            4.4712746,
            43.8292235
          ]
        ]
      },
      "properties": {
        "parking_id": "PKC_021",
        "origine_id": "ORI_019",
        "distance_m": 2713,
        "temps_min": 5.0,
        "voie_dom": "tertiary",
        "veh_origine": 6
      }
    },
    {
      "type": "Feature",
      "geometry": {
        "type": "LineString",
        "coordinates": [
          [
            4.4713552,
            43.8137998
          ],
          [
            4.4699416,
            43.8150312
          ],
          [
            4.46984,
            43.815142
          ],
          [
            4.469498,
            43.8154889
          ],
          [
            4.469524,
            43.8156214
          ],
          [
            4.4698224,
            43.8171717
          ],
          [
            4.469779,
            43.8178162
          ],
          [
            4.4702065,
            43.8184803
          ],
          [
            4.4710476,
            43.8183734
          ],
          [
            4.4719344,
            43.8182975
          ],
          [
            4.4719714,
            43.8186723
          ],
          [
            4.4721882,
            43.8186497
          ],
          [
            4.4724102,
            43.818564
          ],
          [
            4.4733559,
            43.8184699
          ],
          [
            4.4735963,
            43.8184701
          ],
          [
            4.4736416,
            43.8185173
          ],
          [
            4.4737471,
            43.818733
          ],
          [
            4.4739654,
            43.8190273
          ],
          [
            4.4745283,
            43.8190713
          ],
          [
            4.475864,
            43.81871
          ],
          [
            4.4767843,
            43.8185439
          ],
          [
            4.4771034,
            43.8185571
          ],
          [
            4.4778253,
            43.8186225
          ],
          [
            4.4785242,
            43.8187102
          ],
          [
            4.4786033,
            43.818718
          ],
          [
            4.4785795,
            43.8191035
          ],
          [
            4.4785192,
            43.8197704
          ],
          [
            4.4784765,
            43.8202219
          ]
        ]
      },
      "properties": {
        "parking_id": "PKC_021",
        "origine_id": "ORI_003",
        "distance_m": 1525,
        "temps_min": 2.5,
        "voie_dom": "tertiary",
        "veh_origine": 4
      }
    },
    {
      "type": "Feature",
      "geometry": {
        "type": "LineString",
        "coordinates": [
          [
            4.4713552,
            43.8137998
          ],
          [
            4.4699416,
            43.8150312
          ],
          [
            4.46984,
            43.815142
          ],
          [
            4.469498,
            43.8154889
          ],
          [
            4.469524,
            43.8156214
          ],
          [
            4.4698224,
            43.8171717
          ],
          [
            4.469779,
            43.8178162
          ],
          [
            4.4702065,
            43.8184803
          ],
          [
            4.4702105,
            43.818654
          ],
          [
            4.4701163,
            43.8191219
          ],
          [
            4.4699835,
            43.8192155
          ],
          [
            4.4698495,
            43.8194146
          ],
          [
            4.4697339,
            43.8195864
          ],
          [
            4.469104,
            43.8203536
          ],
          [
            4.4677541,
            43.8205044
          ],
          [
            4.4657119,
            43.8208429
          ],
          [
            4.4644643,
            43.8210184
          ],
          [
            4.4633886,
            43.8213339
          ],
          [
            4.4629111,
            43.8214869
          ]
        ]
      },
      "properties": {
        "parking_id": "PKC_021",
        "origine_id": "ORI_011",
        "distance_m": 1336,
        "temps_min": 2.3,
        "voie_dom": "tertiary",
        "veh_origine": 4
      }
    },
    {
      "type": "Feature",
      "geometry": {
        "type": "LineString",
        "coordinates": [
          [
            4.4713552,
            43.8137998
          ],
          [
            4.4699416,
            43.8150312
          ],
          [
            4.46984,
            43.815142
          ],
          [
            4.469498,
            43.8154889
          ],
          [
            4.469524,
            43.8156214
          ],
          [
            4.4698224,
            43.8171717
          ],
          [
            4.469779,
            43.8178162
          ],
          [
            4.4702065,
            43.8184803
          ],
          [
            4.4702105,
            43.818654
          ],
          [
            4.4701163,
            43.8191219
          ],
          [
            4.4699835,
            43.8192155
          ],
          [
            4.4698495,
            43.8194146
          ],
          [
            4.4697339,
            43.8195864
          ],
          [
            4.469104,
            43.8203536
          ],
          [
            4.4689408,
            43.821549
          ],
          [
            4.4666972,
            43.8280233
          ]
        ]
      },
      "properties": {
        "parking_id": "PKC_021",
        "origine_id": "ORI_012",
        "distance_m": 1699,
        "temps_min": 2.5,
        "voie_dom": "tertiary",
        "veh_origine": 4
      }
    },
    {
      "type": "Feature",
      "geometry": {
        "type": "LineString",
        "coordinates": [
          [
            4.4713552,
            43.8137998
          ],
          [
            4.4699416,
            43.8150312
          ],
          [
            4.46984,
            43.815142
          ],
          [
            4.469498,
            43.8154889
          ],
          [
            4.469524,
            43.8156214
          ],
          [
            4.4698224,
            43.8171717
          ],
          [
            4.469779,
            43.8178162
          ],
          [
            4.4702065,
            43.8184803
          ],
          [
            4.4710476,
            43.8183734
          ],
          [
            4.4719344,
            43.8182975
          ],
          [
            4.4719714,
            43.8186723
          ],
          [
            4.4721882,
            43.8186497
          ],
          [
            4.4724102,
            43.818564
          ],
          [
            4.4733559,
            43.8184699
          ],
          [
            4.4735963,
            43.8184701
          ],
          [
            4.4736416,
            43.8185173
          ],
          [
            4.4737471,
            43.818733
          ],
          [
            4.4739654,
            43.8190273
          ],
          [
            4.4745283,
            43.8190713
          ],
          [
            4.4749518,
            43.819671
          ],
          [
            4.4763044,
            43.8216525
          ],
          [
            4.4760583,
            43.8217388
          ],
          [
            4.4755018,
            43.8231994
          ],
          [
            4.4757613,
            43.8262427
          ]
        ]
      },
      "properties": {
        "parking_id": "PKC_021",
        "origine_id": "ORI_015",
        "distance_m": 1878,
        "temps_min": 3.4,
        "voie_dom": "tertiary",
        "veh_origine": 3
      }
    },
    {
      "type": "Feature",
      "geometry": {
        "type": "LineString",
        "coordinates": [
          [
            4.4713552,
            43.8137998
          ],
          [
            4.4699416,
            43.8150312
          ],
          [
            4.46984,
            43.815142
          ],
          [
            4.469498,
            43.8154889
          ],
          [
            4.469524,
            43.8156214
          ],
          [
            4.4698224,
            43.8171717
          ],
          [
            4.469779,
            43.8178162
          ],
          [
            4.4702065,
            43.8184803
          ],
          [
            4.4710476,
            43.8183734
          ],
          [
            4.4719344,
            43.8182975
          ],
          [
            4.4719714,
            43.8186723
          ],
          [
            4.4721882,
            43.8186497
          ],
          [
            4.4724102,
            43.818564
          ],
          [
            4.4733559,
            43.8184699
          ],
          [
            4.4735963,
            43.8184701
          ],
          [
            4.4736416,
            43.8185173
          ],
          [
            4.4737471,
            43.818733
          ],
          [
            4.4739654,
            43.8190273
          ],
          [
            4.4745283,
            43.8190713
          ],
          [
            4.4749518,
            43.819671
          ],
          [
            4.4763044,
            43.8216525
          ],
          [
            4.4766771,
            43.8221793
          ],
          [
            4.4776117,
            43.8235267
          ]
        ]
      },
      "properties": {
        "parking_id": "PKC_021",
        "origine_id": "ORI_027",
        "distance_m": 1573,
        "temps_min": 2.5,
        "voie_dom": "tertiary",
        "veh_origine": 3
      }
    },
    {
      "type": "Feature",
      "geometry": {
        "type": "LineString",
        "coordinates": [
          [
            4.4713552,
            43.8137998
          ],
          [
            4.4699416,
            43.8150312
          ],
          [
            4.46984,
            43.815142
          ],
          [
            4.469498,
            43.8154889
          ],
          [
            4.469524,
            43.8156214
          ],
          [
            4.4698224,
            43.8171717
          ],
          [
            4.469779,
            43.8178162
          ],
          [
            4.4702065,
            43.8184803
          ],
          [
            4.4710476,
            43.8183734
          ],
          [
            4.4719344,
            43.8182975
          ],
          [
            4.4719714,
            43.8186723
          ],
          [
            4.4721882,
            43.8186497
          ],
          [
            4.4724102,
            43.818564
          ],
          [
            4.4733559,
            43.8184699
          ],
          [
            4.4735963,
            43.8184701
          ],
          [
            4.4736416,
            43.8185173
          ],
          [
            4.4737471,
            43.818733
          ],
          [
            4.4739654,
            43.8190273
          ],
          [
            4.4745283,
            43.8190713
          ],
          [
            4.4749518,
            43.819671
          ],
          [
            4.4763044,
            43.8216525
          ],
          [
            4.4766771,
            43.8221793
          ],
          [
            4.4776117,
            43.8235267
          ],
          [
            4.4781501,
            43.824303
          ],
          [
            4.4783932,
            43.8246535
          ],
          [
            4.4782941,
            43.8247235
          ],
          [
            4.4772863,
            43.8242391
          ]
        ]
      },
      "properties": {
        "parking_id": "PKC_021",
        "origine_id": "ORI_002",
        "distance_m": 1841,
        "temps_min": 3.0,
        "voie_dom": "tertiary",
        "veh_origine": 1
      }
    },
    {
      "type": "Feature",
      "geometry": {
        "type": "LineString",
        "coordinates": [
          [
            4.4713552,
            43.8137998
          ],
          [
            4.4699416,
            43.8150312
          ],
          [
            4.46984,
            43.815142
          ],
          [
            4.469498,
            43.8154889
          ],
          [
            4.469524,
            43.8156214
          ],
          [
            4.4698224,
            43.8171717
          ],
          [
            4.469779,
            43.8178162
          ],
          [
            4.4702065,
            43.8184803
          ],
          [
            4.4702105,
            43.818654
          ],
          [
            4.4701163,
            43.8191219
          ],
          [
            4.4699835,
            43.8192155
          ],
          [
            4.4698495,
            43.8194146
          ],
          [
            4.4697339,
            43.8195864
          ],
          [
            4.469104,
            43.8203536
          ],
          [
            4.4677541,
            43.8205044
          ],
          [
            4.4657119,
            43.8208429
          ],
          [
            4.4644643,
            43.8210184
          ],
          [
            4.4633886,
            43.8213339
          ],
          [
            4.4629111,
            43.8214869
          ],
          [
            4.4598793,
            43.8235362
          ]
        ]
      },
      "properties": {
        "parking_id": "PKC_021",
        "origine_id": "ORI_005",
        "distance_m": 1691,
        "temps_min": 3.0,
        "voie_dom": "tertiary",
        "veh_origine": 1
      }
    },
    {
      "type": "Feature",
      "geometry": {
        "type": "LineString",
        "coordinates": [
          [
            4.4713552,
            43.8137998
          ],
          [
            4.4699416,
            43.8150312
          ],
          [
            4.46984,
            43.815142
          ],
          [
            4.469498,
            43.8154889
          ],
          [
            4.469524,
            43.8156214
          ],
          [
            4.4698224,
            43.8171717
          ],
          [
            4.469779,
            43.8178162
          ],
          [
            4.4702065,
            43.8184803
          ],
          [
            4.4710476,
            43.8183734
          ],
          [
            4.4719344,
            43.8182975
          ],
          [
            4.4719714,
            43.8186723
          ],
          [
            4.4721882,
            43.8186497
          ],
          [
            4.4724102,
            43.818564
          ],
          [
            4.4733559,
            43.8184699
          ],
          [
            4.4735963,
            43.8184701
          ],
          [
            4.4736416,
            43.8185173
          ],
          [
            4.4737471,
            43.818733
          ],
          [
            4.4739654,
            43.8190273
          ],
          [
            4.4745283,
            43.8190713
          ],
          [
            4.4749518,
            43.819671
          ],
          [
            4.4763044,
            43.8216525
          ],
          [
            4.4766771,
            43.8221793
          ],
          [
            4.4776117,
            43.8235267
          ],
          [
            4.4781501,
            43.824303
          ],
          [
            4.4783932,
            43.8246535
          ],
          [
            4.4785365,
            43.8248727
          ],
          [
            4.4791133,
            43.8257106
          ],
          [
            4.4752789,
            43.828193
          ]
        ]
      },
      "properties": {
        "parking_id": "PKC_021",
        "origine_id": "ORI_014",
        "distance_m": 2360,
        "temps_min": 4.2,
        "voie_dom": "tertiary",
        "veh_origine": 1
      }
    },
    {
      "type": "Feature",
      "geometry": {
        "type": "LineString",
        "coordinates": [
          [
            4.4713552,
            43.8137998
          ],
          [
            4.4699416,
            43.8150312
          ],
          [
            4.46984,
            43.815142
          ],
          [
            4.469498,
            43.8154889
          ],
          [
            4.469524,
            43.8156214
          ],
          [
            4.4698224,
            43.8171717
          ],
          [
            4.469779,
            43.8178162
          ],
          [
            4.4702065,
            43.8184803
          ],
          [
            4.4702105,
            43.818654
          ],
          [
            4.4701163,
            43.8191219
          ],
          [
            4.4699835,
            43.8192155
          ],
          [
            4.4698495,
            43.8194146
          ],
          [
            4.4697339,
            43.8195864
          ],
          [
            4.469104,
            43.8203536
          ],
          [
            4.4689408,
            43.821549
          ],
          [
            4.4705398,
            43.8217714
          ],
          [
            4.4727847,
            43.8208791
          ]
        ]
      },
      "properties": {
        "parking_id": "PKC_021",
        "origine_id": "ORI_017",
        "distance_m": 1307,
        "temps_min": 2.3,
        "voie_dom": "tertiary",
        "veh_origine": 1
      }
    },
    {
      "type": "Feature",
      "geometry": {
        "type": "LineString",
        "coordinates": [
          [
            4.4713552,
            43.8137998
          ],
          [
            4.4699416,
            43.8150312
          ],
          [
            4.46984,
            43.815142
          ],
          [
            4.469498,
            43.8154889
          ],
          [
            4.469524,
            43.8156214
          ],
          [
            4.4698224,
            43.8171717
          ],
          [
            4.469779,
            43.8178162
          ],
          [
            4.4702065,
            43.8184803
          ],
          [
            4.4702105,
            43.818654
          ],
          [
            4.4701163,
            43.8191219
          ],
          [
            4.4699835,
            43.8192155
          ],
          [
            4.4698495,
            43.8194146
          ],
          [
            4.4697339,
            43.8195864
          ],
          [
            4.469104,
            43.8203536
          ],
          [
            4.4689408,
            43.821549
          ]
        ]
      },
      "properties": {
        "parking_id": "PKC_021",
        "origine_id": "ORI_018",
        "distance_m": 954,
        "temps_min": 1.4,
        "voie_dom": "tertiary",
        "veh_origine": 1
      }
    },
    {
      "type": "Feature",
      "geometry": {
        "type": "LineString",
        "coordinates": [
          [
            4.4713552,
            43.8137998
          ],
          [
            4.4699416,
            43.8150312
          ],
          [
            4.46984,
            43.815142
          ],
          [
            4.469498,
            43.8154889
          ],
          [
            4.4681534,
            43.8161592
          ],
          [
            4.4668676,
            43.8164952
          ],
          [
            4.4667838,
            43.816574
          ],
          [
            4.4663315,
            43.8164395
          ],
          [
            4.4659655,
            43.8166225
          ],
          [
            4.4656163,
            43.8167021
          ],
          [
            4.4648758,
            43.8168889
          ],
          [
            4.4638034,
            43.8171937
          ],
          [
            4.4628021,
            43.8176821
          ],
          [
            4.4612346,
            43.8186662
          ],
          [
            4.4617245,
            43.8197734
          ],
          [
            4.4620327,
            43.8203597
          ]
        ]
      },
      "properties": {
        "parking_id": "PKC_021",
        "origine_id": "ORI_020",
        "distance_m": 1217,
        "temps_min": 1.8,
        "voie_dom": "tertiary",
        "veh_origine": 1
      }
    },
    {
      "type": "Feature",
      "geometry": {
        "type": "LineString",
        "coordinates": [
          [
            4.4713552,
            43.8137998
          ],
          [
            4.4699416,
            43.8150312
          ],
          [
            4.46984,
            43.815142
          ],
          [
            4.469498,
            43.8154889
          ],
          [
            4.469524,
            43.8156214
          ],
          [
            4.4698224,
            43.8171717
          ],
          [
            4.469779,
            43.8178162
          ],
          [
            4.4702065,
            43.8184803
          ],
          [
            4.4710476,
            43.8183734
          ],
          [
            4.4719344,
            43.8182975
          ],
          [
            4.4719714,
            43.8186723
          ],
          [
            4.4721882,
            43.8186497
          ],
          [
            4.4724102,
            43.818564
          ],
          [
            4.4733559,
            43.8184699
          ],
          [
            4.4735963,
            43.8184701
          ],
          [
            4.4736416,
            43.8185173
          ],
          [
            4.4737471,
            43.818733
          ],
          [
            4.4739654,
            43.8190273
          ],
          [
            4.4745283,
            43.8190713
          ],
          [
            4.4749518,
            43.819671
          ],
          [
            4.4763044,
            43.8216525
          ],
          [
            4.4760583,
            43.8217388
          ],
          [
            4.4746933,
            43.8216617
          ],
          [
            4.4742697,
            43.8218419
          ]
        ]
      },
      "properties": {
        "parking_id": "PKC_021",
        "origine_id": "ORI_021",
        "distance_m": 1533,
        "temps_min": 2.6,
        "voie_dom": "tertiary",
        "veh_origine": 1
      }
    },
    {
      "type": "Feature",
      "geometry": {
        "type": "LineString",
        "coordinates": [
          [
            4.4713552,
            43.8137998
          ],
          [
            4.4699416,
            43.8150312
          ],
          [
            4.46984,
            43.815142
          ],
          [
            4.469498,
            43.8154889
          ],
          [
            4.469524,
            43.8156214
          ],
          [
            4.4698224,
            43.8171717
          ],
          [
            4.469779,
            43.8178162
          ],
          [
            4.4702065,
            43.8184803
          ],
          [
            4.4702105,
            43.818654
          ],
          [
            4.4701163,
            43.8191219
          ],
          [
            4.4699835,
            43.8192155
          ],
          [
            4.4698495,
            43.8194146
          ],
          [
            4.4697339,
            43.8195864
          ],
          [
            4.469104,
            43.8203536
          ],
          [
            4.4677541,
            43.8205044
          ],
          [
            4.4657119,
            43.8208429
          ],
          [
            4.4644643,
            43.8210184
          ],
          [
            4.4633886,
            43.8213339
          ],
          [
            4.4629111,
            43.8214869
          ],
          [
            4.4633394,
            43.8230098
          ]
        ]
      },
      "properties": {
        "parking_id": "PKC_021",
        "origine_id": "ORI_023",
        "distance_m": 1569,
        "temps_min": 2.8,
        "voie_dom": "tertiary",
        "veh_origine": 1
      }
    },
    {
      "type": "Feature",
      "geometry": {
        "type": "LineString",
        "coordinates": [
          [
            4.4713552,
            43.8137998
          ],
          [
            4.4699416,
            43.8150312
          ],
          [
            4.46984,
            43.815142
          ],
          [
            4.469498,
            43.8154889
          ],
          [
            4.469524,
            43.8156214
          ],
          [
            4.4698224,
            43.8171717
          ],
          [
            4.469779,
            43.8178162
          ],
          [
            4.4702065,
            43.8184803
          ],
          [
            4.4702105,
            43.818654
          ],
          [
            4.4701163,
            43.8191219
          ],
          [
            4.4699835,
            43.8192155
          ],
          [
            4.4698495,
            43.8194146
          ],
          [
            4.4697339,
            43.8195864
          ],
          [
            4.469104,
            43.8203536
          ],
          [
            4.4677541,
            43.8205044
          ],
          [
            4.4657119,
            43.8208429
          ],
          [
            4.4644643,
            43.8210184
          ],
          [
            4.4633886,
            43.8213339
          ],
          [
            4.4629111,
            43.8214869
          ]
        ]
      },
      "properties": {
        "parking_id": "PKC_021",
        "origine_id": "ORI_024",
        "distance_m": 1336,
        "temps_min": 2.3,
        "voie_dom": "tertiary",
        "veh_origine": 1
      }
    },
    {
      "type": "Feature",
      "geometry": {
        "type": "LineString",
        "coordinates": [
          [
            4.4713552,
            43.8137998
          ],
          [
            4.4699416,
            43.8150312
          ],
          [
            4.46984,
            43.815142
          ],
          [
            4.469498,
            43.8154889
          ],
          [
            4.469524,
            43.8156214
          ],
          [
            4.4698224,
            43.8171717
          ],
          [
            4.469779,
            43.8178162
          ],
          [
            4.4702065,
            43.8184803
          ],
          [
            4.4702105,
            43.818654
          ],
          [
            4.4701163,
            43.8191219
          ],
          [
            4.4699835,
            43.8192155
          ],
          [
            4.4698495,
            43.8194146
          ],
          [
            4.4697339,
            43.8195864
          ],
          [
            4.469104,
            43.8203536
          ]
        ]
      },
      "properties": {
        "parking_id": "PKC_021",
        "origine_id": "ORI_025",
        "distance_m": 819,
        "temps_min": 1.2,
        "voie_dom": "tertiary",
        "veh_origine": 1
      }
    },
    {
      "type": "Feature",
      "geometry": {
        "type": "LineString",
        "coordinates": [
          [
            4.4713552,
            43.8137998
          ],
          [
            4.4699416,
            43.8150312
          ],
          [
            4.46984,
            43.815142
          ],
          [
            4.469498,
            43.8154889
          ],
          [
            4.469524,
            43.8156214
          ],
          [
            4.4698224,
            43.8171717
          ],
          [
            4.469779,
            43.8178162
          ],
          [
            4.4702065,
            43.8184803
          ],
          [
            4.4710476,
            43.8183734
          ],
          [
            4.4719344,
            43.8182975
          ],
          [
            4.4719714,
            43.8186723
          ],
          [
            4.4721882,
            43.8186497
          ],
          [
            4.4724102,
            43.818564
          ],
          [
            4.4733559,
            43.8184699
          ],
          [
            4.4735963,
            43.8184701
          ],
          [
            4.4736416,
            43.8185173
          ],
          [
            4.4737471,
            43.818733
          ],
          [
            4.4739654,
            43.8190273
          ],
          [
            4.4745283,
            43.8190713
          ],
          [
            4.475864,
            43.81871
          ],
          [
            4.4767843,
            43.8185439
          ],
          [
            4.4771034,
            43.8185571
          ],
          [
            4.4778253,
            43.8186225
          ],
          [
            4.4785242,
            43.8187102
          ],
          [
            4.4786033,
            43.818718
          ],
          [
            4.480089,
            43.8189551
          ],
          [
            4.4804931,
            43.8190351
          ],
          [
            4.4808285,
            43.82001
          ]
        ]
      },
      "properties": {
        "parking_id": "PKC_021",
        "origine_id": "ORI_026",
        "distance_m": 1625,
        "temps_min": 2.7,
        "voie_dom": "tertiary",
        "veh_origine": 1
      }
    },
    {
      "type": "Feature",
      "geometry": {
        "type": "LineString",
        "coordinates": [
          [
            4.4713552,
            43.8137998
          ],
          [
            4.4699416,
            43.8150312
          ],
          [
            4.46984,
            43.815142
          ],
          [
            4.469498,
            43.8154889
          ],
          [
            4.469524,
            43.8156214
          ],
          [
            4.4698224,
            43.8171717
          ],
          [
            4.469779,
            43.8178162
          ],
          [
            4.4702065,
            43.8184803
          ],
          [
            4.4710476,
            43.8183734
          ],
          [
            4.4719344,
            43.8182975
          ],
          [
            4.4719714,
            43.8186723
          ],
          [
            4.4721882,
            43.8186497
          ],
          [
            4.4724102,
            43.818564
          ],
          [
            4.4733559,
            43.8184699
          ],
          [
            4.4735963,
            43.8184701
          ],
          [
            4.4736416,
            43.8185173
          ],
          [
            4.4737471,
            43.818733
          ],
          [
            4.4739654,
            43.8190273
          ],
          [
            4.4745283,
            43.8190713
          ],
          [
            4.475864,
            43.81871
          ],
          [
            4.4767843,
            43.8185439
          ],
          [
            4.4771034,
            43.8185571
          ],
          [
            4.4778253,
            43.8186225
          ],
          [
            4.4785242,
            43.8187102
          ],
          [
            4.4786033,
            43.818718
          ],
          [
            4.480089,
            43.8189551
          ],
          [
            4.4804931,
            43.8190351
          ],
          [
            4.4819289,
            43.8187852
          ],
          [
            4.4825925,
            43.8185678
          ],
          [
            4.4827089,
            43.8185284
          ],
          [
            4.4842891,
            43.8180799
          ],
          [
            4.484423,
            43.817986
          ],
          [
            4.4844956,
            43.8180557
          ],
          [
            4.4844073,
            43.8181334
          ],
          [
            4.4847556,
            43.8186567
          ],
          [
            4.4848831,
            43.8189069
          ],
          [
            4.4853109,
            43.8196946
          ],
          [
            4.4853282,
            43.8197299
          ],
          [
            4.4853658,
            43.8198068
          ],
          [
            4.4856635,
            43.8203274
          ],
          [
            4.4858473,
            43.8206467
          ],
          [
            4.4847234,
            43.8209583
          ]
        ]
      },
      "properties": {
        "parking_id": "PKC_021",
        "origine_id": "ORI_028",
        "distance_m": 2279,
        "temps_min": 3.8,
        "voie_dom": "tertiary",
        "veh_origine": 1
      }
    },
    {
      "type": "Feature",
      "geometry": {
        "type": "LineString",
        "coordinates": [
          [
            4.4716481,
            43.8146248
          ],
          [
            4.4705917,
            43.8151551
          ],
          [
            4.46984,
            43.815142
          ],
          [
            4.469498,
            43.8154889
          ],
          [
            4.469524,
            43.8156214
          ],
          [
            4.4698224,
            43.8171717
          ],
          [
            4.469779,
            43.8178162
          ],
          [
            4.4702065,
            43.8184803
          ],
          [
            4.4702105,
            43.818654
          ],
          [
            4.4701163,
            43.8191219
          ],
          [
            4.4699835,
            43.8192155
          ],
          [
            4.4698495,
            43.8194146
          ],
          [
            4.4697339,
            43.8195864
          ],
          [
            4.469104,
            43.8203536
          ],
          [
            4.4689408,
            43.821549
          ],
          [
            4.4666972,
            43.8280233
          ],
          [
            4.4666749,
            43.8282168
          ],
          [
            4.4666627,
            43.8283198
          ],
          [
            4.4667982,
            43.8287617
          ],
          [
            4.466843,
            43.8288169
          ],
          [
            4.4796322,
            43.8278531
          ],
          [
            4.4795931,
            43.8275782
          ],
          [
            4.479667,
            43.8274864
          ],
          [
            4.4800344,
            43.8273754
          ],
          [
            4.480386,
            43.827546
          ],
          [
            4.4810674,
            43.827604
          ]
        ]
      },
      "properties": {
        "parking_id": "PKC_022",
        "origine_id": "ORI_004",
        "distance_m": 3081,
        "temps_min": 4.3,
        "voie_dom": "primary",
        "veh_origine": 36
      }
    },
    {
      "type": "Feature",
      "geometry": {
        "type": "LineString",
        "coordinates": [
          [
            4.4716481,
            43.8146248
          ],
          [
            4.4705917,
            43.8151551
          ],
          [
            4.46984,
            43.815142
          ],
          [
            4.469498,
            43.8154889
          ],
          [
            4.4681534,
            43.8161592
          ],
          [
            4.4668676,
            43.8164952
          ],
          [
            4.4667838,
            43.816574
          ],
          [
            4.4663315,
            43.8164395
          ],
          [
            4.4659655,
            43.8166225
          ],
          [
            4.4656163,
            43.8167021
          ],
          [
            4.4648758,
            43.8168889
          ],
          [
            4.4638034,
            43.8171937
          ],
          [
            4.4628021,
            43.8176821
          ],
          [
            4.4612346,
            43.8186662
          ],
          [
            4.4617245,
            43.8197734
          ],
          [
            4.4620327,
            43.8203597
          ],
          [
            4.4569925,
            43.8212322
          ]
        ]
      },
      "properties": {
        "parking_id": "PKC_022",
        "origine_id": "ORI_006",
        "distance_m": 1621,
        "temps_min": 2.5,
        "voie_dom": "tertiary",
        "veh_origine": 11
      }
    },
    {
      "type": "Feature",
      "geometry": {
        "type": "LineString",
        "coordinates": [
          [
            4.4716481,
            43.8146248
          ],
          [
            4.4705917,
            43.8151551
          ],
          [
            4.46984,
            43.815142
          ],
          [
            4.469498,
            43.8154889
          ],
          [
            4.469524,
            43.8156214
          ],
          [
            4.4698224,
            43.8171717
          ],
          [
            4.469779,
            43.8178162
          ],
          [
            4.4702065,
            43.8184803
          ],
          [
            4.4702105,
            43.818654
          ],
          [
            4.4701163,
            43.8191219
          ],
          [
            4.4699835,
            43.8192155
          ],
          [
            4.4698495,
            43.8194146
          ],
          [
            4.4697339,
            43.8195864
          ],
          [
            4.469104,
            43.8203536
          ],
          [
            4.4677541,
            43.8205044
          ],
          [
            4.4657119,
            43.8208429
          ]
        ]
      },
      "properties": {
        "parking_id": "PKC_022",
        "origine_id": "ORI_007",
        "distance_m": 1077,
        "temps_min": 1.8,
        "voie_dom": "tertiary",
        "veh_origine": 11
      }
    },
    {
      "type": "Feature",
      "geometry": {
        "type": "LineString",
        "coordinates": [
          [
            4.4716481,
            43.8146248
          ],
          [
            4.4705917,
            43.8151551
          ],
          [
            4.46984,
            43.815142
          ],
          [
            4.469498,
            43.8154889
          ],
          [
            4.469524,
            43.8156214
          ],
          [
            4.4698224,
            43.8171717
          ],
          [
            4.469779,
            43.8178162
          ],
          [
            4.4702065,
            43.8184803
          ],
          [
            4.4702105,
            43.818654
          ],
          [
            4.4701163,
            43.8191219
          ],
          [
            4.4699835,
            43.8192155
          ],
          [
            4.4698495,
            43.8194146
          ],
          [
            4.4697339,
            43.8195864
          ],
          [
            4.469104,
            43.8203536
          ],
          [
            4.4689408,
            43.821549
          ],
          [
            4.4666972,
            43.8280233
          ]
        ]
      },
      "properties": {
        "parking_id": "PKC_022",
        "origine_id": "ORI_016",
        "distance_m": 1678,
        "temps_min": 2.6,
        "voie_dom": "tertiary",
        "veh_origine": 10
      }
    },
    {
      "type": "Feature",
      "geometry": {
        "type": "LineString",
        "coordinates": [
          [
            4.4716481,
            43.8146248
          ],
          [
            4.4720559,
            43.8152418
          ],
          [
            4.4726339,
            43.8152519
          ],
          [
            4.473403,
            43.8152653
          ],
          [
            4.4732717,
            43.815634
          ],
          [
            4.4727889,
            43.8165693
          ],
          [
            4.4729195,
            43.8168893
          ],
          [
            4.473728,
            43.8173809
          ],
          [
            4.4741923,
            43.8179282
          ],
          [
            4.4745283,
            43.8190713
          ],
          [
            4.4749518,
            43.819671
          ],
          [
            4.4763044,
            43.8216525
          ],
          [
            4.4766771,
            43.8221793
          ],
          [
            4.4776117,
            43.8235267
          ],
          [
            4.4781501,
            43.824303
          ],
          [
            4.4783932,
            43.8246535
          ],
          [
            4.4785365,
            43.8248727
          ],
          [
            4.4791133,
            43.8257106
          ],
          [
            4.4752789,
            43.828193
          ],
          [
            4.4712746,
            43.8292235
          ]
        ]
      },
      "properties": {
        "parking_id": "PKC_022",
        "origine_id": "ORI_008",
        "distance_m": 2454,
        "temps_min": 5.0,
        "voie_dom": "tertiary",
        "veh_origine": 9
      }
    },
    {
      "type": "Feature",
      "geometry": {
        "type": "LineString",
        "coordinates": [
          [
            4.4716481,
            43.8146248
          ],
          [
            4.4720559,
            43.8152418
          ],
          [
            4.4726339,
            43.8152519
          ],
          [
            4.473403,
            43.8152653
          ],
          [
            4.4732717,
            43.815634
          ],
          [
            4.4727889,
            43.8165693
          ],
          [
            4.4729195,
            43.8168893
          ],
          [
            4.473728,
            43.8173809
          ],
          [
            4.4741923,
            43.8179282
          ],
          [
            4.4745283,
            43.8190713
          ],
          [
            4.4749518,
            43.819671
          ],
          [
            4.4763044,
            43.8216525
          ],
          [
            4.4760583,
            43.8217388
          ],
          [
            4.4755018,
            43.8231994
          ],
          [
            4.4757613,
            43.8262427
          ],
          [
            4.4735259,
            43.8260765
          ]
        ]
      },
      "properties": {
        "parking_id": "PKC_022",
        "origine_id": "ORI_010",
        "distance_m": 1800,
        "temps_min": 3.8,
        "voie_dom": "tertiary",
        "veh_origine": 7
      }
    },
    {
      "type": "Feature",
      "geometry": {
        "type": "LineString",
        "coordinates": [
          [
            4.4716481,
            43.8146248
          ],
          [
            4.4720559,
            43.8152418
          ],
          [
            4.4726339,
            43.8152519
          ],
          [
            4.473403,
            43.8152653
          ],
          [
            4.4732717,
            43.815634
          ],
          [
            4.4727889,
            43.8165693
          ],
          [
            4.4729195,
            43.8168893
          ],
          [
            4.473728,
            43.8173809
          ],
          [
            4.4741923,
            43.8179282
          ],
          [
            4.4745283,
            43.8190713
          ],
          [
            4.4749518,
            43.819671
          ],
          [
            4.4763044,
            43.8216525
          ],
          [
            4.4760583,
            43.8217388
          ],
          [
            4.4746933,
            43.8216617
          ],
          [
            4.4747956,
            43.8218626
          ]
        ]
      },
      "properties": {
        "parking_id": "PKC_022",
        "origine_id": "ORI_009",
        "distance_m": 1259,
        "temps_min": 2.5,
        "voie_dom": "tertiary",
        "veh_origine": 6
      }
    },
    {
      "type": "Feature",
      "geometry": {
        "type": "LineString",
        "coordinates": [
          [
            4.4716481,
            43.8146248
          ],
          [
            4.4720559,
            43.8152418
          ],
          [
            4.4726339,
            43.8152519
          ],
          [
            4.473403,
            43.8152653
          ],
          [
            4.4732717,
            43.815634
          ],
          [
            4.4727889,
            43.8165693
          ],
          [
            4.4729195,
            43.8168893
          ],
          [
            4.473728,
            43.8173809
          ],
          [
            4.4741923,
            43.8179282
          ],
          [
            4.4745283,
            43.8190713
          ],
          [
            4.4749518,
            43.819671
          ],
          [
            4.4763044,
            43.8216525
          ],
          [
            4.4766771,
            43.8221793
          ],
          [
            4.4776117,
            43.8235267
          ],
          [
            4.4781501,
            43.824303
          ],
          [
            4.4783932,
            43.8246535
          ],
          [
            4.4785365,
            43.8248727
          ],
          [
            4.4791133,
            43.8257106
          ],
          [
            4.4752789,
            43.828193
          ],
          [
            4.4712746,
            43.8292235
          ]
        ]
      },
      "properties": {
        "parking_id": "PKC_022",
        "origine_id": "ORI_019",
        "distance_m": 2454,
        "temps_min": 5.0,
        "voie_dom": "tertiary",
        "veh_origine": 6
      }
    },
    {
      "type": "Feature",
      "geometry": {
        "type": "LineString",
        "coordinates": [
          [
            4.4716481,
            43.8146248
          ],
          [
            4.4720559,
            43.8152418
          ],
          [
            4.4726339,
            43.8152519
          ],
          [
            4.473403,
            43.8152653
          ],
          [
            4.4734584,
            43.81511
          ],
          [
            4.4748092,
            43.8144938
          ],
          [
            4.4753369,
            43.8154335
          ],
          [
            4.4755978,
            43.8158323
          ],
          [
            4.4760242,
            43.8161799
          ],
          [
            4.4767233,
            43.8169695
          ],
          [
            4.4763088,
            43.8171522
          ],
          [
            4.4767843,
            43.8185439
          ],
          [
            4.4771034,
            43.8185571
          ],
          [
            4.4778253,
            43.8186225
          ],
          [
            4.4785242,
            43.8187102
          ],
          [
            4.4786033,
            43.818718
          ],
          [
            4.4785795,
            43.8191035
          ],
          [
            4.4785192,
            43.8197704
          ],
          [
            4.4784765,
            43.8202219
          ]
        ]
      },
      "properties": {
        "parking_id": "PKC_022",
        "origine_id": "ORI_003",
        "distance_m": 1217,
        "temps_min": 2.4,
        "voie_dom": "tertiary",
        "veh_origine": 4
      }
    },
    {
      "type": "Feature",
      "geometry": {
        "type": "LineString",
        "coordinates": [
          [
            4.4716481,
            43.8146248
          ],
          [
            4.4705917,
            43.8151551
          ],
          [
            4.46984,
            43.815142
          ],
          [
            4.469498,
            43.8154889
          ],
          [
            4.469524,
            43.8156214
          ],
          [
            4.4698224,
            43.8171717
          ],
          [
            4.469779,
            43.8178162
          ],
          [
            4.4702065,
            43.8184803
          ],
          [
            4.4702105,
            43.818654
          ],
          [
            4.4701163,
            43.8191219
          ],
          [
            4.4699835,
            43.8192155
          ],
          [
            4.4698495,
            43.8194146
          ],
          [
            4.4697339,
            43.8195864
          ],
          [
            4.469104,
            43.8203536
          ],
          [
            4.4677541,
            43.8205044
          ],
          [
            4.4657119,
            43.8208429
          ],
          [
            4.4644643,
            43.8210184
          ],
          [
            4.4633886,
            43.8213339
          ],
          [
            4.4629111,
            43.8214869
          ]
        ]
      },
      "properties": {
        "parking_id": "PKC_022",
        "origine_id": "ORI_011",
        "distance_m": 1315,
        "temps_min": 2.3,
        "voie_dom": "tertiary",
        "veh_origine": 4
      }
    },
    {
      "type": "Feature",
      "geometry": {
        "type": "LineString",
        "coordinates": [
          [
            4.4716481,
            43.8146248
          ],
          [
            4.4705917,
            43.8151551
          ],
          [
            4.46984,
            43.815142
          ],
          [
            4.469498,
            43.8154889
          ],
          [
            4.469524,
            43.8156214
          ],
          [
            4.4698224,
            43.8171717
          ],
          [
            4.469779,
            43.8178162
          ],
          [
            4.4702065,
            43.8184803
          ],
          [
            4.4702105,
            43.818654
          ],
          [
            4.4701163,
            43.8191219
          ],
          [
            4.4699835,
            43.8192155
          ],
          [
            4.4698495,
            43.8194146
          ],
          [
            4.4697339,
            43.8195864
          ],
          [
            4.469104,
            43.8203536
          ],
          [
            4.4689408,
            43.821549
          ],
          [
            4.4666972,
            43.8280233
          ]
        ]
      },
      "properties": {
        "parking_id": "PKC_022",
        "origine_id": "ORI_012",
        "distance_m": 1678,
        "temps_min": 2.6,
        "voie_dom": "tertiary",
        "veh_origine": 4
      }
    },
    {
      "type": "Feature",
      "geometry": {
        "type": "LineString",
        "coordinates": [
          [
            4.4716481,
            43.8146248
          ],
          [
            4.4720559,
            43.8152418
          ],
          [
            4.4726339,
            43.8152519
          ],
          [
            4.473403,
            43.8152653
          ],
          [
            4.4732717,
            43.815634
          ],
          [
            4.4727889,
            43.8165693
          ],
          [
            4.4729195,
            43.8168893
          ],
          [
            4.473728,
            43.8173809
          ],
          [
            4.4741923,
            43.8179282
          ],
          [
            4.4745283,
            43.8190713
          ],
          [
            4.4749518,
            43.819671
          ],
          [
            4.4763044,
            43.8216525
          ],
          [
            4.4760583,
            43.8217388
          ],
          [
            4.4755018,
            43.8231994
          ],
          [
            4.4757613,
            43.8262427
          ]
        ]
      },
      "properties": {
        "parking_id": "PKC_022",
        "origine_id": "ORI_015",
        "distance_m": 1620,
        "temps_min": 3.4,
        "voie_dom": "tertiary",
        "veh_origine": 3
      }
    },
    {
      "type": "Feature",
      "geometry": {
        "type": "LineString",
        "coordinates": [
          [
            4.4716481,
            43.8146248
          ],
          [
            4.4720559,
            43.8152418
          ],
          [
            4.4726339,
            43.8152519
          ],
          [
            4.473403,
            43.8152653
          ],
          [
            4.4732717,
            43.815634
          ],
          [
            4.4727889,
            43.8165693
          ],
          [
            4.4729195,
            43.8168893
          ],
          [
            4.473728,
            43.8173809
          ],
          [
            4.4741923,
            43.8179282
          ],
          [
            4.4745283,
            43.8190713
          ],
          [
            4.4749518,
            43.819671
          ],
          [
            4.4763044,
            43.8216525
          ],
          [
            4.4766771,
            43.8221793
          ],
          [
            4.4776117,
            43.8235267
          ]
        ]
      },
      "properties": {
        "parking_id": "PKC_022",
        "origine_id": "ORI_027",
        "distance_m": 1315,
        "temps_min": 2.5,
        "voie_dom": "tertiary",
        "veh_origine": 3
      }
    },
    {
      "type": "Feature",
      "geometry": {
        "type": "LineString",
        "coordinates": [
          [
            4.4716481,
            43.8146248
          ],
          [
            4.4720559,
            43.8152418
          ],
          [
            4.4726339,
            43.8152519
          ],
          [
            4.473403,
            43.8152653
          ],
          [
            4.4732717,
            43.815634
          ],
          [
            4.4727889,
            43.8165693
          ],
          [
            4.4729195,
            43.8168893
          ],
          [
            4.473728,
            43.8173809
          ],
          [
            4.4741923,
            43.8179282
          ],
          [
            4.4745283,
            43.8190713
          ],
          [
            4.4749518,
            43.819671
          ],
          [
            4.4763044,
            43.8216525
          ],
          [
            4.4766771,
            43.8221793
          ],
          [
            4.4776117,
            43.8235267
          ],
          [
            4.4781501,
            43.824303
          ],
          [
            4.4783932,
            43.8246535
          ],
          [
            4.4782941,
            43.8247235
          ],
          [
            4.4772863,
            43.8242391
          ]
        ]
      },
      "properties": {
        "parking_id": "PKC_022",
        "origine_id": "ORI_002",
        "distance_m": 1583,
        "temps_min": 3.0,
        "voie_dom": "tertiary",
        "veh_origine": 1
      }
    },
    {
      "type": "Feature",
      "geometry": {
        "type": "LineString",
        "coordinates": [
          [
            4.4716481,
            43.8146248
          ],
          [
            4.4705917,
            43.8151551
          ],
          [
            4.46984,
            43.815142
          ],
          [
            4.469498,
            43.8154889
          ],
          [
            4.469524,
            43.8156214
          ],
          [
            4.4698224,
            43.8171717
          ],
          [
            4.469779,
            43.8178162
          ],
          [
            4.4702065,
            43.8184803
          ],
          [
            4.4702105,
            43.818654
          ],
          [
            4.4701163,
            43.8191219
          ],
          [
            4.4699835,
            43.8192155
          ],
          [
            4.4698495,
            43.8194146
          ],
          [
            4.4697339,
            43.8195864
          ],
          [
            4.469104,
            43.8203536
          ],
          [
            4.4677541,
            43.8205044
          ],
          [
            4.4657119,
            43.8208429
          ],
          [
            4.4644643,
            43.8210184
          ],
          [
            4.4633886,
            43.8213339
          ],
          [
            4.4629111,
            43.8214869
          ],
          [
            4.4598793,
            43.8235362
          ]
        ]
      },
      "properties": {
        "parking_id": "PKC_022",
        "origine_id": "ORI_005",
        "distance_m": 1671,
        "temps_min": 3.0,
        "voie_dom": "tertiary",
        "veh_origine": 1
      }
    },
    {
      "type": "Feature",
      "geometry": {
        "type": "LineString",
        "coordinates": [
          [
            4.4716481,
            43.8146248
          ],
          [
            4.4720559,
            43.8152418
          ],
          [
            4.4726339,
            43.8152519
          ],
          [
            4.473403,
            43.8152653
          ],
          [
            4.4732717,
            43.815634
          ],
          [
            4.4727889,
            43.8165693
          ],
          [
            4.4729195,
            43.8168893
          ],
          [
            4.473728,
            43.8173809
          ],
          [
            4.4741923,
            43.8179282
          ],
          [
            4.4745283,
            43.8190713
          ],
          [
            4.4749518,
            43.819671
          ],
          [
            4.4763044,
            43.8216525
          ],
          [
            4.4766771,
            43.8221793
          ],
          [
            4.4776117,
            43.8235267
          ],
          [
            4.4781501,
            43.824303
          ],
          [
            4.4783932,
            43.8246535
          ],
          [
            4.4785365,
            43.8248727
          ],
          [
            4.4791133,
            43.8257106
          ],
          [
            4.4752789,
            43.828193
          ]
        ]
      },
      "properties": {
        "parking_id": "PKC_022",
        "origine_id": "ORI_014",
        "distance_m": 2102,
        "temps_min": 4.1,
        "voie_dom": "tertiary",
        "veh_origine": 1
      }
    },
    {
      "type": "Feature",
      "geometry": {
        "type": "LineString",
        "coordinates": [
          [
            4.4716481,
            43.8146248
          ],
          [
            4.4705917,
            43.8151551
          ],
          [
            4.46984,
            43.815142
          ],
          [
            4.469498,
            43.8154889
          ],
          [
            4.469524,
            43.8156214
          ],
          [
            4.4698224,
            43.8171717
          ],
          [
            4.469779,
            43.8178162
          ],
          [
            4.4702065,
            43.8184803
          ],
          [
            4.4702105,
            43.818654
          ],
          [
            4.4701163,
            43.8191219
          ],
          [
            4.4699835,
            43.8192155
          ],
          [
            4.4698495,
            43.8194146
          ],
          [
            4.4697339,
            43.8195864
          ],
          [
            4.469104,
            43.8203536
          ],
          [
            4.4689408,
            43.821549
          ],
          [
            4.4705398,
            43.8217714
          ],
          [
            4.4727847,
            43.8208791
          ]
        ]
      },
      "properties": {
        "parking_id": "PKC_022",
        "origine_id": "ORI_017",
        "distance_m": 1286,
        "temps_min": 2.3,
        "voie_dom": "tertiary",
        "veh_origine": 1
      }
    },
    {
      "type": "Feature",
      "geometry": {
        "type": "LineString",
        "coordinates": [
          [
            4.4716481,
            43.8146248
          ],
          [
            4.4705917,
            43.8151551
          ],
          [
            4.46984,
            43.815142
          ],
          [
            4.469498,
            43.8154889
          ],
          [
            4.469524,
            43.8156214
          ],
          [
            4.4698224,
            43.8171717
          ],
          [
            4.469779,
            43.8178162
          ],
          [
            4.4702065,
            43.8184803
          ],
          [
            4.4702105,
            43.818654
          ],
          [
            4.4701163,
            43.8191219
          ],
          [
            4.4699835,
            43.8192155
          ],
          [
            4.4698495,
            43.8194146
          ],
          [
            4.4697339,
            43.8195864
          ],
          [
            4.469104,
            43.8203536
          ],
          [
            4.4689408,
            43.821549
          ]
        ]
      },
      "properties": {
        "parking_id": "PKC_022",
        "origine_id": "ORI_018",
        "distance_m": 933,
        "temps_min": 1.5,
        "voie_dom": "tertiary",
        "veh_origine": 1
      }
    },
    {
      "type": "Feature",
      "geometry": {
        "type": "LineString",
        "coordinates": [
          [
            4.4716481,
            43.8146248
          ],
          [
            4.4705917,
            43.8151551
          ],
          [
            4.46984,
            43.815142
          ],
          [
            4.469498,
            43.8154889
          ],
          [
            4.4681534,
            43.8161592
          ],
          [
            4.4668676,
            43.8164952
          ],
          [
            4.4667838,
            43.816574
          ],
          [
            4.4663315,
            43.8164395
          ],
          [
            4.4659655,
            43.8166225
          ],
          [
            4.4656163,
            43.8167021
          ],
          [
            4.4648758,
            43.8168889
          ],
          [
            4.4638034,
            43.8171937
          ],
          [
            4.4628021,
            43.8176821
          ],
          [
            4.4612346,
            43.8186662
          ],
          [
            4.4617245,
            43.8197734
          ],
          [
            4.4620327,
            43.8203597
          ]
        ]
      },
      "properties": {
        "parking_id": "PKC_022",
        "origine_id": "ORI_020",
        "distance_m": 1196,
        "temps_min": 1.9,
        "voie_dom": "tertiary",
        "veh_origine": 1
      }
    },
    {
      "type": "Feature",
      "geometry": {
        "type": "LineString",
        "coordinates": [
          [
            4.4716481,
            43.8146248
          ],
          [
            4.4720559,
            43.8152418
          ],
          [
            4.4726339,
            43.8152519
          ],
          [
            4.473403,
            43.8152653
          ],
          [
            4.4732717,
            43.815634
          ],
          [
            4.4727889,
            43.8165693
          ],
          [
            4.4729195,
            43.8168893
          ],
          [
            4.473728,
            43.8173809
          ],
          [
            4.4741923,
            43.8179282
          ],
          [
            4.4745283,
            43.8190713
          ],
          [
            4.4749518,
            43.819671
          ],
          [
            4.4763044,
            43.8216525
          ],
          [
            4.4760583,
            43.8217388
          ],
          [
            4.4746933,
            43.8216617
          ],
          [
            4.4742697,
            43.8218419
          ]
        ]
      },
      "properties": {
        "parking_id": "PKC_022",
        "origine_id": "ORI_021",
        "distance_m": 1275,
        "temps_min": 2.5,
        "voie_dom": "tertiary",
        "veh_origine": 1
      }
    },
    {
      "type": "Feature",
      "geometry": {
        "type": "LineString",
        "coordinates": [
          [
            4.4716481,
            43.8146248
          ],
          [
            4.4705917,
            43.8151551
          ],
          [
            4.46984,
            43.815142
          ],
          [
            4.469498,
            43.8154889
          ],
          [
            4.469524,
            43.8156214
          ],
          [
            4.4698224,
            43.8171717
          ],
          [
            4.469779,
            43.8178162
          ],
          [
            4.4702065,
            43.8184803
          ],
          [
            4.4702105,
            43.818654
          ],
          [
            4.4701163,
            43.8191219
          ],
          [
            4.4699835,
            43.8192155
          ],
          [
            4.4698495,
            43.8194146
          ],
          [
            4.4697339,
            43.8195864
          ],
          [
            4.469104,
            43.8203536
          ],
          [
            4.4677541,
            43.8205044
          ],
          [
            4.4657119,
            43.8208429
          ],
          [
            4.4644643,
            43.8210184
          ],
          [
            4.4633886,
            43.8213339
          ],
          [
            4.4629111,
            43.8214869
          ],
          [
            4.4633394,
            43.8230098
          ]
        ]
      },
      "properties": {
        "parking_id": "PKC_022",
        "origine_id": "ORI_023",
        "distance_m": 1548,
        "temps_min": 2.9,
        "voie_dom": "tertiary",
        "veh_origine": 1
      }
    },
    {
      "type": "Feature",
      "geometry": {
        "type": "LineString",
        "coordinates": [
          [
            4.4716481,
            43.8146248
          ],
          [
            4.4705917,
            43.8151551
          ],
          [
            4.46984,
            43.815142
          ],
          [
            4.469498,
            43.8154889
          ],
          [
            4.469524,
            43.8156214
          ],
          [
            4.4698224,
            43.8171717
          ],
          [
            4.469779,
            43.8178162
          ],
          [
            4.4702065,
            43.8184803
          ],
          [
            4.4702105,
            43.818654
          ],
          [
            4.4701163,
            43.8191219
          ],
          [
            4.4699835,
            43.8192155
          ],
          [
            4.4698495,
            43.8194146
          ],
          [
            4.4697339,
            43.8195864
          ],
          [
            4.469104,
            43.8203536
          ],
          [
            4.4677541,
            43.8205044
          ],
          [
            4.4657119,
            43.8208429
          ],
          [
            4.4644643,
            43.8210184
          ],
          [
            4.4633886,
            43.8213339
          ],
          [
            4.4629111,
            43.8214869
          ]
        ]
      },
      "properties": {
        "parking_id": "PKC_022",
        "origine_id": "ORI_024",
        "distance_m": 1315,
        "temps_min": 2.3,
        "voie_dom": "tertiary",
        "veh_origine": 1
      }
    },
    {
      "type": "Feature",
      "geometry": {
        "type": "LineString",
        "coordinates": [
          [
            4.4716481,
            43.8146248
          ],
          [
            4.4705917,
            43.8151551
          ],
          [
            4.46984,
            43.815142
          ],
          [
            4.469498,
            43.8154889
          ],
          [
            4.469524,
            43.8156214
          ],
          [
            4.4698224,
            43.8171717
          ],
          [
            4.469779,
            43.8178162
          ],
          [
            4.4702065,
            43.8184803
          ],
          [
            4.4702105,
            43.818654
          ],
          [
            4.4701163,
            43.8191219
          ],
          [
            4.4699835,
            43.8192155
          ],
          [
            4.4698495,
            43.8194146
          ],
          [
            4.4697339,
            43.8195864
          ],
          [
            4.469104,
            43.8203536
          ]
        ]
      },
      "properties": {
        "parking_id": "PKC_022",
        "origine_id": "ORI_025",
        "distance_m": 798,
        "temps_min": 1.3,
        "voie_dom": "tertiary",
        "veh_origine": 1
      }
    },
    {
      "type": "Feature",
      "geometry": {
        "type": "LineString",
        "coordinates": [
          [
            4.4716481,
            43.8146248
          ],
          [
            4.4720559,
            43.8152418
          ],
          [
            4.4726339,
            43.8152519
          ],
          [
            4.473403,
            43.8152653
          ],
          [
            4.4734584,
            43.81511
          ],
          [
            4.4748092,
            43.8144938
          ],
          [
            4.4753369,
            43.8154335
          ],
          [
            4.4755978,
            43.8158323
          ],
          [
            4.4760242,
            43.8161799
          ],
          [
            4.4767233,
            43.8169695
          ],
          [
            4.4763088,
            43.8171522
          ],
          [
            4.4767843,
            43.8185439
          ],
          [
            4.4771034,
            43.8185571
          ],
          [
            4.4778253,
            43.8186225
          ],
          [
            4.4785242,
            43.8187102
          ],
          [
            4.4786033,
            43.818718
          ],
          [
            4.480089,
            43.8189551
          ],
          [
            4.4804931,
            43.8190351
          ],
          [
            4.4808285,
            43.82001
          ]
        ]
      },
      "properties": {
        "parking_id": "PKC_022",
        "origine_id": "ORI_026",
        "distance_m": 1318,
        "temps_min": 2.6,
        "voie_dom": "tertiary",
        "veh_origine": 1
      }
    },
    {
      "type": "Feature",
      "geometry": {
        "type": "LineString",
        "coordinates": [
          [
            4.4716481,
            43.8146248
          ],
          [
            4.4720559,
            43.8152418
          ],
          [
            4.4726339,
            43.8152519
          ],
          [
            4.473403,
            43.8152653
          ],
          [
            4.4734584,
            43.81511
          ],
          [
            4.4748092,
            43.8144938
          ],
          [
            4.4753369,
            43.8154335
          ],
          [
            4.4755978,
            43.8158323
          ],
          [
            4.4760242,
            43.8161799
          ],
          [
            4.4767233,
            43.8169695
          ],
          [
            4.4763088,
            43.8171522
          ],
          [
            4.4767843,
            43.8185439
          ],
          [
            4.4771034,
            43.8185571
          ],
          [
            4.4778253,
            43.8186225
          ],
          [
            4.4785242,
            43.8187102
          ],
          [
            4.4786033,
            43.818718
          ],
          [
            4.480089,
            43.8189551
          ],
          [
            4.4804931,
            43.8190351
          ],
          [
            4.4819289,
            43.8187852
          ],
          [
            4.4825925,
            43.8185678
          ],
          [
            4.4827089,
            43.8185284
          ],
          [
            4.4842891,
            43.8180799
          ],
          [
            4.484423,
            43.817986
          ],
          [
            4.4844956,
            43.8180557
          ],
          [
            4.4844073,
            43.8181334
          ],
          [
            4.4847556,
            43.8186567
          ],
          [
            4.4848831,
            43.8189069
          ],
          [
            4.4853109,
            43.8196946
          ],
          [
            4.4853282,
            43.8197299
          ],
          [
            4.4853658,
            43.8198068
          ],
          [
            4.4856635,
            43.8203274
          ],
          [
            4.4858473,
            43.8206467
          ],
          [
            4.4847234,
            43.8209583
          ]
        ]
      },
      "properties": {
        "parking_id": "PKC_022",
        "origine_id": "ORI_028",
        "distance_m": 1972,
        "temps_min": 3.7,
        "voie_dom": "tertiary",
        "veh_origine": 1
      }
    },
    {
      "type": "Feature",
      "geometry": {
        "type": "LineString",
        "coordinates": [
          [
            4.4713552,
            43.8137998
          ],
          [
            4.4699416,
            43.8150312
          ],
          [
            4.46984,
            43.815142
          ],
          [
            4.469498,
            43.8154889
          ],
          [
            4.469524,
            43.8156214
          ],
          [
            4.4698224,
            43.8171717
          ],
          [
            4.469779,
            43.8178162
          ],
          [
            4.4702065,
            43.8184803
          ],
          [
            4.4702105,
            43.818654
          ],
          [
            4.4701163,
            43.8191219
          ],
          [
            4.4699835,
            43.8192155
          ],
          [
            4.4698495,
            43.8194146
          ],
          [
            4.4697339,
            43.8195864
          ],
          [
            4.469104,
            43.8203536
          ],
          [
            4.4677541,
            43.8205044
          ],
          [
            4.4657119,
            43.8208429
          ]
        ]
      },
      "properties": {
        "parking_id": "PKC_023",
        "origine_id": "ORI_007",
        "distance_m": 1098,
        "temps_min": 1.8,
        "voie_dom": "tertiary",
        "veh_origine": 11
      }
    },
    {
      "type": "Feature",
      "geometry": {
        "type": "LineString",
        "coordinates": [
          [
            4.4713552,
            43.8137998
          ],
          [
            4.4699416,
            43.8150312
          ],
          [
            4.46984,
            43.815142
          ],
          [
            4.469498,
            43.8154889
          ],
          [
            4.469524,
            43.8156214
          ],
          [
            4.4698224,
            43.8171717
          ],
          [
            4.469779,
            43.8178162
          ],
          [
            4.4702065,
            43.8184803
          ],
          [
            4.4710476,
            43.8183734
          ],
          [
            4.4719344,
            43.8182975
          ],
          [
            4.4719714,
            43.8186723
          ],
          [
            4.4721882,
            43.8186497
          ],
          [
            4.4724102,
            43.818564
          ],
          [
            4.4733559,
            43.8184699
          ],
          [
            4.4735963,
            43.8184701
          ],
          [
            4.4736416,
            43.8185173
          ],
          [
            4.4737471,
            43.818733
          ],
          [
            4.4739654,
            43.8190273
          ],
          [
            4.4745283,
            43.8190713
          ],
          [
            4.4749518,
            43.819671
          ],
          [
            4.4763044,
            43.8216525
          ],
          [
            4.4760583,
            43.8217388
          ],
          [
            4.4746933,
            43.8216617
          ],
          [
            4.4747956,
            43.8218626
          ]
        ]
      },
      "properties": {
        "parking_id": "PKC_023",
        "origine_id": "ORI_009",
        "distance_m": 1518,
        "temps_min": 2.5,
        "voie_dom": "tertiary",
        "veh_origine": 6
      }
    },
    {
      "type": "Feature",
      "geometry": {
        "type": "LineString",
        "coordinates": [
          [
            4.4713552,
            43.8137998
          ],
          [
            4.4699416,
            43.8150312
          ],
          [
            4.46984,
            43.815142
          ],
          [
            4.469498,
            43.8154889
          ],
          [
            4.469524,
            43.8156214
          ],
          [
            4.4698224,
            43.8171717
          ],
          [
            4.469779,
            43.8178162
          ],
          [
            4.4702065,
            43.8184803
          ],
          [
            4.4710476,
            43.8183734
          ],
          [
            4.4719344,
            43.8182975
          ],
          [
            4.4719714,
            43.8186723
          ],
          [
            4.4721882,
            43.8186497
          ],
          [
            4.4724102,
            43.818564
          ],
          [
            4.4733559,
            43.8184699
          ],
          [
            4.4735963,
            43.8184701
          ],
          [
            4.4736416,
            43.8185173
          ],
          [
            4.4737471,
            43.818733
          ],
          [
            4.4739654,
            43.8190273
          ],
          [
            4.4745283,
            43.8190713
          ],
          [
            4.475864,
            43.81871
          ],
          [
            4.4767843,
            43.8185439
          ],
          [
            4.4771034,
            43.8185571
          ],
          [
            4.4778253,
            43.8186225
          ],
          [
            4.4785242,
            43.8187102
          ],
          [
            4.4786033,
            43.818718
          ],
          [
            4.4785795,
            43.8191035
          ],
          [
            4.4785192,
            43.8197704
          ],
          [
            4.4784765,
            43.8202219
          ]
        ]
      },
      "properties": {
        "parking_id": "PKC_023",
        "origine_id": "ORI_003",
        "distance_m": 1525,
        "temps_min": 2.5,
        "voie_dom": "tertiary",
        "veh_origine": 4
      }
    },
    {
      "type": "Feature",
      "geometry": {
        "type": "LineString",
        "coordinates": [
          [
            4.4713552,
            43.8137998
          ],
          [
            4.4699416,
            43.8150312
          ],
          [
            4.46984,
            43.815142
          ],
          [
            4.469498,
            43.8154889
          ],
          [
            4.469524,
            43.8156214
          ],
          [
            4.4698224,
            43.8171717
          ],
          [
            4.469779,
            43.8178162
          ],
          [
            4.4702065,
            43.8184803
          ],
          [
            4.4702105,
            43.818654
          ],
          [
            4.4701163,
            43.8191219
          ],
          [
            4.4699835,
            43.8192155
          ],
          [
            4.4698495,
            43.8194146
          ],
          [
            4.4697339,
            43.8195864
          ],
          [
            4.469104,
            43.8203536
          ],
          [
            4.4689408,
            43.821549
          ],
          [
            4.4705398,
            43.8217714
          ],
          [
            4.4727847,
            43.8208791
          ]
        ]
      },
      "properties": {
        "parking_id": "PKC_023",
        "origine_id": "ORI_017",
        "distance_m": 1307,
        "temps_min": 2.3,
        "voie_dom": "tertiary",
        "veh_origine": 1
      }
    },
    {
      "type": "Feature",
      "geometry": {
        "type": "LineString",
        "coordinates": [
          [
            4.4713552,
            43.8137998
          ],
          [
            4.4699416,
            43.8150312
          ],
          [
            4.46984,
            43.815142
          ],
          [
            4.469498,
            43.8154889
          ],
          [
            4.469524,
            43.8156214
          ],
          [
            4.4698224,
            43.8171717
          ],
          [
            4.469779,
            43.8178162
          ],
          [
            4.4702065,
            43.8184803
          ],
          [
            4.4710476,
            43.8183734
          ],
          [
            4.4719344,
            43.8182975
          ],
          [
            4.4719714,
            43.8186723
          ],
          [
            4.4721882,
            43.8186497
          ],
          [
            4.4724102,
            43.818564
          ],
          [
            4.4733559,
            43.8184699
          ],
          [
            4.4735963,
            43.8184701
          ],
          [
            4.4736416,
            43.8185173
          ],
          [
            4.4737471,
            43.818733
          ],
          [
            4.4739654,
            43.8190273
          ],
          [
            4.4745283,
            43.8190713
          ],
          [
            4.4749518,
            43.819671
          ],
          [
            4.4763044,
            43.8216525
          ],
          [
            4.4760583,
            43.8217388
          ],
          [
            4.4746933,
            43.8216617
          ],
          [
            4.4742697,
            43.8218419
          ]
        ]
      },
      "properties": {
        "parking_id": "PKC_023",
        "origine_id": "ORI_021",
        "distance_m": 1533,
        "temps_min": 2.6,
        "voie_dom": "tertiary",
        "veh_origine": 1
      }
    },
    {
      "type": "Feature",
      "geometry": {
        "type": "LineString",
        "coordinates": [
          [
            4.4713552,
            43.8137998
          ],
          [
            4.4699416,
            43.8150312
          ],
          [
            4.46984,
            43.815142
          ],
          [
            4.469498,
            43.8154889
          ],
          [
            4.469524,
            43.8156214
          ],
          [
            4.4698224,
            43.8171717
          ],
          [
            4.469779,
            43.8178162
          ],
          [
            4.4702065,
            43.8184803
          ],
          [
            4.4702105,
            43.818654
          ],
          [
            4.4701163,
            43.8191219
          ],
          [
            4.4699835,
            43.8192155
          ],
          [
            4.4698495,
            43.8194146
          ],
          [
            4.4697339,
            43.8195864
          ],
          [
            4.469104,
            43.8203536
          ]
        ]
      },
      "properties": {
        "parking_id": "PKC_023",
        "origine_id": "ORI_025",
        "distance_m": 819,
        "temps_min": 1.2,
        "voie_dom": "tertiary",
        "veh_origine": 1
      }
    },
    {
      "type": "Feature",
      "geometry": {
        "type": "LineString",
        "coordinates": [
          [
            4.4713552,
            43.8137998
          ],
          [
            4.4699416,
            43.8150312
          ],
          [
            4.46984,
            43.815142
          ],
          [
            4.469498,
            43.8154889
          ],
          [
            4.469524,
            43.8156214
          ],
          [
            4.4698224,
            43.8171717
          ],
          [
            4.469779,
            43.8178162
          ],
          [
            4.4702065,
            43.8184803
          ],
          [
            4.4710476,
            43.8183734
          ],
          [
            4.4719344,
            43.8182975
          ],
          [
            4.4719714,
            43.8186723
          ],
          [
            4.4721882,
            43.8186497
          ],
          [
            4.4724102,
            43.818564
          ],
          [
            4.4733559,
            43.8184699
          ],
          [
            4.4735963,
            43.8184701
          ],
          [
            4.4736416,
            43.8185173
          ],
          [
            4.4737471,
            43.818733
          ],
          [
            4.4739654,
            43.8190273
          ],
          [
            4.4745283,
            43.8190713
          ],
          [
            4.475864,
            43.81871
          ],
          [
            4.4767843,
            43.8185439
          ],
          [
            4.4771034,
            43.8185571
          ],
          [
            4.4778253,
            43.8186225
          ],
          [
            4.4785242,
            43.8187102
          ],
          [
            4.4786033,
            43.818718
          ],
          [
            4.480089,
            43.8189551
          ],
          [
            4.4804931,
            43.8190351
          ],
          [
            4.4808285,
            43.82001
          ]
        ]
      },
      "properties": {
        "parking_id": "PKC_023",
        "origine_id": "ORI_026",
        "distance_m": 1625,
        "temps_min": 2.7,
        "voie_dom": "tertiary",
        "veh_origine": 1
      }
    },
    {
      "type": "Feature",
      "geometry": {
        "type": "LineString",
        "coordinates": [
          [
            4.4857146,
            43.8163727
          ],
          [
            4.4865444,
            43.8172928
          ],
          [
            4.4868387,
            43.8176185
          ],
          [
            4.4882962,
            43.819294
          ],
          [
            4.4884974,
            43.8193337
          ],
          [
            4.4886735,
            43.8193728
          ],
          [
            4.4900472,
            43.8186345
          ],
          [
            4.4913423,
            43.8199125
          ],
          [
            4.4917884,
            43.8200854
          ],
          [
            4.4921756,
            43.8203663
          ],
          [
            4.4923549,
            43.8206698
          ],
          [
            4.4939503,
            43.8228994
          ],
          [
            4.4953692,
            43.8251977
          ],
          [
            4.4955244,
            43.8255328
          ],
          [
            4.4958747,
            43.8258325
          ],
          [
            4.4961524,
            43.8259324
          ],
          [
            4.4961854,
            43.8261737
          ],
          [
            4.4960506,
            43.8262813
          ],
          [
            4.4957181,
            43.8262837
          ],
          [
            4.4956667,
            43.826258
          ],
          [
            4.495259,
            43.8262119
          ],
          [
            4.4894097,
            43.8267769
          ],
          [
            4.4890082,
            43.8268171
          ],
          [
            4.4810674,
            43.827604
          ]
        ]
      },
      "properties": {
        "parking_id": "PKC_024",
        "origine_id": "ORI_004",
        "distance_m": 2794,
        "temps_min": 3.9,
        "voie_dom": "primary",
        "veh_origine": 36
      }
    },
    {
      "type": "Feature",
      "geometry": {
        "type": "LineString",
        "coordinates": [
          [
            4.4857146,
            43.8163727
          ],
          [
            4.4853215,
            43.8161855
          ],
          [
            4.484423,
            43.817986
          ],
          [
            4.4844956,
            43.8180557
          ],
          [
            4.4844073,
            43.8181334
          ],
          [
            4.4842891,
            43.8180799
          ],
          [
            4.4827089,
            43.8185284
          ],
          [
            4.4825925,
            43.8185678
          ],
          [
            4.4819289,
            43.8187852
          ],
          [
            4.4804931,
            43.8190351
          ],
          [
            4.480089,
            43.8189551
          ],
          [
            4.4786033,
            43.818718
          ],
          [
            4.4785242,
            43.8187102
          ],
          [
            4.4778253,
            43.8186225
          ],
          [
            4.4771034,
            43.8185571
          ],
          [
            4.4767843,
            43.8185439
          ],
          [
            4.475864,
            43.81871
          ],
          [
            4.4745283,
            43.8190713
          ],
          [
            4.4749518,
            43.819671
          ],
          [
            4.4763044,
            43.8216525
          ],
          [
            4.4760583,
            43.8217388
          ],
          [
            4.4746933,
            43.8216617
          ],
          [
            4.4747956,
            43.8218626
          ]
        ]
      },
      "properties": {
        "parking_id": "PKC_024",
        "origine_id": "ORI_009",
        "distance_m": 1605,
        "temps_min": 2.5,
        "voie_dom": "tertiary",
        "veh_origine": 6
      }
    },
    {
      "type": "Feature",
      "geometry": {
        "type": "LineString",
        "coordinates": [
          [
            4.4857146,
            43.8163727
          ],
          [
            4.4853215,
            43.8161855
          ],
          [
            4.484423,
            43.817986
          ],
          [
            4.4844956,
            43.8180557
          ],
          [
            4.4844073,
            43.8181334
          ],
          [
            4.4842891,
            43.8180799
          ],
          [
            4.4827089,
            43.8185284
          ],
          [
            4.4825925,
            43.8185678
          ],
          [
            4.4819289,
            43.8187852
          ],
          [
            4.4804931,
            43.8190351
          ],
          [
            4.480089,
            43.8189551
          ],
          [
            4.4786033,
            43.818718
          ],
          [
            4.4785795,
            43.8191035
          ],
          [
            4.4785192,
            43.8197704
          ],
          [
            4.4784765,
            43.8202219
          ]
        ]
      },
      "properties": {
        "parking_id": "PKC_024",
        "origine_id": "ORI_003",
        "distance_m": 935,
        "temps_min": 1.5,
        "voie_dom": "tertiary",
        "veh_origine": 4
      }
    },
    {
      "type": "Feature",
      "geometry": {
        "type": "LineString",
        "coordinates": [
          [
            4.4857146,
            43.8163727
          ],
          [
            4.4853215,
            43.8161855
          ],
          [
            4.484423,
            43.817986
          ],
          [
            4.4844956,
            43.8180557
          ],
          [
            4.4844073,
            43.8181334
          ],
          [
            4.4842891,
            43.8180799
          ],
          [
            4.4827089,
            43.8185284
          ],
          [
            4.4825925,
            43.8185678
          ],
          [
            4.4819289,
            43.8187852
          ],
          [
            4.4804931,
            43.8190351
          ],
          [
            4.480089,
            43.8189551
          ],
          [
            4.4786033,
            43.818718
          ],
          [
            4.4785242,
            43.8187102
          ],
          [
            4.4778253,
            43.8186225
          ],
          [
            4.4771034,
            43.8185571
          ],
          [
            4.4767843,
            43.8185439
          ],
          [
            4.475864,
            43.81871
          ],
          [
            4.4745283,
            43.8190713
          ],
          [
            4.4749518,
            43.819671
          ],
          [
            4.4763044,
            43.8216525
          ],
          [
            4.4760583,
            43.8217388
          ],
          [
            4.4755018,
            43.8231994
          ],
          [
            4.4757613,
            43.8262427
          ]
        ]
      },
      "properties": {
        "parking_id": "PKC_024",
        "origine_id": "ORI_015",
        "distance_m": 1965,
        "temps_min": 3.4,
        "voie_dom": "tertiary",
        "veh_origine": 3
      }
    },
    {
      "type": "Feature",
      "geometry": {
        "type": "LineString",
        "coordinates": [
          [
            4.4857146,
            43.8163727
          ],
          [
            4.4853215,
            43.8161855
          ],
          [
            4.484423,
            43.817986
          ],
          [
            4.4844956,
            43.8180557
          ],
          [
            4.4844073,
            43.8181334
          ],
          [
            4.4842891,
            43.8180799
          ],
          [
            4.4827089,
            43.8185284
          ],
          [
            4.4825925,
            43.8185678
          ],
          [
            4.4819289,
            43.8187852
          ],
          [
            4.4804931,
            43.8190351
          ],
          [
            4.480089,
            43.8189551
          ],
          [
            4.4786033,
            43.818718
          ],
          [
            4.4785242,
            43.8187102
          ],
          [
            4.4778253,
            43.8186225
          ],
          [
            4.4771034,
            43.8185571
          ],
          [
            4.4767843,
            43.8185439
          ],
          [
            4.475864,
            43.81871
          ],
          [
            4.4745283,
            43.8190713
          ],
          [
            4.4749518,
            43.819671
          ],
          [
            4.4763044,
            43.8216525
          ],
          [
            4.4766771,
            43.8221793
          ],
          [
            4.4776117,
            43.8235267
          ]
        ]
      },
      "properties": {
        "parking_id": "PKC_024",
        "origine_id": "ORI_027",
        "distance_m": 1660,
        "temps_min": 2.5,
        "voie_dom": "tertiary",
        "veh_origine": 3
      }
    },
    {
      "type": "Feature",
      "geometry": {
        "type": "LineString",
        "coordinates": [
          [
            4.4857146,
            43.8163727
          ],
          [
            4.4865444,
            43.8172928
          ],
          [
            4.4868387,
            43.8176185
          ],
          [
            4.4882962,
            43.819294
          ],
          [
            4.4884974,
            43.8193337
          ],
          [
            4.4886735,
            43.8193728
          ],
          [
            4.4900472,
            43.8186345
          ],
          [
            4.4913423,
            43.8199125
          ],
          [
            4.4917884,
            43.8200854
          ],
          [
            4.4921756,
            43.8203663
          ],
          [
            4.4923549,
            43.8206698
          ],
          [
            4.4939503,
            43.8228994
          ],
          [
            4.4953692,
            43.8251977
          ],
          [
            4.4955244,
            43.8255328
          ],
          [
            4.4958747,
            43.8258325
          ],
          [
            4.4961524,
            43.8259324
          ],
          [
            4.4961854,
            43.8261737
          ],
          [
            4.4960506,
            43.8262813
          ],
          [
            4.4957181,
            43.8262837
          ],
          [
            4.4956667,
            43.826258
          ],
          [
            4.495259,
            43.8262119
          ],
          [
            4.4894097,
            43.8267769
          ],
          [
            4.4890082,
            43.8268171
          ],
          [
            4.4888534,
            43.8263593
          ],
          [
            4.4884619,
            43.8264006
          ]
        ]
      },
      "properties": {
        "parking_id": "PKC_024",
        "origine_id": "ORI_034",
        "distance_m": 2236,
        "temps_min": 3.3,
        "voie_dom": "primary",
        "veh_origine": 3
      }
    },
    {
      "type": "Feature",
      "geometry": {
        "type": "LineString",
        "coordinates": [
          [
            4.4857146,
            43.8163727
          ],
          [
            4.4853215,
            43.8161855
          ],
          [
            4.484423,
            43.817986
          ],
          [
            4.4844956,
            43.8180557
          ],
          [
            4.4844073,
            43.8181334
          ],
          [
            4.4842891,
            43.8180799
          ],
          [
            4.4827089,
            43.8185284
          ],
          [
            4.4825925,
            43.8185678
          ],
          [
            4.4819289,
            43.8187852
          ],
          [
            4.4804931,
            43.8190351
          ],
          [
            4.480089,
            43.8189551
          ],
          [
            4.4786033,
            43.818718
          ],
          [
            4.4785242,
            43.8187102
          ],
          [
            4.4778253,
            43.8186225
          ],
          [
            4.4771034,
            43.8185571
          ],
          [
            4.4767843,
            43.8185439
          ],
          [
            4.475864,
            43.81871
          ],
          [
            4.4745283,
            43.8190713
          ],
          [
            4.4749518,
            43.819671
          ],
          [
            4.4763044,
            43.8216525
          ],
          [
            4.4766771,
            43.8221793
          ],
          [
            4.4776117,
            43.8235267
          ],
          [
            4.4781501,
            43.824303
          ],
          [
            4.4783932,
            43.8246535
          ],
          [
            4.4782941,
            43.8247235
          ],
          [
            4.4772863,
            43.8242391
          ]
        ]
      },
      "properties": {
        "parking_id": "PKC_024",
        "origine_id": "ORI_002",
        "distance_m": 1928,
        "temps_min": 3.0,
        "voie_dom": "tertiary",
        "veh_origine": 1
      }
    },
    {
      "type": "Feature",
      "geometry": {
        "type": "LineString",
        "coordinates": [
          [
            4.4857146,
            43.8163727
          ],
          [
            4.4853215,
            43.8161855
          ],
          [
            4.484423,
            43.817986
          ],
          [
            4.4844956,
            43.8180557
          ],
          [
            4.4844073,
            43.8181334
          ],
          [
            4.4842891,
            43.8180799
          ],
          [
            4.4827089,
            43.8185284
          ],
          [
            4.4825925,
            43.8185678
          ],
          [
            4.4819289,
            43.8187852
          ],
          [
            4.4804931,
            43.8190351
          ],
          [
            4.480089,
            43.8189551
          ],
          [
            4.4786033,
            43.818718
          ],
          [
            4.4785242,
            43.8187102
          ],
          [
            4.4778253,
            43.8186225
          ],
          [
            4.4771034,
            43.8185571
          ],
          [
            4.4767843,
            43.8185439
          ],
          [
            4.475864,
            43.81871
          ],
          [
            4.4745283,
            43.8190713
          ],
          [
            4.4739654,
            43.8190273
          ],
          [
            4.4737471,
            43.818733
          ],
          [
            4.4735607,
            43.8186072
          ],
          [
            4.4732111,
            43.8186331
          ],
          [
            4.4726148,
            43.8186882
          ],
          [
            4.47243,
            43.8186715
          ],
          [
            4.4721882,
            43.8186497
          ],
          [
            4.4719714,
            43.8186723
          ],
          [
            4.4718887,
            43.8190249
          ],
          [
            4.4711429,
            43.8190323
          ],
          [
            4.4709447,
            43.8190053
          ],
          [
            4.4701163,
            43.8191219
          ],
          [
            4.4699835,
            43.8192155
          ],
          [
            4.4698495,
            43.8194146
          ],
          [
            4.4697339,
            43.8195864
          ],
          [
            4.469104,
            43.8203536
          ],
          [
            4.4689408,
            43.821549
          ],
          [
            4.4705398,
            43.8217714
          ],
          [
            4.4727847,
            43.8208791
          ]
        ]
      },
      "properties": {
        "parking_id": "PKC_024",
        "origine_id": "ORI_017",
        "distance_m": 2173,
        "temps_min": 3.6,
        "voie_dom": "tertiary",
        "veh_origine": 1
      }
    },
    {
      "type": "Feature",
      "geometry": {
        "type": "LineString",
        "coordinates": [
          [
            4.4857146,
            43.8163727
          ],
          [
            4.4853215,
            43.8161855
          ],
          [
            4.484423,
            43.817986
          ],
          [
            4.4844956,
            43.8180557
          ],
          [
            4.4844073,
            43.8181334
          ],
          [
            4.4842891,
            43.8180799
          ],
          [
            4.4827089,
            43.8185284
          ],
          [
            4.4825925,
            43.8185678
          ],
          [
            4.4819289,
            43.8187852
          ],
          [
            4.4804931,
            43.8190351
          ],
          [
            4.480089,
            43.8189551
          ],
          [
            4.4786033,
            43.818718
          ],
          [
            4.4785242,
            43.8187102
          ],
          [
            4.4778253,
            43.8186225
          ],
          [
            4.4771034,
            43.8185571
          ],
          [
            4.4767843,
            43.8185439
          ],
          [
            4.475864,
            43.81871
          ],
          [
            4.4745283,
            43.8190713
          ],
          [
            4.4749518,
            43.819671
          ],
          [
            4.4763044,
            43.8216525
          ],
          [
            4.4760583,
            43.8217388
          ],
          [
            4.4746933,
            43.8216617
          ],
          [
            4.4742697,
            43.8218419
          ]
        ]
      },
      "properties": {
        "parking_id": "PKC_024",
        "origine_id": "ORI_021",
        "distance_m": 1620,
        "temps_min": 2.5,
        "voie_dom": "tertiary",
        "veh_origine": 1
      }
    },
    {
      "type": "Feature",
      "geometry": {
        "type": "LineString",
        "coordinates": [
          [
            4.4857146,
            43.8163727
          ],
          [
            4.4853215,
            43.8161855
          ],
          [
            4.484423,
            43.817986
          ],
          [
            4.4844956,
            43.8180557
          ],
          [
            4.4844073,
            43.8181334
          ],
          [
            4.4842891,
            43.8180799
          ],
          [
            4.4827089,
            43.8185284
          ],
          [
            4.4825925,
            43.8185678
          ],
          [
            4.4819289,
            43.8187852
          ],
          [
            4.4804931,
            43.8190351
          ],
          [
            4.480089,
            43.8189551
          ],
          [
            4.4786033,
            43.818718
          ],
          [
            4.4785242,
            43.8187102
          ],
          [
            4.4778253,
            43.8186225
          ],
          [
            4.4771034,
            43.8185571
          ],
          [
            4.4767843,
            43.8185439
          ],
          [
            4.475864,
            43.81871
          ],
          [
            4.4745283,
            43.8190713
          ],
          [
            4.4739654,
            43.8190273
          ],
          [
            4.4737471,
            43.818733
          ],
          [
            4.4735607,
            43.8186072
          ],
          [
            4.4732111,
            43.8186331
          ],
          [
            4.4726148,
            43.8186882
          ],
          [
            4.47243,
            43.8186715
          ],
          [
            4.4721882,
            43.8186497
          ],
          [
            4.4719714,
            43.8186723
          ],
          [
            4.4718887,
            43.8190249
          ],
          [
            4.4711429,
            43.8190323
          ],
          [
            4.4709447,
            43.8190053
          ],
          [
            4.4701163,
            43.8191219
          ],
          [
            4.4699835,
            43.8192155
          ],
          [
            4.4698495,
            43.8194146
          ],
          [
            4.4697339,
            43.8195864
          ],
          [
            4.469104,
            43.8203536
          ]
        ]
      },
      "properties": {
        "parking_id": "PKC_024",
        "origine_id": "ORI_025",
        "distance_m": 1685,
        "temps_min": 2.5,
        "voie_dom": "tertiary",
        "veh_origine": 1
      }
    },
    {
      "type": "Feature",
      "geometry": {
        "type": "LineString",
        "coordinates": [
          [
            4.4857146,
            43.8163727
          ],
          [
            4.4853215,
            43.8161855
          ],
          [
            4.484423,
            43.817986
          ],
          [
            4.4844956,
            43.8180557
          ],
          [
            4.4844073,
            43.8181334
          ],
          [
            4.4842891,
            43.8180799
          ],
          [
            4.4827089,
            43.8185284
          ],
          [
            4.4825925,
            43.8185678
          ],
          [
            4.4819289,
            43.8187852
          ],
          [
            4.4804931,
            43.8190351
          ],
          [
            4.4808285,
            43.82001
          ]
        ]
      },
      "properties": {
        "parking_id": "PKC_024",
        "origine_id": "ORI_026",
        "distance_m": 723,
        "temps_min": 1.2,
        "voie_dom": "tertiary",
        "veh_origine": 1
      }
    },
    {
      "type": "Feature",
      "geometry": {
        "type": "LineString",
        "coordinates": [
          [
            4.4857146,
            43.8163727
          ],
          [
            4.4853215,
            43.8161855
          ],
          [
            4.484423,
            43.817986
          ],
          [
            4.4844956,
            43.8180557
          ],
          [
            4.4844073,
            43.8181334
          ],
          [
            4.4847556,
            43.8186567
          ],
          [
            4.4848831,
            43.8189069
          ],
          [
            4.4853109,
            43.8196946
          ],
          [
            4.4853282,
            43.8197299
          ],
          [
            4.4853658,
            43.8198068
          ],
          [
            4.4856635,
            43.8203274
          ],
          [
            4.4858473,
            43.8206467
          ],
          [
            4.4847234,
            43.8209583
          ]
        ]
      },
      "properties": {
        "parking_id": "PKC_024",
        "origine_id": "ORI_028",
        "distance_m": 673,
        "temps_min": 1.2,
        "voie_dom": "tertiary",
        "veh_origine": 1
      }
    },
    {
      "type": "Feature",
      "geometry": {
        "type": "LineString",
        "coordinates": [
          [
            4.4857146,
            43.8163727
          ],
          [
            4.4865444,
            43.8172928
          ],
          [
            4.4868387,
            43.8176185
          ],
          [
            4.4882962,
            43.819294
          ],
          [
            4.4884974,
            43.8193337
          ],
          [
            4.4886735,
            43.8193728
          ],
          [
            4.4900472,
            43.8186345
          ],
          [
            4.4913423,
            43.8199125
          ],
          [
            4.4917884,
            43.8200854
          ],
          [
            4.4921756,
            43.8203663
          ],
          [
            4.4923549,
            43.8206698
          ],
          [
            4.4939503,
            43.8228994
          ],
          [
            4.4953692,
            43.8251977
          ],
          [
            4.4955244,
            43.8255328
          ],
          [
            4.4958747,
            43.8258325
          ],
          [
            4.4961524,
            43.8259324
          ],
          [
            4.4961854,
            43.8261737
          ],
          [
            4.4960506,
            43.8262813
          ],
          [
            4.4958597,
            43.826611
          ],
          [
            4.4959698,
            43.8275536
          ],
          [
            4.495989,
            43.8277739
          ],
          [
            4.4950176,
            43.827828
          ],
          [
            4.4944285,
            43.828902
          ],
          [
            4.4943634,
            43.8289961
          ],
          [
            4.4928104,
            43.8290887
          ],
          [
            4.4932646,
            43.8298843
          ],
          [
            4.4934921,
            43.8303752
          ],
          [
            4.4935751,
            43.8304696
          ],
          [
            4.493419,
            43.830458
          ],
          [
            4.491725,
            43.8302369
          ],
          [
            4.4915925,
            43.8303079
          ],
          [
            4.4915477,
            43.8302428
          ],
          [
            4.4916391,
            43.8301863
          ],
          [
            4.4888426,
            43.8294154
          ],
          [
            4.4878382,
            43.8291331
          ],
          [
            4.4875825,
            43.8290539
          ]
        ]
      },
      "properties": {
        "parking_id": "PKC_024",
        "origine_id": "ORI_036",
        "distance_m": 2819,
        "temps_min": 4.8,
        "voie_dom": "primary",
        "veh_origine": 1
      }
    },
    {
      "type": "Feature",
      "geometry": {
        "type": "LineString",
        "coordinates": [
          [
            4.4667838,
            43.816574
          ],
          [
            4.4677113,
            43.8168847
          ],
          [
            4.4675135,
            43.8176284
          ],
          [
            4.4673843,
            43.8180226
          ],
          [
            4.4672669,
            43.8185661
          ],
          [
            4.467313,
            43.818669
          ],
          [
            4.4674343,
            43.8188282
          ],
          [
            4.4672599,
            43.8188544
          ],
          [
            4.467119,
            43.8188822
          ],
          [
            4.4659344,
            43.8191991
          ],
          [
            4.4652802,
            43.8194341
          ],
          [
            4.4652454,
            43.8195405
          ],
          [
            4.465516,
            43.8201242
          ],
          [
            4.4657119,
            43.8208429
          ]
        ]
      },
      "properties": {
        "parking_id": "PKC_025",
        "origine_id": "ORI_007",
        "distance_m": 737,
        "temps_min": 1.3,
        "voie_dom": "tertiary",
        "veh_origine": 11
      }
    },
    {
      "type": "Feature",
      "geometry": {
        "type": "LineString",
        "coordinates": [
          [
            4.4667838,
            43.816574
          ],
          [
            4.4677113,
            43.8168847
          ],
          [
            4.4675135,
            43.8176284
          ],
          [
            4.4673843,
            43.8180226
          ],
          [
            4.4672669,
            43.8185661
          ],
          [
            4.467313,
            43.818669
          ],
          [
            4.4674343,
            43.8188282
          ],
          [
            4.4672599,
            43.8188544
          ],
          [
            4.467119,
            43.8188822
          ],
          [
            4.4659344,
            43.8191991
          ],
          [
            4.4652802,
            43.8194341
          ],
          [
            4.4652454,
            43.8195405
          ],
          [
            4.465516,
            43.8201242
          ],
          [
            4.4657119,
            43.8208429
          ],
          [
            4.4644643,
            43.8210184
          ],
          [
            4.4633886,
            43.8213339
          ],
          [
            4.4629111,
            43.8214869
          ]
        ]
      },
      "properties": {
        "parking_id": "PKC_025",
        "origine_id": "ORI_011",
        "distance_m": 974,
        "temps_min": 1.8,
        "voie_dom": "tertiary",
        "veh_origine": 4
      }
    },
    {
      "type": "Feature",
      "geometry": {
        "type": "LineString",
        "coordinates": [
          [
            4.4667838,
            43.816574
          ],
          [
            4.4677113,
            43.8168847
          ],
          [
            4.4691697,
            43.8174782
          ],
          [
            4.469779,
            43.8178162
          ],
          [
            4.4702065,
            43.8184803
          ],
          [
            4.4702105,
            43.818654
          ],
          [
            4.4701163,
            43.8191219
          ],
          [
            4.4699835,
            43.8192155
          ],
          [
            4.4698495,
            43.8194146
          ],
          [
            4.4697339,
            43.8195864
          ],
          [
            4.469104,
            43.8203536
          ],
          [
            4.4689408,
            43.821549
          ],
          [
            4.4705398,
            43.8217714
          ],
          [
            4.4727847,
            43.8208791
          ]
        ]
      },
      "properties": {
        "parking_id": "PKC_025",
        "origine_id": "ORI_017",
        "distance_m": 1081,
        "temps_min": 1.9,
        "voie_dom": "tertiary",
        "veh_origine": 1
      }
    },
    {
      "type": "Feature",
      "geometry": {
        "type": "LineString",
        "coordinates": [
          [
            4.4667838,
            43.816574
          ],
          [
            4.4663315,
            43.8164395
          ],
          [
            4.4659655,
            43.8166225
          ],
          [
            4.4656163,
            43.8167021
          ],
          [
            4.4648758,
            43.8168889
          ],
          [
            4.4638034,
            43.8171937
          ],
          [
            4.4628021,
            43.8176821
          ],
          [
            4.4612346,
            43.8186662
          ],
          [
            4.4617245,
            43.8197734
          ],
          [
            4.4620327,
            43.8203597
          ]
        ]
      },
      "properties": {
        "parking_id": "PKC_025",
        "origine_id": "ORI_020",
        "distance_m": 724,
        "temps_min": 1.1,
        "voie_dom": "tertiary",
        "veh_origine": 1
      }
    },
    {
      "type": "Feature",
      "geometry": {
        "type": "LineString",
        "coordinates": [
          [
            4.4667838,
            43.816574
          ],
          [
            4.4677113,
            43.8168847
          ],
          [
            4.4691697,
            43.8174782
          ],
          [
            4.469779,
            43.8178162
          ],
          [
            4.4702065,
            43.8184803
          ],
          [
            4.4710476,
            43.8183734
          ],
          [
            4.4719344,
            43.8182975
          ],
          [
            4.4719714,
            43.8186723
          ],
          [
            4.4721882,
            43.8186497
          ],
          [
            4.4724102,
            43.818564
          ],
          [
            4.4733559,
            43.8184699
          ],
          [
            4.4735963,
            43.8184701
          ],
          [
            4.4736416,
            43.8185173
          ],
          [
            4.4737471,
            43.818733
          ],
          [
            4.4739654,
            43.8190273
          ],
          [
            4.4745283,
            43.8190713
          ],
          [
            4.4749518,
            43.819671
          ],
          [
            4.4763044,
            43.8216525
          ],
          [
            4.4760583,
            43.8217388
          ],
          [
            4.4746933,
            43.8216617
          ],
          [
            4.4742697,
            43.8218419
          ]
        ]
      },
      "properties": {
        "parking_id": "PKC_025",
        "origine_id": "ORI_021",
        "distance_m": 1307,
        "temps_min": 2.2,
        "voie_dom": "tertiary",
        "veh_origine": 1
      }
    },
    {
      "type": "Feature",
      "geometry": {
        "type": "LineString",
        "coordinates": [
          [
            4.4667838,
            43.816574
          ],
          [
            4.4677113,
            43.8168847
          ],
          [
            4.4675135,
            43.8176284
          ],
          [
            4.4673843,
            43.8180226
          ],
          [
            4.4672669,
            43.8185661
          ],
          [
            4.467313,
            43.818669
          ],
          [
            4.4674343,
            43.8188282
          ],
          [
            4.4672599,
            43.8188544
          ],
          [
            4.467119,
            43.8188822
          ],
          [
            4.4659344,
            43.8191991
          ],
          [
            4.4652802,
            43.8194341
          ],
          [
            4.4652454,
            43.8195405
          ],
          [
            4.465516,
            43.8201242
          ],
          [
            4.4657119,
            43.8208429
          ],
          [
            4.4644643,
            43.8210184
          ],
          [
            4.4633886,
            43.8213339
          ],
          [
            4.4629111,
            43.8214869
          ],
          [
            4.4633394,
            43.8230098
          ]
        ]
      },
      "properties": {
        "parking_id": "PKC_025",
        "origine_id": "ORI_023",
        "distance_m": 1207,
        "temps_min": 2.4,
        "voie_dom": "tertiary",
        "veh_origine": 1
      }
    },
    {
      "type": "Feature",
      "geometry": {
        "type": "LineString",
        "coordinates": [
          [
            4.4667838,
            43.816574
          ],
          [
            4.4677113,
            43.8168847
          ],
          [
            4.4675135,
            43.8176284
          ],
          [
            4.4673843,
            43.8180226
          ],
          [
            4.4672669,
            43.8185661
          ],
          [
            4.467313,
            43.818669
          ],
          [
            4.4674343,
            43.8188282
          ],
          [
            4.4672599,
            43.8188544
          ],
          [
            4.467119,
            43.8188822
          ],
          [
            4.4659344,
            43.8191991
          ],
          [
            4.4652802,
            43.8194341
          ],
          [
            4.4652454,
            43.8195405
          ],
          [
            4.465516,
            43.8201242
          ],
          [
            4.4657119,
            43.8208429
          ],
          [
            4.4644643,
            43.8210184
          ],
          [
            4.4633886,
            43.8213339
          ],
          [
            4.4629111,
            43.8214869
          ]
        ]
      },
      "properties": {
        "parking_id": "PKC_025",
        "origine_id": "ORI_024",
        "distance_m": 974,
        "temps_min": 1.8,
        "voie_dom": "tertiary",
        "veh_origine": 1
      }
    },
    {
      "type": "Feature",
      "geometry": {
        "type": "LineString",
        "coordinates": [
          [
            4.4667838,
            43.816574
          ],
          [
            4.4677113,
            43.8168847
          ],
          [
            4.4691697,
            43.8174782
          ],
          [
            4.469779,
            43.8178162
          ],
          [
            4.4702065,
            43.8184803
          ],
          [
            4.4702105,
            43.818654
          ],
          [
            4.4701163,
            43.8191219
          ],
          [
            4.4699835,
            43.8192155
          ],
          [
            4.4698495,
            43.8194146
          ],
          [
            4.4697339,
            43.8195864
          ],
          [
            4.469104,
            43.8203536
          ]
        ]
      },
      "properties": {
        "parking_id": "PKC_025",
        "origine_id": "ORI_025",
        "distance_m": 593,
        "temps_min": 0.9,
        "voie_dom": "tertiary",
        "veh_origine": 1
      }
    },
    {
      "type": "Feature",
      "geometry": {
        "type": "LineString",
        "coordinates": [
          [
            4.4617245,
            43.8197734
          ],
          [
            4.4620327,
            43.8203597
          ],
          [
            4.4569925,
            43.8212322
          ]
        ]
      },
      "properties": {
        "parking_id": "PKC_027",
        "origine_id": "ORI_006",
        "distance_m": 495,
        "temps_min": 0.7,
        "voie_dom": "tertiary",
        "veh_origine": 11
      }
    },
    {
      "type": "Feature",
      "geometry": {
        "type": "LineString",
        "coordinates": [
          [
            4.4617245,
            43.8197734
          ],
          [
            4.4620327,
            43.8203597
          ],
          [
            4.4650095,
            43.8195162
          ],
          [
            4.4650603,
            43.8193767
          ],
          [
            4.4652802,
            43.8194341
          ],
          [
            4.4652454,
            43.8195405
          ],
          [
            4.465516,
            43.8201242
          ],
          [
            4.4657119,
            43.8208429
          ]
        ]
      },
      "properties": {
        "parking_id": "PKC_027",
        "origine_id": "ORI_007",
        "distance_m": 529,
        "temps_min": 0.9,
        "voie_dom": "tertiary",
        "veh_origine": 11
      }
    },
    {
      "type": "Feature",
      "geometry": {
        "type": "LineString",
        "coordinates": [
          [
            4.4617245,
            43.8197734
          ],
          [
            4.4620327,
            43.8203597
          ],
          [
            4.4650095,
            43.8195162
          ],
          [
            4.4650603,
            43.8193767
          ],
          [
            4.4652802,
            43.8194341
          ],
          [
            4.4659344,
            43.8191991
          ],
          [
            4.467119,
            43.8188822
          ],
          [
            4.4677541,
            43.8205044
          ],
          [
            4.469104,
            43.8203536
          ],
          [
            4.4689408,
            43.821549
          ],
          [
            4.4666972,
            43.8280233
          ]
        ]
      },
      "properties": {
        "parking_id": "PKC_027",
        "origine_id": "ORI_016",
        "distance_m": 1719,
        "temps_min": 2.7,
        "voie_dom": "tertiary",
        "veh_origine": 10
      }
    },
    {
      "type": "Feature",
      "geometry": {
        "type": "LineString",
        "coordinates": [
          [
            4.4617245,
            43.8197734
          ],
          [
            4.4620327,
            43.8203597
          ],
          [
            4.4650095,
            43.8195162
          ],
          [
            4.4650603,
            43.8193767
          ],
          [
            4.4652802,
            43.8194341
          ],
          [
            4.4652454,
            43.8195405
          ],
          [
            4.465516,
            43.8201242
          ],
          [
            4.4657119,
            43.8208429
          ],
          [
            4.4644643,
            43.8210184
          ],
          [
            4.4633886,
            43.8213339
          ],
          [
            4.4629111,
            43.8214869
          ]
        ]
      },
      "properties": {
        "parking_id": "PKC_027",
        "origine_id": "ORI_011",
        "distance_m": 766,
        "temps_min": 1.3,
        "voie_dom": "tertiary",
        "veh_origine": 4
      }
    },
    {
      "type": "Feature",
      "geometry": {
        "type": "LineString",
        "coordinates": [
          [
            4.4617245,
            43.8197734
          ],
          [
            4.4620327,
            43.8203597
          ],
          [
            4.4650095,
            43.8195162
          ],
          [
            4.4650603,
            43.8193767
          ],
          [
            4.4652802,
            43.8194341
          ],
          [
            4.4659344,
            43.8191991
          ],
          [
            4.467119,
            43.8188822
          ],
          [
            4.4677541,
            43.8205044
          ],
          [
            4.469104,
            43.8203536
          ],
          [
            4.4689408,
            43.821549
          ],
          [
            4.4666972,
            43.8280233
          ]
        ]
      },
      "properties": {
        "parking_id": "PKC_027",
        "origine_id": "ORI_012",
        "distance_m": 1719,
        "temps_min": 2.7,
        "voie_dom": "tertiary",
        "veh_origine": 4
      }
    },
    {
      "type": "Feature",
      "geometry": {
        "type": "LineString",
        "coordinates": [
          [
            4.4617245,
            43.8197734
          ],
          [
            4.4620327,
            43.8203597
          ],
          [
            4.4650095,
            43.8195162
          ],
          [
            4.4650603,
            43.8193767
          ],
          [
            4.4652802,
            43.8194341
          ],
          [
            4.4652454,
            43.8195405
          ],
          [
            4.465516,
            43.8201242
          ],
          [
            4.4657119,
            43.8208429
          ],
          [
            4.4644643,
            43.8210184
          ],
          [
            4.4633886,
            43.8213339
          ],
          [
            4.4629111,
            43.8214869
          ],
          [
            4.4598793,
            43.8235362
          ]
        ]
      },
      "properties": {
        "parking_id": "PKC_027",
        "origine_id": "ORI_005",
        "distance_m": 1122,
        "temps_min": 2.1,
        "voie_dom": "tertiary",
        "veh_origine": 1
      }
    },
    {
      "type": "Feature",
      "geometry": {
        "type": "LineString",
        "coordinates": [
          [
            4.4617245,
            43.8197734
          ],
          [
            4.4620327,
            43.8203597
          ],
          [
            4.4650095,
            43.8195162
          ],
          [
            4.4650603,
            43.8193767
          ],
          [
            4.4652802,
            43.8194341
          ],
          [
            4.4659344,
            43.8191991
          ],
          [
            4.467119,
            43.8188822
          ],
          [
            4.4677541,
            43.8205044
          ],
          [
            4.469104,
            43.8203536
          ],
          [
            4.4689408,
            43.821549
          ],
          [
            4.4705398,
            43.8217714
          ],
          [
            4.4727847,
            43.8208791
          ]
        ]
      },
      "properties": {
        "parking_id": "PKC_027",
        "origine_id": "ORI_017",
        "distance_m": 1327,
        "temps_min": 2.5,
        "voie_dom": "tertiary",
        "veh_origine": 1
      }
    },
    {
      "type": "Feature",
      "geometry": {
        "type": "LineString",
        "coordinates": [
          [
            4.4617245,
            43.8197734
          ],
          [
            4.4620327,
            43.8203597
          ],
          [
            4.4650095,
            43.8195162
          ],
          [
            4.4650603,
            43.8193767
          ],
          [
            4.4652802,
            43.8194341
          ],
          [
            4.4659344,
            43.8191991
          ],
          [
            4.467119,
            43.8188822
          ],
          [
            4.4677541,
            43.8205044
          ],
          [
            4.469104,
            43.8203536
          ],
          [
            4.4689408,
            43.821549
          ]
        ]
      },
      "properties": {
        "parking_id": "PKC_027",
        "origine_id": "ORI_018",
        "distance_m": 974,
        "temps_min": 1.6,
        "voie_dom": "tertiary",
        "veh_origine": 1
      }
    },
    {
      "type": "Feature",
      "geometry": {
        "type": "LineString",
        "coordinates": [
          [
            4.4617245,
            43.8197734
          ],
          [
            4.4620327,
            43.8203597
          ]
        ]
      },
      "properties": {
        "parking_id": "PKC_027",
        "origine_id": "ORI_020",
        "distance_m": 70,
        "temps_min": 0.1,
        "voie_dom": "tertiary",
        "veh_origine": 1
      }
    },
    {
      "type": "Feature",
      "geometry": {
        "type": "LineString",
        "coordinates": [
          [
            4.4617245,
            43.8197734
          ],
          [
            4.4620327,
            43.8203597
          ],
          [
            4.4650095,
            43.8195162
          ],
          [
            4.4650603,
            43.8193767
          ],
          [
            4.4652802,
            43.8194341
          ],
          [
            4.4659344,
            43.8191991
          ],
          [
            4.467119,
            43.8188822
          ],
          [
            4.4672599,
            43.8188544
          ],
          [
            4.4674343,
            43.8188282
          ],
          [
            4.4694046,
            43.8186216
          ],
          [
            4.469762,
            43.8185593
          ],
          [
            4.4702065,
            43.8184803
          ],
          [
            4.4710476,
            43.8183734
          ],
          [
            4.4719344,
            43.8182975
          ],
          [
            4.4719714,
            43.8186723
          ],
          [
            4.4721882,
            43.8186497
          ],
          [
            4.4724102,
            43.818564
          ],
          [
            4.4733559,
            43.8184699
          ],
          [
            4.4735963,
            43.8184701
          ],
          [
            4.4736416,
            43.8185173
          ],
          [
            4.4737471,
            43.818733
          ],
          [
            4.4739654,
            43.8190273
          ],
          [
            4.4745283,
            43.8190713
          ],
          [
            4.4749518,
            43.819671
          ],
          [
            4.4763044,
            43.8216525
          ],
          [
            4.4760583,
            43.8217388
          ],
          [
            4.4746933,
            43.8216617
          ],
          [
            4.4742697,
            43.8218419
          ]
        ]
      },
      "properties": {
        "parking_id": "PKC_027",
        "origine_id": "ORI_021",
        "distance_m": 1725,
        "temps_min": 2.8,
        "voie_dom": "tertiary",
        "veh_origine": 1
      }
    },
    {
      "type": "Feature",
      "geometry": {
        "type": "LineString",
        "coordinates": [
          [
            4.4617245,
            43.8197734
          ],
          [
            4.4620327,
            43.8203597
          ],
          [
            4.4650095,
            43.8195162
          ],
          [
            4.4650603,
            43.8193767
          ],
          [
            4.4652802,
            43.8194341
          ],
          [
            4.4652454,
            43.8195405
          ],
          [
            4.465516,
            43.8201242
          ],
          [
            4.4657119,
            43.8208429
          ],
          [
            4.4644643,
            43.8210184
          ],
          [
            4.4633886,
            43.8213339
          ],
          [
            4.4629111,
            43.8214869
          ],
          [
            4.4633394,
            43.8230098
          ]
        ]
      },
      "properties": {
        "parking_id": "PKC_027",
        "origine_id": "ORI_023",
        "distance_m": 999,
        "temps_min": 1.9,
        "voie_dom": "tertiary",
        "veh_origine": 1
      }
    },
    {
      "type": "Feature",
      "geometry": {
        "type": "LineString",
        "coordinates": [
          [
            4.4617245,
            43.8197734
          ],
          [
            4.4620327,
            43.8203597
          ],
          [
            4.4650095,
            43.8195162
          ],
          [
            4.4650603,
            43.8193767
          ],
          [
            4.4652802,
            43.8194341
          ],
          [
            4.4652454,
            43.8195405
          ],
          [
            4.465516,
            43.8201242
          ],
          [
            4.4657119,
            43.8208429
          ],
          [
            4.4644643,
            43.8210184
          ],
          [
            4.4633886,
            43.8213339
          ],
          [
            4.4629111,
            43.8214869
          ]
        ]
      },
      "properties": {
        "parking_id": "PKC_027",
        "origine_id": "ORI_024",
        "distance_m": 766,
        "temps_min": 1.3,
        "voie_dom": "tertiary",
        "veh_origine": 1
      }
    },
    {
      "type": "Feature",
      "geometry": {
        "type": "LineString",
        "coordinates": [
          [
            4.4617245,
            43.8197734
          ],
          [
            4.4620327,
            43.8203597
          ],
          [
            4.4650095,
            43.8195162
          ],
          [
            4.4650603,
            43.8193767
          ],
          [
            4.4652802,
            43.8194341
          ],
          [
            4.4659344,
            43.8191991
          ],
          [
            4.467119,
            43.8188822
          ],
          [
            4.4677541,
            43.8205044
          ],
          [
            4.469104,
            43.8203536
          ]
        ]
      },
      "properties": {
        "parking_id": "PKC_027",
        "origine_id": "ORI_025",
        "distance_m": 839,
        "temps_min": 1.4,
        "voie_dom": "tertiary",
        "veh_origine": 1
      }
    },
    {
      "type": "Feature",
      "geometry": {
        "type": "LineString",
        "coordinates": [
          [
            4.4990256,
            43.8320593
          ],
          [
            4.4986159,
            43.8319899
          ],
          [
            4.4982731,
            43.8323104
          ],
          [
            4.4981761,
            43.8324119
          ],
          [
            4.4980151,
            43.8324925
          ],
          [
            4.4978705,
            43.8326288
          ],
          [
            4.4978121,
            43.8328099
          ],
          [
            4.4968895,
            43.8328342
          ],
          [
            4.4967147,
            43.8328494
          ],
          [
            4.4963436,
            43.8329072
          ],
          [
            4.4957189,
            43.8330153
          ],
          [
            4.4956073,
            43.8331685
          ],
          [
            4.4950011,
            43.8333791
          ],
          [
            4.4945384,
            43.8335197
          ],
          [
            4.4940413,
            43.8336111
          ],
          [
            4.4939379,
            43.8336774
          ],
          [
            4.4937461,
            43.8342775
          ],
          [
            4.4937087,
            43.8346667
          ],
          [
            4.4936846,
            43.8351114
          ],
          [
            4.4933524,
            43.8357545
          ],
          [
            4.4933755,
            43.8359605
          ],
          [
            4.4934165,
            43.8363261
          ],
          [
            4.4933995,
            43.8363843
          ],
          [
            4.4887957,
            43.8397821
          ],
          [
            4.4886068,
            43.8381104
          ]
        ]
      },
      "properties": {
        "parking_id": "PKC_028",
        "origine_id": "ORI_029",
        "distance_m": 1522,
        "temps_min": 3.2,
        "voie_dom": "secondary",
        "veh_origine": 83
      }
    },
    {
      "type": "Feature",
      "geometry": {
        "type": "LineString",
        "coordinates": [
          [
            4.4990256,
            43.8320593
          ],
          [
            4.4986159,
            43.8319899
          ],
          [
            4.4982272,
            43.8318352
          ],
          [
            4.4981595,
            43.8318095
          ],
          [
            4.4977387,
            43.8318017
          ],
          [
            4.4975522,
            43.8312626
          ],
          [
            4.4973064,
            43.8309465
          ],
          [
            4.4967451,
            43.8308012
          ],
          [
            4.4965621,
            43.8304325
          ],
          [
            4.4964876,
            43.8302627
          ],
          [
            4.4964185,
            43.830054
          ],
          [
            4.4960628,
            43.8286129
          ],
          [
            4.4960565,
            43.8285555
          ],
          [
            4.495989,
            43.8277739
          ],
          [
            4.4959698,
            43.8275536
          ],
          [
            4.4958597,
            43.826611
          ],
          [
            4.4957181,
            43.8262837
          ],
          [
            4.4956667,
            43.826258
          ],
          [
            4.495259,
            43.8262119
          ],
          [
            4.4894097,
            43.8267769
          ],
          [
            4.4890082,
            43.8268171
          ],
          [
            4.4810674,
            43.827604
          ]
        ]
      },
      "properties": {
        "parking_id": "PKC_028",
        "origine_id": "ORI_004",
        "distance_m": 1966,
        "temps_min": 2.7,
        "voie_dom": "primary",
        "veh_origine": 36
      }
    },
    {
      "type": "Feature",
      "geometry": {
        "type": "LineString",
        "coordinates": [
          [
            4.4990256,
            43.8320593
          ],
          [
            4.4986159,
            43.8319899
          ],
          [
            4.4982731,
            43.8323104
          ],
          [
            4.4981761,
            43.8324119
          ],
          [
            4.4980151,
            43.8324925
          ],
          [
            4.4971386,
            43.8322278
          ],
          [
            4.4970614,
            43.8324239
          ],
          [
            4.4963273,
            43.8321912
          ],
          [
            4.4963344,
            43.8317947
          ],
          [
            4.4963408,
            43.8315362
          ],
          [
            4.4960367,
            43.8313309
          ],
          [
            4.4954574,
            43.8309265
          ],
          [
            4.4952166,
            43.8308002
          ],
          [
            4.4935751,
            43.8304696
          ],
          [
            4.493419,
            43.830458
          ],
          [
            4.491725,
            43.8302369
          ],
          [
            4.4915925,
            43.8303079
          ],
          [
            4.4915477,
            43.8302428
          ],
          [
            4.4898709,
            43.830535
          ],
          [
            4.4887324,
            43.8307642
          ],
          [
            4.4880761,
            43.8307804
          ],
          [
            4.4861466,
            43.830498
          ]
        ]
      },
      "properties": {
        "parking_id": "PKC_028",
        "origine_id": "ORI_031",
        "distance_m": 1234,
        "temps_min": 2.4,
        "voie_dom": "secondary",
        "veh_origine": 19
      }
    },
    {
      "type": "Feature",
      "geometry": {
        "type": "LineString",
        "coordinates": [
          [
            4.4990256,
            43.8320593
          ],
          [
            4.4986159,
            43.8319899
          ],
          [
            4.4982731,
            43.8323104
          ],
          [
            4.4981761,
            43.8324119
          ],
          [
            4.4980151,
            43.8324925
          ],
          [
            4.4978705,
            43.8326288
          ],
          [
            4.4978121,
            43.8328099
          ],
          [
            4.4968895,
            43.8328342
          ],
          [
            4.4967147,
            43.8328494
          ],
          [
            4.4963436,
            43.8329072
          ],
          [
            4.4964045,
            43.8333292
          ],
          [
            4.4964519,
            43.8336285
          ],
          [
            4.4967764,
            43.834146
          ],
          [
            4.4971831,
            43.8350138
          ],
          [
            4.4972985,
            43.8356184
          ],
          [
            4.4974389,
            43.8362542
          ],
          [
            4.497549,
            43.8366298
          ],
          [
            4.4965965,
            43.8367492
          ]
        ]
      },
      "properties": {
        "parking_id": "PKC_028",
        "origine_id": "ORI_030",
        "distance_m": 774,
        "temps_min": 1.6,
        "voie_dom": "unclassified",
        "veh_origine": 7
      }
    },
    {
      "type": "Feature",
      "geometry": {
        "type": "LineString",
        "coordinates": [
          [
            4.4990256,
            43.8320593
          ],
          [
            4.4986159,
            43.8319899
          ],
          [
            4.4982731,
            43.8323104
          ],
          [
            4.4981761,
            43.8324119
          ],
          [
            4.4980151,
            43.8324925
          ],
          [
            4.4978705,
            43.8326288
          ],
          [
            4.4978121,
            43.8328099
          ],
          [
            4.4968895,
            43.8328342
          ],
          [
            4.4967147,
            43.8328494
          ],
          [
            4.4963436,
            43.8329072
          ],
          [
            4.4957189,
            43.8330153
          ],
          [
            4.4956073,
            43.8331685
          ],
          [
            4.4950011,
            43.8333791
          ],
          [
            4.4945384,
            43.8335197
          ],
          [
            4.4940413,
            43.8336111
          ],
          [
            4.4939379,
            43.8336774
          ],
          [
            4.4939009,
            43.833648
          ],
          [
            4.4939602,
            43.8335756
          ],
          [
            4.4936854,
            43.8324266
          ],
          [
            4.4931821,
            43.8319114
          ]
        ]
      },
      "properties": {
        "parking_id": "PKC_028",
        "origine_id": "ORI_039",
        "distance_m": 716,
        "temps_min": 1.4,
        "voie_dom": "secondary",
        "veh_origine": 6
      }
    },
    {
      "type": "Feature",
      "geometry": {
        "type": "LineString",
        "coordinates": [
          [
            4.4990256,
            43.8320593
          ],
          [
            4.4986159,
            43.8319899
          ],
          [
            4.4982272,
            43.8318352
          ],
          [
            4.4981595,
            43.8318095
          ],
          [
            4.4977387,
            43.8318017
          ],
          [
            4.4975522,
            43.8312626
          ],
          [
            4.4973064,
            43.8309465
          ],
          [
            4.4967451,
            43.8308012
          ],
          [
            4.4965621,
            43.8304325
          ],
          [
            4.4964876,
            43.8302627
          ],
          [
            4.4964185,
            43.830054
          ],
          [
            4.4960628,
            43.8286129
          ],
          [
            4.4960565,
            43.8285555
          ],
          [
            4.495989,
            43.8277739
          ],
          [
            4.4959698,
            43.8275536
          ],
          [
            4.4958597,
            43.826611
          ],
          [
            4.4957181,
            43.8262837
          ],
          [
            4.4956667,
            43.826258
          ],
          [
            4.4955515,
            43.8260362
          ],
          [
            4.4956002,
            43.8259435
          ],
          [
            4.4955244,
            43.8255328
          ],
          [
            4.4953692,
            43.8251977
          ],
          [
            4.4939503,
            43.8228994
          ],
          [
            4.4923549,
            43.8206698
          ],
          [
            4.4920033,
            43.8204898
          ],
          [
            4.491926,
            43.820503
          ],
          [
            4.4917063,
            43.8204554
          ],
          [
            4.4916281,
            43.8203852
          ],
          [
            4.4916019,
            43.8202443
          ],
          [
            4.4913423,
            43.8199125
          ],
          [
            4.4900472,
            43.8186345
          ],
          [
            4.4889431,
            43.8174259
          ],
          [
            4.4870637,
            43.8150717
          ],
          [
            4.4867833,
            43.8148233
          ],
          [
            4.4867191,
            43.8148062
          ],
          [
            4.4863624,
            43.8149233
          ],
          [
            4.4853215,
            43.8161855
          ],
          [
            4.484423,
            43.817986
          ],
          [
            4.4844956,
            43.8180557
          ],
          [
            4.4844073,
            43.8181334
          ],
          [
            4.4842891,
            43.8180799
          ],
          [
            4.4827089,
            43.8185284
          ],
          [
            4.4825925,
            43.8185678
          ],
          [
            4.4819289,
            43.8187852
          ],
          [
            4.4804931,
            43.8190351
          ],
          [
            4.480089,
            43.8189551
          ],
          [
            4.4786033,
            43.818718
          ],
          [
            4.4785795,
            43.8191035
          ],
          [
            4.4785192,
            43.8197704
          ],
          [
            4.4784765,
            43.8202219
          ]
        ]
      },
      "properties": {
        "parking_id": "PKC_028",
        "origine_id": "ORI_003",
        "distance_m": 3370,
        "temps_min": 5.0,
        "voie_dom": "primary",
        "veh_origine": 4
      }
    },
    {
      "type": "Feature",
      "geometry": {
        "type": "LineString",
        "coordinates": [
          [
            4.4990256,
            43.8320593
          ],
          [
            4.4986159,
            43.8319899
          ],
          [
            4.4982731,
            43.8323104
          ],
          [
            4.4981761,
            43.8324119
          ],
          [
            4.4980151,
            43.8324925
          ],
          [
            4.4978705,
            43.8326288
          ],
          [
            4.4978121,
            43.8328099
          ],
          [
            4.4968895,
            43.8328342
          ],
          [
            4.4967147,
            43.8328494
          ],
          [
            4.4963436,
            43.8329072
          ],
          [
            4.4957189,
            43.8330153
          ],
          [
            4.4956073,
            43.8331685
          ],
          [
            4.4950011,
            43.8333791
          ],
          [
            4.4945384,
            43.8335197
          ],
          [
            4.4940413,
            43.8336111
          ],
          [
            4.4939379,
            43.8336774
          ],
          [
            4.4939009,
            43.833648
          ],
          [
            4.4932128,
            43.833704
          ],
          [
            4.4918093,
            43.8337417
          ],
          [
            4.4908758,
            43.833773
          ],
          [
            4.4840329,
            43.8340457
          ]
        ]
      },
      "properties": {
        "parking_id": "PKC_028",
        "origine_id": "ORI_013",
        "distance_m": 1289,
        "temps_min": 2.6,
        "voie_dom": "secondary",
        "veh_origine": 4
      }
    },
    {
      "type": "Feature",
      "geometry": {
        "type": "LineString",
        "coordinates": [
          [
            4.4990256,
            43.8320593
          ],
          [
            4.4986159,
            43.8319899
          ],
          [
            4.4982731,
            43.8323104
          ],
          [
            4.4981761,
            43.8324119
          ],
          [
            4.4980151,
            43.8324925
          ],
          [
            4.4978705,
            43.8326288
          ],
          [
            4.4978121,
            43.8328099
          ],
          [
            4.4968895,
            43.8328342
          ],
          [
            4.4967147,
            43.8328494
          ],
          [
            4.4963436,
            43.8329072
          ],
          [
            4.4957189,
            43.8330153
          ],
          [
            4.4956073,
            43.8331685
          ],
          [
            4.4950011,
            43.8333791
          ],
          [
            4.4945384,
            43.8335197
          ],
          [
            4.4940413,
            43.8336111
          ],
          [
            4.4939379,
            43.8336774
          ],
          [
            4.4939009,
            43.833648
          ],
          [
            4.4932128,
            43.833704
          ],
          [
            4.4918093,
            43.8337417
          ],
          [
            4.4908758,
            43.833773
          ],
          [
            4.4840329,
            43.8340457
          ]
        ]
      },
      "properties": {
        "parking_id": "PKC_028",
        "origine_id": "ORI_022",
        "distance_m": 1289,
        "temps_min": 2.6,
        "voie_dom": "secondary",
        "veh_origine": 4
      }
    },
    {
      "type": "Feature",
      "geometry": {
        "type": "LineString",
        "coordinates": [
          [
            4.4990256,
            43.8320593
          ],
          [
            4.4986159,
            43.8319899
          ],
          [
            4.4982272,
            43.8318352
          ],
          [
            4.4981595,
            43.8318095
          ],
          [
            4.4977387,
            43.8318017
          ],
          [
            4.4975522,
            43.8312626
          ],
          [
            4.4973064,
            43.8309465
          ],
          [
            4.4967451,
            43.8308012
          ],
          [
            4.4965621,
            43.8304325
          ],
          [
            4.4964876,
            43.8302627
          ],
          [
            4.4964185,
            43.830054
          ],
          [
            4.4960628,
            43.8286129
          ],
          [
            4.4960565,
            43.8285555
          ],
          [
            4.495989,
            43.8277739
          ],
          [
            4.4959698,
            43.8275536
          ],
          [
            4.4958597,
            43.826611
          ],
          [
            4.4957181,
            43.8262837
          ],
          [
            4.4956667,
            43.826258
          ],
          [
            4.495259,
            43.8262119
          ],
          [
            4.4894097,
            43.8267769
          ],
          [
            4.4890082,
            43.8268171
          ],
          [
            4.4810674,
            43.827604
          ],
          [
            4.4804137,
            43.8277782
          ],
          [
            4.4802925,
            43.8279172
          ],
          [
            4.4800308,
            43.8279988
          ],
          [
            4.4798411,
            43.827978
          ],
          [
            4.4667737,
            43.8291428
          ],
          [
            4.4665303,
            43.8292398
          ],
          [
            4.4662141,
            43.8291864
          ],
          [
            4.4660425,
            43.8289149
          ],
          [
            4.4663802,
            43.8286442
          ],
          [
            4.4666627,
            43.8283198
          ],
          [
            4.4666749,
            43.8282168
          ],
          [
            4.4757613,
            43.8262427
          ]
        ]
      },
      "properties": {
        "parking_id": "PKC_028",
        "origine_id": "ORI_015",
        "distance_m": 4321,
        "temps_min": 6.7,
        "voie_dom": "primary",
        "veh_origine": 3
      }
    },
    {
      "type": "Feature",
      "geometry": {
        "type": "LineString",
        "coordinates": [
          [
            4.4990256,
            43.8320593
          ],
          [
            4.4986159,
            43.8319899
          ],
          [
            4.4982272,
            43.8318352
          ],
          [
            4.4981595,
            43.8318095
          ],
          [
            4.4977387,
            43.8318017
          ],
          [
            4.4975522,
            43.8312626
          ],
          [
            4.4973064,
            43.8309465
          ],
          [
            4.4967451,
            43.8308012
          ],
          [
            4.4965621,
            43.8304325
          ],
          [
            4.4964876,
            43.8302627
          ],
          [
            4.4964185,
            43.830054
          ],
          [
            4.4960628,
            43.8286129
          ],
          [
            4.4960565,
            43.8285555
          ],
          [
            4.495989,
            43.8277739
          ],
          [
            4.4959698,
            43.8275536
          ],
          [
            4.4958597,
            43.826611
          ],
          [
            4.4957181,
            43.8262837
          ],
          [
            4.4956667,
            43.826258
          ],
          [
            4.495259,
            43.8262119
          ],
          [
            4.4894097,
            43.8267769
          ],
          [
            4.4890082,
            43.8268171
          ],
          [
            4.4810674,
            43.827604
          ],
          [
            4.4804137,
            43.8277782
          ],
          [
            4.4802925,
            43.8279172
          ],
          [
            4.4800308,
            43.8279988
          ],
          [
            4.4798411,
            43.827978
          ],
          [
            4.4796322,
            43.8278531
          ],
          [
            4.4795931,
            43.8275782
          ],
          [
            4.4793671,
            43.8274742
          ],
          [
            4.4792341,
            43.8274795
          ],
          [
            4.4781061,
            43.827651
          ],
          [
            4.4750434,
            43.8286931
          ],
          [
            4.4752789,
            43.828193
          ],
          [
            4.4791133,
            43.8257106
          ],
          [
            4.4785365,
            43.8248727
          ],
          [
            4.4783932,
            43.8246535
          ],
          [
            4.4781501,
            43.824303
          ],
          [
            4.4776117,
            43.8235267
          ]
        ]
      },
      "properties": {
        "parking_id": "PKC_028",
        "origine_id": "ORI_027",
        "distance_m": 3442,
        "temps_min": 5.8,
        "voie_dom": "primary",
        "veh_origine": 3
      }
    },
    {
      "type": "Feature",
      "geometry": {
        "type": "LineString",
        "coordinates": [
          [
            4.4990256,
            43.8320593
          ],
          [
            4.4986159,
            43.8319899
          ],
          [
            4.4982272,
            43.8318352
          ],
          [
            4.4981595,
            43.8318095
          ],
          [
            4.4977387,
            43.8318017
          ],
          [
            4.4975522,
            43.8312626
          ],
          [
            4.4973064,
            43.8309465
          ],
          [
            4.4967451,
            43.8308012
          ],
          [
            4.4965621,
            43.8304325
          ],
          [
            4.4964876,
            43.8302627
          ],
          [
            4.4964185,
            43.830054
          ],
          [
            4.4960628,
            43.8286129
          ],
          [
            4.4960565,
            43.8285555
          ],
          [
            4.495989,
            43.8277739
          ],
          [
            4.4959698,
            43.8275536
          ],
          [
            4.4958597,
            43.826611
          ],
          [
            4.4957181,
            43.8262837
          ],
          [
            4.4956667,
            43.826258
          ],
          [
            4.495259,
            43.8262119
          ],
          [
            4.4894097,
            43.8267769
          ],
          [
            4.4890082,
            43.8268171
          ],
          [
            4.4888534,
            43.8263593
          ],
          [
            4.4884619,
            43.8264006
          ]
        ]
      },
      "properties": {
        "parking_id": "PKC_028",
        "origine_id": "ORI_034",
        "distance_m": 1408,
        "temps_min": 2.1,
        "voie_dom": "primary",
        "veh_origine": 3
      }
    },
    {
      "type": "Feature",
      "geometry": {
        "type": "LineString",
        "coordinates": [
          [
            4.4990256,
            43.8320593
          ],
          [
            4.4986159,
            43.8319899
          ],
          [
            4.4982731,
            43.8323104
          ],
          [
            4.4981761,
            43.8324119
          ],
          [
            4.4980151,
            43.8324925
          ],
          [
            4.4978705,
            43.8326288
          ],
          [
            4.4978121,
            43.8328099
          ],
          [
            4.4968895,
            43.8328342
          ],
          [
            4.4967147,
            43.8328494
          ],
          [
            4.4963436,
            43.8329072
          ],
          [
            4.4957189,
            43.8330153
          ],
          [
            4.4956073,
            43.8331685
          ],
          [
            4.4950011,
            43.8333791
          ],
          [
            4.4945384,
            43.8335197
          ],
          [
            4.4940413,
            43.8336111
          ],
          [
            4.4939379,
            43.8336774
          ],
          [
            4.4937461,
            43.8342775
          ],
          [
            4.4937087,
            43.8346667
          ],
          [
            4.4936846,
            43.8351114
          ],
          [
            4.4933524,
            43.8357545
          ],
          [
            4.4933755,
            43.8359605
          ],
          [
            4.4934165,
            43.8363261
          ],
          [
            4.4933995,
            43.8363843
          ]
        ]
      },
      "properties": {
        "parking_id": "PKC_028",
        "origine_id": "ORI_035",
        "distance_m": 796,
        "temps_min": 1.6,
        "voie_dom": "secondary",
        "veh_origine": 2
      }
    },
    {
      "type": "Feature",
      "geometry": {
        "type": "LineString",
        "coordinates": [
          [
            4.4990256,
            43.8320593
          ],
          [
            4.4986159,
            43.8319899
          ],
          [
            4.4982272,
            43.8318352
          ],
          [
            4.4981595,
            43.8318095
          ],
          [
            4.4977387,
            43.8318017
          ],
          [
            4.4975522,
            43.8312626
          ],
          [
            4.4973064,
            43.8309465
          ],
          [
            4.4967451,
            43.8308012
          ],
          [
            4.4965621,
            43.8304325
          ],
          [
            4.4964876,
            43.8302627
          ],
          [
            4.4964185,
            43.830054
          ],
          [
            4.4960628,
            43.8286129
          ],
          [
            4.4960565,
            43.8285555
          ],
          [
            4.495989,
            43.8277739
          ],
          [
            4.4959698,
            43.8275536
          ],
          [
            4.4958597,
            43.826611
          ],
          [
            4.4957181,
            43.8262837
          ],
          [
            4.4956667,
            43.826258
          ],
          [
            4.495259,
            43.8262119
          ],
          [
            4.4894097,
            43.8267769
          ],
          [
            4.4890082,
            43.8268171
          ],
          [
            4.4810674,
            43.827604
          ],
          [
            4.4804137,
            43.8277782
          ],
          [
            4.4802925,
            43.8279172
          ],
          [
            4.4800308,
            43.8279988
          ],
          [
            4.4798411,
            43.827978
          ],
          [
            4.4796322,
            43.8278531
          ],
          [
            4.4795931,
            43.8275782
          ],
          [
            4.4793671,
            43.8274742
          ],
          [
            4.4792341,
            43.8274795
          ],
          [
            4.4781061,
            43.827651
          ],
          [
            4.4750434,
            43.8286931
          ],
          [
            4.4752789,
            43.828193
          ],
          [
            4.4791133,
            43.8257106
          ],
          [
            4.4785365,
            43.8248727
          ],
          [
            4.4783932,
            43.8246535
          ],
          [
            4.4782941,
            43.8247235
          ],
          [
            4.4772863,
            43.8242391
          ]
        ]
      },
      "properties": {
        "parking_id": "PKC_028",
        "origine_id": "ORI_002",
        "distance_m": 3430,
        "temps_min": 5.9,
        "voie_dom": "primary",
        "veh_origine": 1
      }
    },
    {
      "type": "Feature",
      "geometry": {
        "type": "LineString",
        "coordinates": [
          [
            4.4990256,
            43.8320593
          ],
          [
            4.4986159,
            43.8319899
          ],
          [
            4.4982272,
            43.8318352
          ],
          [
            4.4981595,
            43.8318095
          ],
          [
            4.4977387,
            43.8318017
          ],
          [
            4.4975522,
            43.8312626
          ],
          [
            4.4973064,
            43.8309465
          ],
          [
            4.4967451,
            43.8308012
          ],
          [
            4.4965621,
            43.8304325
          ],
          [
            4.4964876,
            43.8302627
          ],
          [
            4.4964185,
            43.830054
          ],
          [
            4.4960628,
            43.8286129
          ],
          [
            4.4960565,
            43.8285555
          ],
          [
            4.495989,
            43.8277739
          ],
          [
            4.4959698,
            43.8275536
          ],
          [
            4.4958597,
            43.826611
          ],
          [
            4.4957181,
            43.8262837
          ],
          [
            4.4956667,
            43.826258
          ],
          [
            4.495259,
            43.8262119
          ],
          [
            4.4894097,
            43.8267769
          ],
          [
            4.4890082,
            43.8268171
          ],
          [
            4.4810674,
            43.827604
          ],
          [
            4.4804137,
            43.8277782
          ],
          [
            4.4802925,
            43.8279172
          ],
          [
            4.4800308,
            43.8279988
          ],
          [
            4.4798411,
            43.827978
          ],
          [
            4.4796322,
            43.8278531
          ],
          [
            4.4795931,
            43.8275782
          ],
          [
            4.4793671,
            43.8274742
          ],
          [
            4.4792341,
            43.8274795
          ],
          [
            4.4781061,
            43.827651
          ],
          [
            4.4750434,
            43.8286931
          ],
          [
            4.4752789,
            43.828193
          ]
        ]
      },
      "properties": {
        "parking_id": "PKC_028",
        "origine_id": "ORI_014",
        "distance_m": 2655,
        "temps_min": 4.2,
        "voie_dom": "primary",
        "veh_origine": 1
      }
    },
    {
      "type": "Feature",
      "geometry": {
        "type": "LineString",
        "coordinates": [
          [
            4.4990256,
            43.8320593
          ],
          [
            4.4986159,
            43.8319899
          ],
          [
            4.4982272,
            43.8318352
          ],
          [
            4.4981595,
            43.8318095
          ],
          [
            4.4977387,
            43.8318017
          ],
          [
            4.4975522,
            43.8312626
          ],
          [
            4.4973064,
            43.8309465
          ],
          [
            4.4967451,
            43.8308012
          ],
          [
            4.4965621,
            43.8304325
          ],
          [
            4.4964876,
            43.8302627
          ],
          [
            4.4964185,
            43.830054
          ],
          [
            4.4960628,
            43.8286129
          ],
          [
            4.4960565,
            43.8285555
          ],
          [
            4.495989,
            43.8277739
          ],
          [
            4.4959698,
            43.8275536
          ],
          [
            4.4958597,
            43.826611
          ],
          [
            4.4957181,
            43.8262837
          ],
          [
            4.4956667,
            43.826258
          ],
          [
            4.4955515,
            43.8260362
          ],
          [
            4.4956002,
            43.8259435
          ],
          [
            4.4955244,
            43.8255328
          ],
          [
            4.4953692,
            43.8251977
          ],
          [
            4.4939503,
            43.8228994
          ],
          [
            4.4923549,
            43.8206698
          ],
          [
            4.4920033,
            43.8204898
          ],
          [
            4.491926,
            43.820503
          ],
          [
            4.4917063,
            43.8204554
          ],
          [
            4.4916281,
            43.8203852
          ],
          [
            4.4916019,
            43.8202443
          ],
          [
            4.4913423,
            43.8199125
          ],
          [
            4.4900472,
            43.8186345
          ],
          [
            4.4889431,
            43.8174259
          ],
          [
            4.4870637,
            43.8150717
          ],
          [
            4.4867833,
            43.8148233
          ],
          [
            4.4867191,
            43.8148062
          ],
          [
            4.4863624,
            43.8149233
          ],
          [
            4.4853215,
            43.8161855
          ],
          [
            4.484423,
            43.817986
          ],
          [
            4.4844956,
            43.8180557
          ],
          [
            4.4844073,
            43.8181334
          ],
          [
            4.4842891,
            43.8180799
          ],
          [
            4.4827089,
            43.8185284
          ],
          [
            4.4825925,
            43.8185678
          ],
          [
            4.4819289,
            43.8187852
          ],
          [
            4.4804931,
            43.8190351
          ],
          [
            4.4808285,
            43.82001
          ]
        ]
      },
      "properties": {
        "parking_id": "PKC_028",
        "origine_id": "ORI_026",
        "distance_m": 3158,
        "temps_min": 4.7,
        "voie_dom": "primary",
        "veh_origine": 1
      }
    },
    {
      "type": "Feature",
      "geometry": {
        "type": "LineString",
        "coordinates": [
          [
            4.4990256,
            43.8320593
          ],
          [
            4.4986159,
            43.8319899
          ],
          [
            4.4982272,
            43.8318352
          ],
          [
            4.4981595,
            43.8318095
          ],
          [
            4.4977387,
            43.8318017
          ],
          [
            4.4975522,
            43.8312626
          ],
          [
            4.4973064,
            43.8309465
          ],
          [
            4.4967451,
            43.8308012
          ],
          [
            4.4965621,
            43.8304325
          ],
          [
            4.4964876,
            43.8302627
          ],
          [
            4.4964185,
            43.830054
          ],
          [
            4.4960628,
            43.8286129
          ],
          [
            4.4960565,
            43.8285555
          ],
          [
            4.495989,
            43.8277739
          ],
          [
            4.4959698,
            43.8275536
          ],
          [
            4.4958597,
            43.826611
          ],
          [
            4.4957181,
            43.8262837
          ],
          [
            4.4956667,
            43.826258
          ],
          [
            4.4955515,
            43.8260362
          ],
          [
            4.4956002,
            43.8259435
          ],
          [
            4.4955244,
            43.8255328
          ],
          [
            4.4953692,
            43.8251977
          ],
          [
            4.4939503,
            43.8228994
          ],
          [
            4.4923549,
            43.8206698
          ],
          [
            4.4920033,
            43.8204898
          ],
          [
            4.491926,
            43.820503
          ],
          [
            4.4917063,
            43.8204554
          ],
          [
            4.4916281,
            43.8203852
          ],
          [
            4.4916019,
            43.8202443
          ],
          [
            4.4913423,
            43.8199125
          ],
          [
            4.4900472,
            43.8186345
          ],
          [
            4.4886735,
            43.8193728
          ],
          [
            4.4886661,
            43.819497
          ],
          [
            4.4884636,
            43.8195149
          ],
          [
            4.4858473,
            43.8206467
          ],
          [
            4.4847234,
            43.8209583
          ]
        ]
      },
      "properties": {
        "parking_id": "PKC_028",
        "origine_id": "ORI_028",
        "distance_m": 2285,
        "temps_min": 3.7,
        "voie_dom": "primary",
        "veh_origine": 1
      }
    },
    {
      "type": "Feature",
      "geometry": {
        "type": "LineString",
        "coordinates": [
          [
            4.4990256,
            43.8320593
          ],
          [
            4.4986159,
            43.8319899
          ],
          [
            4.4982731,
            43.8323104
          ],
          [
            4.4981761,
            43.8324119
          ],
          [
            4.4980151,
            43.8324925
          ],
          [
            4.4978705,
            43.8326288
          ],
          [
            4.4978121,
            43.8328099
          ],
          [
            4.4968895,
            43.8328342
          ],
          [
            4.4967147,
            43.8328494
          ],
          [
            4.4963436,
            43.8329072
          ],
          [
            4.4957189,
            43.8330153
          ],
          [
            4.4956073,
            43.8331685
          ],
          [
            4.4950011,
            43.8333791
          ],
          [
            4.4945384,
            43.8335197
          ],
          [
            4.4940413,
            43.8336111
          ],
          [
            4.4939379,
            43.8336774
          ],
          [
            4.4939009,
            43.833648
          ],
          [
            4.4932128,
            43.833704
          ],
          [
            4.4918571,
            43.8330336
          ],
          [
            4.4910297,
            43.8321233
          ]
        ]
      },
      "properties": {
        "parking_id": "PKC_028",
        "origine_id": "ORI_032",
        "distance_m": 876,
        "temps_min": 1.7,
        "voie_dom": "secondary",
        "veh_origine": 1
      }
    },
    {
      "type": "Feature",
      "geometry": {
        "type": "LineString",
        "coordinates": [
          [
            4.4990256,
            43.8320593
          ],
          [
            4.4986159,
            43.8319899
          ],
          [
            4.4982731,
            43.8323104
          ],
          [
            4.4981761,
            43.8324119
          ],
          [
            4.4980151,
            43.8324925
          ],
          [
            4.4978705,
            43.8326288
          ],
          [
            4.4978121,
            43.8328099
          ],
          [
            4.4968895,
            43.8328342
          ],
          [
            4.4967147,
            43.8328494
          ],
          [
            4.4963436,
            43.8329072
          ],
          [
            4.4957189,
            43.8330153
          ],
          [
            4.4956073,
            43.8331685
          ],
          [
            4.4950011,
            43.8333791
          ],
          [
            4.4945384,
            43.8335197
          ],
          [
            4.4940413,
            43.8336111
          ],
          [
            4.4939379,
            43.8336774
          ],
          [
            4.4937461,
            43.8342775
          ],
          [
            4.4937087,
            43.8346667
          ],
          [
            4.4936846,
            43.8351114
          ],
          [
            4.4933524,
            43.8357545
          ],
          [
            4.4933755,
            43.8359605
          ],
          [
            4.4934165,
            43.8363261
          ],
          [
            4.4933995,
            43.8363843
          ],
          [
            4.4917476,
            43.8366506
          ]
        ]
      },
      "properties": {
        "parking_id": "PKC_028",
        "origine_id": "ORI_033",
        "distance_m": 932,
        "temps_min": 1.9,
        "voie_dom": "secondary",
        "veh_origine": 1
      }
    },
    {
      "type": "Feature",
      "geometry": {
        "type": "LineString",
        "coordinates": [
          [
            4.4990256,
            43.8320593
          ],
          [
            4.4986159,
            43.8319899
          ],
          [
            4.4982731,
            43.8323104
          ],
          [
            4.4981761,
            43.8324119
          ],
          [
            4.4980151,
            43.8324925
          ],
          [
            4.4971386,
            43.8322278
          ],
          [
            4.4970614,
            43.8324239
          ],
          [
            4.4963273,
            43.8321912
          ],
          [
            4.4963344,
            43.8317947
          ],
          [
            4.4963408,
            43.8315362
          ],
          [
            4.4960367,
            43.8313309
          ],
          [
            4.4954574,
            43.8309265
          ],
          [
            4.4952166,
            43.8308002
          ],
          [
            4.4935751,
            43.8304696
          ],
          [
            4.493419,
            43.830458
          ],
          [
            4.491725,
            43.8302369
          ],
          [
            4.4915925,
            43.8303079
          ],
          [
            4.4915477,
            43.8302428
          ],
          [
            4.4916391,
            43.8301863
          ],
          [
            4.4888426,
            43.8294154
          ],
          [
            4.4878382,
            43.8291331
          ],
          [
            4.4875825,
            43.8290539
          ]
        ]
      },
      "properties": {
        "parking_id": "PKC_028",
        "origine_id": "ORI_036",
        "distance_m": 1146,
        "temps_min": 2.2,
        "voie_dom": "secondary",
        "veh_origine": 1
      }
    },
    {
      "type": "Feature",
      "geometry": {
        "type": "LineString",
        "coordinates": [
          [
            4.4990256,
            43.8320593
          ],
          [
            4.4986159,
            43.8319899
          ],
          [
            4.4982731,
            43.8323104
          ],
          [
            4.4981761,
            43.8324119
          ],
          [
            4.4980151,
            43.8324925
          ],
          [
            4.4978705,
            43.8326288
          ],
          [
            4.4978121,
            43.8328099
          ],
          [
            4.4968895,
            43.8328342
          ],
          [
            4.4967147,
            43.8328494
          ],
          [
            4.4963436,
            43.8329072
          ],
          [
            4.4957189,
            43.8330153
          ],
          [
            4.4956073,
            43.8331685
          ],
          [
            4.4950011,
            43.8333791
          ],
          [
            4.4945384,
            43.8335197
          ],
          [
            4.4940413,
            43.8336111
          ],
          [
            4.4939379,
            43.8336774
          ],
          [
            4.4937461,
            43.8342775
          ],
          [
            4.4937087,
            43.8346667
          ],
          [
            4.4936846,
            43.8351114
          ],
          [
            4.4933524,
            43.8357545
          ],
          [
            4.490921,
            43.8360101
          ]
        ]
      },
      "properties": {
        "parking_id": "PKC_028",
        "origine_id": "ORI_037",
        "distance_m": 923,
        "temps_min": 1.8,
        "voie_dom": "secondary",
        "veh_origine": 1
      }
    },
    {
      "type": "Feature",
      "geometry": {
        "type": "LineString",
        "coordinates": [
          [
            4.4990256,
            43.8320593
          ],
          [
            4.4986159,
            43.8319899
          ],
          [
            4.4982731,
            43.8323104
          ],
          [
            4.4981761,
            43.8324119
          ],
          [
            4.4980151,
            43.8324925
          ],
          [
            4.4978705,
            43.8326288
          ],
          [
            4.4978121,
            43.8328099
          ],
          [
            4.4968895,
            43.8328342
          ],
          [
            4.4967147,
            43.8328494
          ],
          [
            4.4963436,
            43.8329072
          ],
          [
            4.4957189,
            43.8330153
          ],
          [
            4.4956073,
            43.8331685
          ],
          [
            4.4950011,
            43.8333791
          ],
          [
            4.4945384,
            43.8335197
          ],
          [
            4.4940413,
            43.8336111
          ],
          [
            4.4939379,
            43.8336774
          ],
          [
            4.4939009,
            43.833648
          ],
          [
            4.4932128,
            43.833704
          ],
          [
            4.4918093,
            43.8337417
          ],
          [
            4.4908758,
            43.833773
          ],
          [
            4.4908222,
            43.83345
          ],
          [
            4.4902664,
            43.8309959
          ]
        ]
      },
      "properties": {
        "parking_id": "PKC_028",
        "origine_id": "ORI_038",
        "distance_m": 1082,
        "temps_min": 2.2,
        "voie_dom": "secondary",
        "veh_origine": 1
      }
    },
    {
      "type": "Feature",
      "geometry": {
        "type": "LineString",
        "coordinates": [
          [
            4.4879236,
            43.8171221
          ],
          [
            4.4868387,
            43.8176185
          ],
          [
            4.4882962,
            43.819294
          ],
          [
            4.4884974,
            43.8193337
          ],
          [
            4.4886735,
            43.8193728
          ],
          [
            4.4900472,
            43.8186345
          ],
          [
            4.4913423,
            43.8199125
          ],
          [
            4.4917884,
            43.8200854
          ],
          [
            4.4921756,
            43.8203663
          ],
          [
            4.4923549,
            43.8206698
          ],
          [
            4.4939503,
            43.8228994
          ],
          [
            4.4953692,
            43.8251977
          ],
          [
            4.4955244,
            43.8255328
          ],
          [
            4.4958747,
            43.8258325
          ],
          [
            4.4961524,
            43.8259324
          ],
          [
            4.4961854,
            43.8261737
          ],
          [
            4.4960506,
            43.8262813
          ],
          [
            4.4957181,
            43.8262837
          ],
          [
            4.4956667,
            43.826258
          ],
          [
            4.495259,
            43.8262119
          ],
          [
            4.4894097,
            43.8267769
          ],
          [
            4.4890082,
            43.8268171
          ],
          [
            4.4810674,
            43.827604
          ]
        ]
      },
      "properties": {
        "parking_id": "PKC_029",
        "origine_id": "ORI_004",
        "distance_m": 2732,
        "temps_min": 3.8,
        "voie_dom": "primary",
        "veh_origine": 36
      }
    },
    {
      "type": "Feature",
      "geometry": {
        "type": "LineString",
        "coordinates": [
          [
            4.4879236,
            43.8171221
          ],
          [
            4.4868387,
            43.8176185
          ],
          [
            4.4844956,
            43.8180557
          ],
          [
            4.4844073,
            43.8181334
          ],
          [
            4.4842891,
            43.8180799
          ],
          [
            4.4827089,
            43.8185284
          ],
          [
            4.4825925,
            43.8185678
          ],
          [
            4.4819289,
            43.8187852
          ],
          [
            4.4804931,
            43.8190351
          ],
          [
            4.480089,
            43.8189551
          ],
          [
            4.4786033,
            43.818718
          ],
          [
            4.4785242,
            43.8187102
          ],
          [
            4.4778253,
            43.8186225
          ],
          [
            4.4771034,
            43.8185571
          ],
          [
            4.4767843,
            43.8185439
          ],
          [
            4.475864,
            43.81871
          ],
          [
            4.4745283,
            43.8190713
          ],
          [
            4.4749518,
            43.819671
          ],
          [
            4.4763044,
            43.8216525
          ],
          [
            4.4760583,
            43.8217388
          ],
          [
            4.4746933,
            43.8216617
          ],
          [
            4.4747956,
            43.8218626
          ]
        ]
      },
      "properties": {
        "parking_id": "PKC_029",
        "origine_id": "ORI_009",
        "distance_m": 1641,
        "temps_min": 2.8,
        "voie_dom": "tertiary",
        "veh_origine": 6
      }
    },
    {
      "type": "Feature",
      "geometry": {
        "type": "LineString",
        "coordinates": [
          [
            4.4879236,
            43.8171221
          ],
          [
            4.4868387,
            43.8176185
          ],
          [
            4.4844956,
            43.8180557
          ],
          [
            4.4844073,
            43.8181334
          ],
          [
            4.4842891,
            43.8180799
          ],
          [
            4.4827089,
            43.8185284
          ],
          [
            4.4825925,
            43.8185678
          ],
          [
            4.4819289,
            43.8187852
          ],
          [
            4.4804931,
            43.8190351
          ],
          [
            4.480089,
            43.8189551
          ],
          [
            4.4786033,
            43.818718
          ],
          [
            4.4785795,
            43.8191035
          ],
          [
            4.4785192,
            43.8197704
          ],
          [
            4.4784765,
            43.8202219
          ]
        ]
      },
      "properties": {
        "parking_id": "PKC_029",
        "origine_id": "ORI_003",
        "distance_m": 972,
        "temps_min": 1.8,
        "voie_dom": "tertiary",
        "veh_origine": 4
      }
    },
    {
      "type": "Feature",
      "geometry": {
        "type": "LineString",
        "coordinates": [
          [
            4.4879236,
            43.8171221
          ],
          [
            4.4868387,
            43.8176185
          ],
          [
            4.4844956,
            43.8180557
          ],
          [
            4.4844073,
            43.8181334
          ],
          [
            4.4842891,
            43.8180799
          ],
          [
            4.4827089,
            43.8185284
          ],
          [
            4.4825925,
            43.8185678
          ],
          [
            4.4819289,
            43.8187852
          ],
          [
            4.4804931,
            43.8190351
          ],
          [
            4.480089,
            43.8189551
          ],
          [
            4.4786033,
            43.818718
          ],
          [
            4.4785242,
            43.8187102
          ],
          [
            4.4778253,
            43.8186225
          ],
          [
            4.4771034,
            43.8185571
          ],
          [
            4.4767843,
            43.8185439
          ],
          [
            4.475864,
            43.81871
          ],
          [
            4.4745283,
            43.8190713
          ],
          [
            4.4749518,
            43.819671
          ],
          [
            4.4763044,
            43.8216525
          ],
          [
            4.4760583,
            43.8217388
          ],
          [
            4.4755018,
            43.8231994
          ],
          [
            4.4757613,
            43.8262427
          ]
        ]
      },
      "properties": {
        "parking_id": "PKC_029",
        "origine_id": "ORI_015",
        "distance_m": 2001,
        "temps_min": 3.7,
        "voie_dom": "tertiary",
        "veh_origine": 3
      }
    },
    {
      "type": "Feature",
      "geometry": {
        "type": "LineString",
        "coordinates": [
          [
            4.4879236,
            43.8171221
          ],
          [
            4.4868387,
            43.8176185
          ],
          [
            4.4844956,
            43.8180557
          ],
          [
            4.4844073,
            43.8181334
          ],
          [
            4.4842891,
            43.8180799
          ],
          [
            4.4827089,
            43.8185284
          ],
          [
            4.4825925,
            43.8185678
          ],
          [
            4.4819289,
            43.8187852
          ],
          [
            4.4804931,
            43.8190351
          ],
          [
            4.480089,
            43.8189551
          ],
          [
            4.4786033,
            43.818718
          ],
          [
            4.4785242,
            43.8187102
          ],
          [
            4.4778253,
            43.8186225
          ],
          [
            4.4771034,
            43.8185571
          ],
          [
            4.4767843,
            43.8185439
          ],
          [
            4.475864,
            43.81871
          ],
          [
            4.4745283,
            43.8190713
          ],
          [
            4.4749518,
            43.819671
          ],
          [
            4.4763044,
            43.8216525
          ],
          [
            4.4766771,
            43.8221793
          ],
          [
            4.4776117,
            43.8235267
          ]
        ]
      },
      "properties": {
        "parking_id": "PKC_029",
        "origine_id": "ORI_027",
        "distance_m": 1696,
        "temps_min": 2.8,
        "voie_dom": "tertiary",
        "veh_origine": 3
      }
    },
    {
      "type": "Feature",
      "geometry": {
        "type": "LineString",
        "coordinates": [
          [
            4.4879236,
            43.8171221
          ],
          [
            4.4868387,
            43.8176185
          ],
          [
            4.4882962,
            43.819294
          ],
          [
            4.4884974,
            43.8193337
          ],
          [
            4.4886735,
            43.8193728
          ],
          [
            4.4900472,
            43.8186345
          ],
          [
            4.4913423,
            43.8199125
          ],
          [
            4.4917884,
            43.8200854
          ],
          [
            4.4921756,
            43.8203663
          ],
          [
            4.4923549,
            43.8206698
          ],
          [
            4.4939503,
            43.8228994
          ],
          [
            4.4953692,
            43.8251977
          ],
          [
            4.4955244,
            43.8255328
          ],
          [
            4.4958747,
            43.8258325
          ],
          [
            4.4961524,
            43.8259324
          ],
          [
            4.4961854,
            43.8261737
          ],
          [
            4.4960506,
            43.8262813
          ],
          [
            4.4957181,
            43.8262837
          ],
          [
            4.4956667,
            43.826258
          ],
          [
            4.495259,
            43.8262119
          ],
          [
            4.4894097,
            43.8267769
          ],
          [
            4.4890082,
            43.8268171
          ],
          [
            4.4888534,
            43.8263593
          ],
          [
            4.4884619,
            43.8264006
          ]
        ]
      },
      "properties": {
        "parking_id": "PKC_029",
        "origine_id": "ORI_034",
        "distance_m": 2174,
        "temps_min": 3.2,
        "voie_dom": "primary",
        "veh_origine": 3
      }
    },
    {
      "type": "Feature",
      "geometry": {
        "type": "LineString",
        "coordinates": [
          [
            4.4879236,
            43.8171221
          ],
          [
            4.4868387,
            43.8176185
          ],
          [
            4.4844956,
            43.8180557
          ],
          [
            4.4844073,
            43.8181334
          ],
          [
            4.4842891,
            43.8180799
          ],
          [
            4.4827089,
            43.8185284
          ],
          [
            4.4825925,
            43.8185678
          ],
          [
            4.4819289,
            43.8187852
          ],
          [
            4.4804931,
            43.8190351
          ],
          [
            4.480089,
            43.8189551
          ],
          [
            4.4786033,
            43.818718
          ],
          [
            4.4785242,
            43.8187102
          ],
          [
            4.4778253,
            43.8186225
          ],
          [
            4.4771034,
            43.8185571
          ],
          [
            4.4767843,
            43.8185439
          ],
          [
            4.475864,
            43.81871
          ],
          [
            4.4745283,
            43.8190713
          ],
          [
            4.4749518,
            43.819671
          ],
          [
            4.4763044,
            43.8216525
          ],
          [
            4.4766771,
            43.8221793
          ],
          [
            4.4776117,
            43.8235267
          ],
          [
            4.4781501,
            43.824303
          ],
          [
            4.4783932,
            43.8246535
          ],
          [
            4.4782941,
            43.8247235
          ],
          [
            4.4772863,
            43.8242391
          ]
        ]
      },
      "properties": {
        "parking_id": "PKC_029",
        "origine_id": "ORI_002",
        "distance_m": 1964,
        "temps_min": 3.3,
        "voie_dom": "tertiary",
        "veh_origine": 1
      }
    },
    {
      "type": "Feature",
      "geometry": {
        "type": "LineString",
        "coordinates": [
          [
            4.4879236,
            43.8171221
          ],
          [
            4.4868387,
            43.8176185
          ],
          [
            4.4844956,
            43.8180557
          ],
          [
            4.4844073,
            43.8181334
          ],
          [
            4.4842891,
            43.8180799
          ],
          [
            4.4827089,
            43.8185284
          ],
          [
            4.4825925,
            43.8185678
          ],
          [
            4.4819289,
            43.8187852
          ],
          [
            4.4804931,
            43.8190351
          ],
          [
            4.480089,
            43.8189551
          ],
          [
            4.4786033,
            43.818718
          ],
          [
            4.4785242,
            43.8187102
          ],
          [
            4.4778253,
            43.8186225
          ],
          [
            4.4771034,
            43.8185571
          ],
          [
            4.4767843,
            43.8185439
          ],
          [
            4.475864,
            43.81871
          ],
          [
            4.4745283,
            43.8190713
          ],
          [
            4.4739654,
            43.8190273
          ],
          [
            4.4737471,
            43.818733
          ],
          [
            4.4735607,
            43.8186072
          ],
          [
            4.4732111,
            43.8186331
          ],
          [
            4.4726148,
            43.8186882
          ],
          [
            4.47243,
            43.8186715
          ],
          [
            4.4721882,
            43.8186497
          ],
          [
            4.4719714,
            43.8186723
          ],
          [
            4.4718887,
            43.8190249
          ],
          [
            4.4711429,
            43.8190323
          ],
          [
            4.4709447,
            43.8190053
          ],
          [
            4.4701163,
            43.8191219
          ],
          [
            4.4699835,
            43.8192155
          ],
          [
            4.4698495,
            43.8194146
          ],
          [
            4.4697339,
            43.8195864
          ],
          [
            4.469104,
            43.8203536
          ],
          [
            4.4689408,
            43.821549
          ],
          [
            4.4705398,
            43.8217714
          ],
          [
            4.4727847,
            43.8208791
          ]
        ]
      },
      "properties": {
        "parking_id": "PKC_029",
        "origine_id": "ORI_017",
        "distance_m": 2210,
        "temps_min": 3.9,
        "voie_dom": "tertiary",
        "veh_origine": 1
      }
    },
    {
      "type": "Feature",
      "geometry": {
        "type": "LineString",
        "coordinates": [
          [
            4.4879236,
            43.8171221
          ],
          [
            4.4868387,
            43.8176185
          ],
          [
            4.4844956,
            43.8180557
          ],
          [
            4.4844073,
            43.8181334
          ],
          [
            4.4842891,
            43.8180799
          ],
          [
            4.4827089,
            43.8185284
          ],
          [
            4.4825925,
            43.8185678
          ],
          [
            4.4819289,
            43.8187852
          ],
          [
            4.4804931,
            43.8190351
          ],
          [
            4.480089,
            43.8189551
          ],
          [
            4.4786033,
            43.818718
          ],
          [
            4.4785242,
            43.8187102
          ],
          [
            4.4778253,
            43.8186225
          ],
          [
            4.4771034,
            43.8185571
          ],
          [
            4.4767843,
            43.8185439
          ],
          [
            4.475864,
            43.81871
          ],
          [
            4.4745283,
            43.8190713
          ],
          [
            4.4749518,
            43.819671
          ],
          [
            4.4763044,
            43.8216525
          ],
          [
            4.4760583,
            43.8217388
          ],
          [
            4.4746933,
            43.8216617
          ],
          [
            4.4742697,
            43.8218419
          ]
        ]
      },
      "properties": {
        "parking_id": "PKC_029",
        "origine_id": "ORI_021",
        "distance_m": 1657,
        "temps_min": 2.8,
        "voie_dom": "tertiary",
        "veh_origine": 1
      }
    },
    {
      "type": "Feature",
      "geometry": {
        "type": "LineString",
        "coordinates": [
          [
            4.4879236,
            43.8171221
          ],
          [
            4.4868387,
            43.8176185
          ],
          [
            4.4844956,
            43.8180557
          ],
          [
            4.4844073,
            43.8181334
          ],
          [
            4.4842891,
            43.8180799
          ],
          [
            4.4827089,
            43.8185284
          ],
          [
            4.4825925,
            43.8185678
          ],
          [
            4.4819289,
            43.8187852
          ],
          [
            4.4804931,
            43.8190351
          ],
          [
            4.4808285,
            43.82001
          ]
        ]
      },
      "properties": {
        "parking_id": "PKC_029",
        "origine_id": "ORI_026",
        "distance_m": 760,
        "temps_min": 1.5,
        "voie_dom": "tertiary",
        "veh_origine": 1
      }
    },
    {
      "type": "Feature",
      "geometry": {
        "type": "LineString",
        "coordinates": [
          [
            4.4879236,
            43.8171221
          ],
          [
            4.4868387,
            43.8176185
          ],
          [
            4.4882962,
            43.819294
          ],
          [
            4.4884974,
            43.8193337
          ],
          [
            4.4886735,
            43.8193728
          ],
          [
            4.4886661,
            43.819497
          ],
          [
            4.4884636,
            43.8195149
          ],
          [
            4.4858473,
            43.8206467
          ],
          [
            4.4847234,
            43.8209583
          ]
        ]
      },
      "properties": {
        "parking_id": "PKC_029",
        "origine_id": "ORI_028",
        "distance_m": 731,
        "temps_min": 1.5,
        "voie_dom": "unclassified",
        "veh_origine": 1
      }
    },
    {
      "type": "Feature",
      "geometry": {
        "type": "LineString",
        "coordinates": [
          [
            4.4879236,
            43.8171221
          ],
          [
            4.4868387,
            43.8176185
          ],
          [
            4.4882962,
            43.819294
          ],
          [
            4.4884974,
            43.8193337
          ],
          [
            4.4886735,
            43.8193728
          ],
          [
            4.4900472,
            43.8186345
          ],
          [
            4.4913423,
            43.8199125
          ],
          [
            4.4917884,
            43.8200854
          ],
          [
            4.4921756,
            43.8203663
          ],
          [
            4.4923549,
            43.8206698
          ],
          [
            4.4939503,
            43.8228994
          ],
          [
            4.4953692,
            43.8251977
          ],
          [
            4.4955244,
            43.8255328
          ],
          [
            4.4958747,
            43.8258325
          ],
          [
            4.4961524,
            43.8259324
          ],
          [
            4.4961854,
            43.8261737
          ],
          [
            4.4960506,
            43.8262813
          ],
          [
            4.4958597,
            43.826611
          ],
          [
            4.4959698,
            43.8275536
          ],
          [
            4.495989,
            43.8277739
          ],
          [
            4.4950176,
            43.827828
          ],
          [
            4.4944285,
            43.828902
          ],
          [
            4.4943634,
            43.8289961
          ],
          [
            4.4928104,
            43.8290887
          ],
          [
            4.4932646,
            43.8298843
          ],
          [
            4.4934921,
            43.8303752
          ],
          [
            4.4935751,
            43.8304696
          ],
          [
            4.493419,
            43.830458
          ],
          [
            4.491725,
            43.8302369
          ],
          [
            4.4915925,
            43.8303079
          ],
          [
            4.4915477,
            43.8302428
          ],
          [
            4.4916391,
            43.8301863
          ],
          [
            4.4888426,
            43.8294154
          ],
          [
            4.4878382,
            43.8291331
          ],
          [
            4.4875825,
            43.8290539
          ]
        ]
      },
      "properties": {
        "parking_id": "PKC_029",
        "origine_id": "ORI_036",
        "distance_m": 2757,
        "temps_min": 4.7,
        "voie_dom": "primary",
        "veh_origine": 1
      }
    },
    {
      "type": "Feature",
      "geometry": {
        "type": "LineString",
        "coordinates": [
          [
            4.5021494,
            43.8356825
          ],
          [
            4.5005299,
            43.8350117
          ],
          [
            4.5002055,
            43.8346008
          ],
          [
            4.4999347,
            43.8342349
          ],
          [
            4.4998207,
            43.8341437
          ],
          [
            4.4989788,
            43.8338654
          ],
          [
            4.4964045,
            43.8333292
          ],
          [
            4.4956073,
            43.8331685
          ],
          [
            4.4950011,
            43.8333791
          ],
          [
            4.4945384,
            43.8335197
          ],
          [
            4.4940413,
            43.8336111
          ],
          [
            4.4939379,
            43.8336774
          ],
          [
            4.4937461,
            43.8342775
          ],
          [
            4.4937087,
            43.8346667
          ],
          [
            4.4936846,
            43.8351114
          ],
          [
            4.4933524,
            43.8357545
          ],
          [
            4.4933755,
            43.8359605
          ],
          [
            4.4934165,
            43.8363261
          ],
          [
            4.4933995,
            43.8363843
          ],
          [
            4.4887957,
            43.8397821
          ],
          [
            4.4886068,
            43.8381104
          ]
        ]
      },
      "properties": {
        "parking_id": "PKC_030",
        "origine_id": "ORI_029",
        "distance_m": 1805,
        "temps_min": 3.7,
        "voie_dom": "tertiary",
        "veh_origine": 83
      }
    },
    {
      "type": "Feature",
      "geometry": {
        "type": "LineString",
        "coordinates": [
          [
            4.5021494,
            43.8356825
          ],
          [
            4.5005299,
            43.8350117
          ],
          [
            4.5002055,
            43.8346008
          ],
          [
            4.4999347,
            43.8342349
          ],
          [
            4.4998207,
            43.8341437
          ],
          [
            4.4989788,
            43.8338654
          ],
          [
            4.4964045,
            43.8333292
          ],
          [
            4.4956073,
            43.8331685
          ],
          [
            4.4957189,
            43.8330153
          ],
          [
            4.4961522,
            43.8324414
          ],
          [
            4.4962492,
            43.832317
          ],
          [
            4.4963273,
            43.8321912
          ],
          [
            4.4963344,
            43.8317947
          ],
          [
            4.4963408,
            43.8315362
          ],
          [
            4.4960367,
            43.8313309
          ],
          [
            4.4954574,
            43.8309265
          ],
          [
            4.4952166,
            43.8308002
          ],
          [
            4.4935751,
            43.8304696
          ],
          [
            4.493419,
            43.830458
          ],
          [
            4.491725,
            43.8302369
          ],
          [
            4.4915925,
            43.8303079
          ],
          [
            4.4915477,
            43.8302428
          ],
          [
            4.4898709,
            43.830535
          ],
          [
            4.4887324,
            43.8307642
          ],
          [
            4.4880761,
            43.8307804
          ],
          [
            4.4861466,
            43.830498
          ]
        ]
      },
      "properties": {
        "parking_id": "PKC_030",
        "origine_id": "ORI_031",
        "distance_m": 1706,
        "temps_min": 3.1,
        "voie_dom": "secondary",
        "veh_origine": 19
      }
    },
    {
      "type": "Feature",
      "geometry": {
        "type": "LineString",
        "coordinates": [
          [
            4.5021494,
            43.8356825
          ],
          [
            4.5005299,
            43.8350117
          ],
          [
            4.5006442,
            43.8352009
          ],
          [
            4.5009452,
            43.8356512
          ],
          [
            4.5010874,
            43.8358641
          ],
          [
            4.4974389,
            43.8362542
          ],
          [
            4.497549,
            43.8366298
          ],
          [
            4.4965965,
            43.8367492
          ]
        ]
      },
      "properties": {
        "parking_id": "PKC_030",
        "origine_id": "ORI_030",
        "distance_m": 676,
        "temps_min": 1.4,
        "voie_dom": "tertiary",
        "veh_origine": 7
      }
    },
    {
      "type": "Feature",
      "geometry": {
        "type": "LineString",
        "coordinates": [
          [
            4.5021494,
            43.8356825
          ],
          [
            4.5005299,
            43.8350117
          ],
          [
            4.5002055,
            43.8346008
          ],
          [
            4.4999347,
            43.8342349
          ],
          [
            4.4998207,
            43.8341437
          ],
          [
            4.4989788,
            43.8338654
          ],
          [
            4.4964045,
            43.8333292
          ],
          [
            4.4956073,
            43.8331685
          ],
          [
            4.4950011,
            43.8333791
          ],
          [
            4.4945384,
            43.8335197
          ],
          [
            4.4940413,
            43.8336111
          ],
          [
            4.4939379,
            43.8336774
          ],
          [
            4.4939009,
            43.833648
          ],
          [
            4.4939602,
            43.8335756
          ],
          [
            4.4936854,
            43.8324266
          ],
          [
            4.4931821,
            43.8319114
          ]
        ]
      },
      "properties": {
        "parking_id": "PKC_030",
        "origine_id": "ORI_039",
        "distance_m": 998,
        "temps_min": 1.8,
        "voie_dom": "tertiary",
        "veh_origine": 6
      }
    },
    {
      "type": "Feature",
      "geometry": {
        "type": "LineString",
        "coordinates": [
          [
            4.5021494,
            43.8356825
          ],
          [
            4.5005299,
            43.8350117
          ],
          [
            4.5002055,
            43.8346008
          ],
          [
            4.4999347,
            43.8342349
          ],
          [
            4.4998207,
            43.8341437
          ],
          [
            4.4989788,
            43.8338654
          ],
          [
            4.4964045,
            43.8333292
          ],
          [
            4.4956073,
            43.8331685
          ],
          [
            4.4950011,
            43.8333791
          ],
          [
            4.4945384,
            43.8335197
          ],
          [
            4.4940413,
            43.8336111
          ],
          [
            4.4939379,
            43.8336774
          ],
          [
            4.4939009,
            43.833648
          ],
          [
            4.4932128,
            43.833704
          ],
          [
            4.4918093,
            43.8337417
          ],
          [
            4.4908758,
            43.833773
          ],
          [
            4.4840329,
            43.8340457
          ]
        ]
      },
      "properties": {
        "parking_id": "PKC_030",
        "origine_id": "ORI_022",
        "distance_m": 1572,
        "temps_min": 3.0,
        "voie_dom": "tertiary",
        "veh_origine": 4
      }
    },
    {
      "type": "Feature",
      "geometry": {
        "type": "LineString",
        "coordinates": [
          [
            4.5021494,
            43.8356825
          ],
          [
            4.5005299,
            43.8350117
          ],
          [
            4.5002055,
            43.8346008
          ],
          [
            4.4999347,
            43.8342349
          ],
          [
            4.4998207,
            43.8341437
          ],
          [
            4.4989788,
            43.8338654
          ],
          [
            4.4964045,
            43.8333292
          ],
          [
            4.4956073,
            43.8331685
          ],
          [
            4.4950011,
            43.8333791
          ],
          [
            4.4945384,
            43.8335197
          ],
          [
            4.4940413,
            43.8336111
          ],
          [
            4.4939379,
            43.8336774
          ],
          [
            4.4937461,
            43.8342775
          ],
          [
            4.4937087,
            43.8346667
          ],
          [
            4.4936846,
            43.8351114
          ],
          [
            4.4933524,
            43.8357545
          ],
          [
            4.4933755,
            43.8359605
          ],
          [
            4.4934165,
            43.8363261
          ],
          [
            4.4933995,
            43.8363843
          ]
        ]
      },
      "properties": {
        "parking_id": "PKC_030",
        "origine_id": "ORI_035",
        "distance_m": 1079,
        "temps_min": 2.0,
        "voie_dom": "tertiary",
        "veh_origine": 2
      }
    },
    {
      "type": "Feature",
      "geometry": {
        "type": "LineString",
        "coordinates": [
          [
            4.5021494,
            43.8356825
          ],
          [
            4.5005299,
            43.8350117
          ],
          [
            4.5002055,
            43.8346008
          ],
          [
            4.4999347,
            43.8342349
          ],
          [
            4.4998207,
            43.8341437
          ],
          [
            4.4989788,
            43.8338654
          ],
          [
            4.4964045,
            43.8333292
          ],
          [
            4.4956073,
            43.8331685
          ],
          [
            4.4950011,
            43.8333791
          ],
          [
            4.4945384,
            43.8335197
          ],
          [
            4.4940413,
            43.8336111
          ],
          [
            4.4939379,
            43.8336774
          ],
          [
            4.4939009,
            43.833648
          ],
          [
            4.4932128,
            43.833704
          ],
          [
            4.4918571,
            43.8330336
          ],
          [
            4.4910297,
            43.8321233
          ]
        ]
      },
      "properties": {
        "parking_id": "PKC_030",
        "origine_id": "ORI_032",
        "distance_m": 1159,
        "temps_min": 2.1,
        "voie_dom": "tertiary",
        "veh_origine": 1
      }
    },
    {
      "type": "Feature",
      "geometry": {
        "type": "LineString",
        "coordinates": [
          [
            4.5021494,
            43.8356825
          ],
          [
            4.5005299,
            43.8350117
          ],
          [
            4.5002055,
            43.8346008
          ],
          [
            4.4999347,
            43.8342349
          ],
          [
            4.4998207,
            43.8341437
          ],
          [
            4.4989788,
            43.8338654
          ],
          [
            4.4964045,
            43.8333292
          ],
          [
            4.4956073,
            43.8331685
          ],
          [
            4.4950011,
            43.8333791
          ],
          [
            4.4945384,
            43.8335197
          ],
          [
            4.4940413,
            43.8336111
          ],
          [
            4.4939379,
            43.8336774
          ],
          [
            4.4937461,
            43.8342775
          ],
          [
            4.4937087,
            43.8346667
          ],
          [
            4.4936846,
            43.8351114
          ],
          [
            4.4933524,
            43.8357545
          ],
          [
            4.4933755,
            43.8359605
          ],
          [
            4.4934165,
            43.8363261
          ],
          [
            4.4933995,
            43.8363843
          ],
          [
            4.4917476,
            43.8366506
          ]
        ]
      },
      "properties": {
        "parking_id": "PKC_030",
        "origine_id": "ORI_033",
        "distance_m": 1215,
        "temps_min": 2.3,
        "voie_dom": "tertiary",
        "veh_origine": 1
      }
    },
    {
      "type": "Feature",
      "geometry": {
        "type": "LineString",
        "coordinates": [
          [
            4.5021494,
            43.8356825
          ],
          [
            4.5005299,
            43.8350117
          ],
          [
            4.5002055,
            43.8346008
          ],
          [
            4.4999347,
            43.8342349
          ],
          [
            4.4998207,
            43.8341437
          ],
          [
            4.4989788,
            43.8338654
          ],
          [
            4.4964045,
            43.8333292
          ],
          [
            4.4956073,
            43.8331685
          ],
          [
            4.4957189,
            43.8330153
          ],
          [
            4.4961522,
            43.8324414
          ],
          [
            4.4962492,
            43.832317
          ],
          [
            4.4963273,
            43.8321912
          ],
          [
            4.4963344,
            43.8317947
          ],
          [
            4.4963408,
            43.8315362
          ],
          [
            4.4960367,
            43.8313309
          ],
          [
            4.4954574,
            43.8309265
          ],
          [
            4.4952166,
            43.8308002
          ],
          [
            4.4935751,
            43.8304696
          ],
          [
            4.493419,
            43.830458
          ],
          [
            4.491725,
            43.8302369
          ],
          [
            4.4915925,
            43.8303079
          ],
          [
            4.4915477,
            43.8302428
          ],
          [
            4.4916391,
            43.8301863
          ],
          [
            4.4888426,
            43.8294154
          ],
          [
            4.4878382,
            43.8291331
          ],
          [
            4.4875825,
            43.8290539
          ]
        ]
      },
      "properties": {
        "parking_id": "PKC_030",
        "origine_id": "ORI_036",
        "distance_m": 1618,
        "temps_min": 2.9,
        "voie_dom": "secondary",
        "veh_origine": 1
      }
    },
    {
      "type": "Feature",
      "geometry": {
        "type": "LineString",
        "coordinates": [
          [
            4.5021494,
            43.8356825
          ],
          [
            4.5005299,
            43.8350117
          ],
          [
            4.5002055,
            43.8346008
          ],
          [
            4.4999347,
            43.8342349
          ],
          [
            4.4998207,
            43.8341437
          ],
          [
            4.4989788,
            43.8338654
          ],
          [
            4.4964045,
            43.8333292
          ],
          [
            4.4956073,
            43.8331685
          ],
          [
            4.4950011,
            43.8333791
          ],
          [
            4.4945384,
            43.8335197
          ],
          [
            4.4940413,
            43.8336111
          ],
          [
            4.4939379,
            43.8336774
          ],
          [
            4.4937461,
            43.8342775
          ],
          [
            4.4937087,
            43.8346667
          ],
          [
            4.4936846,
            43.8351114
          ],
          [
            4.4933524,
            43.8357545
          ],
          [
            4.490921,
            43.8360101
          ]
        ]
      },
      "properties": {
        "parking_id": "PKC_030",
        "origine_id": "ORI_037",
        "distance_m": 1206,
        "temps_min": 2.2,
        "voie_dom": "tertiary",
        "veh_origine": 1
      }
    },
    {
      "type": "Feature",
      "geometry": {
        "type": "LineString",
        "coordinates": [
          [
            4.5021494,
            43.8356825
          ],
          [
            4.5005299,
            43.8350117
          ],
          [
            4.5002055,
            43.8346008
          ],
          [
            4.4999347,
            43.8342349
          ],
          [
            4.4998207,
            43.8341437
          ],
          [
            4.4989788,
            43.8338654
          ],
          [
            4.4964045,
            43.8333292
          ],
          [
            4.4956073,
            43.8331685
          ],
          [
            4.4950011,
            43.8333791
          ],
          [
            4.4945384,
            43.8335197
          ],
          [
            4.4940413,
            43.8336111
          ],
          [
            4.4939379,
            43.8336774
          ],
          [
            4.4939009,
            43.833648
          ],
          [
            4.4932128,
            43.833704
          ],
          [
            4.4918093,
            43.8337417
          ],
          [
            4.4908758,
            43.833773
          ],
          [
            4.4908222,
            43.83345
          ],
          [
            4.4902664,
            43.8309959
          ]
        ]
      },
      "properties": {
        "parking_id": "PKC_030",
        "origine_id": "ORI_038",
        "distance_m": 1365,
        "temps_min": 2.6,
        "voie_dom": "tertiary",
        "veh_origine": 1
      }
    },
    {
      "type": "Feature",
      "geometry": {
        "type": "LineString",
        "coordinates": [
          [
            4.4615561,
            43.8159294
          ],
          [
            4.4617009,
            43.8162285
          ],
          [
            4.4618744,
            43.8162457
          ],
          [
            4.4628021,
            43.8176821
          ],
          [
            4.4638034,
            43.8171937
          ],
          [
            4.4642105,
            43.8179589
          ],
          [
            4.4648561,
            43.8191714
          ],
          [
            4.4650603,
            43.8193767
          ],
          [
            4.4652802,
            43.8194341
          ],
          [
            4.4652454,
            43.8195405
          ],
          [
            4.465516,
            43.8201242
          ],
          [
            4.4657119,
            43.8208429
          ]
        ]
      },
      "properties": {
        "parking_id": "PKC_032",
        "origine_id": "ORI_007",
        "distance_m": 778,
        "temps_min": 1.5,
        "voie_dom": "tertiary",
        "veh_origine": 11
      }
    },
    {
      "type": "Feature",
      "geometry": {
        "type": "LineString",
        "coordinates": [
          [
            4.4615561,
            43.8159294
          ],
          [
            4.4617009,
            43.8162285
          ],
          [
            4.4618744,
            43.8162457
          ],
          [
            4.4628021,
            43.8176821
          ],
          [
            4.4638034,
            43.8171937
          ],
          [
            4.4642105,
            43.8179589
          ],
          [
            4.4648561,
            43.8191714
          ],
          [
            4.4650603,
            43.8193767
          ],
          [
            4.4652802,
            43.8194341
          ],
          [
            4.4652454,
            43.8195405
          ],
          [
            4.465516,
            43.8201242
          ],
          [
            4.4657119,
            43.8208429
          ],
          [
            4.4644643,
            43.8210184
          ],
          [
            4.4633886,
            43.8213339
          ],
          [
            4.4629111,
            43.8214869
          ]
        ]
      },
      "properties": {
        "parking_id": "PKC_032",
        "origine_id": "ORI_011",
        "distance_m": 1015,
        "temps_min": 2.0,
        "voie_dom": "tertiary",
        "veh_origine": 4
      }
    },
    {
      "type": "Feature",
      "geometry": {
        "type": "LineString",
        "coordinates": [
          [
            4.4615561,
            43.8159294
          ],
          [
            4.4617009,
            43.8162285
          ],
          [
            4.4618744,
            43.8162457
          ],
          [
            4.4628021,
            43.8176821
          ],
          [
            4.4638034,
            43.8171937
          ],
          [
            4.4642105,
            43.8179589
          ],
          [
            4.4648561,
            43.8191714
          ],
          [
            4.4650603,
            43.8193767
          ],
          [
            4.4652802,
            43.8194341
          ],
          [
            4.4652454,
            43.8195405
          ],
          [
            4.465516,
            43.8201242
          ],
          [
            4.4657119,
            43.8208429
          ],
          [
            4.4644643,
            43.8210184
          ],
          [
            4.4633886,
            43.8213339
          ],
          [
            4.4629111,
            43.8214869
          ],
          [
            4.4598793,
            43.8235362
          ]
        ]
      },
      "properties": {
        "parking_id": "PKC_032",
        "origine_id": "ORI_005",
        "distance_m": 1371,
        "temps_min": 2.7,
        "voie_dom": "tertiary",
        "veh_origine": 1
      }
    },
    {
      "type": "Feature",
      "geometry": {
        "type": "LineString",
        "coordinates": [
          [
            4.4615561,
            43.8159294
          ],
          [
            4.4617009,
            43.8162285
          ],
          [
            4.4618744,
            43.8162457
          ],
          [
            4.4628021,
            43.8176821
          ],
          [
            4.4612346,
            43.8186662
          ],
          [
            4.4617245,
            43.8197734
          ],
          [
            4.4620327,
            43.8203597
          ]
        ]
      },
      "properties": {
        "parking_id": "PKC_032",
        "origine_id": "ORI_020",
        "distance_m": 594,
        "temps_min": 1.0,
        "voie_dom": "tertiary",
        "veh_origine": 1
      }
    },
    {
      "type": "Feature",
      "geometry": {
        "type": "LineString",
        "coordinates": [
          [
            4.4615561,
            43.8159294
          ],
          [
            4.4617009,
            43.8162285
          ],
          [
            4.4618744,
            43.8162457
          ],
          [
            4.4628021,
            43.8176821
          ],
          [
            4.4638034,
            43.8171937
          ],
          [
            4.4642105,
            43.8179589
          ],
          [
            4.4648561,
            43.8191714
          ],
          [
            4.4650603,
            43.8193767
          ],
          [
            4.4652802,
            43.8194341
          ],
          [
            4.4652454,
            43.8195405
          ],
          [
            4.465516,
            43.8201242
          ],
          [
            4.4657119,
            43.8208429
          ],
          [
            4.4644643,
            43.8210184
          ],
          [
            4.4633886,
            43.8213339
          ],
          [
            4.4629111,
            43.8214869
          ],
          [
            4.4633394,
            43.8230098
          ]
        ]
      },
      "properties": {
        "parking_id": "PKC_032",
        "origine_id": "ORI_023",
        "distance_m": 1248,
        "temps_min": 2.5,
        "voie_dom": "tertiary",
        "veh_origine": 1
      }
    },
    {
      "type": "Feature",
      "geometry": {
        "type": "LineString",
        "coordinates": [
          [
            4.4615561,
            43.8159294
          ],
          [
            4.4617009,
            43.8162285
          ],
          [
            4.4618744,
            43.8162457
          ],
          [
            4.4628021,
            43.8176821
          ],
          [
            4.4638034,
            43.8171937
          ],
          [
            4.4642105,
            43.8179589
          ],
          [
            4.4648561,
            43.8191714
          ],
          [
            4.4650603,
            43.8193767
          ],
          [
            4.4652802,
            43.8194341
          ],
          [
            4.4652454,
            43.8195405
          ],
          [
            4.465516,
            43.8201242
          ],
          [
            4.4657119,
            43.8208429
          ],
          [
            4.4644643,
            43.8210184
          ],
          [
            4.4633886,
            43.8213339
          ],
          [
            4.4629111,
            43.8214869
          ]
        ]
      },
      "properties": {
        "parking_id": "PKC_032",
        "origine_id": "ORI_024",
        "distance_m": 1015,
        "temps_min": 2.0,
        "voie_dom": "tertiary",
        "veh_origine": 1
      }
    },
    {
      "type": "Feature",
      "geometry": {
        "type": "LineString",
        "coordinates": [
          [
            4.4615561,
            43.8159294
          ],
          [
            4.4617009,
            43.8162285
          ],
          [
            4.4618744,
            43.8162457
          ],
          [
            4.4632726,
            43.8163315
          ],
          [
            4.4659459,
            43.8162614
          ],
          [
            4.4663315,
            43.8164395
          ],
          [
            4.4667838,
            43.816574
          ],
          [
            4.4677113,
            43.8168847
          ],
          [
            4.4691697,
            43.8174782
          ],
          [
            4.469779,
            43.8178162
          ],
          [
            4.4702065,
            43.8184803
          ],
          [
            4.4702105,
            43.818654
          ],
          [
            4.4701163,
            43.8191219
          ],
          [
            4.4699835,
            43.8192155
          ],
          [
            4.4698495,
            43.8194146
          ],
          [
            4.4697339,
            43.8195864
          ],
          [
            4.469104,
            43.8203536
          ]
        ]
      },
      "properties": {
        "parking_id": "PKC_032",
        "origine_id": "ORI_025",
        "distance_m": 1048,
        "temps_min": 1.8,
        "voie_dom": "tertiary",
        "veh_origine": 1
      }
    },
    {
      "type": "Feature",
      "geometry": {
        "type": "LineString",
        "coordinates": [
          [
            4.4734482,
            43.8095955
          ],
          [
            4.4734175,
            43.8103018
          ],
          [
            4.4738236,
            43.811806
          ],
          [
            4.4739842,
            43.8118229
          ],
          [
            4.4739075,
            43.8119352
          ],
          [
            4.4738186,
            43.8119121
          ],
          [
            4.473672,
            43.8120243
          ],
          [
            4.473452,
            43.8121829
          ],
          [
            4.4721245,
            43.813167
          ],
          [
            4.4713552,
            43.8137998
          ],
          [
            4.4699416,
            43.8150312
          ],
          [
            4.46984,
            43.815142
          ],
          [
            4.469498,
            43.8154889
          ],
          [
            4.469524,
            43.8156214
          ],
          [
            4.4698224,
            43.8171717
          ],
          [
            4.469779,
            43.8178162
          ],
          [
            4.4702065,
            43.8184803
          ],
          [
            4.4702105,
            43.818654
          ],
          [
            4.4701163,
            43.8191219
          ],
          [
            4.4699835,
            43.8192155
          ],
          [
            4.4698495,
            43.8194146
          ],
          [
            4.4697339,
            43.8195864
          ],
          [
            4.469104,
            43.8203536
          ],
          [
            4.4677541,
            43.8205044
          ],
          [
            4.4657119,
            43.8208429
          ]
        ]
      },
      "properties": {
        "parking_id": "PKC_033",
        "origine_id": "ORI_007",
        "distance_m": 1676,
        "temps_min": 2.8,
        "voie_dom": "tertiary",
        "veh_origine": 11
      }
    },
    {
      "type": "Feature",
      "geometry": {
        "type": "LineString",
        "coordinates": [
          [
            4.4734482,
            43.8095955
          ],
          [
            4.4734175,
            43.8103018
          ],
          [
            4.4738236,
            43.811806
          ],
          [
            4.4739842,
            43.8118229
          ],
          [
            4.4739075,
            43.8119352
          ],
          [
            4.4738105,
            43.8121444
          ],
          [
            4.4736546,
            43.8127178
          ],
          [
            4.4736064,
            43.8130786
          ],
          [
            4.4735187,
            43.8137237
          ],
          [
            4.4734584,
            43.81511
          ],
          [
            4.473403,
            43.8152653
          ],
          [
            4.4732717,
            43.815634
          ],
          [
            4.4727889,
            43.8165693
          ],
          [
            4.4729195,
            43.8168893
          ],
          [
            4.473728,
            43.8173809
          ],
          [
            4.4741923,
            43.8179282
          ],
          [
            4.4745283,
            43.8190713
          ],
          [
            4.4749518,
            43.819671
          ],
          [
            4.4763044,
            43.8216525
          ],
          [
            4.4760583,
            43.8217388
          ],
          [
            4.4746933,
            43.8216617
          ],
          [
            4.4747956,
            43.8218626
          ]
        ]
      },
      "properties": {
        "parking_id": "PKC_033",
        "origine_id": "ORI_009",
        "distance_m": 1678,
        "temps_min": 3.5,
        "voie_dom": "tertiary",
        "veh_origine": 6
      }
    },
    {
      "type": "Feature",
      "geometry": {
        "type": "LineString",
        "coordinates": [
          [
            4.4734482,
            43.8095955
          ],
          [
            4.4734175,
            43.8103018
          ],
          [
            4.4738236,
            43.811806
          ],
          [
            4.4739842,
            43.8118229
          ],
          [
            4.4746477,
            43.811372
          ],
          [
            4.475397,
            43.8110561
          ],
          [
            4.4756534,
            43.8120765
          ],
          [
            4.4756827,
            43.8125776
          ],
          [
            4.475783,
            43.8130412
          ],
          [
            4.4757269,
            43.8135964
          ],
          [
            4.4755316,
            43.8141871
          ],
          [
            4.4748092,
            43.8144938
          ],
          [
            4.4753369,
            43.8154335
          ],
          [
            4.4755978,
            43.8158323
          ],
          [
            4.4760242,
            43.8161799
          ],
          [
            4.4767233,
            43.8169695
          ],
          [
            4.4763088,
            43.8171522
          ],
          [
            4.4767843,
            43.8185439
          ],
          [
            4.4771034,
            43.8185571
          ],
          [
            4.4778253,
            43.8186225
          ],
          [
            4.4785242,
            43.8187102
          ],
          [
            4.4786033,
            43.818718
          ],
          [
            4.4785795,
            43.8191035
          ],
          [
            4.4785192,
            43.8197704
          ],
          [
            4.4784765,
            43.8202219
          ]
        ]
      },
      "properties": {
        "parking_id": "PKC_033",
        "origine_id": "ORI_003",
        "distance_m": 1689,
        "temps_min": 3.3,
        "voie_dom": "tertiary",
        "veh_origine": 4
      }
    },
    {
      "type": "Feature",
      "geometry": {
        "type": "LineString",
        "coordinates": [
          [
            4.4734482,
            43.8095955
          ],
          [
            4.4734175,
            43.8103018
          ],
          [
            4.4738236,
            43.811806
          ],
          [
            4.4739842,
            43.8118229
          ],
          [
            4.4739075,
            43.8119352
          ],
          [
            4.4738105,
            43.8121444
          ],
          [
            4.4736546,
            43.8127178
          ],
          [
            4.4736064,
            43.8130786
          ],
          [
            4.4735187,
            43.8137237
          ],
          [
            4.4734584,
            43.81511
          ],
          [
            4.473403,
            43.8152653
          ],
          [
            4.4732717,
            43.815634
          ],
          [
            4.4727889,
            43.8165693
          ],
          [
            4.4729195,
            43.8168893
          ],
          [
            4.473728,
            43.8173809
          ],
          [
            4.4741923,
            43.8179282
          ],
          [
            4.4745283,
            43.8190713
          ],
          [
            4.4749518,
            43.819671
          ],
          [
            4.4763044,
            43.8216525
          ],
          [
            4.4766771,
            43.8221793
          ],
          [
            4.4776117,
            43.8235267
          ]
        ]
      },
      "properties": {
        "parking_id": "PKC_033",
        "origine_id": "ORI_027",
        "distance_m": 1733,
        "temps_min": 3.5,
        "voie_dom": "tertiary",
        "veh_origine": 3
      }
    },
    {
      "type": "Feature",
      "geometry": {
        "type": "LineString",
        "coordinates": [
          [
            4.4734482,
            43.8095955
          ],
          [
            4.4734175,
            43.8103018
          ],
          [
            4.4738236,
            43.811806
          ],
          [
            4.4739842,
            43.8118229
          ],
          [
            4.4739075,
            43.8119352
          ],
          [
            4.4738186,
            43.8119121
          ],
          [
            4.473672,
            43.8120243
          ],
          [
            4.473452,
            43.8121829
          ],
          [
            4.4721245,
            43.813167
          ],
          [
            4.4713552,
            43.8137998
          ],
          [
            4.4699416,
            43.8150312
          ],
          [
            4.46984,
            43.815142
          ],
          [
            4.469498,
            43.8154889
          ],
          [
            4.469524,
            43.8156214
          ],
          [
            4.4698224,
            43.8171717
          ],
          [
            4.469779,
            43.8178162
          ],
          [
            4.4702065,
            43.8184803
          ],
          [
            4.4702105,
            43.818654
          ],
          [
            4.4701163,
            43.8191219
          ],
          [
            4.4699835,
            43.8192155
          ],
          [
            4.4698495,
            43.8194146
          ],
          [
            4.4697339,
            43.8195864
          ],
          [
            4.469104,
            43.8203536
          ],
          [
            4.4689408,
            43.821549
          ],
          [
            4.4705398,
            43.8217714
          ],
          [
            4.4727847,
            43.8208791
          ]
        ]
      },
      "properties": {
        "parking_id": "PKC_033",
        "origine_id": "ORI_017",
        "distance_m": 1884,
        "temps_min": 3.3,
        "voie_dom": "tertiary",
        "veh_origine": 1
      }
    },
    {
      "type": "Feature",
      "geometry": {
        "type": "LineString",
        "coordinates": [
          [
            4.4734482,
            43.8095955
          ],
          [
            4.4734175,
            43.8103018
          ],
          [
            4.4738236,
            43.811806
          ],
          [
            4.4739842,
            43.8118229
          ],
          [
            4.4739075,
            43.8119352
          ],
          [
            4.4738186,
            43.8119121
          ],
          [
            4.473672,
            43.8120243
          ],
          [
            4.473452,
            43.8121829
          ],
          [
            4.4721245,
            43.813167
          ],
          [
            4.4713552,
            43.8137998
          ],
          [
            4.4699416,
            43.8150312
          ],
          [
            4.46984,
            43.815142
          ],
          [
            4.469498,
            43.8154889
          ],
          [
            4.4681534,
            43.8161592
          ],
          [
            4.4668676,
            43.8164952
          ],
          [
            4.4667838,
            43.816574
          ],
          [
            4.4663315,
            43.8164395
          ],
          [
            4.4659655,
            43.8166225
          ],
          [
            4.4656163,
            43.8167021
          ],
          [
            4.4648758,
            43.8168889
          ],
          [
            4.4638034,
            43.8171937
          ],
          [
            4.4628021,
            43.8176821
          ],
          [
            4.4612346,
            43.8186662
          ],
          [
            4.4617245,
            43.8197734
          ],
          [
            4.4620327,
            43.8203597
          ]
        ]
      },
      "properties": {
        "parking_id": "PKC_033",
        "origine_id": "ORI_020",
        "distance_m": 1794,
        "temps_min": 2.8,
        "voie_dom": "tertiary",
        "veh_origine": 1
      }
    },
    {
      "type": "Feature",
      "geometry": {
        "type": "LineString",
        "coordinates": [
          [
            4.4734482,
            43.8095955
          ],
          [
            4.4734175,
            43.8103018
          ],
          [
            4.4738236,
            43.811806
          ],
          [
            4.4739842,
            43.8118229
          ],
          [
            4.4739075,
            43.8119352
          ],
          [
            4.4738105,
            43.8121444
          ],
          [
            4.4736546,
            43.8127178
          ],
          [
            4.4736064,
            43.8130786
          ],
          [
            4.4735187,
            43.8137237
          ],
          [
            4.4734584,
            43.81511
          ],
          [
            4.473403,
            43.8152653
          ],
          [
            4.4732717,
            43.815634
          ],
          [
            4.4727889,
            43.8165693
          ],
          [
            4.4729195,
            43.8168893
          ],
          [
            4.473728,
            43.8173809
          ],
          [
            4.4741923,
            43.8179282
          ],
          [
            4.4745283,
            43.8190713
          ],
          [
            4.4749518,
            43.819671
          ],
          [
            4.4763044,
            43.8216525
          ],
          [
            4.4760583,
            43.8217388
          ],
          [
            4.4746933,
            43.8216617
          ],
          [
            4.4742697,
            43.8218419
          ]
        ]
      },
      "properties": {
        "parking_id": "PKC_033",
        "origine_id": "ORI_021",
        "distance_m": 1694,
        "temps_min": 3.5,
        "voie_dom": "tertiary",
        "veh_origine": 1
      }
    },
    {
      "type": "Feature",
      "geometry": {
        "type": "LineString",
        "coordinates": [
          [
            4.4734482,
            43.8095955
          ],
          [
            4.4734175,
            43.8103018
          ],
          [
            4.4738236,
            43.811806
          ],
          [
            4.4739842,
            43.8118229
          ],
          [
            4.4739075,
            43.8119352
          ],
          [
            4.4738186,
            43.8119121
          ],
          [
            4.473672,
            43.8120243
          ],
          [
            4.473452,
            43.8121829
          ],
          [
            4.4721245,
            43.813167
          ],
          [
            4.4713552,
            43.8137998
          ],
          [
            4.4699416,
            43.8150312
          ],
          [
            4.46984,
            43.815142
          ],
          [
            4.469498,
            43.8154889
          ],
          [
            4.469524,
            43.8156214
          ],
          [
            4.4698224,
            43.8171717
          ],
          [
            4.469779,
            43.8178162
          ],
          [
            4.4702065,
            43.8184803
          ],
          [
            4.4702105,
            43.818654
          ],
          [
            4.4701163,
            43.8191219
          ],
          [
            4.4699835,
            43.8192155
          ],
          [
            4.4698495,
            43.8194146
          ],
          [
            4.4697339,
            43.8195864
          ],
          [
            4.469104,
            43.8203536
          ],
          [
            4.4677541,
            43.8205044
          ],
          [
            4.4657119,
            43.8208429
          ],
          [
            4.4644643,
            43.8210184
          ],
          [
            4.4633886,
            43.8213339
          ],
          [
            4.4629111,
            43.8214869
          ]
        ]
      },
      "properties": {
        "parking_id": "PKC_033",
        "origine_id": "ORI_024",
        "distance_m": 1913,
        "temps_min": 3.3,
        "voie_dom": "tertiary",
        "veh_origine": 1
      }
    },
    {
      "type": "Feature",
      "geometry": {
        "type": "LineString",
        "coordinates": [
          [
            4.4734482,
            43.8095955
          ],
          [
            4.4734175,
            43.8103018
          ],
          [
            4.4738236,
            43.811806
          ],
          [
            4.4739842,
            43.8118229
          ],
          [
            4.4739075,
            43.8119352
          ],
          [
            4.4738186,
            43.8119121
          ],
          [
            4.473672,
            43.8120243
          ],
          [
            4.473452,
            43.8121829
          ],
          [
            4.4721245,
            43.813167
          ],
          [
            4.4713552,
            43.8137998
          ],
          [
            4.4699416,
            43.8150312
          ],
          [
            4.46984,
            43.815142
          ],
          [
            4.469498,
            43.8154889
          ],
          [
            4.469524,
            43.8156214
          ],
          [
            4.4698224,
            43.8171717
          ],
          [
            4.469779,
            43.8178162
          ],
          [
            4.4702065,
            43.8184803
          ],
          [
            4.4702105,
            43.818654
          ],
          [
            4.4701163,
            43.8191219
          ],
          [
            4.4699835,
            43.8192155
          ],
          [
            4.4698495,
            43.8194146
          ],
          [
            4.4697339,
            43.8195864
          ],
          [
            4.469104,
            43.8203536
          ]
        ]
      },
      "properties": {
        "parking_id": "PKC_033",
        "origine_id": "ORI_025",
        "distance_m": 1396,
        "temps_min": 2.3,
        "voie_dom": "tertiary",
        "veh_origine": 1
      }
    },
    {
      "type": "Feature",
      "geometry": {
        "type": "LineString",
        "coordinates": [
          [
            4.4734482,
            43.8095955
          ],
          [
            4.4734175,
            43.8103018
          ],
          [
            4.4738236,
            43.811806
          ],
          [
            4.4739842,
            43.8118229
          ],
          [
            4.4746477,
            43.811372
          ],
          [
            4.475397,
            43.8110561
          ],
          [
            4.4756534,
            43.8120765
          ],
          [
            4.4756827,
            43.8125776
          ],
          [
            4.475783,
            43.8130412
          ],
          [
            4.4757269,
            43.8135964
          ],
          [
            4.4755316,
            43.8141871
          ],
          [
            4.4748092,
            43.8144938
          ],
          [
            4.4753369,
            43.8154335
          ],
          [
            4.4755978,
            43.8158323
          ],
          [
            4.4760242,
            43.8161799
          ],
          [
            4.4767233,
            43.8169695
          ],
          [
            4.4763088,
            43.8171522
          ],
          [
            4.4767843,
            43.8185439
          ],
          [
            4.4771034,
            43.8185571
          ],
          [
            4.4778253,
            43.8186225
          ],
          [
            4.4785242,
            43.8187102
          ],
          [
            4.4786033,
            43.818718
          ],
          [
            4.480089,
            43.8189551
          ],
          [
            4.4804931,
            43.8190351
          ],
          [
            4.4808285,
            43.82001
          ]
        ]
      },
      "properties": {
        "parking_id": "PKC_033",
        "origine_id": "ORI_026",
        "distance_m": 1789,
        "temps_min": 3.4,
        "voie_dom": "tertiary",
        "veh_origine": 1
      }
    },
    {
      "type": "Feature",
      "geometry": {
        "type": "LineString",
        "coordinates": [
          [
            4.4734482,
            43.8095955
          ],
          [
            4.4734175,
            43.8103018
          ],
          [
            4.4738236,
            43.811806
          ],
          [
            4.4739842,
            43.8118229
          ],
          [
            4.4746477,
            43.811372
          ],
          [
            4.475397,
            43.8110561
          ],
          [
            4.4756534,
            43.8120765
          ],
          [
            4.4756827,
            43.8125776
          ],
          [
            4.475783,
            43.8130412
          ],
          [
            4.4757269,
            43.8135964
          ],
          [
            4.4755316,
            43.8141871
          ],
          [
            4.4748092,
            43.8144938
          ],
          [
            4.4753369,
            43.8154335
          ],
          [
            4.4755978,
            43.8158323
          ],
          [
            4.4760242,
            43.8161799
          ],
          [
            4.4767233,
            43.8169695
          ],
          [
            4.4763088,
            43.8171522
          ],
          [
            4.4767843,
            43.8185439
          ],
          [
            4.4771034,
            43.8185571
          ],
          [
            4.4778253,
            43.8186225
          ],
          [
            4.4785242,
            43.8187102
          ],
          [
            4.4786033,
            43.818718
          ],
          [
            4.480089,
            43.8189551
          ],
          [
            4.4804931,
            43.8190351
          ],
          [
            4.4819289,
            43.8187852
          ],
          [
            4.4825925,
            43.8185678
          ],
          [
            4.4827089,
            43.8185284
          ],
          [
            4.4842891,
            43.8180799
          ],
          [
            4.484423,
            43.817986
          ],
          [
            4.4844956,
            43.8180557
          ],
          [
            4.4844073,
            43.8181334
          ],
          [
            4.4847556,
            43.8186567
          ],
          [
            4.4848831,
            43.8189069
          ],
          [
            4.4853109,
            43.8196946
          ],
          [
            4.4853282,
            43.8197299
          ],
          [
            4.4853658,
            43.8198068
          ],
          [
            4.4856635,
            43.8203274
          ],
          [
            4.4858473,
            43.8206467
          ],
          [
            4.4847234,
            43.8209583
          ]
        ]
      },
      "properties": {
        "parking_id": "PKC_033",
        "origine_id": "ORI_028",
        "distance_m": 2443,
        "temps_min": 4.5,
        "voie_dom": "tertiary",
        "veh_origine": 1
      }
    },
    {
      "type": "Feature",
      "geometry": {
        "type": "LineString",
        "coordinates": [
          [
            4.4901347,
            43.8271843
          ],
          [
            4.4890082,
            43.8268171
          ],
          [
            4.4810674,
            43.827604
          ]
        ]
      },
      "properties": {
        "parking_id": "PKC_034",
        "origine_id": "ORI_004",
        "distance_m": 744,
        "temps_min": 1.0,
        "voie_dom": "primary",
        "veh_origine": 36
      }
    },
    {
      "type": "Feature",
      "geometry": {
        "type": "LineString",
        "coordinates": [
          [
            4.4901347,
            43.8271843
          ],
          [
            4.491533,
            43.8278073
          ],
          [
            4.491841,
            43.8280313
          ],
          [
            4.4925534,
            43.8286971
          ],
          [
            4.4928104,
            43.8290887
          ],
          [
            4.4932646,
            43.8298843
          ],
          [
            4.4934921,
            43.8303752
          ],
          [
            4.4935751,
            43.8304696
          ],
          [
            4.493419,
            43.830458
          ],
          [
            4.491725,
            43.8302369
          ],
          [
            4.4915925,
            43.8303079
          ],
          [
            4.4915477,
            43.8302428
          ],
          [
            4.4898709,
            43.830535
          ],
          [
            4.4887324,
            43.8307642
          ],
          [
            4.4880761,
            43.8307804
          ],
          [
            4.4861466,
            43.830498
          ]
        ]
      },
      "properties": {
        "parking_id": "PKC_034",
        "origine_id": "ORI_031",
        "distance_m": 1107,
        "temps_min": 2.2,
        "voie_dom": "residential",
        "veh_origine": 19
      }
    },
    {
      "type": "Feature",
      "geometry": {
        "type": "LineString",
        "coordinates": [
          [
            4.4901347,
            43.8271843
          ],
          [
            4.491533,
            43.8278073
          ],
          [
            4.491841,
            43.8280313
          ],
          [
            4.4925534,
            43.8286971
          ],
          [
            4.4928104,
            43.8290887
          ],
          [
            4.4932646,
            43.8298843
          ],
          [
            4.4934921,
            43.8303752
          ],
          [
            4.4935751,
            43.8304696
          ],
          [
            4.4952166,
            43.8308002
          ],
          [
            4.4955144,
            43.8308539
          ],
          [
            4.4964748,
            43.8311449
          ],
          [
            4.4963408,
            43.8315362
          ],
          [
            4.4963344,
            43.8317947
          ],
          [
            4.4963273,
            43.8321912
          ],
          [
            4.4962492,
            43.832317
          ],
          [
            4.4962575,
            43.8324595
          ],
          [
            4.4963096,
            43.8326787
          ],
          [
            4.4963436,
            43.8329072
          ],
          [
            4.4957189,
            43.8330153
          ],
          [
            4.4956073,
            43.8331685
          ],
          [
            4.4950011,
            43.8333791
          ],
          [
            4.4945384,
            43.8335197
          ],
          [
            4.4940413,
            43.8336111
          ],
          [
            4.4939379,
            43.8336774
          ],
          [
            4.4939009,
            43.833648
          ],
          [
            4.4939602,
            43.8335756
          ],
          [
            4.4936854,
            43.8324266
          ],
          [
            4.4931821,
            43.8319114
          ]
        ]
      },
      "properties": {
        "parking_id": "PKC_034",
        "origine_id": "ORI_039",
        "distance_m": 1374,
        "temps_min": 2.6,
        "voie_dom": "secondary",
        "veh_origine": 6
      }
    },
    {
      "type": "Feature",
      "geometry": {
        "type": "LineString",
        "coordinates": [
          [
            4.4901347,
            43.8271843
          ],
          [
            4.4890082,
            43.8268171
          ],
          [
            4.4894097,
            43.8267769
          ],
          [
            4.495259,
            43.8262119
          ],
          [
            4.4955515,
            43.8260362
          ],
          [
            4.4956002,
            43.8259435
          ],
          [
            4.4955244,
            43.8255328
          ],
          [
            4.4953692,
            43.8251977
          ],
          [
            4.4939503,
            43.8228994
          ],
          [
            4.4923549,
            43.8206698
          ],
          [
            4.4920033,
            43.8204898
          ],
          [
            4.491926,
            43.820503
          ],
          [
            4.4917063,
            43.8204554
          ],
          [
            4.4916281,
            43.8203852
          ],
          [
            4.4916019,
            43.8202443
          ],
          [
            4.4913423,
            43.8199125
          ],
          [
            4.4900472,
            43.8186345
          ],
          [
            4.4889431,
            43.8174259
          ],
          [
            4.4870637,
            43.8150717
          ],
          [
            4.4867833,
            43.8148233
          ],
          [
            4.4867191,
            43.8148062
          ],
          [
            4.4863624,
            43.8149233
          ],
          [
            4.4853215,
            43.8161855
          ],
          [
            4.484423,
            43.817986
          ],
          [
            4.4844956,
            43.8180557
          ],
          [
            4.4844073,
            43.8181334
          ],
          [
            4.4842891,
            43.8180799
          ],
          [
            4.4827089,
            43.8185284
          ],
          [
            4.4825925,
            43.8185678
          ],
          [
            4.4819289,
            43.8187852
          ],
          [
            4.4804931,
            43.8190351
          ],
          [
            4.480089,
            43.8189551
          ],
          [
            4.4786033,
            43.818718
          ],
          [
            4.4785795,
            43.8191035
          ],
          [
            4.4785192,
            43.8197704
          ],
          [
            4.4784765,
            43.8202219
          ]
        ]
      },
      "properties": {
        "parking_id": "PKC_034",
        "origine_id": "ORI_003",
        "distance_m": 3197,
        "temps_min": 4.5,
        "voie_dom": "primary",
        "veh_origine": 4
      }
    },
    {
      "type": "Feature",
      "geometry": {
        "type": "LineString",
        "coordinates": [
          [
            4.4901347,
            43.8271843
          ],
          [
            4.4890082,
            43.8268171
          ],
          [
            4.4810674,
            43.827604
          ],
          [
            4.4804137,
            43.8277782
          ],
          [
            4.4802925,
            43.8279172
          ],
          [
            4.4804288,
            43.8281936
          ],
          [
            4.4840329,
            43.8340457
          ]
        ]
      },
      "properties": {
        "parking_id": "PKC_034",
        "origine_id": "ORI_013",
        "distance_m": 1600,
        "temps_min": 2.9,
        "voie_dom": "primary",
        "veh_origine": 4
      }
    },
    {
      "type": "Feature",
      "geometry": {
        "type": "LineString",
        "coordinates": [
          [
            4.4901347,
            43.8271843
          ],
          [
            4.4890082,
            43.8268171
          ],
          [
            4.4810674,
            43.827604
          ],
          [
            4.4804137,
            43.8277782
          ],
          [
            4.4802925,
            43.8279172
          ],
          [
            4.4804288,
            43.8281936
          ],
          [
            4.4840329,
            43.8340457
          ]
        ]
      },
      "properties": {
        "parking_id": "PKC_034",
        "origine_id": "ORI_022",
        "distance_m": 1600,
        "temps_min": 2.9,
        "voie_dom": "primary",
        "veh_origine": 4
      }
    },
    {
      "type": "Feature",
      "geometry": {
        "type": "LineString",
        "coordinates": [
          [
            4.4901347,
            43.8271843
          ],
          [
            4.4890082,
            43.8268171
          ],
          [
            4.4810674,
            43.827604
          ],
          [
            4.4804137,
            43.8277782
          ],
          [
            4.4802925,
            43.8279172
          ],
          [
            4.4800308,
            43.8279988
          ],
          [
            4.4798411,
            43.827978
          ],
          [
            4.4667737,
            43.8291428
          ],
          [
            4.4665303,
            43.8292398
          ],
          [
            4.4662141,
            43.8291864
          ],
          [
            4.4660425,
            43.8289149
          ],
          [
            4.4663802,
            43.8286442
          ],
          [
            4.4666627,
            43.8283198
          ],
          [
            4.4666749,
            43.8282168
          ],
          [
            4.4757613,
            43.8262427
          ]
        ]
      },
      "properties": {
        "parking_id": "PKC_034",
        "origine_id": "ORI_015",
        "distance_m": 3099,
        "temps_min": 4.9,
        "voie_dom": "primary",
        "veh_origine": 3
      }
    },
    {
      "type": "Feature",
      "geometry": {
        "type": "LineString",
        "coordinates": [
          [
            4.4901347,
            43.8271843
          ],
          [
            4.4890082,
            43.8268171
          ],
          [
            4.4810674,
            43.827604
          ],
          [
            4.4804137,
            43.8277782
          ],
          [
            4.4802925,
            43.8279172
          ],
          [
            4.4800308,
            43.8279988
          ],
          [
            4.4798411,
            43.827978
          ],
          [
            4.4796322,
            43.8278531
          ],
          [
            4.4795931,
            43.8275782
          ],
          [
            4.4793671,
            43.8274742
          ],
          [
            4.4792341,
            43.8274795
          ],
          [
            4.4781061,
            43.827651
          ],
          [
            4.4750434,
            43.8286931
          ],
          [
            4.4752789,
            43.828193
          ],
          [
            4.4791133,
            43.8257106
          ],
          [
            4.4785365,
            43.8248727
          ],
          [
            4.4783932,
            43.8246535
          ],
          [
            4.4781501,
            43.824303
          ],
          [
            4.4776117,
            43.8235267
          ]
        ]
      },
      "properties": {
        "parking_id": "PKC_034",
        "origine_id": "ORI_027",
        "distance_m": 2220,
        "temps_min": 4.1,
        "voie_dom": "primary",
        "veh_origine": 3
      }
    },
    {
      "type": "Feature",
      "geometry": {
        "type": "LineString",
        "coordinates": [
          [
            4.4901347,
            43.8271843
          ],
          [
            4.4890082,
            43.8268171
          ],
          [
            4.4888534,
            43.8263593
          ],
          [
            4.4884619,
            43.8264006
          ]
        ]
      },
      "properties": {
        "parking_id": "PKC_034",
        "origine_id": "ORI_034",
        "distance_m": 186,
        "temps_min": 0.4,
        "voie_dom": "residential",
        "veh_origine": 3
      }
    },
    {
      "type": "Feature",
      "geometry": {
        "type": "LineString",
        "coordinates": [
          [
            4.4901347,
            43.8271843
          ],
          [
            4.491533,
            43.8278073
          ],
          [
            4.491841,
            43.8280313
          ],
          [
            4.4925534,
            43.8286971
          ],
          [
            4.4928104,
            43.8290887
          ],
          [
            4.4932646,
            43.8298843
          ],
          [
            4.4934921,
            43.8303752
          ],
          [
            4.4935751,
            43.8304696
          ],
          [
            4.4952166,
            43.8308002
          ],
          [
            4.4955144,
            43.8308539
          ],
          [
            4.4964748,
            43.8311449
          ],
          [
            4.4963408,
            43.8315362
          ],
          [
            4.4963344,
            43.8317947
          ],
          [
            4.4963273,
            43.8321912
          ],
          [
            4.4962492,
            43.832317
          ],
          [
            4.4962575,
            43.8324595
          ],
          [
            4.4963096,
            43.8326787
          ],
          [
            4.4963436,
            43.8329072
          ],
          [
            4.4957189,
            43.8330153
          ],
          [
            4.4956073,
            43.8331685
          ],
          [
            4.4950011,
            43.8333791
          ],
          [
            4.4945384,
            43.8335197
          ],
          [
            4.4940413,
            43.8336111
          ],
          [
            4.4939379,
            43.8336774
          ],
          [
            4.4937461,
            43.8342775
          ],
          [
            4.4937087,
            43.8346667
          ],
          [
            4.4936846,
            43.8351114
          ],
          [
            4.4933524,
            43.8357545
          ],
          [
            4.4933755,
            43.8359605
          ],
          [
            4.4934165,
            43.8363261
          ],
          [
            4.4933995,
            43.8363843
          ]
        ]
      },
      "properties": {
        "parking_id": "PKC_034",
        "origine_id": "ORI_035",
        "distance_m": 1455,
        "temps_min": 2.8,
        "voie_dom": "secondary",
        "veh_origine": 2
      }
    },
    {
      "type": "Feature",
      "geometry": {
        "type": "LineString",
        "coordinates": [
          [
            4.4901347,
            43.8271843
          ],
          [
            4.4890082,
            43.8268171
          ],
          [
            4.4810674,
            43.827604
          ],
          [
            4.4804137,
            43.8277782
          ],
          [
            4.4802925,
            43.8279172
          ],
          [
            4.4800308,
            43.8279988
          ],
          [
            4.4798411,
            43.827978
          ],
          [
            4.4796322,
            43.8278531
          ],
          [
            4.4795931,
            43.8275782
          ],
          [
            4.4793671,
            43.8274742
          ],
          [
            4.4792341,
            43.8274795
          ],
          [
            4.4781061,
            43.827651
          ],
          [
            4.4750434,
            43.8286931
          ],
          [
            4.4752789,
            43.828193
          ],
          [
            4.4791133,
            43.8257106
          ],
          [
            4.4785365,
            43.8248727
          ],
          [
            4.4783932,
            43.8246535
          ],
          [
            4.4782941,
            43.8247235
          ],
          [
            4.4772863,
            43.8242391
          ]
        ]
      },
      "properties": {
        "parking_id": "PKC_034",
        "origine_id": "ORI_002",
        "distance_m": 2208,
        "temps_min": 4.1,
        "voie_dom": "primary",
        "veh_origine": 1
      }
    },
    {
      "type": "Feature",
      "geometry": {
        "type": "LineString",
        "coordinates": [
          [
            4.4901347,
            43.8271843
          ],
          [
            4.4890082,
            43.8268171
          ],
          [
            4.4894097,
            43.8267769
          ],
          [
            4.495259,
            43.8262119
          ],
          [
            4.4955515,
            43.8260362
          ],
          [
            4.4956002,
            43.8259435
          ],
          [
            4.4955244,
            43.8255328
          ],
          [
            4.4953692,
            43.8251977
          ],
          [
            4.4939503,
            43.8228994
          ],
          [
            4.4923549,
            43.8206698
          ],
          [
            4.4920033,
            43.8204898
          ],
          [
            4.491926,
            43.820503
          ],
          [
            4.4917063,
            43.8204554
          ],
          [
            4.4916281,
            43.8203852
          ],
          [
            4.4916019,
            43.8202443
          ],
          [
            4.4913423,
            43.8199125
          ],
          [
            4.4900472,
            43.8186345
          ],
          [
            4.4889431,
            43.8174259
          ],
          [
            4.4870637,
            43.8150717
          ],
          [
            4.4867833,
            43.8148233
          ],
          [
            4.4867191,
            43.8148062
          ],
          [
            4.4863624,
            43.8149233
          ],
          [
            4.4853215,
            43.8161855
          ],
          [
            4.484423,
            43.817986
          ],
          [
            4.4844956,
            43.8180557
          ],
          [
            4.4844073,
            43.8181334
          ],
          [
            4.4842891,
            43.8180799
          ],
          [
            4.4827089,
            43.8185284
          ],
          [
            4.4825925,
            43.8185678
          ],
          [
            4.4819289,
            43.8187852
          ],
          [
            4.4804931,
            43.8190351
          ],
          [
            4.4808285,
            43.82001
          ]
        ]
      },
      "properties": {
        "parking_id": "PKC_034",
        "origine_id": "ORI_026",
        "distance_m": 2985,
        "temps_min": 4.2,
        "voie_dom": "primary",
        "veh_origine": 1
      }
    },
    {
      "type": "Feature",
      "geometry": {
        "type": "LineString",
        "coordinates": [
          [
            4.4901347,
            43.8271843
          ],
          [
            4.4890082,
            43.8268171
          ],
          [
            4.4894097,
            43.8267769
          ],
          [
            4.495259,
            43.8262119
          ],
          [
            4.4955515,
            43.8260362
          ],
          [
            4.4956002,
            43.8259435
          ],
          [
            4.4955244,
            43.8255328
          ],
          [
            4.4953692,
            43.8251977
          ],
          [
            4.4939503,
            43.8228994
          ],
          [
            4.4923549,
            43.8206698
          ],
          [
            4.4920033,
            43.8204898
          ],
          [
            4.491926,
            43.820503
          ],
          [
            4.4917063,
            43.8204554
          ],
          [
            4.4916281,
            43.8203852
          ],
          [
            4.4916019,
            43.8202443
          ],
          [
            4.4913423,
            43.8199125
          ],
          [
            4.4900472,
            43.8186345
          ],
          [
            4.4886735,
            43.8193728
          ],
          [
            4.4886661,
            43.819497
          ],
          [
            4.4884636,
            43.8195149
          ],
          [
            4.4858473,
            43.8206467
          ],
          [
            4.4847234,
            43.8209583
          ]
        ]
      },
      "properties": {
        "parking_id": "PKC_034",
        "origine_id": "ORI_028",
        "distance_m": 2112,
        "temps_min": 3.2,
        "voie_dom": "primary",
        "veh_origine": 1
      }
    },
    {
      "type": "Feature",
      "geometry": {
        "type": "LineString",
        "coordinates": [
          [
            4.4901347,
            43.8271843
          ],
          [
            4.491533,
            43.8278073
          ],
          [
            4.491841,
            43.8280313
          ],
          [
            4.4925534,
            43.8286971
          ],
          [
            4.4928104,
            43.8290887
          ],
          [
            4.4932646,
            43.8298843
          ],
          [
            4.4934921,
            43.8303752
          ],
          [
            4.4935751,
            43.8304696
          ],
          [
            4.4952166,
            43.8308002
          ],
          [
            4.4955144,
            43.8308539
          ],
          [
            4.4964748,
            43.8311449
          ],
          [
            4.4963408,
            43.8315362
          ],
          [
            4.4963344,
            43.8317947
          ],
          [
            4.4963273,
            43.8321912
          ],
          [
            4.4962492,
            43.832317
          ],
          [
            4.4962575,
            43.8324595
          ],
          [
            4.4963096,
            43.8326787
          ],
          [
            4.4963436,
            43.8329072
          ],
          [
            4.4957189,
            43.8330153
          ],
          [
            4.4956073,
            43.8331685
          ],
          [
            4.4950011,
            43.8333791
          ],
          [
            4.4945384,
            43.8335197
          ],
          [
            4.4940413,
            43.8336111
          ],
          [
            4.4939379,
            43.8336774
          ],
          [
            4.4939009,
            43.833648
          ],
          [
            4.4932128,
            43.833704
          ],
          [
            4.4918571,
            43.8330336
          ],
          [
            4.4910297,
            43.8321233
          ]
        ]
      },
      "properties": {
        "parking_id": "PKC_034",
        "origine_id": "ORI_032",
        "distance_m": 1535,
        "temps_min": 3.0,
        "voie_dom": "secondary",
        "veh_origine": 1
      }
    },
    {
      "type": "Feature",
      "geometry": {
        "type": "LineString",
        "coordinates": [
          [
            4.4901347,
            43.8271843
          ],
          [
            4.491533,
            43.8278073
          ],
          [
            4.491841,
            43.8280313
          ],
          [
            4.4925534,
            43.8286971
          ],
          [
            4.4928104,
            43.8290887
          ],
          [
            4.4932646,
            43.8298843
          ],
          [
            4.4934921,
            43.8303752
          ],
          [
            4.4935751,
            43.8304696
          ],
          [
            4.4952166,
            43.8308002
          ],
          [
            4.4955144,
            43.8308539
          ],
          [
            4.4964748,
            43.8311449
          ],
          [
            4.4963408,
            43.8315362
          ],
          [
            4.4963344,
            43.8317947
          ],
          [
            4.4963273,
            43.8321912
          ],
          [
            4.4962492,
            43.832317
          ],
          [
            4.4962575,
            43.8324595
          ],
          [
            4.4963096,
            43.8326787
          ],
          [
            4.4963436,
            43.8329072
          ],
          [
            4.4957189,
            43.8330153
          ],
          [
            4.4956073,
            43.8331685
          ],
          [
            4.4950011,
            43.8333791
          ],
          [
            4.4945384,
            43.8335197
          ],
          [
            4.4940413,
            43.8336111
          ],
          [
            4.4939379,
            43.8336774
          ],
          [
            4.4937461,
            43.8342775
          ],
          [
            4.4937087,
            43.8346667
          ],
          [
            4.4936846,
            43.8351114
          ],
          [
            4.4933524,
            43.8357545
          ],
          [
            4.4933755,
            43.8359605
          ],
          [
            4.4934165,
            43.8363261
          ],
          [
            4.4933995,
            43.8363843
          ],
          [
            4.4917476,
            43.8366506
          ]
        ]
      },
      "properties": {
        "parking_id": "PKC_034",
        "origine_id": "ORI_033",
        "distance_m": 1590,
        "temps_min": 3.1,
        "voie_dom": "secondary",
        "veh_origine": 1
      }
    },
    {
      "type": "Feature",
      "geometry": {
        "type": "LineString",
        "coordinates": [
          [
            4.4901347,
            43.8271843
          ],
          [
            4.491533,
            43.8278073
          ],
          [
            4.491841,
            43.8280313
          ],
          [
            4.4925534,
            43.8286971
          ],
          [
            4.4928104,
            43.8290887
          ],
          [
            4.4932646,
            43.8298843
          ],
          [
            4.4934921,
            43.8303752
          ],
          [
            4.4935751,
            43.8304696
          ],
          [
            4.493419,
            43.830458
          ],
          [
            4.491725,
            43.8302369
          ],
          [
            4.4915925,
            43.8303079
          ],
          [
            4.4915477,
            43.8302428
          ],
          [
            4.4916391,
            43.8301863
          ],
          [
            4.4888426,
            43.8294154
          ],
          [
            4.4878382,
            43.8291331
          ],
          [
            4.4875825,
            43.8290539
          ]
        ]
      },
      "properties": {
        "parking_id": "PKC_034",
        "origine_id": "ORI_036",
        "distance_m": 1019,
        "temps_min": 2.0,
        "voie_dom": "residential",
        "veh_origine": 1
      }
    },
    {
      "type": "Feature",
      "geometry": {
        "type": "LineString",
        "coordinates": [
          [
            4.4901347,
            43.8271843
          ],
          [
            4.491533,
            43.8278073
          ],
          [
            4.491841,
            43.8280313
          ],
          [
            4.4925534,
            43.8286971
          ],
          [
            4.4928104,
            43.8290887
          ],
          [
            4.4932646,
            43.8298843
          ],
          [
            4.4934921,
            43.8303752
          ],
          [
            4.4935751,
            43.8304696
          ],
          [
            4.4952166,
            43.8308002
          ],
          [
            4.4955144,
            43.8308539
          ],
          [
            4.4964748,
            43.8311449
          ],
          [
            4.4963408,
            43.8315362
          ],
          [
            4.4963344,
            43.8317947
          ],
          [
            4.4963273,
            43.8321912
          ],
          [
            4.4962492,
            43.832317
          ],
          [
            4.4962575,
            43.8324595
          ],
          [
            4.4963096,
            43.8326787
          ],
          [
            4.4963436,
            43.8329072
          ],
          [
            4.4957189,
            43.8330153
          ],
          [
            4.4956073,
            43.8331685
          ],
          [
            4.4950011,
            43.8333791
          ],
          [
            4.4945384,
            43.8335197
          ],
          [
            4.4940413,
            43.8336111
          ],
          [
            4.4939379,
            43.8336774
          ],
          [
            4.4937461,
            43.8342775
          ],
          [
            4.4937087,
            43.8346667
          ],
          [
            4.4936846,
            43.8351114
          ],
          [
            4.4933524,
            43.8357545
          ],
          [
            4.490921,
            43.8360101
          ]
        ]
      },
      "properties": {
        "parking_id": "PKC_034",
        "origine_id": "ORI_037",
        "distance_m": 1581,
        "temps_min": 3.1,
        "voie_dom": "secondary",
        "veh_origine": 1
      }
    },
    {
      "type": "Feature",
      "geometry": {
        "type": "LineString",
        "coordinates": [
          [
            4.4901347,
            43.8271843
          ],
          [
            4.491533,
            43.8278073
          ],
          [
            4.491841,
            43.8280313
          ],
          [
            4.4925534,
            43.8286971
          ],
          [
            4.4928104,
            43.8290887
          ],
          [
            4.4932646,
            43.8298843
          ],
          [
            4.4934921,
            43.8303752
          ],
          [
            4.4935751,
            43.8304696
          ],
          [
            4.4952166,
            43.8308002
          ],
          [
            4.4955144,
            43.8308539
          ],
          [
            4.4964748,
            43.8311449
          ],
          [
            4.4963408,
            43.8315362
          ],
          [
            4.4963344,
            43.8317947
          ],
          [
            4.4963273,
            43.8321912
          ],
          [
            4.4962492,
            43.832317
          ],
          [
            4.4962575,
            43.8324595
          ],
          [
            4.4963096,
            43.8326787
          ],
          [
            4.4963436,
            43.8329072
          ],
          [
            4.4957189,
            43.8330153
          ],
          [
            4.4956073,
            43.8331685
          ],
          [
            4.4950011,
            43.8333791
          ],
          [
            4.4945384,
            43.8335197
          ],
          [
            4.4940413,
            43.8336111
          ],
          [
            4.4939379,
            43.8336774
          ],
          [
            4.4939009,
            43.833648
          ],
          [
            4.4932128,
            43.833704
          ],
          [
            4.4918093,
            43.8337417
          ],
          [
            4.4908758,
            43.833773
          ],
          [
            4.4908222,
            43.83345
          ],
          [
            4.4902664,
            43.8309959
          ]
        ]
      },
      "properties": {
        "parking_id": "PKC_034",
        "origine_id": "ORI_038",
        "distance_m": 1741,
        "temps_min": 3.4,
        "voie_dom": "secondary",
        "veh_origine": 1
      }
    },
    {
      "type": "Feature",
      "geometry": {
        "type": "LineString",
        "coordinates": [
          [
            4.5061791,
            43.8270156
          ],
          [
            4.5053411,
            43.8276869
          ],
          [
            4.5039646,
            43.8281658
          ],
          [
            4.5005422,
            43.8293521
          ],
          [
            4.4999642,
            43.8295569
          ],
          [
            4.4996122,
            43.8297121
          ],
          [
            4.499023,
            43.8299749
          ],
          [
            4.4990256,
            43.8320593
          ],
          [
            4.4986159,
            43.8319899
          ],
          [
            4.4982731,
            43.8323104
          ],
          [
            4.4981761,
            43.8324119
          ],
          [
            4.4980151,
            43.8324925
          ],
          [
            4.4978705,
            43.8326288
          ],
          [
            4.4978121,
            43.8328099
          ],
          [
            4.4968895,
            43.8328342
          ],
          [
            4.4967147,
            43.8328494
          ],
          [
            4.4963436,
            43.8329072
          ],
          [
            4.4957189,
            43.8330153
          ],
          [
            4.4956073,
            43.8331685
          ],
          [
            4.4950011,
            43.8333791
          ],
          [
            4.4945384,
            43.8335197
          ],
          [
            4.4940413,
            43.8336111
          ],
          [
            4.4939379,
            43.8336774
          ],
          [
            4.4939009,
            43.833648
          ],
          [
            4.4939602,
            43.8335756
          ],
          [
            4.4936854,
            43.8324266
          ],
          [
            4.4931821,
            43.8319114
          ]
        ]
      },
      "properties": {
        "parking_id": "PKC_035",
        "origine_id": "ORI_039",
        "distance_m": 1626,
        "temps_min": 2.9,
        "voie_dom": "secondary",
        "veh_origine": 6
      }
    },
    {
      "type": "Feature",
      "geometry": {
        "type": "LineString",
        "coordinates": [
          [
            4.4735187,
            43.8137237
          ],
          [
            4.4734584,
            43.81511
          ],
          [
            4.473403,
            43.8152653
          ],
          [
            4.4732717,
            43.815634
          ],
          [
            4.4727889,
            43.8165693
          ],
          [
            4.4724443,
            43.8172688
          ],
          [
            4.4721506,
            43.8178651
          ],
          [
            4.4719344,
            43.8182975
          ],
          [
            4.4719714,
            43.8186723
          ],
          [
            4.4718887,
            43.8190249
          ],
          [
            4.4711429,
            43.8190323
          ],
          [
            4.4709447,
            43.8190053
          ],
          [
            4.4701163,
            43.8191219
          ],
          [
            4.4699835,
            43.8192155
          ],
          [
            4.4698495,
            43.8194146
          ],
          [
            4.4697339,
            43.8195864
          ],
          [
            4.469104,
            43.8203536
          ],
          [
            4.4689408,
            43.821549
          ],
          [
            4.4666972,
            43.8280233
          ],
          [
            4.4666749,
            43.8282168
          ],
          [
            4.4666627,
            43.8283198
          ],
          [
            4.4667982,
            43.8287617
          ],
          [
            4.466843,
            43.8288169
          ],
          [
            4.4796322,
            43.8278531
          ],
          [
            4.4795931,
            43.8275782
          ],
          [
            4.479667,
            43.8274864
          ],
          [
            4.4800344,
            43.8273754
          ],
          [
            4.480386,
            43.827546
          ],
          [
            4.4810674,
            43.827604
          ]
        ]
      },
      "properties": {
        "parking_id": "PKC_036",
        "origine_id": "ORI_004",
        "distance_m": 3201,
        "temps_min": 4.9,
        "voie_dom": "primary",
        "veh_origine": 36
      }
    },
    {
      "type": "Feature",
      "geometry": {
        "type": "LineString",
        "coordinates": [
          [
            4.4735187,
            43.8137237
          ],
          [
            4.4734584,
            43.81511
          ],
          [
            4.473403,
            43.8152653
          ],
          [
            4.4732717,
            43.815634
          ],
          [
            4.4727889,
            43.8165693
          ],
          [
            4.4724443,
            43.8172688
          ],
          [
            4.4721506,
            43.8178651
          ],
          [
            4.4719344,
            43.8182975
          ],
          [
            4.4719714,
            43.8186723
          ],
          [
            4.4718887,
            43.8190249
          ],
          [
            4.4711429,
            43.8190323
          ],
          [
            4.4709447,
            43.8190053
          ],
          [
            4.4701163,
            43.8191219
          ],
          [
            4.4699835,
            43.8192155
          ],
          [
            4.4698495,
            43.8194146
          ],
          [
            4.4697339,
            43.8195864
          ],
          [
            4.469104,
            43.8203536
          ],
          [
            4.4677541,
            43.8205044
          ],
          [
            4.4657119,
            43.8208429
          ]
        ]
      },
      "properties": {
        "parking_id": "PKC_036",
        "origine_id": "ORI_007",
        "distance_m": 1198,
        "temps_min": 2.5,
        "voie_dom": "tertiary",
        "veh_origine": 11
      }
    },
    {
      "type": "Feature",
      "geometry": {
        "type": "LineString",
        "coordinates": [
          [
            4.4735187,
            43.8137237
          ],
          [
            4.4734584,
            43.81511
          ],
          [
            4.473403,
            43.8152653
          ],
          [
            4.4732717,
            43.815634
          ],
          [
            4.4727889,
            43.8165693
          ],
          [
            4.4724443,
            43.8172688
          ],
          [
            4.4721506,
            43.8178651
          ],
          [
            4.4719344,
            43.8182975
          ],
          [
            4.4719714,
            43.8186723
          ],
          [
            4.4718887,
            43.8190249
          ],
          [
            4.4711429,
            43.8190323
          ],
          [
            4.4709447,
            43.8190053
          ],
          [
            4.4701163,
            43.8191219
          ],
          [
            4.4699835,
            43.8192155
          ],
          [
            4.4698495,
            43.8194146
          ],
          [
            4.4697339,
            43.8195864
          ],
          [
            4.469104,
            43.8203536
          ],
          [
            4.4689408,
            43.821549
          ],
          [
            4.4666972,
            43.8280233
          ]
        ]
      },
      "properties": {
        "parking_id": "PKC_036",
        "origine_id": "ORI_016",
        "distance_m": 1798,
        "temps_min": 3.2,
        "voie_dom": "tertiary",
        "veh_origine": 10
      }
    },
    {
      "type": "Feature",
      "geometry": {
        "type": "LineString",
        "coordinates": [
          [
            4.4735187,
            43.8137237
          ],
          [
            4.4734584,
            43.81511
          ],
          [
            4.473403,
            43.8152653
          ],
          [
            4.4732717,
            43.815634
          ],
          [
            4.4727889,
            43.8165693
          ],
          [
            4.4729195,
            43.8168893
          ],
          [
            4.473728,
            43.8173809
          ],
          [
            4.4741923,
            43.8179282
          ],
          [
            4.4745283,
            43.8190713
          ],
          [
            4.4749518,
            43.819671
          ],
          [
            4.4763044,
            43.8216525
          ],
          [
            4.4766771,
            43.8221793
          ],
          [
            4.4776117,
            43.8235267
          ],
          [
            4.4781501,
            43.824303
          ],
          [
            4.4783932,
            43.8246535
          ],
          [
            4.4785365,
            43.8248727
          ],
          [
            4.4791133,
            43.8257106
          ],
          [
            4.4752789,
            43.828193
          ],
          [
            4.4712746,
            43.8292235
          ]
        ]
      },
      "properties": {
        "parking_id": "PKC_036",
        "origine_id": "ORI_008",
        "distance_m": 2390,
        "temps_min": 4.9,
        "voie_dom": "tertiary",
        "veh_origine": 9
      }
    },
    {
      "type": "Feature",
      "geometry": {
        "type": "LineString",
        "coordinates": [
          [
            4.4735187,
            43.8137237
          ],
          [
            4.4734584,
            43.81511
          ],
          [
            4.473403,
            43.8152653
          ],
          [
            4.4732717,
            43.815634
          ],
          [
            4.4727889,
            43.8165693
          ],
          [
            4.4729195,
            43.8168893
          ],
          [
            4.473728,
            43.8173809
          ],
          [
            4.4741923,
            43.8179282
          ],
          [
            4.4745283,
            43.8190713
          ],
          [
            4.4749518,
            43.819671
          ],
          [
            4.4763044,
            43.8216525
          ],
          [
            4.4760583,
            43.8217388
          ],
          [
            4.4755018,
            43.8231994
          ],
          [
            4.4757613,
            43.8262427
          ],
          [
            4.4735259,
            43.8260765
          ]
        ]
      },
      "properties": {
        "parking_id": "PKC_036",
        "origine_id": "ORI_010",
        "distance_m": 1735,
        "temps_min": 3.7,
        "voie_dom": "tertiary",
        "veh_origine": 7
      }
    },
    {
      "type": "Feature",
      "geometry": {
        "type": "LineString",
        "coordinates": [
          [
            4.4735187,
            43.8137237
          ],
          [
            4.4734584,
            43.81511
          ],
          [
            4.473403,
            43.8152653
          ],
          [
            4.4732717,
            43.815634
          ],
          [
            4.4727889,
            43.8165693
          ],
          [
            4.4729195,
            43.8168893
          ],
          [
            4.473728,
            43.8173809
          ],
          [
            4.4741923,
            43.8179282
          ],
          [
            4.4745283,
            43.8190713
          ],
          [
            4.4749518,
            43.819671
          ],
          [
            4.4763044,
            43.8216525
          ],
          [
            4.4760583,
            43.8217388
          ],
          [
            4.4746933,
            43.8216617
          ],
          [
            4.4747956,
            43.8218626
          ]
        ]
      },
      "properties": {
        "parking_id": "PKC_036",
        "origine_id": "ORI_009",
        "distance_m": 1195,
        "temps_min": 2.4,
        "voie_dom": "tertiary",
        "veh_origine": 6
      }
    },
    {
      "type": "Feature",
      "geometry": {
        "type": "LineString",
        "coordinates": [
          [
            4.4735187,
            43.8137237
          ],
          [
            4.4734584,
            43.81511
          ],
          [
            4.473403,
            43.8152653
          ],
          [
            4.4732717,
            43.815634
          ],
          [
            4.4727889,
            43.8165693
          ],
          [
            4.4729195,
            43.8168893
          ],
          [
            4.473728,
            43.8173809
          ],
          [
            4.4741923,
            43.8179282
          ],
          [
            4.4745283,
            43.8190713
          ],
          [
            4.4749518,
            43.819671
          ],
          [
            4.4763044,
            43.8216525
          ],
          [
            4.4766771,
            43.8221793
          ],
          [
            4.4776117,
            43.8235267
          ],
          [
            4.4781501,
            43.824303
          ],
          [
            4.4783932,
            43.8246535
          ],
          [
            4.4785365,
            43.8248727
          ],
          [
            4.4791133,
            43.8257106
          ],
          [
            4.4752789,
            43.828193
          ],
          [
            4.4712746,
            43.8292235
          ]
        ]
      },
      "properties": {
        "parking_id": "PKC_036",
        "origine_id": "ORI_019",
        "distance_m": 2390,
        "temps_min": 4.9,
        "voie_dom": "tertiary",
        "veh_origine": 6
      }
    },
    {
      "type": "Feature",
      "geometry": {
        "type": "LineString",
        "coordinates": [
          [
            4.4735187,
            43.8137237
          ],
          [
            4.4734584,
            43.81511
          ],
          [
            4.4748092,
            43.8144938
          ],
          [
            4.4753369,
            43.8154335
          ],
          [
            4.4755978,
            43.8158323
          ],
          [
            4.4760242,
            43.8161799
          ],
          [
            4.4767233,
            43.8169695
          ],
          [
            4.4763088,
            43.8171522
          ],
          [
            4.4767843,
            43.8185439
          ],
          [
            4.4771034,
            43.8185571
          ],
          [
            4.4778253,
            43.8186225
          ],
          [
            4.4785242,
            43.8187102
          ],
          [
            4.4786033,
            43.818718
          ],
          [
            4.4785795,
            43.8191035
          ],
          [
            4.4785192,
            43.8197704
          ],
          [
            4.4784765,
            43.8202219
          ]
        ]
      },
      "properties": {
        "parking_id": "PKC_036",
        "origine_id": "ORI_003",
        "distance_m": 1117,
        "temps_min": 2.3,
        "voie_dom": "tertiary",
        "veh_origine": 4
      }
    },
    {
      "type": "Feature",
      "geometry": {
        "type": "LineString",
        "coordinates": [
          [
            4.4735187,
            43.8137237
          ],
          [
            4.4734584,
            43.81511
          ],
          [
            4.473403,
            43.8152653
          ],
          [
            4.4732717,
            43.815634
          ],
          [
            4.4727889,
            43.8165693
          ],
          [
            4.4724443,
            43.8172688
          ],
          [
            4.4721506,
            43.8178651
          ],
          [
            4.4719344,
            43.8182975
          ],
          [
            4.4719714,
            43.8186723
          ],
          [
            4.4718887,
            43.8190249
          ],
          [
            4.4711429,
            43.8190323
          ],
          [
            4.4709447,
            43.8190053
          ],
          [
            4.4701163,
            43.8191219
          ],
          [
            4.4699835,
            43.8192155
          ],
          [
            4.4698495,
            43.8194146
          ],
          [
            4.4697339,
            43.8195864
          ],
          [
            4.469104,
            43.8203536
          ],
          [
            4.4677541,
            43.8205044
          ],
          [
            4.4657119,
            43.8208429
          ],
          [
            4.4644643,
            43.8210184
          ],
          [
            4.4633886,
            43.8213339
          ],
          [
            4.4629111,
            43.8214869
          ]
        ]
      },
      "properties": {
        "parking_id": "PKC_036",
        "origine_id": "ORI_011",
        "distance_m": 1435,
        "temps_min": 2.9,
        "voie_dom": "tertiary",
        "veh_origine": 4
      }
    },
    {
      "type": "Feature",
      "geometry": {
        "type": "LineString",
        "coordinates": [
          [
            4.4735187,
            43.8137237
          ],
          [
            4.4734584,
            43.81511
          ],
          [
            4.473403,
            43.8152653
          ],
          [
            4.4732717,
            43.815634
          ],
          [
            4.4727889,
            43.8165693
          ],
          [
            4.4724443,
            43.8172688
          ],
          [
            4.4721506,
            43.8178651
          ],
          [
            4.4719344,
            43.8182975
          ],
          [
            4.4719714,
            43.8186723
          ],
          [
            4.4718887,
            43.8190249
          ],
          [
            4.4711429,
            43.8190323
          ],
          [
            4.4709447,
            43.8190053
          ],
          [
            4.4701163,
            43.8191219
          ],
          [
            4.4699835,
            43.8192155
          ],
          [
            4.4698495,
            43.8194146
          ],
          [
            4.4697339,
            43.8195864
          ],
          [
            4.469104,
            43.8203536
          ],
          [
            4.4689408,
            43.821549
          ],
          [
            4.4666972,
            43.8280233
          ]
        ]
      },
      "properties": {
        "parking_id": "PKC_036",
        "origine_id": "ORI_012",
        "distance_m": 1798,
        "temps_min": 3.2,
        "voie_dom": "tertiary",
        "veh_origine": 4
      }
    },
    {
      "type": "Feature",
      "geometry": {
        "type": "LineString",
        "coordinates": [
          [
            4.4735187,
            43.8137237
          ],
          [
            4.4734584,
            43.81511
          ],
          [
            4.473403,
            43.8152653
          ],
          [
            4.4732717,
            43.815634
          ],
          [
            4.4727889,
            43.8165693
          ],
          [
            4.4729195,
            43.8168893
          ],
          [
            4.473728,
            43.8173809
          ],
          [
            4.4741923,
            43.8179282
          ],
          [
            4.4745283,
            43.8190713
          ],
          [
            4.4749518,
            43.819671
          ],
          [
            4.4763044,
            43.8216525
          ],
          [
            4.4760583,
            43.8217388
          ],
          [
            4.4755018,
            43.8231994
          ],
          [
            4.4757613,
            43.8262427
          ]
        ]
      },
      "properties": {
        "parking_id": "PKC_036",
        "origine_id": "ORI_015",
        "distance_m": 1555,
        "temps_min": 3.3,
        "voie_dom": "tertiary",
        "veh_origine": 3
      }
    },
    {
      "type": "Feature",
      "geometry": {
        "type": "LineString",
        "coordinates": [
          [
            4.4735187,
            43.8137237
          ],
          [
            4.4734584,
            43.81511
          ],
          [
            4.473403,
            43.8152653
          ],
          [
            4.4732717,
            43.815634
          ],
          [
            4.4727889,
            43.8165693
          ],
          [
            4.4729195,
            43.8168893
          ],
          [
            4.473728,
            43.8173809
          ],
          [
            4.4741923,
            43.8179282
          ],
          [
            4.4745283,
            43.8190713
          ],
          [
            4.4749518,
            43.819671
          ],
          [
            4.4763044,
            43.8216525
          ],
          [
            4.4766771,
            43.8221793
          ],
          [
            4.4776117,
            43.8235267
          ]
        ]
      },
      "properties": {
        "parking_id": "PKC_036",
        "origine_id": "ORI_027",
        "distance_m": 1250,
        "temps_min": 2.4,
        "voie_dom": "tertiary",
        "veh_origine": 3
      }
    },
    {
      "type": "Feature",
      "geometry": {
        "type": "LineString",
        "coordinates": [
          [
            4.4735187,
            43.8137237
          ],
          [
            4.4734584,
            43.81511
          ],
          [
            4.473403,
            43.8152653
          ],
          [
            4.4732717,
            43.815634
          ],
          [
            4.4727889,
            43.8165693
          ],
          [
            4.4724443,
            43.8172688
          ],
          [
            4.4721506,
            43.8178651
          ],
          [
            4.4719344,
            43.8182975
          ],
          [
            4.4719714,
            43.8186723
          ],
          [
            4.4718887,
            43.8190249
          ],
          [
            4.4711429,
            43.8190323
          ],
          [
            4.4709447,
            43.8190053
          ],
          [
            4.4701163,
            43.8191219
          ],
          [
            4.4699835,
            43.8192155
          ],
          [
            4.4698495,
            43.8194146
          ],
          [
            4.4697339,
            43.8195864
          ],
          [
            4.469104,
            43.8203536
          ],
          [
            4.4689408,
            43.821549
          ],
          [
            4.4666972,
            43.8280233
          ],
          [
            4.4666749,
            43.8282168
          ],
          [
            4.4666627,
            43.8283198
          ],
          [
            4.4667982,
            43.8287617
          ],
          [
            4.466843,
            43.8288169
          ],
          [
            4.4796322,
            43.8278531
          ],
          [
            4.4795931,
            43.8275782
          ],
          [
            4.479667,
            43.8274864
          ],
          [
            4.4800344,
            43.8273754
          ],
          [
            4.480386,
            43.827546
          ],
          [
            4.4810674,
            43.827604
          ],
          [
            4.4890082,
            43.8268171
          ],
          [
            4.4888534,
            43.8263593
          ],
          [
            4.4884619,
            43.8264006
          ]
        ]
      },
      "properties": {
        "parking_id": "PKC_036",
        "origine_id": "ORI_034",
        "distance_m": 3929,
        "temps_min": 5.9,
        "voie_dom": "primary",
        "veh_origine": 3
      }
    },
    {
      "type": "Feature",
      "geometry": {
        "type": "LineString",
        "coordinates": [
          [
            4.4735187,
            43.8137237
          ],
          [
            4.4734584,
            43.81511
          ],
          [
            4.473403,
            43.8152653
          ],
          [
            4.4732717,
            43.815634
          ],
          [
            4.4727889,
            43.8165693
          ],
          [
            4.4729195,
            43.8168893
          ],
          [
            4.473728,
            43.8173809
          ],
          [
            4.4741923,
            43.8179282
          ],
          [
            4.4745283,
            43.8190713
          ],
          [
            4.4749518,
            43.819671
          ],
          [
            4.4763044,
            43.8216525
          ],
          [
            4.4766771,
            43.8221793
          ],
          [
            4.4776117,
            43.8235267
          ],
          [
            4.4781501,
            43.824303
          ],
          [
            4.4783932,
            43.8246535
          ],
          [
            4.4782941,
            43.8247235
          ],
          [
            4.4772863,
            43.8242391
          ]
        ]
      },
      "properties": {
        "parking_id": "PKC_036",
        "origine_id": "ORI_002",
        "distance_m": 1518,
        "temps_min": 2.9,
        "voie_dom": "tertiary",
        "veh_origine": 1
      }
    },
    {
      "type": "Feature",
      "geometry": {
        "type": "LineString",
        "coordinates": [
          [
            4.4735187,
            43.8137237
          ],
          [
            4.4734584,
            43.81511
          ],
          [
            4.473403,
            43.8152653
          ],
          [
            4.4732717,
            43.815634
          ],
          [
            4.4727889,
            43.8165693
          ],
          [
            4.4724443,
            43.8172688
          ],
          [
            4.4721506,
            43.8178651
          ],
          [
            4.4719344,
            43.8182975
          ],
          [
            4.4719714,
            43.8186723
          ],
          [
            4.4718887,
            43.8190249
          ],
          [
            4.4711429,
            43.8190323
          ],
          [
            4.4709447,
            43.8190053
          ],
          [
            4.4701163,
            43.8191219
          ],
          [
            4.4699835,
            43.8192155
          ],
          [
            4.4698495,
            43.8194146
          ],
          [
            4.4697339,
            43.8195864
          ],
          [
            4.469104,
            43.8203536
          ],
          [
            4.4677541,
            43.8205044
          ],
          [
            4.4657119,
            43.8208429
          ],
          [
            4.4644643,
            43.8210184
          ],
          [
            4.4633886,
            43.8213339
          ],
          [
            4.4629111,
            43.8214869
          ],
          [
            4.4598793,
            43.8235362
          ]
        ]
      },
      "properties": {
        "parking_id": "PKC_036",
        "origine_id": "ORI_005",
        "distance_m": 1791,
        "temps_min": 3.6,
        "voie_dom": "tertiary",
        "veh_origine": 1
      }
    },
    {
      "type": "Feature",
      "geometry": {
        "type": "LineString",
        "coordinates": [
          [
            4.4735187,
            43.8137237
          ],
          [
            4.4734584,
            43.81511
          ],
          [
            4.473403,
            43.8152653
          ],
          [
            4.4732717,
            43.815634
          ],
          [
            4.4727889,
            43.8165693
          ],
          [
            4.4729195,
            43.8168893
          ],
          [
            4.473728,
            43.8173809
          ],
          [
            4.4741923,
            43.8179282
          ],
          [
            4.4745283,
            43.8190713
          ],
          [
            4.4749518,
            43.819671
          ],
          [
            4.4763044,
            43.8216525
          ],
          [
            4.4766771,
            43.8221793
          ],
          [
            4.4776117,
            43.8235267
          ],
          [
            4.4781501,
            43.824303
          ],
          [
            4.4783932,
            43.8246535
          ],
          [
            4.4785365,
            43.8248727
          ],
          [
            4.4791133,
            43.8257106
          ],
          [
            4.4752789,
            43.828193
          ]
        ]
      },
      "properties": {
        "parking_id": "PKC_036",
        "origine_id": "ORI_014",
        "distance_m": 2037,
        "temps_min": 4.1,
        "voie_dom": "tertiary",
        "veh_origine": 1
      }
    },
    {
      "type": "Feature",
      "geometry": {
        "type": "LineString",
        "coordinates": [
          [
            4.4735187,
            43.8137237
          ],
          [
            4.4734584,
            43.81511
          ],
          [
            4.473403,
            43.8152653
          ],
          [
            4.4732717,
            43.815634
          ],
          [
            4.4727889,
            43.8165693
          ],
          [
            4.4724443,
            43.8172688
          ],
          [
            4.4721506,
            43.8178651
          ],
          [
            4.4719344,
            43.8182975
          ],
          [
            4.4719714,
            43.8186723
          ],
          [
            4.4718887,
            43.8190249
          ],
          [
            4.4711429,
            43.8190323
          ],
          [
            4.4709447,
            43.8190053
          ],
          [
            4.4701163,
            43.8191219
          ],
          [
            4.4699835,
            43.8192155
          ],
          [
            4.4698495,
            43.8194146
          ],
          [
            4.4697339,
            43.8195864
          ],
          [
            4.469104,
            43.8203536
          ],
          [
            4.4689408,
            43.821549
          ],
          [
            4.4705398,
            43.8217714
          ],
          [
            4.4727847,
            43.8208791
          ]
        ]
      },
      "properties": {
        "parking_id": "PKC_036",
        "origine_id": "ORI_017",
        "distance_m": 1406,
        "temps_min": 2.9,
        "voie_dom": "tertiary",
        "veh_origine": 1
      }
    },
    {
      "type": "Feature",
      "geometry": {
        "type": "LineString",
        "coordinates": [
          [
            4.4735187,
            43.8137237
          ],
          [
            4.4734584,
            43.81511
          ],
          [
            4.473403,
            43.8152653
          ],
          [
            4.4732717,
            43.815634
          ],
          [
            4.4727889,
            43.8165693
          ],
          [
            4.4724443,
            43.8172688
          ],
          [
            4.4721506,
            43.8178651
          ],
          [
            4.4719344,
            43.8182975
          ],
          [
            4.4719714,
            43.8186723
          ],
          [
            4.4718887,
            43.8190249
          ],
          [
            4.4711429,
            43.8190323
          ],
          [
            4.4709447,
            43.8190053
          ],
          [
            4.4701163,
            43.8191219
          ],
          [
            4.4699835,
            43.8192155
          ],
          [
            4.4698495,
            43.8194146
          ],
          [
            4.4697339,
            43.8195864
          ],
          [
            4.469104,
            43.8203536
          ],
          [
            4.4689408,
            43.821549
          ]
        ]
      },
      "properties": {
        "parking_id": "PKC_036",
        "origine_id": "ORI_018",
        "distance_m": 1053,
        "temps_min": 2.1,
        "voie_dom": "tertiary",
        "veh_origine": 1
      }
    },
    {
      "type": "Feature",
      "geometry": {
        "type": "LineString",
        "coordinates": [
          [
            4.4735187,
            43.8137237
          ],
          [
            4.4734584,
            43.81511
          ],
          [
            4.473403,
            43.8152653
          ],
          [
            4.4732717,
            43.815634
          ],
          [
            4.4727889,
            43.8165693
          ],
          [
            4.4724443,
            43.8172688
          ],
          [
            4.4721506,
            43.8178651
          ],
          [
            4.4719344,
            43.8182975
          ],
          [
            4.4710476,
            43.8183734
          ],
          [
            4.4702065,
            43.8184803
          ],
          [
            4.469762,
            43.8185593
          ],
          [
            4.4694046,
            43.8186216
          ],
          [
            4.4674343,
            43.8188282
          ],
          [
            4.4672599,
            43.8188544
          ],
          [
            4.467119,
            43.8188822
          ],
          [
            4.4659344,
            43.8191991
          ],
          [
            4.4652802,
            43.8194341
          ],
          [
            4.4652454,
            43.8195405
          ],
          [
            4.4650095,
            43.8195162
          ],
          [
            4.4620327,
            43.8203597
          ]
        ]
      },
      "properties": {
        "parking_id": "PKC_036",
        "origine_id": "ORI_020",
        "distance_m": 1374,
        "temps_min": 2.7,
        "voie_dom": "tertiary",
        "veh_origine": 1
      }
    },
    {
      "type": "Feature",
      "geometry": {
        "type": "LineString",
        "coordinates": [
          [
            4.4735187,
            43.8137237
          ],
          [
            4.4734584,
            43.81511
          ],
          [
            4.473403,
            43.8152653
          ],
          [
            4.4732717,
            43.815634
          ],
          [
            4.4727889,
            43.8165693
          ],
          [
            4.4729195,
            43.8168893
          ],
          [
            4.473728,
            43.8173809
          ],
          [
            4.4741923,
            43.8179282
          ],
          [
            4.4745283,
            43.8190713
          ],
          [
            4.4749518,
            43.819671
          ],
          [
            4.4763044,
            43.8216525
          ],
          [
            4.4760583,
            43.8217388
          ],
          [
            4.4746933,
            43.8216617
          ],
          [
            4.4742697,
            43.8218419
          ]
        ]
      },
      "properties": {
        "parking_id": "PKC_036",
        "origine_id": "ORI_021",
        "distance_m": 1210,
        "temps_min": 2.5,
        "voie_dom": "tertiary",
        "veh_origine": 1
      }
    },
    {
      "type": "Feature",
      "geometry": {
        "type": "LineString",
        "coordinates": [
          [
            4.4735187,
            43.8137237
          ],
          [
            4.4734584,
            43.81511
          ],
          [
            4.473403,
            43.8152653
          ],
          [
            4.4732717,
            43.815634
          ],
          [
            4.4727889,
            43.8165693
          ],
          [
            4.4724443,
            43.8172688
          ],
          [
            4.4721506,
            43.8178651
          ],
          [
            4.4719344,
            43.8182975
          ],
          [
            4.4719714,
            43.8186723
          ],
          [
            4.4718887,
            43.8190249
          ],
          [
            4.4711429,
            43.8190323
          ],
          [
            4.4709447,
            43.8190053
          ],
          [
            4.4701163,
            43.8191219
          ],
          [
            4.4699835,
            43.8192155
          ],
          [
            4.4698495,
            43.8194146
          ],
          [
            4.4697339,
            43.8195864
          ],
          [
            4.469104,
            43.8203536
          ],
          [
            4.4677541,
            43.8205044
          ],
          [
            4.4657119,
            43.8208429
          ],
          [
            4.4644643,
            43.8210184
          ],
          [
            4.4633886,
            43.8213339
          ],
          [
            4.4629111,
            43.8214869
          ],
          [
            4.4633394,
            43.8230098
          ]
        ]
      },
      "properties": {
        "parking_id": "PKC_036",
        "origine_id": "ORI_023",
        "distance_m": 1668,
        "temps_min": 3.5,
        "voie_dom": "tertiary",
        "veh_origine": 1
      }
    },
    {
      "type": "Feature",
      "geometry": {
        "type": "LineString",
        "coordinates": [
          [
            4.4735187,
            43.8137237
          ],
          [
            4.4734584,
            43.81511
          ],
          [
            4.473403,
            43.8152653
          ],
          [
            4.4732717,
            43.815634
          ],
          [
            4.4727889,
            43.8165693
          ],
          [
            4.4724443,
            43.8172688
          ],
          [
            4.4721506,
            43.8178651
          ],
          [
            4.4719344,
            43.8182975
          ],
          [
            4.4719714,
            43.8186723
          ],
          [
            4.4718887,
            43.8190249
          ],
          [
            4.4711429,
            43.8190323
          ],
          [
            4.4709447,
            43.8190053
          ],
          [
            4.4701163,
            43.8191219
          ],
          [
            4.4699835,
            43.8192155
          ],
          [
            4.4698495,
            43.8194146
          ],
          [
            4.4697339,
            43.8195864
          ],
          [
            4.469104,
            43.8203536
          ],
          [
            4.4677541,
            43.8205044
          ],
          [
            4.4657119,
            43.8208429
          ],
          [
            4.4644643,
            43.8210184
          ],
          [
            4.4633886,
            43.8213339
          ],
          [
            4.4629111,
            43.8214869
          ]
        ]
      },
      "properties": {
        "parking_id": "PKC_036",
        "origine_id": "ORI_024",
        "distance_m": 1435,
        "temps_min": 2.9,
        "voie_dom": "tertiary",
        "veh_origine": 1
      }
    },
    {
      "type": "Feature",
      "geometry": {
        "type": "LineString",
        "coordinates": [
          [
            4.4735187,
            43.8137237
          ],
          [
            4.4734584,
            43.81511
          ],
          [
            4.473403,
            43.8152653
          ],
          [
            4.4732717,
            43.815634
          ],
          [
            4.4727889,
            43.8165693
          ],
          [
            4.4724443,
            43.8172688
          ],
          [
            4.4721506,
            43.8178651
          ],
          [
            4.4719344,
            43.8182975
          ],
          [
            4.4719714,
            43.8186723
          ],
          [
            4.4718887,
            43.8190249
          ],
          [
            4.4711429,
            43.8190323
          ],
          [
            4.4709447,
            43.8190053
          ],
          [
            4.4701163,
            43.8191219
          ],
          [
            4.4699835,
            43.8192155
          ],
          [
            4.4698495,
            43.8194146
          ],
          [
            4.4697339,
            43.8195864
          ],
          [
            4.469104,
            43.8203536
          ]
        ]
      },
      "properties": {
        "parking_id": "PKC_036",
        "origine_id": "ORI_025",
        "distance_m": 918,
        "temps_min": 1.9,
        "voie_dom": "tertiary",
        "veh_origine": 1
      }
    },
    {
      "type": "Feature",
      "geometry": {
        "type": "LineString",
        "coordinates": [
          [
            4.4735187,
            43.8137237
          ],
          [
            4.4734584,
            43.81511
          ],
          [
            4.4748092,
            43.8144938
          ],
          [
            4.4753369,
            43.8154335
          ],
          [
            4.4755978,
            43.8158323
          ],
          [
            4.4760242,
            43.8161799
          ],
          [
            4.4767233,
            43.8169695
          ],
          [
            4.4763088,
            43.8171522
          ],
          [
            4.4767843,
            43.8185439
          ],
          [
            4.4771034,
            43.8185571
          ],
          [
            4.4778253,
            43.8186225
          ],
          [
            4.4785242,
            43.8187102
          ],
          [
            4.4786033,
            43.818718
          ],
          [
            4.480089,
            43.8189551
          ],
          [
            4.4804931,
            43.8190351
          ],
          [
            4.4808285,
            43.82001
          ]
        ]
      },
      "properties": {
        "parking_id": "PKC_036",
        "origine_id": "ORI_026",
        "distance_m": 1217,
        "temps_min": 2.4,
        "voie_dom": "tertiary",
        "veh_origine": 1
      }
    },
    {
      "type": "Feature",
      "geometry": {
        "type": "LineString",
        "coordinates": [
          [
            4.4735187,
            43.8137237
          ],
          [
            4.4734584,
            43.81511
          ],
          [
            4.4748092,
            43.8144938
          ],
          [
            4.4753369,
            43.8154335
          ],
          [
            4.4755978,
            43.8158323
          ],
          [
            4.4760242,
            43.8161799
          ],
          [
            4.4767233,
            43.8169695
          ],
          [
            4.4763088,
            43.8171522
          ],
          [
            4.4767843,
            43.8185439
          ],
          [
            4.4771034,
            43.8185571
          ],
          [
            4.4778253,
            43.8186225
          ],
          [
            4.4785242,
            43.8187102
          ],
          [
            4.4786033,
            43.818718
          ],
          [
            4.480089,
            43.8189551
          ],
          [
            4.4804931,
            43.8190351
          ],
          [
            4.4819289,
            43.8187852
          ],
          [
            4.4825925,
            43.8185678
          ],
          [
            4.4827089,
            43.8185284
          ],
          [
            4.4842891,
            43.8180799
          ],
          [
            4.484423,
            43.817986
          ],
          [
            4.4844956,
            43.8180557
          ],
          [
            4.4844073,
            43.8181334
          ],
          [
            4.4847556,
            43.8186567
          ],
          [
            4.4848831,
            43.8189069
          ],
          [
            4.4853109,
            43.8196946
          ],
          [
            4.4853282,
            43.8197299
          ],
          [
            4.4853658,
            43.8198068
          ],
          [
            4.4856635,
            43.8203274
          ],
          [
            4.4858473,
            43.8206467
          ],
          [
            4.4847234,
            43.8209583
          ]
        ]
      },
      "properties": {
        "parking_id": "PKC_036",
        "origine_id": "ORI_028",
        "distance_m": 1872,
        "temps_min": 3.5,
        "voie_dom": "tertiary",
        "veh_origine": 1
      }
    },
    {
      "type": "Feature",
      "geometry": {
        "type": "LineString",
        "coordinates": [
          [
            4.4962734,
            43.8360815
          ],
          [
            4.4953528,
            43.8363315
          ],
          [
            4.4953444,
            43.8335366
          ],
          [
            4.4950011,
            43.8333791
          ],
          [
            4.4945384,
            43.8335197
          ],
          [
            4.4940413,
            43.8336111
          ],
          [
            4.4939379,
            43.8336774
          ],
          [
            4.4937461,
            43.8342775
          ],
          [
            4.4937087,
            43.8346667
          ],
          [
            4.4936846,
            43.8351114
          ],
          [
            4.4933524,
            43.8357545
          ],
          [
            4.4933755,
            43.8359605
          ],
          [
            4.4934165,
            43.8363261
          ],
          [
            4.4933995,
            43.8363843
          ],
          [
            4.4887957,
            43.8397821
          ],
          [
            4.4886068,
            43.8381104
          ]
        ]
      },
      "properties": {
        "parking_id": "PKC_M_MANUAL_001",
        "origine_id": "ORI_029",
        "distance_m": 1575,
        "temps_min": 3.2,
        "voie_dom": "secondary",
        "veh_origine": 83
      }
    },
    {
      "type": "Feature",
      "geometry": {
        "type": "LineString",
        "coordinates": [
          [
            4.4962734,
            43.8360815
          ],
          [
            4.4953528,
            43.8363315
          ],
          [
            4.4953444,
            43.8335366
          ],
          [
            4.4956073,
            43.8331685
          ],
          [
            4.4957189,
            43.8330153
          ],
          [
            4.4961522,
            43.8324414
          ],
          [
            4.4962492,
            43.832317
          ],
          [
            4.4963273,
            43.8321912
          ],
          [
            4.4963344,
            43.8317947
          ],
          [
            4.4963408,
            43.8315362
          ],
          [
            4.4960367,
            43.8313309
          ],
          [
            4.4954574,
            43.8309265
          ],
          [
            4.4952166,
            43.8308002
          ],
          [
            4.4935751,
            43.8304696
          ],
          [
            4.493419,
            43.830458
          ],
          [
            4.491725,
            43.8302369
          ],
          [
            4.4915925,
            43.8303079
          ],
          [
            4.4915477,
            43.8302428
          ],
          [
            4.4898709,
            43.830535
          ],
          [
            4.4887324,
            43.8307642
          ],
          [
            4.4880761,
            43.8307804
          ],
          [
            4.4861466,
            43.830498
          ]
        ]
      },
      "properties": {
        "parking_id": "PKC_M_MANUAL_001",
        "origine_id": "ORI_031",
        "distance_m": 1537,
        "temps_min": 2.7,
        "voie_dom": "secondary",
        "veh_origine": 19
      }
    },
    {
      "type": "Feature",
      "geometry": {
        "type": "LineString",
        "coordinates": [
          [
            4.4962734,
            43.8360815
          ],
          [
            4.4972985,
            43.8356184
          ],
          [
            4.4974389,
            43.8362542
          ],
          [
            4.497549,
            43.8366298
          ],
          [
            4.4965965,
            43.8367492
          ]
        ]
      },
      "properties": {
        "parking_id": "PKC_M_MANUAL_001",
        "origine_id": "ORI_030",
        "distance_m": 306,
        "temps_min": 0.7,
        "voie_dom": "unclassified",
        "veh_origine": 7
      }
    },
    {
      "type": "Feature",
      "geometry": {
        "type": "LineString",
        "coordinates": [
          [
            4.4962734,
            43.8360815
          ],
          [
            4.4953528,
            43.8363315
          ],
          [
            4.4953444,
            43.8335366
          ],
          [
            4.4950011,
            43.8333791
          ],
          [
            4.4945384,
            43.8335197
          ],
          [
            4.4940413,
            43.8336111
          ],
          [
            4.4939379,
            43.8336774
          ],
          [
            4.4939009,
            43.833648
          ],
          [
            4.4939602,
            43.8335756
          ],
          [
            4.4936854,
            43.8324266
          ],
          [
            4.4931821,
            43.8319114
          ]
        ]
      },
      "properties": {
        "parking_id": "PKC_M_MANUAL_001",
        "origine_id": "ORI_039",
        "distance_m": 768,
        "temps_min": 1.3,
        "voie_dom": "secondary",
        "veh_origine": 6
      }
    },
    {
      "type": "Feature",
      "geometry": {
        "type": "LineString",
        "coordinates": [
          [
            4.4962734,
            43.8360815
          ],
          [
            4.4953528,
            43.8363315
          ],
          [
            4.4953444,
            43.8335366
          ],
          [
            4.4950011,
            43.8333791
          ],
          [
            4.4945384,
            43.8335197
          ],
          [
            4.4940413,
            43.8336111
          ],
          [
            4.4939379,
            43.8336774
          ],
          [
            4.4937461,
            43.8342775
          ],
          [
            4.4937087,
            43.8346667
          ],
          [
            4.4936846,
            43.8351114
          ],
          [
            4.4933524,
            43.8357545
          ],
          [
            4.4933755,
            43.8359605
          ],
          [
            4.4934165,
            43.8363261
          ],
          [
            4.4933995,
            43.8363843
          ]
        ]
      },
      "properties": {
        "parking_id": "PKC_M_MANUAL_001",
        "origine_id": "ORI_035",
        "distance_m": 849,
        "temps_min": 1.5,
        "voie_dom": "secondary",
        "veh_origine": 2
      }
    },
    {
      "type": "Feature",
      "geometry": {
        "type": "LineString",
        "coordinates": [
          [
            4.4962734,
            43.8360815
          ],
          [
            4.4953528,
            43.8363315
          ],
          [
            4.4953444,
            43.8335366
          ],
          [
            4.4950011,
            43.8333791
          ],
          [
            4.4945384,
            43.8335197
          ],
          [
            4.4940413,
            43.8336111
          ],
          [
            4.4939379,
            43.8336774
          ],
          [
            4.4939009,
            43.833648
          ],
          [
            4.4932128,
            43.833704
          ],
          [
            4.4918571,
            43.8330336
          ],
          [
            4.4910297,
            43.8321233
          ]
        ]
      },
      "properties": {
        "parking_id": "PKC_M_MANUAL_001",
        "origine_id": "ORI_032",
        "distance_m": 929,
        "temps_min": 1.7,
        "voie_dom": "secondary",
        "veh_origine": 1
      }
    },
    {
      "type": "Feature",
      "geometry": {
        "type": "LineString",
        "coordinates": [
          [
            4.4962734,
            43.8360815
          ],
          [
            4.4953528,
            43.8363315
          ],
          [
            4.4953444,
            43.8335366
          ],
          [
            4.4950011,
            43.8333791
          ],
          [
            4.4945384,
            43.8335197
          ],
          [
            4.4940413,
            43.8336111
          ],
          [
            4.4939379,
            43.8336774
          ],
          [
            4.4937461,
            43.8342775
          ],
          [
            4.4937087,
            43.8346667
          ],
          [
            4.4936846,
            43.8351114
          ],
          [
            4.4933524,
            43.8357545
          ],
          [
            4.4933755,
            43.8359605
          ],
          [
            4.4934165,
            43.8363261
          ],
          [
            4.4933995,
            43.8363843
          ],
          [
            4.4917476,
            43.8366506
          ]
        ]
      },
      "properties": {
        "parking_id": "PKC_M_MANUAL_001",
        "origine_id": "ORI_033",
        "distance_m": 985,
        "temps_min": 1.8,
        "voie_dom": "secondary",
        "veh_origine": 1
      }
    },
    {
      "type": "Feature",
      "geometry": {
        "type": "LineString",
        "coordinates": [
          [
            4.4962734,
            43.8360815
          ],
          [
            4.4953528,
            43.8363315
          ],
          [
            4.4953444,
            43.8335366
          ],
          [
            4.4950011,
            43.8333791
          ],
          [
            4.4945384,
            43.8335197
          ],
          [
            4.4940413,
            43.8336111
          ],
          [
            4.4939379,
            43.8336774
          ],
          [
            4.4937461,
            43.8342775
          ],
          [
            4.4937087,
            43.8346667
          ],
          [
            4.4936846,
            43.8351114
          ],
          [
            4.4933524,
            43.8357545
          ],
          [
            4.490921,
            43.8360101
          ]
        ]
      },
      "properties": {
        "parking_id": "PKC_M_MANUAL_001",
        "origine_id": "ORI_037",
        "distance_m": 976,
        "temps_min": 1.8,
        "voie_dom": "secondary",
        "veh_origine": 1
      }
    },
    {
      "type": "Feature",
      "geometry": {
        "type": "LineString",
        "coordinates": [
          [
            4.4962734,
            43.8360815
          ],
          [
            4.4953528,
            43.8363315
          ],
          [
            4.4953444,
            43.8335366
          ],
          [
            4.4950011,
            43.8333791
          ],
          [
            4.4945384,
            43.8335197
          ],
          [
            4.4940413,
            43.8336111
          ],
          [
            4.4939379,
            43.8336774
          ],
          [
            4.4939009,
            43.833648
          ],
          [
            4.4932128,
            43.833704
          ],
          [
            4.4918093,
            43.8337417
          ],
          [
            4.4908758,
            43.833773
          ],
          [
            4.4908222,
            43.83345
          ],
          [
            4.4902664,
            43.8309959
          ]
        ]
      },
      "properties": {
        "parking_id": "PKC_M_MANUAL_001",
        "origine_id": "ORI_038",
        "distance_m": 1135,
        "temps_min": 2.1,
        "voie_dom": "secondary",
        "veh_origine": 1
      }
    },
    {
      "type": "Feature",
      "geometry": {
        "type": "LineString",
        "coordinates": [
          [
            4.4980648,
            43.8346828
          ],
          [
            4.4967764,
            43.834146
          ],
          [
            4.4971831,
            43.8350138
          ],
          [
            4.4972985,
            43.8356184
          ],
          [
            4.4974389,
            43.8362542
          ],
          [
            4.497549,
            43.8366298
          ],
          [
            4.4965965,
            43.8367492
          ]
        ]
      },
      "properties": {
        "parking_id": "PKC_M_MANUAL_002",
        "origine_id": "ORI_030",
        "distance_m": 500,
        "temps_min": 1.0,
        "voie_dom": "unclassified",
        "veh_origine": 7
      }
    },
    {
      "type": "Feature",
      "geometry": {
        "type": "LineString",
        "coordinates": [
          [
            4.4980648,
            43.8346828
          ],
          [
            4.4967764,
            43.834146
          ],
          [
            4.4964519,
            43.8336285
          ],
          [
            4.4964045,
            43.8333292
          ],
          [
            4.4956073,
            43.8331685
          ],
          [
            4.4950011,
            43.8333791
          ],
          [
            4.4945384,
            43.8335197
          ],
          [
            4.4940413,
            43.8336111
          ],
          [
            4.4939379,
            43.8336774
          ],
          [
            4.4939009,
            43.833648
          ],
          [
            4.4939602,
            43.8335756
          ],
          [
            4.4936854,
            43.8324266
          ],
          [
            4.4931821,
            43.8319114
          ]
        ]
      },
      "properties": {
        "parking_id": "PKC_M_MANUAL_002",
        "origine_id": "ORI_039",
        "distance_m": 679,
        "temps_min": 1.3,
        "voie_dom": "tertiary",
        "veh_origine": 6
      }
    },
    {
      "type": "Feature",
      "geometry": {
        "type": "LineString",
        "coordinates": [
          [
            4.4980648,
            43.8346828
          ],
          [
            4.4967764,
            43.834146
          ],
          [
            4.4964519,
            43.8336285
          ],
          [
            4.4964045,
            43.8333292
          ],
          [
            4.4956073,
            43.8331685
          ],
          [
            4.4950011,
            43.8333791
          ],
          [
            4.4945384,
            43.8335197
          ],
          [
            4.4940413,
            43.8336111
          ],
          [
            4.4939379,
            43.8336774
          ],
          [
            4.4937461,
            43.8342775
          ],
          [
            4.4937087,
            43.8346667
          ],
          [
            4.4936846,
            43.8351114
          ],
          [
            4.4933524,
            43.8357545
          ],
          [
            4.4933755,
            43.8359605
          ],
          [
            4.4934165,
            43.8363261
          ],
          [
            4.4933995,
            43.8363843
          ]
        ]
      },
      "properties": {
        "parking_id": "PKC_M_MANUAL_002",
        "origine_id": "ORI_035",
        "distance_m": 760,
        "temps_min": 1.5,
        "voie_dom": "tertiary",
        "veh_origine": 2
      }
    },
    {
      "type": "Feature",
      "geometry": {
        "type": "LineString",
        "coordinates": [
          [
            4.4980648,
            43.8346828
          ],
          [
            4.4967764,
            43.834146
          ],
          [
            4.4964519,
            43.8336285
          ],
          [
            4.4964045,
            43.8333292
          ],
          [
            4.4956073,
            43.8331685
          ],
          [
            4.4950011,
            43.8333791
          ],
          [
            4.4945384,
            43.8335197
          ],
          [
            4.4940413,
            43.8336111
          ],
          [
            4.4939379,
            43.8336774
          ],
          [
            4.4937461,
            43.8342775
          ],
          [
            4.4937087,
            43.8346667
          ],
          [
            4.4936846,
            43.8351114
          ],
          [
            4.4933524,
            43.8357545
          ],
          [
            4.4933755,
            43.8359605
          ],
          [
            4.4934165,
            43.8363261
          ],
          [
            4.4933995,
            43.8363843
          ],
          [
            4.4917476,
            43.8366506
          ]
        ]
      },
      "properties": {
        "parking_id": "PKC_M_MANUAL_002",
        "origine_id": "ORI_033",
        "distance_m": 895,
        "temps_min": 1.8,
        "voie_dom": "tertiary",
        "veh_origine": 1
      }
    },
    {
      "type": "Feature",
      "geometry": {
        "type": "LineString",
        "coordinates": [
          [
            4.4980648,
            43.8346828
          ],
          [
            4.4967764,
            43.834146
          ],
          [
            4.4964519,
            43.8336285
          ],
          [
            4.4964045,
            43.8333292
          ],
          [
            4.4956073,
            43.8331685
          ],
          [
            4.4950011,
            43.8333791
          ],
          [
            4.4945384,
            43.8335197
          ],
          [
            4.4940413,
            43.8336111
          ],
          [
            4.4939379,
            43.8336774
          ],
          [
            4.4937461,
            43.8342775
          ],
          [
            4.4937087,
            43.8346667
          ],
          [
            4.4936846,
            43.8351114
          ],
          [
            4.4933524,
            43.8357545
          ],
          [
            4.490921,
            43.8360101
          ]
        ]
      },
      "properties": {
        "parking_id": "PKC_M_MANUAL_002",
        "origine_id": "ORI_037",
        "distance_m": 886,
        "temps_min": 1.7,
        "voie_dom": "tertiary",
        "veh_origine": 1
      }
    },
    {
      "type": "Feature",
      "geometry": {
        "type": "LineString",
        "coordinates": [
          [
            4.5002055,
            43.8346008
          ],
          [
            4.4971831,
            43.8350138
          ],
          [
            4.4972985,
            43.8356184
          ],
          [
            4.4974389,
            43.8362542
          ],
          [
            4.497549,
            43.8366298
          ],
          [
            4.4965965,
            43.8367492
          ]
        ]
      },
      "properties": {
        "parking_id": "PKC_M_MANUAL_003",
        "origine_id": "ORI_030",
        "distance_m": 507,
        "temps_min": 1.1,
        "voie_dom": "unclassified",
        "veh_origine": 7
      }
    },
    {
      "type": "Feature",
      "geometry": {
        "type": "LineString",
        "coordinates": [
          [
            4.5002055,
            43.8346008
          ],
          [
            4.4999347,
            43.8342349
          ],
          [
            4.4998207,
            43.8341437
          ],
          [
            4.4989788,
            43.8338654
          ],
          [
            4.4964045,
            43.8333292
          ],
          [
            4.4956073,
            43.8331685
          ],
          [
            4.4950011,
            43.8333791
          ],
          [
            4.4945384,
            43.8335197
          ],
          [
            4.4940413,
            43.8336111
          ],
          [
            4.4939379,
            43.8336774
          ],
          [
            4.4939009,
            43.833648
          ],
          [
            4.4939602,
            43.8335756
          ],
          [
            4.4936854,
            43.8324266
          ],
          [
            4.4931821,
            43.8319114
          ]
        ]
      },
      "properties": {
        "parking_id": "PKC_M_MANUAL_003",
        "origine_id": "ORI_039",
        "distance_m": 794,
        "temps_min": 1.4,
        "voie_dom": "tertiary",
        "veh_origine": 6
      }
    },
    {
      "type": "Feature",
      "geometry": {
        "type": "LineString",
        "coordinates": [
          [
            4.5002055,
            43.8346008
          ],
          [
            4.4999347,
            43.8342349
          ],
          [
            4.4998207,
            43.8341437
          ],
          [
            4.4989788,
            43.8338654
          ],
          [
            4.4964045,
            43.8333292
          ],
          [
            4.4956073,
            43.8331685
          ],
          [
            4.4950011,
            43.8333791
          ],
          [
            4.4945384,
            43.8335197
          ],
          [
            4.4940413,
            43.8336111
          ],
          [
            4.4939379,
            43.8336774
          ],
          [
            4.4937461,
            43.8342775
          ],
          [
            4.4937087,
            43.8346667
          ],
          [
            4.4936846,
            43.8351114
          ],
          [
            4.4933524,
            43.8357545
          ],
          [
            4.4933755,
            43.8359605
          ],
          [
            4.4934165,
            43.8363261
          ],
          [
            4.4933995,
            43.8363843
          ]
        ]
      },
      "properties": {
        "parking_id": "PKC_M_MANUAL_003",
        "origine_id": "ORI_035",
        "distance_m": 875,
        "temps_min": 1.5,
        "voie_dom": "tertiary",
        "veh_origine": 2
      }
    },
    {
      "type": "Feature",
      "geometry": {
        "type": "LineString",
        "coordinates": [
          [
            4.5002055,
            43.8346008
          ],
          [
            4.4999347,
            43.8342349
          ],
          [
            4.4998207,
            43.8341437
          ],
          [
            4.4989788,
            43.8338654
          ],
          [
            4.4964045,
            43.8333292
          ],
          [
            4.4956073,
            43.8331685
          ],
          [
            4.4950011,
            43.8333791
          ],
          [
            4.4945384,
            43.8335197
          ],
          [
            4.4940413,
            43.8336111
          ],
          [
            4.4939379,
            43.8336774
          ],
          [
            4.4937461,
            43.8342775
          ],
          [
            4.4937087,
            43.8346667
          ],
          [
            4.4936846,
            43.8351114
          ],
          [
            4.4933524,
            43.8357545
          ],
          [
            4.4933755,
            43.8359605
          ],
          [
            4.4934165,
            43.8363261
          ],
          [
            4.4933995,
            43.8363843
          ],
          [
            4.4917476,
            43.8366506
          ]
        ]
      },
      "properties": {
        "parking_id": "PKC_M_MANUAL_003",
        "origine_id": "ORI_033",
        "distance_m": 1010,
        "temps_min": 1.8,
        "voie_dom": "tertiary",
        "veh_origine": 1
      }
    },
    {
      "type": "Feature",
      "geometry": {
        "type": "LineString",
        "coordinates": [
          [
            4.4953623,
            43.8316067
          ],
          [
            4.4956145,
            43.8314145
          ],
          [
            4.4960367,
            43.8313309
          ],
          [
            4.4954574,
            43.8309265
          ],
          [
            4.4952166,
            43.8308002
          ],
          [
            4.4935751,
            43.8304696
          ],
          [
            4.493419,
            43.830458
          ],
          [
            4.491725,
            43.8302369
          ],
          [
            4.4915925,
            43.8303079
          ],
          [
            4.4915477,
            43.8302428
          ],
          [
            4.4898709,
            43.830535
          ],
          [
            4.4887324,
            43.8307642
          ],
          [
            4.4880761,
            43.8307804
          ],
          [
            4.4861466,
            43.830498
          ]
        ]
      },
      "properties": {
        "parking_id": "PKC_M_MANUAL_004",
        "origine_id": "ORI_031",
        "distance_m": 921,
        "temps_min": 1.8,
        "voie_dom": "residential",
        "veh_origine": 19
      }
    },
    {
      "type": "Feature",
      "geometry": {
        "type": "LineString",
        "coordinates": [
          [
            4.4953623,
            43.8316067
          ],
          [
            4.4956145,
            43.8314145
          ],
          [
            4.4960367,
            43.8313309
          ],
          [
            4.4954574,
            43.8309265
          ],
          [
            4.4955144,
            43.8308539
          ],
          [
            4.4964748,
            43.8311449
          ],
          [
            4.4963408,
            43.8315362
          ],
          [
            4.4963344,
            43.8317947
          ],
          [
            4.4963273,
            43.8321912
          ],
          [
            4.4962492,
            43.832317
          ],
          [
            4.4962575,
            43.8324595
          ],
          [
            4.4963096,
            43.8326787
          ],
          [
            4.4963436,
            43.8329072
          ],
          [
            4.4957189,
            43.8330153
          ],
          [
            4.4956073,
            43.8331685
          ],
          [
            4.4950011,
            43.8333791
          ],
          [
            4.4945384,
            43.8335197
          ],
          [
            4.4940413,
            43.8336111
          ],
          [
            4.4939379,
            43.8336774
          ],
          [
            4.4939009,
            43.833648
          ],
          [
            4.4939602,
            43.8335756
          ],
          [
            4.4936854,
            43.8324266
          ],
          [
            4.4931821,
            43.8319114
          ]
        ]
      },
      "properties": {
        "parking_id": "PKC_M_MANUAL_004",
        "origine_id": "ORI_039",
        "distance_m": 873,
        "temps_min": 1.6,
        "voie_dom": "secondary",
        "veh_origine": 6
      }
    },
    {
      "type": "Feature",
      "geometry": {
        "type": "LineString",
        "coordinates": [
          [
            4.4953623,
            43.8316067
          ],
          [
            4.4956145,
            43.8314145
          ],
          [
            4.4960367,
            43.8313309
          ],
          [
            4.4954574,
            43.8309265
          ],
          [
            4.4955144,
            43.8308539
          ],
          [
            4.4964748,
            43.8311449
          ],
          [
            4.4963408,
            43.8315362
          ],
          [
            4.4963344,
            43.8317947
          ],
          [
            4.4963273,
            43.8321912
          ],
          [
            4.4962492,
            43.832317
          ],
          [
            4.4962575,
            43.8324595
          ],
          [
            4.4963096,
            43.8326787
          ],
          [
            4.4963436,
            43.8329072
          ],
          [
            4.4957189,
            43.8330153
          ],
          [
            4.4956073,
            43.8331685
          ],
          [
            4.4950011,
            43.8333791
          ],
          [
            4.4945384,
            43.8335197
          ],
          [
            4.4940413,
            43.8336111
          ],
          [
            4.4939379,
            43.8336774
          ],
          [
            4.4937461,
            43.8342775
          ],
          [
            4.4937087,
            43.8346667
          ],
          [
            4.4936846,
            43.8351114
          ],
          [
            4.4933524,
            43.8357545
          ],
          [
            4.4933755,
            43.8359605
          ],
          [
            4.4934165,
            43.8363261
          ],
          [
            4.4933995,
            43.8363843
          ]
        ]
      },
      "properties": {
        "parking_id": "PKC_M_MANUAL_004",
        "origine_id": "ORI_035",
        "distance_m": 953,
        "temps_min": 1.8,
        "voie_dom": "secondary",
        "veh_origine": 2
      }
    },
    {
      "type": "Feature",
      "geometry": {
        "type": "LineString",
        "coordinates": [
          [
            4.4953623,
            43.8316067
          ],
          [
            4.4956145,
            43.8314145
          ],
          [
            4.4960367,
            43.8313309
          ],
          [
            4.4954574,
            43.8309265
          ],
          [
            4.4955144,
            43.8308539
          ],
          [
            4.4964748,
            43.8311449
          ],
          [
            4.4963408,
            43.8315362
          ],
          [
            4.4963344,
            43.8317947
          ],
          [
            4.4963273,
            43.8321912
          ],
          [
            4.4962492,
            43.832317
          ],
          [
            4.4962575,
            43.8324595
          ],
          [
            4.4963096,
            43.8326787
          ],
          [
            4.4963436,
            43.8329072
          ],
          [
            4.4957189,
            43.8330153
          ],
          [
            4.4956073,
            43.8331685
          ],
          [
            4.4950011,
            43.8333791
          ],
          [
            4.4945384,
            43.8335197
          ],
          [
            4.4940413,
            43.8336111
          ],
          [
            4.4939379,
            43.8336774
          ],
          [
            4.4939009,
            43.833648
          ],
          [
            4.4932128,
            43.833704
          ],
          [
            4.4918571,
            43.8330336
          ],
          [
            4.4910297,
            43.8321233
          ]
        ]
      },
      "properties": {
        "parking_id": "PKC_M_MANUAL_004",
        "origine_id": "ORI_032",
        "distance_m": 1033,
        "temps_min": 2.0,
        "voie_dom": "secondary",
        "veh_origine": 1
      }
    },
    {
      "type": "Feature",
      "geometry": {
        "type": "LineString",
        "coordinates": [
          [
            4.4953623,
            43.8316067
          ],
          [
            4.4956145,
            43.8314145
          ],
          [
            4.4960367,
            43.8313309
          ],
          [
            4.4954574,
            43.8309265
          ],
          [
            4.4955144,
            43.8308539
          ],
          [
            4.4964748,
            43.8311449
          ],
          [
            4.4963408,
            43.8315362
          ],
          [
            4.4963344,
            43.8317947
          ],
          [
            4.4963273,
            43.8321912
          ],
          [
            4.4962492,
            43.832317
          ],
          [
            4.4962575,
            43.8324595
          ],
          [
            4.4963096,
            43.8326787
          ],
          [
            4.4963436,
            43.8329072
          ],
          [
            4.4957189,
            43.8330153
          ],
          [
            4.4956073,
            43.8331685
          ],
          [
            4.4950011,
            43.8333791
          ],
          [
            4.4945384,
            43.8335197
          ],
          [
            4.4940413,
            43.8336111
          ],
          [
            4.4939379,
            43.8336774
          ],
          [
            4.4937461,
            43.8342775
          ],
          [
            4.4937087,
            43.8346667
          ],
          [
            4.4936846,
            43.8351114
          ],
          [
            4.4933524,
            43.8357545
          ],
          [
            4.4933755,
            43.8359605
          ],
          [
            4.4934165,
            43.8363261
          ],
          [
            4.4933995,
            43.8363843
          ],
          [
            4.4917476,
            43.8366506
          ]
        ]
      },
      "properties": {
        "parking_id": "PKC_M_MANUAL_004",
        "origine_id": "ORI_033",
        "distance_m": 1089,
        "temps_min": 2.1,
        "voie_dom": "secondary",
        "veh_origine": 1
      }
    },
    {
      "type": "Feature",
      "geometry": {
        "type": "LineString",
        "coordinates": [
          [
            4.4953623,
            43.8316067
          ],
          [
            4.4956145,
            43.8314145
          ],
          [
            4.4960367,
            43.8313309
          ],
          [
            4.4954574,
            43.8309265
          ],
          [
            4.4952166,
            43.8308002
          ],
          [
            4.4935751,
            43.8304696
          ],
          [
            4.493419,
            43.830458
          ],
          [
            4.491725,
            43.8302369
          ],
          [
            4.4915925,
            43.8303079
          ],
          [
            4.4915477,
            43.8302428
          ],
          [
            4.4916391,
            43.8301863
          ],
          [
            4.4888426,
            43.8294154
          ],
          [
            4.4878382,
            43.8291331
          ],
          [
            4.4875825,
            43.8290539
          ]
        ]
      },
      "properties": {
        "parking_id": "PKC_M_MANUAL_004",
        "origine_id": "ORI_036",
        "distance_m": 833,
        "temps_min": 1.7,
        "voie_dom": "residential",
        "veh_origine": 1
      }
    },
    {
      "type": "Feature",
      "geometry": {
        "type": "LineString",
        "coordinates": [
          [
            4.4953623,
            43.8316067
          ],
          [
            4.4956145,
            43.8314145
          ],
          [
            4.4960367,
            43.8313309
          ],
          [
            4.4954574,
            43.8309265
          ],
          [
            4.4955144,
            43.8308539
          ],
          [
            4.4964748,
            43.8311449
          ],
          [
            4.4963408,
            43.8315362
          ],
          [
            4.4963344,
            43.8317947
          ],
          [
            4.4963273,
            43.8321912
          ],
          [
            4.4962492,
            43.832317
          ],
          [
            4.4962575,
            43.8324595
          ],
          [
            4.4963096,
            43.8326787
          ],
          [
            4.4963436,
            43.8329072
          ],
          [
            4.4957189,
            43.8330153
          ],
          [
            4.4956073,
            43.8331685
          ],
          [
            4.4950011,
            43.8333791
          ],
          [
            4.4945384,
            43.8335197
          ],
          [
            4.4940413,
            43.8336111
          ],
          [
            4.4939379,
            43.8336774
          ],
          [
            4.4937461,
            43.8342775
          ],
          [
            4.4937087,
            43.8346667
          ],
          [
            4.4936846,
            43.8351114
          ],
          [
            4.4933524,
            43.8357545
          ],
          [
            4.490921,
            43.8360101
          ]
        ]
      },
      "properties": {
        "parking_id": "PKC_M_MANUAL_004",
        "origine_id": "ORI_037",
        "distance_m": 1080,
        "temps_min": 2.1,
        "voie_dom": "secondary",
        "veh_origine": 1
      }
    },
    {
      "type": "Feature",
      "geometry": {
        "type": "LineString",
        "coordinates": [
          [
            4.4953623,
            43.8316067
          ],
          [
            4.4956145,
            43.8314145
          ],
          [
            4.4960367,
            43.8313309
          ],
          [
            4.4954574,
            43.8309265
          ],
          [
            4.4955144,
            43.8308539
          ],
          [
            4.4964748,
            43.8311449
          ],
          [
            4.4963408,
            43.8315362
          ],
          [
            4.4963344,
            43.8317947
          ],
          [
            4.4963273,
            43.8321912
          ],
          [
            4.4962492,
            43.832317
          ],
          [
            4.4962575,
            43.8324595
          ],
          [
            4.4963096,
            43.8326787
          ],
          [
            4.4963436,
            43.8329072
          ],
          [
            4.4957189,
            43.8330153
          ],
          [
            4.4956073,
            43.8331685
          ],
          [
            4.4950011,
            43.8333791
          ],
          [
            4.4945384,
            43.8335197
          ],
          [
            4.4940413,
            43.8336111
          ],
          [
            4.4939379,
            43.8336774
          ],
          [
            4.4939009,
            43.833648
          ],
          [
            4.4932128,
            43.833704
          ],
          [
            4.4918093,
            43.8337417
          ],
          [
            4.4908758,
            43.833773
          ],
          [
            4.4908222,
            43.83345
          ],
          [
            4.4902664,
            43.8309959
          ]
        ]
      },
      "properties": {
        "parking_id": "PKC_M_MANUAL_004",
        "origine_id": "ORI_038",
        "distance_m": 1240,
        "temps_min": 2.4,
        "voie_dom": "secondary",
        "veh_origine": 1
      }
    },
    {
      "type": "Feature",
      "geometry": {
        "type": "LineString",
        "coordinates": [
          [
            4.4673843,
            43.8180226
          ],
          [
            4.4672669,
            43.8185661
          ],
          [
            4.467313,
            43.818669
          ],
          [
            4.4674343,
            43.8188282
          ],
          [
            4.4672599,
            43.8188544
          ],
          [
            4.467119,
            43.8188822
          ],
          [
            4.4659344,
            43.8191991
          ],
          [
            4.4652802,
            43.8194341
          ],
          [
            4.4652454,
            43.8195405
          ],
          [
            4.465516,
            43.8201242
          ],
          [
            4.4657119,
            43.8208429
          ]
        ]
      },
      "properties": {
        "parking_id": "PKC_M_MANUAL_006",
        "origine_id": "ORI_007",
        "distance_m": 517,
        "temps_min": 0.9,
        "voie_dom": "tertiary",
        "veh_origine": 11
      }
    },
    {
      "type": "Feature",
      "geometry": {
        "type": "LineString",
        "coordinates": [
          [
            4.4673843,
            43.8180226
          ],
          [
            4.4672669,
            43.8185661
          ],
          [
            4.467313,
            43.818669
          ],
          [
            4.4674343,
            43.8188282
          ],
          [
            4.4694046,
            43.8186216
          ],
          [
            4.4696058,
            43.8192123
          ],
          [
            4.4697339,
            43.8195864
          ],
          [
            4.469104,
            43.8203536
          ],
          [
            4.4689408,
            43.821549
          ],
          [
            4.4666972,
            43.8280233
          ]
        ]
      },
      "properties": {
        "parking_id": "PKC_M_MANUAL_006",
        "origine_id": "ORI_016",
        "distance_m": 1417,
        "temps_min": 2.3,
        "voie_dom": "tertiary",
        "veh_origine": 10
      }
    },
    {
      "type": "Feature",
      "geometry": {
        "type": "LineString",
        "coordinates": [
          [
            4.4673843,
            43.8180226
          ],
          [
            4.4672669,
            43.8185661
          ],
          [
            4.467313,
            43.818669
          ],
          [
            4.4674343,
            43.8188282
          ],
          [
            4.4694046,
            43.8186216
          ],
          [
            4.469762,
            43.8185593
          ],
          [
            4.4702065,
            43.8184803
          ],
          [
            4.4710476,
            43.8183734
          ],
          [
            4.4719344,
            43.8182975
          ],
          [
            4.4719714,
            43.8186723
          ],
          [
            4.4721882,
            43.8186497
          ],
          [
            4.4724102,
            43.818564
          ],
          [
            4.4733559,
            43.8184699
          ],
          [
            4.4735963,
            43.8184701
          ],
          [
            4.4736416,
            43.8185173
          ],
          [
            4.4737471,
            43.818733
          ],
          [
            4.4739654,
            43.8190273
          ],
          [
            4.4745283,
            43.8190713
          ],
          [
            4.4749518,
            43.819671
          ],
          [
            4.4763044,
            43.8216525
          ],
          [
            4.4760583,
            43.8217388
          ],
          [
            4.4755018,
            43.8231994
          ],
          [
            4.4757613,
            43.8262427
          ],
          [
            4.4735259,
            43.8260765
          ]
        ]
      },
      "properties": {
        "parking_id": "PKC_M_MANUAL_006",
        "origine_id": "ORI_010",
        "distance_m": 1865,
        "temps_min": 3.6,
        "voie_dom": "tertiary",
        "veh_origine": 7
      }
    },
    {
      "type": "Feature",
      "geometry": {
        "type": "LineString",
        "coordinates": [
          [
            4.4673843,
            43.8180226
          ],
          [
            4.4672669,
            43.8185661
          ],
          [
            4.467313,
            43.818669
          ],
          [
            4.4674343,
            43.8188282
          ],
          [
            4.4694046,
            43.8186216
          ],
          [
            4.469762,
            43.8185593
          ],
          [
            4.4702065,
            43.8184803
          ],
          [
            4.4710476,
            43.8183734
          ],
          [
            4.4719344,
            43.8182975
          ],
          [
            4.4719714,
            43.8186723
          ],
          [
            4.4721882,
            43.8186497
          ],
          [
            4.4724102,
            43.818564
          ],
          [
            4.4733559,
            43.8184699
          ],
          [
            4.4735963,
            43.8184701
          ],
          [
            4.4736416,
            43.8185173
          ],
          [
            4.4737471,
            43.818733
          ],
          [
            4.4739654,
            43.8190273
          ],
          [
            4.4745283,
            43.8190713
          ],
          [
            4.4749518,
            43.819671
          ],
          [
            4.4763044,
            43.8216525
          ],
          [
            4.4760583,
            43.8217388
          ],
          [
            4.4746933,
            43.8216617
          ],
          [
            4.4747956,
            43.8218626
          ]
        ]
      },
      "properties": {
        "parking_id": "PKC_M_MANUAL_006",
        "origine_id": "ORI_009",
        "distance_m": 1325,
        "temps_min": 2.3,
        "voie_dom": "tertiary",
        "veh_origine": 6
      }
    },
    {
      "type": "Feature",
      "geometry": {
        "type": "LineString",
        "coordinates": [
          [
            4.4673843,
            43.8180226
          ],
          [
            4.4672669,
            43.8185661
          ],
          [
            4.467313,
            43.818669
          ],
          [
            4.4674343,
            43.8188282
          ],
          [
            4.4694046,
            43.8186216
          ],
          [
            4.469762,
            43.8185593
          ],
          [
            4.4702065,
            43.8184803
          ],
          [
            4.4710476,
            43.8183734
          ],
          [
            4.4719344,
            43.8182975
          ],
          [
            4.4719714,
            43.8186723
          ],
          [
            4.4721882,
            43.8186497
          ],
          [
            4.4724102,
            43.818564
          ],
          [
            4.4733559,
            43.8184699
          ],
          [
            4.4735963,
            43.8184701
          ],
          [
            4.4736416,
            43.8185173
          ],
          [
            4.4737471,
            43.818733
          ],
          [
            4.4739654,
            43.8190273
          ],
          [
            4.4745283,
            43.8190713
          ],
          [
            4.475864,
            43.81871
          ],
          [
            4.4767843,
            43.8185439
          ],
          [
            4.4771034,
            43.8185571
          ],
          [
            4.4778253,
            43.8186225
          ],
          [
            4.4785242,
            43.8187102
          ],
          [
            4.4786033,
            43.818718
          ],
          [
            4.4785795,
            43.8191035
          ],
          [
            4.4785192,
            43.8197704
          ],
          [
            4.4784765,
            43.8202219
          ]
        ]
      },
      "properties": {
        "parking_id": "PKC_M_MANUAL_006",
        "origine_id": "ORI_003",
        "distance_m": 1332,
        "temps_min": 2.3,
        "voie_dom": "tertiary",
        "veh_origine": 4
      }
    },
    {
      "type": "Feature",
      "geometry": {
        "type": "LineString",
        "coordinates": [
          [
            4.4673843,
            43.8180226
          ],
          [
            4.4672669,
            43.8185661
          ],
          [
            4.467313,
            43.818669
          ],
          [
            4.4674343,
            43.8188282
          ],
          [
            4.4672599,
            43.8188544
          ],
          [
            4.467119,
            43.8188822
          ],
          [
            4.4659344,
            43.8191991
          ],
          [
            4.4652802,
            43.8194341
          ],
          [
            4.4652454,
            43.8195405
          ],
          [
            4.465516,
            43.8201242
          ],
          [
            4.4657119,
            43.8208429
          ],
          [
            4.4644643,
            43.8210184
          ],
          [
            4.4633886,
            43.8213339
          ],
          [
            4.4629111,
            43.8214869
          ]
        ]
      },
      "properties": {
        "parking_id": "PKC_M_MANUAL_006",
        "origine_id": "ORI_011",
        "distance_m": 754,
        "temps_min": 1.4,
        "voie_dom": "tertiary",
        "veh_origine": 4
      }
    },
    {
      "type": "Feature",
      "geometry": {
        "type": "LineString",
        "coordinates": [
          [
            4.4673843,
            43.8180226
          ],
          [
            4.4672669,
            43.8185661
          ],
          [
            4.467313,
            43.818669
          ],
          [
            4.4674343,
            43.8188282
          ],
          [
            4.4694046,
            43.8186216
          ],
          [
            4.469762,
            43.8185593
          ],
          [
            4.4702065,
            43.8184803
          ],
          [
            4.4710476,
            43.8183734
          ],
          [
            4.4719344,
            43.8182975
          ],
          [
            4.4719714,
            43.8186723
          ],
          [
            4.4721882,
            43.8186497
          ],
          [
            4.4724102,
            43.818564
          ],
          [
            4.4733559,
            43.8184699
          ],
          [
            4.4735963,
            43.8184701
          ],
          [
            4.4736416,
            43.8185173
          ],
          [
            4.4737471,
            43.818733
          ],
          [
            4.4739654,
            43.8190273
          ],
          [
            4.4745283,
            43.8190713
          ],
          [
            4.4749518,
            43.819671
          ],
          [
            4.4763044,
            43.8216525
          ],
          [
            4.4766771,
            43.8221793
          ],
          [
            4.4776117,
            43.8235267
          ]
        ]
      },
      "properties": {
        "parking_id": "PKC_M_MANUAL_006",
        "origine_id": "ORI_027",
        "distance_m": 1380,
        "temps_min": 2.3,
        "voie_dom": "tertiary",
        "veh_origine": 3
      }
    },
    {
      "type": "Feature",
      "geometry": {
        "type": "LineString",
        "coordinates": [
          [
            4.4673843,
            43.8180226
          ],
          [
            4.4672669,
            43.8185661
          ],
          [
            4.467313,
            43.818669
          ],
          [
            4.4674343,
            43.8188282
          ],
          [
            4.4694046,
            43.8186216
          ],
          [
            4.469762,
            43.8185593
          ],
          [
            4.4702065,
            43.8184803
          ],
          [
            4.4710476,
            43.8183734
          ],
          [
            4.4719344,
            43.8182975
          ],
          [
            4.4719714,
            43.8186723
          ],
          [
            4.4721882,
            43.8186497
          ],
          [
            4.4724102,
            43.818564
          ],
          [
            4.4733559,
            43.8184699
          ],
          [
            4.4735963,
            43.8184701
          ],
          [
            4.4736416,
            43.8185173
          ],
          [
            4.4737471,
            43.818733
          ],
          [
            4.4739654,
            43.8190273
          ],
          [
            4.4745283,
            43.8190713
          ],
          [
            4.4749518,
            43.819671
          ],
          [
            4.4763044,
            43.8216525
          ],
          [
            4.4766771,
            43.8221793
          ],
          [
            4.4776117,
            43.8235267
          ],
          [
            4.4781501,
            43.824303
          ],
          [
            4.4783932,
            43.8246535
          ],
          [
            4.4782941,
            43.8247235
          ],
          [
            4.4772863,
            43.8242391
          ]
        ]
      },
      "properties": {
        "parking_id": "PKC_M_MANUAL_006",
        "origine_id": "ORI_002",
        "distance_m": 1648,
        "temps_min": 2.8,
        "voie_dom": "tertiary",
        "veh_origine": 1
      }
    },
    {
      "type": "Feature",
      "geometry": {
        "type": "LineString",
        "coordinates": [
          [
            4.4673843,
            43.8180226
          ],
          [
            4.4672669,
            43.8185661
          ],
          [
            4.467313,
            43.818669
          ],
          [
            4.4674343,
            43.8188282
          ],
          [
            4.4672599,
            43.8188544
          ],
          [
            4.467119,
            43.8188822
          ],
          [
            4.4659344,
            43.8191991
          ],
          [
            4.4652802,
            43.8194341
          ],
          [
            4.4652454,
            43.8195405
          ],
          [
            4.465516,
            43.8201242
          ],
          [
            4.4657119,
            43.8208429
          ],
          [
            4.4644643,
            43.8210184
          ],
          [
            4.4633886,
            43.8213339
          ],
          [
            4.4629111,
            43.8214869
          ],
          [
            4.4598793,
            43.8235362
          ]
        ]
      },
      "properties": {
        "parking_id": "PKC_M_MANUAL_006",
        "origine_id": "ORI_005",
        "distance_m": 1110,
        "temps_min": 2.1,
        "voie_dom": "tertiary",
        "veh_origine": 1
      }
    },
    {
      "type": "Feature",
      "geometry": {
        "type": "LineString",
        "coordinates": [
          [
            4.4673843,
            43.8180226
          ],
          [
            4.4672669,
            43.8185661
          ],
          [
            4.467313,
            43.818669
          ],
          [
            4.4674343,
            43.8188282
          ],
          [
            4.4694046,
            43.8186216
          ],
          [
            4.4696058,
            43.8192123
          ],
          [
            4.4697339,
            43.8195864
          ],
          [
            4.469104,
            43.8203536
          ],
          [
            4.4689408,
            43.821549
          ],
          [
            4.4705398,
            43.8217714
          ],
          [
            4.4727847,
            43.8208791
          ]
        ]
      },
      "properties": {
        "parking_id": "PKC_M_MANUAL_006",
        "origine_id": "ORI_017",
        "distance_m": 1026,
        "temps_min": 2.0,
        "voie_dom": "tertiary",
        "veh_origine": 1
      }
    },
    {
      "type": "Feature",
      "geometry": {
        "type": "LineString",
        "coordinates": [
          [
            4.4673843,
            43.8180226
          ],
          [
            4.4672669,
            43.8185661
          ],
          [
            4.467313,
            43.818669
          ],
          [
            4.4674343,
            43.8188282
          ],
          [
            4.4694046,
            43.8186216
          ],
          [
            4.4696058,
            43.8192123
          ],
          [
            4.4697339,
            43.8195864
          ],
          [
            4.469104,
            43.8203536
          ],
          [
            4.4689408,
            43.821549
          ]
        ]
      },
      "properties": {
        "parking_id": "PKC_M_MANUAL_006",
        "origine_id": "ORI_018",
        "distance_m": 672,
        "temps_min": 1.1,
        "voie_dom": "tertiary",
        "veh_origine": 1
      }
    },
    {
      "type": "Feature",
      "geometry": {
        "type": "LineString",
        "coordinates": [
          [
            4.4673843,
            43.8180226
          ],
          [
            4.4672669,
            43.8185661
          ],
          [
            4.467313,
            43.818669
          ],
          [
            4.4674343,
            43.8188282
          ],
          [
            4.4672599,
            43.8188544
          ],
          [
            4.467119,
            43.8188822
          ],
          [
            4.4659344,
            43.8191991
          ],
          [
            4.4652802,
            43.8194341
          ],
          [
            4.4652454,
            43.8195405
          ],
          [
            4.4650095,
            43.8195162
          ],
          [
            4.4620327,
            43.8203597
          ]
        ]
      },
      "properties": {
        "parking_id": "PKC_M_MANUAL_006",
        "origine_id": "ORI_020",
        "distance_m": 645,
        "temps_min": 1.1,
        "voie_dom": "tertiary",
        "veh_origine": 1
      }
    },
    {
      "type": "Feature",
      "geometry": {
        "type": "LineString",
        "coordinates": [
          [
            4.4673843,
            43.8180226
          ],
          [
            4.4672669,
            43.8185661
          ],
          [
            4.467313,
            43.818669
          ],
          [
            4.4674343,
            43.8188282
          ],
          [
            4.4694046,
            43.8186216
          ],
          [
            4.469762,
            43.8185593
          ],
          [
            4.4702065,
            43.8184803
          ],
          [
            4.4710476,
            43.8183734
          ],
          [
            4.4719344,
            43.8182975
          ],
          [
            4.4719714,
            43.8186723
          ],
          [
            4.4721882,
            43.8186497
          ],
          [
            4.4724102,
            43.818564
          ],
          [
            4.4733559,
            43.8184699
          ],
          [
            4.4735963,
            43.8184701
          ],
          [
            4.4736416,
            43.8185173
          ],
          [
            4.4737471,
            43.818733
          ],
          [
            4.4739654,
            43.8190273
          ],
          [
            4.4745283,
            43.8190713
          ],
          [
            4.4749518,
            43.819671
          ],
          [
            4.4763044,
            43.8216525
          ],
          [
            4.4760583,
            43.8217388
          ],
          [
            4.4746933,
            43.8216617
          ],
          [
            4.4742697,
            43.8218419
          ]
        ]
      },
      "properties": {
        "parking_id": "PKC_M_MANUAL_006",
        "origine_id": "ORI_021",
        "distance_m": 1340,
        "temps_min": 2.4,
        "voie_dom": "tertiary",
        "veh_origine": 1
      }
    },
    {
      "type": "Feature",
      "geometry": {
        "type": "LineString",
        "coordinates": [
          [
            4.4673843,
            43.8180226
          ],
          [
            4.4672669,
            43.8185661
          ],
          [
            4.467313,
            43.818669
          ],
          [
            4.4674343,
            43.8188282
          ],
          [
            4.4672599,
            43.8188544
          ],
          [
            4.467119,
            43.8188822
          ],
          [
            4.4659344,
            43.8191991
          ],
          [
            4.4652802,
            43.8194341
          ],
          [
            4.4652454,
            43.8195405
          ],
          [
            4.465516,
            43.8201242
          ],
          [
            4.4657119,
            43.8208429
          ],
          [
            4.4644643,
            43.8210184
          ],
          [
            4.4633886,
            43.8213339
          ],
          [
            4.4629111,
            43.8214869
          ],
          [
            4.4633394,
            43.8230098
          ]
        ]
      },
      "properties": {
        "parking_id": "PKC_M_MANUAL_006",
        "origine_id": "ORI_023",
        "distance_m": 987,
        "temps_min": 2.0,
        "voie_dom": "tertiary",
        "veh_origine": 1
      }
    },
    {
      "type": "Feature",
      "geometry": {
        "type": "LineString",
        "coordinates": [
          [
            4.4673843,
            43.8180226
          ],
          [
            4.4672669,
            43.8185661
          ],
          [
            4.467313,
            43.818669
          ],
          [
            4.4674343,
            43.8188282
          ],
          [
            4.4672599,
            43.8188544
          ],
          [
            4.467119,
            43.8188822
          ],
          [
            4.4659344,
            43.8191991
          ],
          [
            4.4652802,
            43.8194341
          ],
          [
            4.4652454,
            43.8195405
          ],
          [
            4.465516,
            43.8201242
          ],
          [
            4.4657119,
            43.8208429
          ],
          [
            4.4644643,
            43.8210184
          ],
          [
            4.4633886,
            43.8213339
          ],
          [
            4.4629111,
            43.8214869
          ]
        ]
      },
      "properties": {
        "parking_id": "PKC_M_MANUAL_006",
        "origine_id": "ORI_024",
        "distance_m": 754,
        "temps_min": 1.4,
        "voie_dom": "tertiary",
        "veh_origine": 1
      }
    },
    {
      "type": "Feature",
      "geometry": {
        "type": "LineString",
        "coordinates": [
          [
            4.4673843,
            43.8180226
          ],
          [
            4.4672669,
            43.8185661
          ],
          [
            4.467313,
            43.818669
          ],
          [
            4.4674343,
            43.8188282
          ],
          [
            4.4694046,
            43.8186216
          ],
          [
            4.4696058,
            43.8192123
          ],
          [
            4.4697339,
            43.8195864
          ],
          [
            4.469104,
            43.8203536
          ]
        ]
      },
      "properties": {
        "parking_id": "PKC_M_MANUAL_006",
        "origine_id": "ORI_025",
        "distance_m": 537,
        "temps_min": 0.9,
        "voie_dom": "tertiary",
        "veh_origine": 1
      }
    },
    {
      "type": "Feature",
      "geometry": {
        "type": "LineString",
        "coordinates": [
          [
            4.4569925,
            43.8212322
          ],
          [
            4.4569925,
            43.8212322
          ]
        ]
      },
      "properties": {
        "parking_id": "PKC_M_MANUAL_007",
        "origine_id": "ORI_006",
        "distance_m": 0,
        "temps_min": 0.0,
        "voie_dom": "inconnu",
        "veh_origine": 11
      }
    },
    {
      "type": "Feature",
      "geometry": {
        "type": "LineString",
        "coordinates": [
          [
            4.4569925,
            43.8212322
          ],
          [
            4.4620327,
            43.8203597
          ],
          [
            4.4650095,
            43.8195162
          ],
          [
            4.4650603,
            43.8193767
          ],
          [
            4.4652802,
            43.8194341
          ],
          [
            4.4652454,
            43.8195405
          ],
          [
            4.465516,
            43.8201242
          ],
          [
            4.4657119,
            43.8208429
          ]
        ]
      },
      "properties": {
        "parking_id": "PKC_M_MANUAL_007",
        "origine_id": "ORI_007",
        "distance_m": 884,
        "temps_min": 1.4,
        "voie_dom": "tertiary",
        "veh_origine": 11
      }
    },
    {
      "type": "Feature",
      "geometry": {
        "type": "LineString",
        "coordinates": [
          [
            4.4569925,
            43.8212322
          ],
          [
            4.4620327,
            43.8203597
          ],
          [
            4.4650095,
            43.8195162
          ],
          [
            4.4650603,
            43.8193767
          ],
          [
            4.4652802,
            43.8194341
          ],
          [
            4.4659344,
            43.8191991
          ],
          [
            4.467119,
            43.8188822
          ],
          [
            4.4677541,
            43.8205044
          ],
          [
            4.469104,
            43.8203536
          ],
          [
            4.4689408,
            43.821549
          ],
          [
            4.4666972,
            43.8280233
          ]
        ]
      },
      "properties": {
        "parking_id": "PKC_M_MANUAL_007",
        "origine_id": "ORI_016",
        "distance_m": 2074,
        "temps_min": 3.3,
        "voie_dom": "tertiary",
        "veh_origine": 10
      }
    },
    {
      "type": "Feature",
      "geometry": {
        "type": "LineString",
        "coordinates": [
          [
            4.4569925,
            43.8212322
          ],
          [
            4.4620327,
            43.8203597
          ],
          [
            4.4650095,
            43.8195162
          ],
          [
            4.4650603,
            43.8193767
          ],
          [
            4.4652802,
            43.8194341
          ],
          [
            4.4659344,
            43.8191991
          ],
          [
            4.467119,
            43.8188822
          ],
          [
            4.4672599,
            43.8188544
          ],
          [
            4.4674343,
            43.8188282
          ],
          [
            4.4694046,
            43.8186216
          ],
          [
            4.469762,
            43.8185593
          ],
          [
            4.4702065,
            43.8184803
          ],
          [
            4.4710476,
            43.8183734
          ],
          [
            4.4719344,
            43.8182975
          ],
          [
            4.4719714,
            43.8186723
          ],
          [
            4.4721882,
            43.8186497
          ],
          [
            4.4724102,
            43.818564
          ],
          [
            4.4733559,
            43.8184699
          ],
          [
            4.4735963,
            43.8184701
          ],
          [
            4.4736416,
            43.8185173
          ],
          [
            4.4737471,
            43.818733
          ],
          [
            4.4739654,
            43.8190273
          ],
          [
            4.4745283,
            43.8190713
          ],
          [
            4.4749518,
            43.819671
          ],
          [
            4.4763044,
            43.8216525
          ],
          [
            4.4766771,
            43.8221793
          ],
          [
            4.4776117,
            43.8235267
          ],
          [
            4.4781501,
            43.824303
          ],
          [
            4.4783932,
            43.8246535
          ],
          [
            4.4785365,
            43.8248727
          ],
          [
            4.4791133,
            43.8257106
          ],
          [
            4.4752789,
            43.828193
          ],
          [
            4.4712746,
            43.8292235
          ]
        ]
      },
      "properties": {
        "parking_id": "PKC_M_MANUAL_007",
        "origine_id": "ORI_008",
        "distance_m": 3259,
        "temps_min": 5.8,
        "voie_dom": "tertiary",
        "veh_origine": 9
      }
    },
    {
      "type": "Feature",
      "geometry": {
        "type": "LineString",
        "coordinates": [
          [
            4.4569925,
            43.8212322
          ],
          [
            4.4620327,
            43.8203597
          ],
          [
            4.4650095,
            43.8195162
          ],
          [
            4.4650603,
            43.8193767
          ],
          [
            4.4652802,
            43.8194341
          ],
          [
            4.4659344,
            43.8191991
          ],
          [
            4.467119,
            43.8188822
          ],
          [
            4.4672599,
            43.8188544
          ],
          [
            4.4674343,
            43.8188282
          ],
          [
            4.4694046,
            43.8186216
          ],
          [
            4.469762,
            43.8185593
          ],
          [
            4.4702065,
            43.8184803
          ],
          [
            4.4710476,
            43.8183734
          ],
          [
            4.4719344,
            43.8182975
          ],
          [
            4.4719714,
            43.8186723
          ],
          [
            4.4721882,
            43.8186497
          ],
          [
            4.4724102,
            43.818564
          ],
          [
            4.4733559,
            43.8184699
          ],
          [
            4.4735963,
            43.8184701
          ],
          [
            4.4736416,
            43.8185173
          ],
          [
            4.4737471,
            43.818733
          ],
          [
            4.4739654,
            43.8190273
          ],
          [
            4.4745283,
            43.8190713
          ],
          [
            4.4749518,
            43.819671
          ],
          [
            4.4763044,
            43.8216525
          ],
          [
            4.4760583,
            43.8217388
          ],
          [
            4.4755018,
            43.8231994
          ],
          [
            4.4757613,
            43.8262427
          ],
          [
            4.4735259,
            43.8260765
          ]
        ]
      },
      "properties": {
        "parking_id": "PKC_M_MANUAL_007",
        "origine_id": "ORI_010",
        "distance_m": 2605,
        "temps_min": 4.6,
        "voie_dom": "tertiary",
        "veh_origine": 7
      }
    },
    {
      "type": "Feature",
      "geometry": {
        "type": "LineString",
        "coordinates": [
          [
            4.4569925,
            43.8212322
          ],
          [
            4.4620327,
            43.8203597
          ],
          [
            4.4650095,
            43.8195162
          ],
          [
            4.4650603,
            43.8193767
          ],
          [
            4.4652802,
            43.8194341
          ],
          [
            4.4659344,
            43.8191991
          ],
          [
            4.467119,
            43.8188822
          ],
          [
            4.4672599,
            43.8188544
          ],
          [
            4.4674343,
            43.8188282
          ],
          [
            4.4694046,
            43.8186216
          ],
          [
            4.469762,
            43.8185593
          ],
          [
            4.4702065,
            43.8184803
          ],
          [
            4.4710476,
            43.8183734
          ],
          [
            4.4719344,
            43.8182975
          ],
          [
            4.4719714,
            43.8186723
          ],
          [
            4.4721882,
            43.8186497
          ],
          [
            4.4724102,
            43.818564
          ],
          [
            4.4733559,
            43.8184699
          ],
          [
            4.4735963,
            43.8184701
          ],
          [
            4.4736416,
            43.8185173
          ],
          [
            4.4737471,
            43.818733
          ],
          [
            4.4739654,
            43.8190273
          ],
          [
            4.4745283,
            43.8190713
          ],
          [
            4.4749518,
            43.819671
          ],
          [
            4.4763044,
            43.8216525
          ],
          [
            4.4760583,
            43.8217388
          ],
          [
            4.4746933,
            43.8216617
          ],
          [
            4.4747956,
            43.8218626
          ]
        ]
      },
      "properties": {
        "parking_id": "PKC_M_MANUAL_007",
        "origine_id": "ORI_009",
        "distance_m": 2064,
        "temps_min": 3.3,
        "voie_dom": "tertiary",
        "veh_origine": 6
      }
    },
    {
      "type": "Feature",
      "geometry": {
        "type": "LineString",
        "coordinates": [
          [
            4.4569925,
            43.8212322
          ],
          [
            4.4620327,
            43.8203597
          ],
          [
            4.4650095,
            43.8195162
          ],
          [
            4.4650603,
            43.8193767
          ],
          [
            4.4652802,
            43.8194341
          ],
          [
            4.4659344,
            43.8191991
          ],
          [
            4.467119,
            43.8188822
          ],
          [
            4.4672599,
            43.8188544
          ],
          [
            4.4674343,
            43.8188282
          ],
          [
            4.4694046,
            43.8186216
          ],
          [
            4.469762,
            43.8185593
          ],
          [
            4.4702065,
            43.8184803
          ],
          [
            4.4710476,
            43.8183734
          ],
          [
            4.4719344,
            43.8182975
          ],
          [
            4.4719714,
            43.8186723
          ],
          [
            4.4721882,
            43.8186497
          ],
          [
            4.4724102,
            43.818564
          ],
          [
            4.4733559,
            43.8184699
          ],
          [
            4.4735963,
            43.8184701
          ],
          [
            4.4736416,
            43.8185173
          ],
          [
            4.4737471,
            43.818733
          ],
          [
            4.4739654,
            43.8190273
          ],
          [
            4.4745283,
            43.8190713
          ],
          [
            4.4749518,
            43.819671
          ],
          [
            4.4763044,
            43.8216525
          ],
          [
            4.4766771,
            43.8221793
          ],
          [
            4.4776117,
            43.8235267
          ],
          [
            4.4781501,
            43.824303
          ],
          [
            4.4783932,
            43.8246535
          ],
          [
            4.4785365,
            43.8248727
          ],
          [
            4.4791133,
            43.8257106
          ],
          [
            4.4752789,
            43.828193
          ],
          [
            4.4712746,
            43.8292235
          ]
        ]
      },
      "properties": {
        "parking_id": "PKC_M_MANUAL_007",
        "origine_id": "ORI_019",
        "distance_m": 3259,
        "temps_min": 5.8,
        "voie_dom": "tertiary",
        "veh_origine": 6
      }
    },
    {
      "type": "Feature",
      "geometry": {
        "type": "LineString",
        "coordinates": [
          [
            4.4569925,
            43.8212322
          ],
          [
            4.4620327,
            43.8203597
          ],
          [
            4.4650095,
            43.8195162
          ],
          [
            4.4650603,
            43.8193767
          ],
          [
            4.4652802,
            43.8194341
          ],
          [
            4.4652454,
            43.8195405
          ],
          [
            4.465516,
            43.8201242
          ],
          [
            4.4657119,
            43.8208429
          ],
          [
            4.4644643,
            43.8210184
          ],
          [
            4.4633886,
            43.8213339
          ],
          [
            4.4629111,
            43.8214869
          ]
        ]
      },
      "properties": {
        "parking_id": "PKC_M_MANUAL_007",
        "origine_id": "ORI_011",
        "distance_m": 1121,
        "temps_min": 1.9,
        "voie_dom": "tertiary",
        "veh_origine": 4
      }
    },
    {
      "type": "Feature",
      "geometry": {
        "type": "LineString",
        "coordinates": [
          [
            4.4569925,
            43.8212322
          ],
          [
            4.4620327,
            43.8203597
          ],
          [
            4.4650095,
            43.8195162
          ],
          [
            4.4650603,
            43.8193767
          ],
          [
            4.4652802,
            43.8194341
          ],
          [
            4.4659344,
            43.8191991
          ],
          [
            4.467119,
            43.8188822
          ],
          [
            4.4677541,
            43.8205044
          ],
          [
            4.469104,
            43.8203536
          ],
          [
            4.4689408,
            43.821549
          ],
          [
            4.4666972,
            43.8280233
          ]
        ]
      },
      "properties": {
        "parking_id": "PKC_M_MANUAL_007",
        "origine_id": "ORI_012",
        "distance_m": 2074,
        "temps_min": 3.3,
        "voie_dom": "tertiary",
        "veh_origine": 4
      }
    },
    {
      "type": "Feature",
      "geometry": {
        "type": "LineString",
        "coordinates": [
          [
            4.4569925,
            43.8212322
          ],
          [
            4.4620327,
            43.8203597
          ],
          [
            4.4650095,
            43.8195162
          ],
          [
            4.4650603,
            43.8193767
          ],
          [
            4.4652802,
            43.8194341
          ],
          [
            4.4659344,
            43.8191991
          ],
          [
            4.467119,
            43.8188822
          ],
          [
            4.4672599,
            43.8188544
          ],
          [
            4.4674343,
            43.8188282
          ],
          [
            4.4694046,
            43.8186216
          ],
          [
            4.469762,
            43.8185593
          ],
          [
            4.4702065,
            43.8184803
          ],
          [
            4.4710476,
            43.8183734
          ],
          [
            4.4719344,
            43.8182975
          ],
          [
            4.4719714,
            43.8186723
          ],
          [
            4.4721882,
            43.8186497
          ],
          [
            4.4724102,
            43.818564
          ],
          [
            4.4733559,
            43.8184699
          ],
          [
            4.4735963,
            43.8184701
          ],
          [
            4.4736416,
            43.8185173
          ],
          [
            4.4737471,
            43.818733
          ],
          [
            4.4739654,
            43.8190273
          ],
          [
            4.4745283,
            43.8190713
          ],
          [
            4.4749518,
            43.819671
          ],
          [
            4.4763044,
            43.8216525
          ],
          [
            4.4766771,
            43.8221793
          ],
          [
            4.4776117,
            43.8235267
          ],
          [
            4.4781501,
            43.824303
          ],
          [
            4.4783932,
            43.8246535
          ],
          [
            4.4782941,
            43.8247235
          ],
          [
            4.4772863,
            43.8242391
          ]
        ]
      },
      "properties": {
        "parking_id": "PKC_M_MANUAL_007",
        "origine_id": "ORI_002",
        "distance_m": 2387,
        "temps_min": 3.8,
        "voie_dom": "tertiary",
        "veh_origine": 1
      }
    },
    {
      "type": "Feature",
      "geometry": {
        "type": "LineString",
        "coordinates": [
          [
            4.4569925,
            43.8212322
          ],
          [
            4.4620327,
            43.8203597
          ],
          [
            4.4650095,
            43.8195162
          ],
          [
            4.4650603,
            43.8193767
          ],
          [
            4.4652802,
            43.8194341
          ],
          [
            4.4652454,
            43.8195405
          ],
          [
            4.465516,
            43.8201242
          ],
          [
            4.4657119,
            43.8208429
          ],
          [
            4.4644643,
            43.8210184
          ],
          [
            4.4633886,
            43.8213339
          ],
          [
            4.4629111,
            43.8214869
          ],
          [
            4.4598793,
            43.8235362
          ]
        ]
      },
      "properties": {
        "parking_id": "PKC_M_MANUAL_007",
        "origine_id": "ORI_005",
        "distance_m": 1477,
        "temps_min": 2.6,
        "voie_dom": "tertiary",
        "veh_origine": 1
      }
    },
    {
      "type": "Feature",
      "geometry": {
        "type": "LineString",
        "coordinates": [
          [
            4.4569925,
            43.8212322
          ],
          [
            4.4620327,
            43.8203597
          ],
          [
            4.4650095,
            43.8195162
          ],
          [
            4.4650603,
            43.8193767
          ],
          [
            4.4652802,
            43.8194341
          ],
          [
            4.4659344,
            43.8191991
          ],
          [
            4.467119,
            43.8188822
          ],
          [
            4.4672599,
            43.8188544
          ],
          [
            4.4674343,
            43.8188282
          ],
          [
            4.4694046,
            43.8186216
          ],
          [
            4.469762,
            43.8185593
          ],
          [
            4.4702065,
            43.8184803
          ],
          [
            4.4710476,
            43.8183734
          ],
          [
            4.4719344,
            43.8182975
          ],
          [
            4.4719714,
            43.8186723
          ],
          [
            4.4721882,
            43.8186497
          ],
          [
            4.4724102,
            43.818564
          ],
          [
            4.4733559,
            43.8184699
          ],
          [
            4.4735963,
            43.8184701
          ],
          [
            4.4736416,
            43.8185173
          ],
          [
            4.4737471,
            43.818733
          ],
          [
            4.4739654,
            43.8190273
          ],
          [
            4.4745283,
            43.8190713
          ],
          [
            4.4749518,
            43.819671
          ],
          [
            4.4763044,
            43.8216525
          ],
          [
            4.4766771,
            43.8221793
          ],
          [
            4.4776117,
            43.8235267
          ],
          [
            4.4781501,
            43.824303
          ],
          [
            4.4783932,
            43.8246535
          ],
          [
            4.4785365,
            43.8248727
          ],
          [
            4.4791133,
            43.8257106
          ],
          [
            4.4752789,
            43.828193
          ]
        ]
      },
      "properties": {
        "parking_id": "PKC_M_MANUAL_007",
        "origine_id": "ORI_014",
        "distance_m": 2906,
        "temps_min": 5.0,
        "voie_dom": "tertiary",
        "veh_origine": 1
      }
    },
    {
      "type": "Feature",
      "geometry": {
        "type": "LineString",
        "coordinates": [
          [
            4.4569925,
            43.8212322
          ],
          [
            4.4620327,
            43.8203597
          ],
          [
            4.4650095,
            43.8195162
          ],
          [
            4.4650603,
            43.8193767
          ],
          [
            4.4652802,
            43.8194341
          ],
          [
            4.4659344,
            43.8191991
          ],
          [
            4.467119,
            43.8188822
          ],
          [
            4.4677541,
            43.8205044
          ],
          [
            4.469104,
            43.8203536
          ],
          [
            4.4689408,
            43.821549
          ],
          [
            4.4705398,
            43.8217714
          ],
          [
            4.4727847,
            43.8208791
          ]
        ]
      },
      "properties": {
        "parking_id": "PKC_M_MANUAL_007",
        "origine_id": "ORI_017",
        "distance_m": 1682,
        "temps_min": 3.0,
        "voie_dom": "tertiary",
        "veh_origine": 1
      }
    },
    {
      "type": "Feature",
      "geometry": {
        "type": "LineString",
        "coordinates": [
          [
            4.4569925,
            43.8212322
          ],
          [
            4.4620327,
            43.8203597
          ],
          [
            4.4650095,
            43.8195162
          ],
          [
            4.4650603,
            43.8193767
          ],
          [
            4.4652802,
            43.8194341
          ],
          [
            4.4659344,
            43.8191991
          ],
          [
            4.467119,
            43.8188822
          ],
          [
            4.4677541,
            43.8205044
          ],
          [
            4.469104,
            43.8203536
          ],
          [
            4.4689408,
            43.821549
          ]
        ]
      },
      "properties": {
        "parking_id": "PKC_M_MANUAL_007",
        "origine_id": "ORI_018",
        "distance_m": 1329,
        "temps_min": 2.2,
        "voie_dom": "tertiary",
        "veh_origine": 1
      }
    },
    {
      "type": "Feature",
      "geometry": {
        "type": "LineString",
        "coordinates": [
          [
            4.4569925,
            43.8212322
          ],
          [
            4.4620327,
            43.8203597
          ]
        ]
      },
      "properties": {
        "parking_id": "PKC_M_MANUAL_007",
        "origine_id": "ORI_020",
        "distance_m": 425,
        "temps_min": 0.6,
        "voie_dom": "tertiary",
        "veh_origine": 1
      }
    },
    {
      "type": "Feature",
      "geometry": {
        "type": "LineString",
        "coordinates": [
          [
            4.4569925,
            43.8212322
          ],
          [
            4.4620327,
            43.8203597
          ],
          [
            4.4650095,
            43.8195162
          ],
          [
            4.4650603,
            43.8193767
          ],
          [
            4.4652802,
            43.8194341
          ],
          [
            4.4659344,
            43.8191991
          ],
          [
            4.467119,
            43.8188822
          ],
          [
            4.4672599,
            43.8188544
          ],
          [
            4.4674343,
            43.8188282
          ],
          [
            4.4694046,
            43.8186216
          ],
          [
            4.469762,
            43.8185593
          ],
          [
            4.4702065,
            43.8184803
          ],
          [
            4.4710476,
            43.8183734
          ],
          [
            4.4719344,
            43.8182975
          ],
          [
            4.4719714,
            43.8186723
          ],
          [
            4.4721882,
            43.8186497
          ],
          [
            4.4724102,
            43.818564
          ],
          [
            4.4733559,
            43.8184699
          ],
          [
            4.4735963,
            43.8184701
          ],
          [
            4.4736416,
            43.8185173
          ],
          [
            4.4737471,
            43.818733
          ],
          [
            4.4739654,
            43.8190273
          ],
          [
            4.4745283,
            43.8190713
          ],
          [
            4.4749518,
            43.819671
          ],
          [
            4.4763044,
            43.8216525
          ],
          [
            4.4760583,
            43.8217388
          ],
          [
            4.4746933,
            43.8216617
          ],
          [
            4.4742697,
            43.8218419
          ]
        ]
      },
      "properties": {
        "parking_id": "PKC_M_MANUAL_007",
        "origine_id": "ORI_021",
        "distance_m": 2080,
        "temps_min": 3.4,
        "voie_dom": "tertiary",
        "veh_origine": 1
      }
    },
    {
      "type": "Feature",
      "geometry": {
        "type": "LineString",
        "coordinates": [
          [
            4.4569925,
            43.8212322
          ],
          [
            4.4620327,
            43.8203597
          ],
          [
            4.4650095,
            43.8195162
          ],
          [
            4.4650603,
            43.8193767
          ],
          [
            4.4652802,
            43.8194341
          ],
          [
            4.4652454,
            43.8195405
          ],
          [
            4.465516,
            43.8201242
          ],
          [
            4.4657119,
            43.8208429
          ],
          [
            4.4644643,
            43.8210184
          ],
          [
            4.4633886,
            43.8213339
          ],
          [
            4.4629111,
            43.8214869
          ],
          [
            4.4633394,
            43.8230098
          ]
        ]
      },
      "properties": {
        "parking_id": "PKC_M_MANUAL_007",
        "origine_id": "ORI_023",
        "distance_m": 1354,
        "temps_min": 2.4,
        "voie_dom": "tertiary",
        "veh_origine": 1
      }
    },
    {
      "type": "Feature",
      "geometry": {
        "type": "LineString",
        "coordinates": [
          [
            4.4569925,
            43.8212322
          ],
          [
            4.4620327,
            43.8203597
          ],
          [
            4.4650095,
            43.8195162
          ],
          [
            4.4650603,
            43.8193767
          ],
          [
            4.4652802,
            43.8194341
          ],
          [
            4.4652454,
            43.8195405
          ],
          [
            4.465516,
            43.8201242
          ],
          [
            4.4657119,
            43.8208429
          ],
          [
            4.4644643,
            43.8210184
          ],
          [
            4.4633886,
            43.8213339
          ],
          [
            4.4629111,
            43.8214869
          ]
        ]
      },
      "properties": {
        "parking_id": "PKC_M_MANUAL_007",
        "origine_id": "ORI_024",
        "distance_m": 1121,
        "temps_min": 1.9,
        "voie_dom": "tertiary",
        "veh_origine": 1
      }
    },
    {
      "type": "Feature",
      "geometry": {
        "type": "LineString",
        "coordinates": [
          [
            4.4569925,
            43.8212322
          ],
          [
            4.4620327,
            43.8203597
          ],
          [
            4.4650095,
            43.8195162
          ],
          [
            4.4650603,
            43.8193767
          ],
          [
            4.4652802,
            43.8194341
          ],
          [
            4.4659344,
            43.8191991
          ],
          [
            4.467119,
            43.8188822
          ],
          [
            4.4677541,
            43.8205044
          ],
          [
            4.469104,
            43.8203536
          ]
        ]
      },
      "properties": {
        "parking_id": "PKC_M_MANUAL_007",
        "origine_id": "ORI_025",
        "distance_m": 1194,
        "temps_min": 1.9,
        "voie_dom": "tertiary",
        "veh_origine": 1
      }
    },
    {
      "type": "Feature",
      "geometry": {
        "type": "LineString",
        "coordinates": [
          [
            4.469524,
            43.8156214
          ],
          [
            4.4698224,
            43.8171717
          ],
          [
            4.469779,
            43.8178162
          ],
          [
            4.4702065,
            43.8184803
          ],
          [
            4.4702105,
            43.818654
          ],
          [
            4.4701163,
            43.8191219
          ],
          [
            4.4699835,
            43.8192155
          ],
          [
            4.4698495,
            43.8194146
          ],
          [
            4.4697339,
            43.8195864
          ],
          [
            4.469104,
            43.8203536
          ],
          [
            4.4677541,
            43.8205044
          ],
          [
            4.4657119,
            43.8208429
          ]
        ]
      },
      "properties": {
        "parking_id": "PKC_M_MANUAL_010",
        "origine_id": "ORI_007",
        "distance_m": 843,
        "temps_min": 1.4,
        "voie_dom": "tertiary",
        "veh_origine": 11
      }
    },
    {
      "type": "Feature",
      "geometry": {
        "type": "LineString",
        "coordinates": [
          [
            4.469524,
            43.8156214
          ],
          [
            4.4698224,
            43.8171717
          ],
          [
            4.469779,
            43.8178162
          ],
          [
            4.4702065,
            43.8184803
          ],
          [
            4.4702105,
            43.818654
          ],
          [
            4.4701163,
            43.8191219
          ],
          [
            4.4699835,
            43.8192155
          ],
          [
            4.4698495,
            43.8194146
          ],
          [
            4.4697339,
            43.8195864
          ],
          [
            4.469104,
            43.8203536
          ],
          [
            4.4689408,
            43.821549
          ],
          [
            4.4666972,
            43.8280233
          ]
        ]
      },
      "properties": {
        "parking_id": "PKC_M_MANUAL_010",
        "origine_id": "ORI_016",
        "distance_m": 1444,
        "temps_min": 2.2,
        "voie_dom": "tertiary",
        "veh_origine": 10
      }
    },
    {
      "type": "Feature",
      "geometry": {
        "type": "LineString",
        "coordinates": [
          [
            4.469524,
            43.8156214
          ],
          [
            4.4698224,
            43.8171717
          ],
          [
            4.469779,
            43.8178162
          ],
          [
            4.4702065,
            43.8184803
          ],
          [
            4.4710476,
            43.8183734
          ],
          [
            4.4719344,
            43.8182975
          ],
          [
            4.4719714,
            43.8186723
          ],
          [
            4.4721882,
            43.8186497
          ],
          [
            4.4724102,
            43.818564
          ],
          [
            4.4733559,
            43.8184699
          ],
          [
            4.4735963,
            43.8184701
          ],
          [
            4.4736416,
            43.8185173
          ],
          [
            4.4737471,
            43.818733
          ],
          [
            4.4739654,
            43.8190273
          ],
          [
            4.4745283,
            43.8190713
          ],
          [
            4.4749518,
            43.819671
          ],
          [
            4.4763044,
            43.8216525
          ],
          [
            4.4760583,
            43.8217388
          ],
          [
            4.4746933,
            43.8216617
          ],
          [
            4.4747956,
            43.8218626
          ]
        ]
      },
      "properties": {
        "parking_id": "PKC_M_MANUAL_010",
        "origine_id": "ORI_009",
        "distance_m": 1263,
        "temps_min": 2.1,
        "voie_dom": "tertiary",
        "veh_origine": 6
      }
    },
    {
      "type": "Feature",
      "geometry": {
        "type": "LineString",
        "coordinates": [
          [
            4.469524,
            43.8156214
          ],
          [
            4.4698224,
            43.8171717
          ],
          [
            4.469779,
            43.8178162
          ],
          [
            4.4702065,
            43.8184803
          ],
          [
            4.4710476,
            43.8183734
          ],
          [
            4.4719344,
            43.8182975
          ],
          [
            4.4719714,
            43.8186723
          ],
          [
            4.4721882,
            43.8186497
          ],
          [
            4.4724102,
            43.818564
          ],
          [
            4.4733559,
            43.8184699
          ],
          [
            4.4735963,
            43.8184701
          ],
          [
            4.4736416,
            43.8185173
          ],
          [
            4.4737471,
            43.818733
          ],
          [
            4.4739654,
            43.8190273
          ],
          [
            4.4745283,
            43.8190713
          ],
          [
            4.475864,
            43.81871
          ],
          [
            4.4767843,
            43.8185439
          ],
          [
            4.4771034,
            43.8185571
          ],
          [
            4.4778253,
            43.8186225
          ],
          [
            4.4785242,
            43.8187102
          ],
          [
            4.4786033,
            43.818718
          ],
          [
            4.4785795,
            43.8191035
          ],
          [
            4.4785192,
            43.8197704
          ],
          [
            4.4784765,
            43.8202219
          ]
        ]
      },
      "properties": {
        "parking_id": "PKC_M_MANUAL_010",
        "origine_id": "ORI_003",
        "distance_m": 1270,
        "temps_min": 2.2,
        "voie_dom": "tertiary",
        "veh_origine": 4
      }
    },
    {
      "type": "Feature",
      "geometry": {
        "type": "LineString",
        "coordinates": [
          [
            4.469524,
            43.8156214
          ],
          [
            4.4698224,
            43.8171717
          ],
          [
            4.469779,
            43.8178162
          ],
          [
            4.4702065,
            43.8184803
          ],
          [
            4.4702105,
            43.818654
          ],
          [
            4.4701163,
            43.8191219
          ],
          [
            4.4699835,
            43.8192155
          ],
          [
            4.4698495,
            43.8194146
          ],
          [
            4.4697339,
            43.8195864
          ],
          [
            4.469104,
            43.8203536
          ],
          [
            4.4677541,
            43.8205044
          ],
          [
            4.4657119,
            43.8208429
          ],
          [
            4.4644643,
            43.8210184
          ],
          [
            4.4633886,
            43.8213339
          ],
          [
            4.4629111,
            43.8214869
          ]
        ]
      },
      "properties": {
        "parking_id": "PKC_M_MANUAL_010",
        "origine_id": "ORI_011",
        "distance_m": 1081,
        "temps_min": 1.9,
        "voie_dom": "tertiary",
        "veh_origine": 4
      }
    },
    {
      "type": "Feature",
      "geometry": {
        "type": "LineString",
        "coordinates": [
          [
            4.469524,
            43.8156214
          ],
          [
            4.4698224,
            43.8171717
          ],
          [
            4.469779,
            43.8178162
          ],
          [
            4.4702065,
            43.8184803
          ],
          [
            4.4710476,
            43.8183734
          ],
          [
            4.4719344,
            43.8182975
          ],
          [
            4.4719714,
            43.8186723
          ],
          [
            4.4721882,
            43.8186497
          ],
          [
            4.4724102,
            43.818564
          ],
          [
            4.4733559,
            43.8184699
          ],
          [
            4.4735963,
            43.8184701
          ],
          [
            4.4736416,
            43.8185173
          ],
          [
            4.4737471,
            43.818733
          ],
          [
            4.4739654,
            43.8190273
          ],
          [
            4.4745283,
            43.8190713
          ],
          [
            4.4749518,
            43.819671
          ],
          [
            4.4763044,
            43.8216525
          ],
          [
            4.4766771,
            43.8221793
          ],
          [
            4.4776117,
            43.8235267
          ]
        ]
      },
      "properties": {
        "parking_id": "PKC_M_MANUAL_010",
        "origine_id": "ORI_027",
        "distance_m": 1318,
        "temps_min": 2.1,
        "voie_dom": "tertiary",
        "veh_origine": 3
      }
    },
    {
      "type": "Feature",
      "geometry": {
        "type": "LineString",
        "coordinates": [
          [
            4.469524,
            43.8156214
          ],
          [
            4.4698224,
            43.8171717
          ],
          [
            4.469779,
            43.8178162
          ],
          [
            4.4702065,
            43.8184803
          ],
          [
            4.4710476,
            43.8183734
          ],
          [
            4.4719344,
            43.8182975
          ],
          [
            4.4719714,
            43.8186723
          ],
          [
            4.4721882,
            43.8186497
          ],
          [
            4.4724102,
            43.818564
          ],
          [
            4.4733559,
            43.8184699
          ],
          [
            4.4735963,
            43.8184701
          ],
          [
            4.4736416,
            43.8185173
          ],
          [
            4.4737471,
            43.818733
          ],
          [
            4.4739654,
            43.8190273
          ],
          [
            4.4745283,
            43.8190713
          ],
          [
            4.4749518,
            43.819671
          ],
          [
            4.4763044,
            43.8216525
          ],
          [
            4.4766771,
            43.8221793
          ],
          [
            4.4776117,
            43.8235267
          ],
          [
            4.4781501,
            43.824303
          ],
          [
            4.4783932,
            43.8246535
          ],
          [
            4.4782941,
            43.8247235
          ],
          [
            4.4772863,
            43.8242391
          ]
        ]
      },
      "properties": {
        "parking_id": "PKC_M_MANUAL_010",
        "origine_id": "ORI_002",
        "distance_m": 1586,
        "temps_min": 2.6,
        "voie_dom": "tertiary",
        "veh_origine": 1
      }
    },
    {
      "type": "Feature",
      "geometry": {
        "type": "LineString",
        "coordinates": [
          [
            4.469524,
            43.8156214
          ],
          [
            4.4698224,
            43.8171717
          ],
          [
            4.469779,
            43.8178162
          ],
          [
            4.4702065,
            43.8184803
          ],
          [
            4.4702105,
            43.818654
          ],
          [
            4.4701163,
            43.8191219
          ],
          [
            4.4699835,
            43.8192155
          ],
          [
            4.4698495,
            43.8194146
          ],
          [
            4.4697339,
            43.8195864
          ],
          [
            4.469104,
            43.8203536
          ],
          [
            4.4689408,
            43.821549
          ],
          [
            4.4705398,
            43.8217714
          ],
          [
            4.4727847,
            43.8208791
          ]
        ]
      },
      "properties": {
        "parking_id": "PKC_M_MANUAL_010",
        "origine_id": "ORI_017",
        "distance_m": 1052,
        "temps_min": 1.9,
        "voie_dom": "tertiary",
        "veh_origine": 1
      }
    },
    {
      "type": "Feature",
      "geometry": {
        "type": "LineString",
        "coordinates": [
          [
            4.469524,
            43.8156214
          ],
          [
            4.4698224,
            43.8171717
          ],
          [
            4.469779,
            43.8178162
          ],
          [
            4.4702065,
            43.8184803
          ],
          [
            4.4702105,
            43.818654
          ],
          [
            4.4701163,
            43.8191219
          ],
          [
            4.4699835,
            43.8192155
          ],
          [
            4.4698495,
            43.8194146
          ],
          [
            4.4697339,
            43.8195864
          ],
          [
            4.469104,
            43.8203536
          ],
          [
            4.4689408,
            43.821549
          ]
        ]
      },
      "properties": {
        "parking_id": "PKC_M_MANUAL_010",
        "origine_id": "ORI_018",
        "distance_m": 699,
        "temps_min": 1.0,
        "voie_dom": "tertiary",
        "veh_origine": 1
      }
    },
    {
      "type": "Feature",
      "geometry": {
        "type": "LineString",
        "coordinates": [
          [
            4.469524,
            43.8156214
          ],
          [
            4.4698224,
            43.8171717
          ],
          [
            4.469779,
            43.8178162
          ],
          [
            4.4702065,
            43.8184803
          ],
          [
            4.469762,
            43.8185593
          ],
          [
            4.4694046,
            43.8186216
          ],
          [
            4.4674343,
            43.8188282
          ],
          [
            4.4672599,
            43.8188544
          ],
          [
            4.467119,
            43.8188822
          ],
          [
            4.4659344,
            43.8191991
          ],
          [
            4.4652802,
            43.8194341
          ],
          [
            4.4652454,
            43.8195405
          ],
          [
            4.4650095,
            43.8195162
          ],
          [
            4.4620327,
            43.8203597
          ]
        ]
      },
      "properties": {
        "parking_id": "PKC_M_MANUAL_010",
        "origine_id": "ORI_020",
        "distance_m": 1036,
        "temps_min": 1.6,
        "voie_dom": "tertiary",
        "veh_origine": 1
      }
    },
    {
      "type": "Feature",
      "geometry": {
        "type": "LineString",
        "coordinates": [
          [
            4.469524,
            43.8156214
          ],
          [
            4.4698224,
            43.8171717
          ],
          [
            4.469779,
            43.8178162
          ],
          [
            4.4702065,
            43.8184803
          ],
          [
            4.4710476,
            43.8183734
          ],
          [
            4.4719344,
            43.8182975
          ],
          [
            4.4719714,
            43.8186723
          ],
          [
            4.4721882,
            43.8186497
          ],
          [
            4.4724102,
            43.818564
          ],
          [
            4.4733559,
            43.8184699
          ],
          [
            4.4735963,
            43.8184701
          ],
          [
            4.4736416,
            43.8185173
          ],
          [
            4.4737471,
            43.818733
          ],
          [
            4.4739654,
            43.8190273
          ],
          [
            4.4745283,
            43.8190713
          ],
          [
            4.4749518,
            43.819671
          ],
          [
            4.4763044,
            43.8216525
          ],
          [
            4.4760583,
            43.8217388
          ],
          [
            4.4746933,
            43.8216617
          ],
          [
            4.4742697,
            43.8218419
          ]
        ]
      },
      "properties": {
        "parking_id": "PKC_M_MANUAL_010",
        "origine_id": "ORI_021",
        "distance_m": 1278,
        "temps_min": 2.2,
        "voie_dom": "tertiary",
        "veh_origine": 1
      }
    },
    {
      "type": "Feature",
      "geometry": {
        "type": "LineString",
        "coordinates": [
          [
            4.469524,
            43.8156214
          ],
          [
            4.4698224,
            43.8171717
          ],
          [
            4.469779,
            43.8178162
          ],
          [
            4.4702065,
            43.8184803
          ],
          [
            4.4702105,
            43.818654
          ],
          [
            4.4701163,
            43.8191219
          ],
          [
            4.4699835,
            43.8192155
          ],
          [
            4.4698495,
            43.8194146
          ],
          [
            4.4697339,
            43.8195864
          ],
          [
            4.469104,
            43.8203536
          ],
          [
            4.4677541,
            43.8205044
          ],
          [
            4.4657119,
            43.8208429
          ],
          [
            4.4644643,
            43.8210184
          ],
          [
            4.4633886,
            43.8213339
          ],
          [
            4.4629111,
            43.8214869
          ],
          [
            4.4633394,
            43.8230098
          ]
        ]
      },
      "properties": {
        "parking_id": "PKC_M_MANUAL_010",
        "origine_id": "ORI_023",
        "distance_m": 1314,
        "temps_min": 2.4,
        "voie_dom": "tertiary",
        "veh_origine": 1
      }
    },
    {
      "type": "Feature",
      "geometry": {
        "type": "LineString",
        "coordinates": [
          [
            4.469524,
            43.8156214
          ],
          [
            4.4698224,
            43.8171717
          ],
          [
            4.469779,
            43.8178162
          ],
          [
            4.4702065,
            43.8184803
          ],
          [
            4.4702105,
            43.818654
          ],
          [
            4.4701163,
            43.8191219
          ],
          [
            4.4699835,
            43.8192155
          ],
          [
            4.4698495,
            43.8194146
          ],
          [
            4.4697339,
            43.8195864
          ],
          [
            4.469104,
            43.8203536
          ],
          [
            4.4677541,
            43.8205044
          ],
          [
            4.4657119,
            43.8208429
          ],
          [
            4.4644643,
            43.8210184
          ],
          [
            4.4633886,
            43.8213339
          ],
          [
            4.4629111,
            43.8214869
          ]
        ]
      },
      "properties": {
        "parking_id": "PKC_M_MANUAL_010",
        "origine_id": "ORI_024",
        "distance_m": 1081,
        "temps_min": 1.9,
        "voie_dom": "tertiary",
        "veh_origine": 1
      }
    },
    {
      "type": "Feature",
      "geometry": {
        "type": "LineString",
        "coordinates": [
          [
            4.469524,
            43.8156214
          ],
          [
            4.4698224,
            43.8171717
          ],
          [
            4.469779,
            43.8178162
          ],
          [
            4.4702065,
            43.8184803
          ],
          [
            4.4702105,
            43.818654
          ],
          [
            4.4701163,
            43.8191219
          ],
          [
            4.4699835,
            43.8192155
          ],
          [
            4.4698495,
            43.8194146
          ],
          [
            4.4697339,
            43.8195864
          ],
          [
            4.469104,
            43.8203536
          ]
        ]
      },
      "properties": {
        "parking_id": "PKC_M_MANUAL_010",
        "origine_id": "ORI_025",
        "distance_m": 564,
        "temps_min": 0.8,
        "voie_dom": "tertiary",
        "veh_origine": 1
      }
    },
    {
      "type": "Feature",
      "geometry": {
        "type": "LineString",
        "coordinates": [
          [
            4.469524,
            43.8156214
          ],
          [
            4.4698224,
            43.8171717
          ],
          [
            4.469779,
            43.8178162
          ],
          [
            4.4702065,
            43.8184803
          ],
          [
            4.4710476,
            43.8183734
          ],
          [
            4.4719344,
            43.8182975
          ],
          [
            4.4719714,
            43.8186723
          ],
          [
            4.4721882,
            43.8186497
          ],
          [
            4.4724102,
            43.818564
          ],
          [
            4.4733559,
            43.8184699
          ],
          [
            4.4735963,
            43.8184701
          ],
          [
            4.4736416,
            43.8185173
          ],
          [
            4.4737471,
            43.818733
          ],
          [
            4.4739654,
            43.8190273
          ],
          [
            4.4745283,
            43.8190713
          ],
          [
            4.475864,
            43.81871
          ],
          [
            4.4767843,
            43.8185439
          ],
          [
            4.4771034,
            43.8185571
          ],
          [
            4.4778253,
            43.8186225
          ],
          [
            4.4785242,
            43.8187102
          ],
          [
            4.4786033,
            43.818718
          ],
          [
            4.480089,
            43.8189551
          ],
          [
            4.4804931,
            43.8190351
          ],
          [
            4.4808285,
            43.82001
          ]
        ]
      },
      "properties": {
        "parking_id": "PKC_M_MANUAL_010",
        "origine_id": "ORI_026",
        "distance_m": 1370,
        "temps_min": 2.3,
        "voie_dom": "tertiary",
        "veh_origine": 1
      }
    }
  ]
}