{"type": "FeatureCollection", "features": [{"type": "Feature", "geometry": {"type": "Polygon", "coordinates": [[[4.45475354110135, 43.840692], [4.475482605924248, 43.840692], [4.474257227104365, 43.83976929805929], [4.4742528627894185, 43.83976632127493], [4.474246920071917, 43.839766902754235], [4.4741978338843245, 43.83977350821145], [4.474174157642713, 43.839775848956904], [4.474150280306018, 43.839776533917394], [4.4741264223889, 43.8397755567671], [4.474102804226674, 43.83977292653032], [4.474079643940375, 43.8397686674981], [4.474057155422301, 43.839762819003944], [4.474035546360593, 43.8397554350605], [4.474015016321129, 43.83974658386077], [4.473995754904451, 43.83973634714826], [4.473977939994708, 43.839724819462035], [4.473961736116845, 43.8397121072637], [4.473947292917162, 43.83969832795403], [4.47393474378131, 43.83968360878878], [4.4739242046024605, 43.83966808570351], [4.473915772711042, 43.83965190205801], [4.4739095259759125, 43.83963520731238], [4.473905522085289, 43.839618155646804], [4.473903798014046, 43.8396009045375], [4.473904369682319, 43.839583613302466], [4.473930140892545, 43.83932496223534], [4.473930269298063, 43.83932060796204], [4.47392434292864, 43.83931985446659], [4.473725562175627, 43.839302033478724], [4.473700987257992, 43.83929891739104], [4.4736769674572745, 43.839294034487374], [4.473653744590061, 43.83928743392584], [4.473631552449683, 43.83927918215688], [4.473610614452475, 43.83926936225425], [4.473591141388529, 43.839258073078696], [4.473573329299561, 43.83924542828261], [4.473557357505281, 43.83923155516582], [4.473543386798126, 43.83921659339406], [4.473531557824537, 43.839200693592836], [4.47352198966905, 43.83918401583093], [4.473514778655502, 43.83916672800907], [4.4735099973773735, 43.839149004169414], [4.473507693967039, 43.839131022743565], [4.473507891611308, 43.83911296475609], [4.473541067113973, 43.83870020120417], [4.47354111223401, 43.83869568868681], [4.4735381150937235, 43.83869173171784], [4.472711361552225, 43.837720831065695], [4.472707685847728, 43.83771698112003], [4.47270298476965, 43.83771376835964], [4.47171949824587, 43.83710886183017], [4.4717023892802645, 43.83709729137253], [4.471686859750341, 43.837084607325], [4.47167304736296, 43.83707092216323], [4.47166107459797, 43.83705635724022], [4.471651047622157, 43.83704104171015], [4.471643055347839, 43.83702511138302], [4.471637168644491, 43.83700870752043], [4.471633439710362, 43.83699197558297], [4.471631901609683, 43.83697506394017], [4.471608621042592, 43.83607096546331], [4.471608215731583, 43.836066640019084], [4.471604111556206, 43.836063482527464], [4.471106437553508, 43.835716419443685], [4.47110189332054, 43.83571354769], [4.471100133155008, 43.835713117930915], [4.471079348167422, 43.83570882124329], [4.4710558257572535, 43.83570201858018], [4.471033381573822, 43.83569351885042], [4.47101224855587, 43.83568341026938], [4.4709926460337535, 43.835671797750024], [4.47097477745307, 43.83565880181394], [4.470958828263175, 43.83564455734062], [4.470944963992493, 43.8356292121675], [4.470933328530602, 43.83561292555552], [4.470924042634916, 43.83559586653635], [4.470917202677446, 43.83557821215792], [4.470912879644703, 43.835560145646994], [4.470911118401022, 43.83554185450746], [4.470874866103685, 43.83413326386949], [4.470875670576902, 43.83411506281815], [4.470879011718768, 43.8340970137777], [4.470884855322546, 43.83407930152203], [4.470893141563121, 43.83406210737712], [4.471158804641028, 43.8335892475584], [4.471169376031308, 43.8335728465797], [4.471182169412036, 43.833557297062676], [4.4711970554173, 43.83354275624098], [4.4712138835213215, 43.83352937114841], [4.471232483560574, 43.83351727713216], [4.471252667454459, 43.8335065964842], [4.471274231107142, 43.833497437204905], [4.471296956471312, 43.83348989191069], [4.471320613752989, 43.83348403689782], [4.471344963735115, 43.8334799313708], [4.471369760196395, 43.833477616843695], [4.471394752400975, 43.833477116720424], [4.471419687633742, 43.833478436058115], [4.471660885337412, 43.83350006704202], [4.471666550712074, 43.83350037738699], [4.471667759752073, 43.833496358781545], [4.471769749199338, 43.83305760998417], [4.471774780191329, 43.83304087672604], [4.471781985359997, 43.83302456534465], [4.471791299472526, 43.83300882351279], [4.471802638203272, 43.83299379374683], [4.471815898897241, 43.83297961211635], [4.471830961499507, 43.832966407012464], [4.471847689642138, 43.83295429798531], [4.471865931878806, 43.83294339466184], [4.471885523055883, 43.8329337957533], [4.471906285807634, 43.8329255881616], [4.471928032161947, 43.83291884619263], [4.471950565242074, 43.832913630883475], [4.471962333173082, 43.83291134768276], [4.471966684591682, 43.83290838409291], [4.472263157613812, 43.832685613913476], [4.472267110808128, 43.83268233628385], [4.472268467943277, 43.83267809753209], [4.472323556842206, 43.832457381348775], [4.4723290803734805, 43.83244014356398], [4.472336915586776, 43.832423381744505], [4.472346986740406, 43.832407257919726], [4.47235919647903, 43.83239192795168], [4.4723734267748, 43.83237754002843], [4.472389540068341, 43.83236423323158], [4.4724073805985, 43.83235213619185], [4.472426775908047, 43.8323413658457], [4.4724475385107425, 43.832332026305046], [4.472469467703672, 43.83232420785079], [4.472492351507321, 43.83231798606019], [4.472685878407755, 43.83227309368956], [4.472691759449478, 43.83227148350801], [4.472695265107515, 43.832267705013535], [4.473073842777574, 43.831810458911136], [4.473087417277336, 43.831795753830676], [4.473102919980628, 43.83178208422523], [4.4731202011845665, 43.83176958209505], [4.473139094012546, 43.83175836816662], [4.473159416025683, 43.83174855072682], [4.4731809709845285, 43.83174022457741], [4.473203550744033, 43.831733470119424], [4.473226937263451, 43.831728352577024], [4.473250904711811, 43.83172492136745], [4.473275221648578, 43.831723209623995], [4.473299372366816, 43.83172323359724], [4.473299458142285, 43.83172323071693], [4.473308987502304, 43.83172081385871], [4.4733318897956345, 43.83171588592175], [4.473355339767555, 43.831712572142145], [4.4733791208564035, 43.83171090312277], [4.47340301344272, 43.8317108942771], [4.473426796877388, 43.83171254568682], [4.473450251519287, 43.831715842101104], [4.473473160763628, 43.83172075307741], [4.4734953130422515, 43.83172723326264], [4.473516503777433, 43.83173522281199], [4.4735365372711255, 43.831744647941534], [4.47355522851221, 43.831755421609685], [4.473572404885075, 43.831767444320924], [4.473587907763712, 43.83178060504474], [4.473601593976668, 43.831794782240834], [4.47361225083568, 43.83180845161192], [4.47361253778843, 43.83180877936963], [4.473615212302508, 43.83180518908674], [4.473643391936515, 43.8317624127166], [4.473655063234236, 43.83174674152356], [4.473668816235005, 43.83173198174896], [4.47368451636197, 43.831718277819505], [4.473702009985669, 43.83170576383018], [4.47372112592734, 43.8316945622322], [4.473741677133941, 43.83168478263469], [4.473763462508491, 43.83167652073229], [4.473786268877802, 43.83166985736879], [4.473809873078384, 43.83166485774599], [4.473834044140072, 43.83166157078578], [4.473858545546052, 43.83166002865149], [4.473883137547137, 43.83166024643304], [4.473907579507689, 43.83166222199941], [4.473931632260184, 43.83166593601952], [4.474529220100821, 43.831780844852915], [4.4745538666028555, 43.831786594009515], [4.474577553402498, 43.83179416769924], [4.47460002355917, 43.831803483767274], [4.4746210333293845, 43.83181444115852], [4.4746403548106715, 43.83182692101371], [4.474657778413734, 43.83184078795867], [4.476257042956982, 43.8332550009412], [4.476261139173433, 43.833258273294405], [4.4762672364854845, 43.83325841236595], [4.476447711387, 43.83325596944345], [4.476472209124089, 43.83325651244419], [4.476496513980562, 43.83325879880551], [4.476520389777462, 43.83326280631006], [4.476543604505042, 43.8332684960155], [4.476565932577231, 43.833275812632934], [4.476587157023679, 43.83328468506416], [4.4766070715980995, 43.83329502709252], [4.476625482782418, 43.833306738220735], [4.476642211667239, 43.83331970464737], [4.476657095690383, 43.83333380037272], [4.476669990216575, 43.83334888842318], [4.476680769942958, 43.83336482218215], [4.476689330116757, 43.83338144681487], [4.476695587553252, 43.833398600772924], [4.476699481444198, 43.83341611736409], [4.476700750398221, 43.83343117387919], [4.476700941559729, 43.8334324648113], [4.476704999661818, 43.83343547671032], [4.4805948213873705, 43.83606007017659], [4.480612944669766, 43.83607365178796], [4.480629002406798, 43.836088533098476], [4.480642817846236, 43.83610455030671], [4.482358322735519, 43.83834728756331], [4.482361465793609, 43.83835096332523], [4.482366297854648, 43.83835350379217], [4.484998021171271, 43.839600517873706], [4.485017101653152, 43.83961052430233], [4.485034787948709, 43.83962179300868], [4.485050921250369, 43.83963422281016], [4.485065356694741, 43.83964770209848], [4.48507796466337, 43.83966210984191], [4.485088631946616, 43.83967731667184], [4.485097262760213, 43.839693186044606], [4.485103779605373, 43.839709575467225], [4.485108123964705, 43.83972633777713], [4.485110256827717, 43.83974332246334], [4.4851101590411675, 43.839760377018045], [4.485107831481103, 43.83977734830589], [4.484977903745202, 43.84041537544494], [4.484973442004471, 43.840431890373054], [4.484966868773962, 43.840448031506085], [4.484958241513377, 43.84046365774246], [4.484947635638382, 43.84047863248156], [4.484935143861394, 43.84049282481796], [4.484920875381155, 43.84050611068559], [4.4849049549281785, 43.84051837394251], [4.484657434378084, 43.840692], [4.497375092929013, 43.840692], [4.497238922071457, 43.840519186303794], [4.497227989262436, 43.840503597431294], [4.497219197597849, 43.840487314367834], [4.497212630025852, 43.84047049074532], [4.4972083485099414, 43.84045328529581], [4.497158699552897, 43.84017759399777], [4.497156751955419, 43.84016033275551], [4.497157105491859, 43.84014301593735], [4.497159756886636, 43.840125803884696], [4.497164681587692, 43.840108855968744], [4.497171833993895, 43.840092329114746], [4.497181147877349, 43.840076376349195], [4.497192536996672, 43.840061145382734], [4.497205895895597, 43.84004677724267], [4.497221100879451, 43.84003340496696], [4.497238011160513, 43.84002115237263], [4.497626277864666, 43.839765681278614], [4.497630588229138, 43.83976254561265], [4.497631083412543, 43.839758136805145], [4.497669258547973, 43.83886684081311], [4.497669113096513, 43.838862111076104], [4.497666280551992, 43.83885784751366], [4.4969904507386484, 43.837965537244955], [4.496979948110815, 43.83794992818487], [4.49697157215909, 43.8379336592625], [4.496965400824624, 43.83791688186943], [4.4969614915331775, 43.837899752128706], [4.496959880660829, 43.83788242944208], [4.496945838579429, 43.83734634703123], [4.4969454364404475, 43.83734211483303], [4.496939598769824, 43.837342490513066], [4.495401532133298, 43.83749753766512], [4.495395696818155, 43.8374983389539], [4.4953933780813236, 43.83750229694346], [4.495020954188735, 43.83823633365473], [4.495011703568847, 43.83825218099822], [4.4950004048272225, 43.838267316636944], [4.494987161198305, 43.8382816022773], [4.494972093687142, 43.83829490739203], [4.494955339963793, 43.83830711041272], [4.494937053105472, 43.83831809984079], [4.494917400197899, 43.838327775266045], [4.49489656080863, 43.838336048284326], [4.494874725346347, 43.838342843305185], [4.494137657519132, 43.838542573396516], [4.494114831825182, 43.83854786577315], [4.494091408199265, 43.83855154284072], [4.494067604282277, 43.838553570433675], [4.49404364124869, 43.83855392971264], [4.494019741751454, 43.83855261733933], [4.493996127853153, 43.83854964550772], [4.493973018962649, 43.83854504183061], [4.493950629796387, 43.83853884908314], [4.493929168383308, 43.83853112480536], [4.493908834131895, 43.83852194076744], [4.493889815977357, 43.838511382302976], [4.493872290626086, 43.83849954751592], [4.493856420913813, 43.83848654636918], [4.493842354292604, 43.83847249966277], [4.493830221460835, 43.83845753791145], [4.493430893452234, 43.837905792288744], [4.493420528819211, 43.83788955643681], [4.4934124416116115, 43.83787265614411], [4.493406711690044, 43.83785525830418], [4.493403395636313, 43.83783753472372], [4.493402526194742, 43.837819660426035], [4.493404111948909, 43.837801811922574], [4.493408137236974, 43.83778416546997], [4.49341456230643, 43.83776689532931], [4.493423323706753, 43.83775017204548], [4.4934343349160555, 43.837734160762864], [4.493447487195581, 43.83771901959467], [4.4934626506635675, 43.83770489806143], [4.493479675577887, 43.83769193561465], [4.49349839381479, 43.837680260259575], [4.493518620529171, 43.8376699872913], [4.493540155979916, 43.83766121815614], [4.493562787502352, 43.83765403944989], [4.493586291608292, 43.837648522062764], [4.4937761600066315, 43.83761138805127], [4.493781712987184, 43.83761009255571], [4.493784472272112, 43.837606371649585], [4.493905258986838, 43.83742291562273], [4.493916613259187, 43.83740761760912], [4.493929951526075, 43.83739318288033], [4.493945149609093, 43.83737974582114], [4.493962066015557, 43.83736743152815], [4.4939805432558115, 43.837356354645095], [4.494000409309431, 43.837346618295626], [4.494021479226702, 43.837338313123205], [4.494043556850449, 43.837331516447314], [4.494066436642192, 43.837326291543576], [4.494089905595627, 43.83732268705476], [4.494822905802913, 43.83723661507628], [4.494828788691604, 43.83723570299421], [4.494829721051754, 43.83723140075379], [4.494881146923568, 43.83687961879157], [4.494881471313446, 43.836875386458836], [4.494875631241166, 43.836875699033826], [4.493945280548491, 43.8369594997206], [4.493921250239424, 43.83696081229363], [4.493897157251808, 43.83696043484454], [4.493873227902202, 43.83695837091892], [4.493849686970001, 43.836954639904114], [4.493826755585912, 43.836949276847314], [4.49380464915472, 43.836942332126185], [4.4937835753318485, 43.836933870975656], [4.493763732072719, 43.836923972875155], [4.493745305773236, 43.836912730801984], [4.493728469518876, 43.83690025035792], [4.493713381458818, 43.83688664877723], [4.493700183320389, 43.83687205382546], [4.493688999077779, 43.83685660259914], [4.4936799337875515, 43.83684044023807], [4.493673072601834, 43.83682371856193], [4.493668479968528, 43.83680659464407], [4.49363259670877, 43.836626544279184], [4.493631501038038, 43.836622453206694], [4.493625746437848, 43.8366223311281], [4.493389545797169, 43.83662556532443], [4.493383328352814, 43.83662588282482], [4.49337994901906, 43.83662967381509], [4.492594974308627, 43.83761857966607], [4.492581587937648, 43.83763365290533], [4.492566197212982, 43.837647687940446], [4.492548954691365, 43.83766054565127], [4.492530031285536, 43.83767209858765], [4.492509614570089, 43.837682232232716], [4.49248790692218, 43.83769084613807], [4.4924651235154585, 43.83769785491952], [4.4924414901871685, 43.837703189103344], [4.492417241199515, 43.83770679581515], [4.492392616917515, 43.83770863930381], [4.492367861426353, 43.837708701295966], [4.492343220111841, 43.83770698117712], [4.492318937227996, 43.837703495997765], [4.492295253475841, 43.83769828030432], [4.492272403617413, 43.83769138579669], [4.491858262373284, 43.8375485159443], [4.491852801141578, 43.83754685964806], [4.491830348164162, 43.83753907176456], [4.49180908374462, 43.83752969758558], [4.491789221090606, 43.83751883110163], [4.491770959354616, 43.83750658126579], [4.491754481637157, 43.83749307090125], [4.491739953150903, 43.837478435469855], [4.491727519564202, 43.83746282171382], [4.491717305540583, 43.83744638618438], [4.4917094134888504, 43.837429293672194], [4.491703922536374, 43.837411715554936], [4.491700887735775, 43.83739382807906], [4.491700339513047, 43.83737581059261], [4.491702283362571, 43.837357843746986], [4.491706699792121, 43.837340107685684], [4.4917135445184, 43.837322780238125], [4.4917227489111315, 43.837306035136535], [4.491734220681251, 43.837290040274176], [4.49174784480631, 43.83727495602199], [4.491763484683798, 43.83726093362064], [4.4917809835008145, 43.837248113664124], [4.4918001658063655, 43.83723662469018], [4.49182083927052, 43.83722658189152], [4.49184279661277, 43.83721808596092], [4.491865817680285, 43.83721122208167], [4.491962008342086, 43.8371865420669], [4.491967518232012, 43.837184903069634], [4.491968675552264, 43.83718067330378], [4.4920218985158025, 43.836919141924284], [4.4920225130312295, 43.836914306982635], [4.492020949024926, 43.836909585449185], [4.491692744888345, 43.8361130084999], [4.491690768715224, 43.836108951524295], [4.491685009001982, 43.836107891740234], [4.491300565943023, 43.8360515451312], [4.491275985605316, 43.836046986187334], [4.491252175170735, 43.8360406375775], [4.491229382616993, 43.8360325654204], [4.491207845320626, 43.836022853784975], [4.491187787584758, 43.836011603814704], [4.491169418303028, 43.83599893267428], [4.491152928784019, 43.83598497232932], [4.491138490758862, 43.83596986817194], [4.491126254592737, 43.83595377750659], [4.49111634771892, 43.83593686791165], [4.491108873311677, 43.83591931549425], [4.49110390921181, 43.83590130305604], [4.490702127159541, 43.833921433169536], [4.490701019264997, 43.833917350773596], [4.490695274328454, 43.83391722910317], [4.490407135723876, 43.83392116683217], [4.49038282871216, 43.83392063796402], [4.490358709336935, 43.83391839273278], [4.490335008330526, 43.83391445261689], [4.490311952422921, 43.833908855308614], [4.490289762172762, 43.83390165435325], [4.490268649857357, 43.83389291863703], [4.490248817441966, 43.83388273172807], [4.490230454647703, 43.833871191076916], [4.4902137371366155, 43.8338584070843], [4.49019882483125, 43.83384450204497], [4.490185860384819, 43.83382960897779], [4.4901749678165634, 43.83381387035318], [4.49016625132541, 43.833797436730315], [4.490159794293228, 43.83378046531667], [4.489494337353339, 43.831624461690886], [4.489490131284509, 43.831606693669016], [4.489488401645061, 43.83158871018515], [4.489489165784875, 43.83157069165454], [4.489492416035554, 43.83155281884377], [4.489498119787449, 43.83153527105747], [4.489506219816898, 43.83151822433926], [4.489516634860399, 43.83150184970583], [4.489529260429938, 43.831486311431206], [4.489543969861297, 43.831471765398696], [4.489560615584839, 43.831458357537166], [4.489579030605983, 43.83144622235694], [4.489599030180557, 43.83143548160053], [4.490847091650976, 43.83083291641231], [4.490868835788546, 43.83082353911846], [4.49089178423848, 43.830815810806826], [4.490915699169742, 43.83080981157122], [4.490940332735245, 43.830805603585794], [4.4909654296404, 43.830803230460766], [4.490990729788855, 43.83080271679046], [4.491015970977961, 43.83080406789836], [4.491040891616092, 43.83080726978203], [4.4910652334336145, 43.830812289258176], [4.491088744159448, 43.83081907430655], [4.491111180135449, 43.830827554609044], [4.491132308841567, 43.830837642278496], [4.493130535683317, 43.83190111146545], [4.493135368989702, 43.831903429423136], [4.4931390637796165, 43.8319001950747], [4.493556336015359, 43.83149628824172], [4.493559550675203, 43.83149284833891], [4.493557572250509, 43.831488949975814], [4.493301917923173, 43.83105050572201], [4.493299436093684, 43.83104677507987], [4.493295270129113, 43.83104961242116], [4.49324785696395, 43.8310852588793], [4.493230283796419, 43.8310972470174], [4.493211187044208, 43.83110794453451], [4.493190746841608, 43.831117250523505], [4.493169155995651, 43.83112507720309], [4.493146618167391, 43.83113135074601], [4.49312334595078, 43.83113601197535], [4.493099558867274, 43.83113901692274], [4.493075481295084, 43.83114033724317], [4.493051340352621, 43.831139960482375], [4.493027363756062, 43.83113789019421], [4.49300377767131, 43.831134145907285], [4.492980804580549, 43.83112876294062], [4.49295866118357, 43.83112179207058], [4.492937556353649, 43.83111329905176], [4.492917689167244, 43.831103363996895], [4.49289924702614, 43.83109208062102], [4.492882403889701, 43.83107955535753], [4.492867318633966, 43.831065906354155], [4.492854133553015, 43.8310512623585], [4.492842973016771, 43.83103576150359], [4.492833942297894, 43.83101955000486], [4.492827126578816, 43.8310027807809], [4.492800300204505, 43.83092258146135], [4.492798613488885, 43.830918444901705], [4.492792769331423, 43.830917606218506], [4.492430942805946, 43.83087902423778], [4.492425069957811, 43.83087861297639], [4.492424055397237, 43.83088282065776], [4.492402335997341, 43.831010008238465], [4.492398278066247, 43.831027021529444], [4.492391986930831, 43.83104367506904], [4.4923835204809235, 43.83105981560946], [4.492372956624037, 43.83107529462343], [4.492360392568502, 43.83108996967104], [4.492345943929001, 43.83110370571043], [4.492329743662699, 43.831116376340574], [4.492311940845785, 43.83112786496438], [4.49229269930166, 43.8311380658617], [4.492272196093414, 43.83114688516222], [4.492250619894448, 43.83115424170919], [4.492228169252255, 43.83116006780644], [4.492205050761311, 43.83116430984116], [4.492181477161919, 43.831166928777414], [4.49215766538249, 43.83116790051523], [4.492133834543268, 43.83116721611258], [4.492110203939893, 43.831164881867394], [4.49208699102535, 43.83116091925984], [4.49206440940887, 43.831155364754544], [4.49204266689021, 43.83114826946506], [4.492021963547402, 43.83113969868345], [4.492002489895568, 43.83112973127952], [4.491117399318264, 43.83062892795024], [4.491112695504747, 43.83062651743988], [4.491107094451516, 43.830627499849555], [4.490438887847432, 43.83076928937222], [4.4904328708990775, 43.83077081569035], [4.4904282161615825, 43.83077396972352], [4.489711500467999, 43.83131277182679], [4.489693734647965, 43.83132487794517], [4.48967441520806, 43.831335665178756], [4.489653728205609, 43.831345029639756], [4.489631872868726, 43.831352881142585], [4.489609059677584, 43.83135914407228], [4.489585508337344, 43.83136375811288], [4.48956144566219, 43.831366678828225], [4.489537103390931, 43.83136787808994], [4.489242343563774, 43.83137190333867], [4.489218711679693, 43.831371412165105], [4.489195251085763, 43.83136929829315], [4.489172173920424, 43.83136558083713], [4.489149688854932, 43.83136029341158], [4.489127999206431, 43.83135348382712], [4.489107301099463, 43.83134521365824], [4.489087781692498, 43.83133555768649], [4.489069617485566, 43.83132460322425], [4.487854402801746, 43.83051785006514], [4.487835742920587, 43.83050405695968], [4.487819231267378, 43.83048889628681], [4.4878050578308315, 43.830472542492075], [4.487793385694666, 43.830455183749464], [4.487343233221092, 43.82968300177222], [4.4873351428012045, 43.829667063221116], [4.487329163290126, 43.829650643639155], [4.487325347912174, 43.82963388918397], [4.487323730627697, 43.82961694899395], [4.487324325830846, 43.82959997386062], [4.48732712822152, 43.829583114886354], [4.487332112852608, 43.82956652213956], [4.48733923535212, 43.82955034331855], [4.487348432318233, 43.8295347224371], [4.487359621883704, 43.82951979854242], [4.488014332421256, 43.828737062556414], [4.488017083516964, 43.82873339537689], [4.488017245466425, 43.828729223916845], [4.487984678350992, 43.8274782317435], [4.487984283011933, 43.827474025029154], [4.487978461532223, 43.82747389752986], [4.487683497232722, 43.827477921618645], [4.487658795202883, 43.82747736911369], [4.4876342910050075, 43.82747504375585], [4.487610226800588, 43.82747096852537], [4.487586840402785, 43.82746518369552], [4.4875643629261885, 43.82745774643461], [4.487543016502789, 43.82744873024094], [4.48752301208673, 43.82743822421654], [4.487504547369545, 43.827426332186526], [4.487487804826455, 43.827413171673065], [4.487472949913091, 43.827398872733916], [4.487460129430402, 43.82738357667716], [4.487449470073935, 43.827367434664694], [4.487441077181833, 43.82735060621834], [4.4874350336939015, 43.827333257643375], [4.487431399332031, 43.827315560385074], [4.487430210010097, 43.82729768933431], [4.487431477479119, 43.827279821099346], [4.487435189211227, 43.82726213226036], [4.48744130852356, 43.82724479762458], [4.487449774940864, 43.827227988498656], [4.4875367407956555, 43.82707881887516], [4.487538761379935, 43.82707483270849], [4.487538613977678, 43.827071231654074], [4.487539124673565, 43.827053199584206], [4.48754212565606, 43.82703529505887], [4.4875475867865235, 43.82701769787803], [4.48755545322126, 43.82700058475509], [4.487565645962353, 43.82698412754229], [4.48757806265106, 43.82696849150502], [4.487592578595772, 43.82695383366219], [4.487609048024229, 43.826940301209405], [4.487627305547427, 43.82692803004092], [4.487647167820499, 43.82691714338493], [4.4876684353838705, 43.82690775056622], [4.487690894666252, 43.82689994590816], [4.487714320129312, 43.82689380778577], [4.487715010848531, 43.82689365466536], [4.487720584261583, 43.82689220152247], [4.487726221161961, 43.82688547910913], [4.48772640778411, 43.826885228948875], [4.487726663510441, 43.82688495157634], [4.4877267897337365, 43.82688480104586], [4.487726798671822, 43.826884804974085], [4.48773928768501, 43.82687125881165], [4.487753910353888, 43.82685821875923], [4.487770148438984, 43.82684622235903], [4.487787860519951, 43.82683537408907], [4.487806892339508, 43.826825768428115], [4.4878270781468785, 43.8268174890329], [4.487848242141333, 43.82681060800946], [4.48787020000322, 43.82680518528533], [4.4878927604992, 43.8268012680875], [4.48790458821489, 43.8267996327424], [4.4879051773042535, 43.82679544716807], [4.487950286045942, 43.826173545382225], [4.487950309475574, 43.82616936315406], [4.487949737491527, 43.82616927079992], [4.48792673124991, 43.826166362964344], [4.48790269652075, 43.82616148553378], [4.4878794585409905, 43.82615488775206], [4.487857251587468, 43.826146636135746], [4.487836299542312, 43.82613681387473], [4.487816813635797, 43.82612551999351], [4.487798990316793, 43.82611286835296], [4.487783009272214, 43.826098986502174], [4.487769031615506, 43.8260840143928], [4.4877571982623765, 43.82606810296788], [4.487747628510192, 43.82605141264012], [4.487740418835315, 43.826034111674716], [4.487735641920553, 43.826016374492895], [4.487733345922465, 43.82599837991346], [4.487733553985973, 43.825980309349994], [4.487736264011104, 43.82596234498201], [4.487741448674264, 43.825944667918144], [4.487755617748791, 43.82590602255191], [4.487756843883837, 43.82590188028221], [4.487752830163869, 43.82589879767513], [4.48771038723088, 43.82586920652083], [4.487693251857639, 43.82585599276302], [4.487678039057633, 43.8258415982917], [4.487664903107947, 43.82582616908649], [4.487653977223238, 43.82580986162057], [4.487645372204803, 43.825792841273646], [4.487639175316972, 43.825775280654945], [4.487635449402211, 43.825757357852545], [4.487634232243888, 43.825739254627386], [4.487635536183208, 43.825721154569976], [4.487639347994147, 43.825703241238486], [4.487645629017673, 43.825685696297285], [4.4876543155538995, 43.82566869767463], [4.487665319508163, 43.82565241775821], [4.487678529284494, 43.825637021646976], [4.48769381091741, 43.82562266547689], [4.487711009430534, 43.82560949483742], [4.487729950408292, 43.8255976432952], [4.487744252608813, 43.825589568161256], [4.487748619584553, 43.825586848485244], [4.487746434817616, 43.825582989658244], [4.487247411860044, 43.82480968392341], [4.487237668751253, 43.824792268085666], [4.487230486736082, 43.82477421172369], [4.487225944094135, 43.824755711647086], [4.487085041688751, 43.8239353135816], [4.487083983639681, 43.82393094167285], [4.4870811966645965, 43.82392698832377], [4.486465414727902, 43.82315134012065], [4.48645463069591, 43.82313612590161], [4.486445889713872, 43.82312023934154], [4.486439270692382, 43.823103823862006], [4.486434833385108, 43.823087027659504], [4.486432617849416, 43.82307000236746], [4.486432644084804, 43.82305290168735], [4.486434911852417, 43.8230358800011], [4.486439400677278, 43.82301909097736], [4.486446070033208, 43.82300268618423], [4.486454859708745, 43.82298681372086], [4.4864656903508, 43.82297161688054], [4.486478464181075, 43.822957232857036], [4.486493065878852, 43.822943791506155], [4.486872816677908, 43.822626480279006], [4.486890589232969, 43.82261309260161], [4.486910172398457, 43.82260110199965], [4.486931357718914, 43.82259063610792], [4.486953919685019, 43.82258180633123], [4.486977618134013, 43.822574706658635], [4.48700220080609, 43.82256941266296], [4.487475881455423, 43.822486392954794], [4.487479081448238, 43.82248571100549], [4.487475753826916, 43.82248587933662], [4.4870401065567025, 43.82252343337064], [4.487016229917207, 43.822524651316876], [4.486992302175032, 43.82252420098057], [4.486968545179886, 43.82252208653713], [4.486945179198318, 43.82251832759086], [4.486922420871444, 43.82251295899353], [4.48690048120626, 43.8225060305208], [4.4868795636192225, 43.822497606411076], [4.486859862050201, 43.8224877647697], [4.486841559164322, 43.8224765968448], [4.486824824658335, 43.82246420618133], [4.486809813687259, 43.82245070766088], [4.486796665425842, 43.82243622643666], [4.486785501778221, 43.82242089677297], [4.48660507519458, 43.82214127944298], [4.486602357318318, 43.82213754986546], [4.486592456494539, 43.822138106432924], [4.4865881187281245, 43.822138502147716], [4.486563753181342, 43.822138982870264], [4.486539439743197, 43.82213773355027], [4.486515412182863, 43.822134766199724], [4.486491901520767, 43.82213010934916], [4.486469133807324, 43.82212380777334], [4.4864473279494455, 43.82211592206069], [4.486426693605751, 43.822106528030844], [4.4864074291707094, 43.82209571600554], [4.486389719867083, 43.822083589940206], [4.486373735965057, 43.82207026642445], [4.486359631145121, 43.82205587356101], [4.486347541020496, 43.82204054973405], [4.486337581833264, 43.822024442278654], [4.48632984933679, 43.822007706064156], [4.486324417875133, 43.82199050200515], [4.48632133966831, 43.82197299551427], [4.486277070540092, 43.82156066854847], [4.4862764125243455, 43.82155676378566], [4.486274828211832, 43.82155301682448], [4.48588480530179, 43.82075615649249], [4.485882608727388, 43.820752275513314], [4.485876832378261, 43.82075259120672], [4.484853763744928, 43.82084468229585], [4.4848292624560555, 43.82084600176281], [4.484804700944498, 43.820845563529325], [4.484780319156942, 43.82084337187657], [4.484756355284262, 43.8208394482153], [4.484733043434518, 43.82083383087659], [4.4847106113458475, 43.82082657473745], [4.484689278161593, 43.8208177506846], [4.484669252289404, 43.82080744492201], [4.484650729365238, 43.8207957581288], [4.484633890342128, 43.820782804475506], [4.484618899722429, 43.82076871050878], [4.4842338740808785, 43.820367114931685], [4.48422114264083, 43.820352360998285], [4.484210438049036, 43.82033678599637], [4.484201860320791, 43.820320535449014], [4.484195489599095, 43.82030376119098], [4.484191385405909, 43.820286619950195], [4.48418958608609, 43.82026927188325], [4.484190108449194, 43.820251879079024], [4.4841929476125015, 43.82023460404424], [4.48419807704671, 43.82021760818511], [4.484205448823889, 43.82020105029932], [4.4842149940653515, 43.82018508509219], [4.484226623585285, 43.82016986173146], [4.4842402287240875, 43.82015552245334], [4.484255682363654, 43.82014220123378], [4.4842728401151195, 43.820130022536574], [4.484291541667934, 43.82011910015053], [4.484311612287707, 43.82010953612642], [4.484332864448785, 43.82010141982336], [4.485169198942832, 43.819818535222666], [4.4851731638936325, 43.819817016148555], [4.485168713505111, 43.81981742352291], [4.484176949737883, 43.819944686974], [4.484152989065833, 43.81994689851788], [4.484128845063051, 43.81994741577141], [4.484104745715107, 43.81994623385027], [4.4840809185858905, 43.81994336391506], [4.4840575886687315, 43.819938833065834], [4.4840349762617855, 43.81993268408623], [4.484013294887766, 43.81992497503945], [4.483992749277662, 43.81991577871999], [4.4839735334374895, 43.8199051819662], [4.483955828816318, 43.81989328484035], [4.483939802592891, 43.81988019968364], [4.483925606097008, 43.81986605005544], [4.483913373380587, 43.81985096956657], [4.483890365187611, 43.81981916011048], [4.483880085939834, 43.81980306603537], [4.483872043830544, 43.8197863176936], [4.48386631691795, 43.8197690776518], [4.483862960787786, 43.81975151324921], [4.483862008013861, 43.819733794973224], [4.483863467841952, 43.819716094804654], [4.483867326100163, 43.819698584548405], [4.483873545336552, 43.81968143416582], [4.483882065182753, 43.819664810125076], [4.483892802940002, 43.81964887378522], [4.483905654381911, 43.819633779830184], [4.483920494766189, 43.81961967476725], [4.483937180045475, 43.81960669550503], [4.4847766980208075, 43.81901496917892], [4.484780531694954, 43.8190119949247], [4.48477588124946, 43.81900971167202], [4.4838810623676215, 43.818614318543], [4.483861235939611, 43.81860457821233], [4.48384279678116, 43.81859350099047], [4.483825916212142, 43.81858118979746], [4.483810751071064, 43.81856775901824], [4.483797442257877, 43.818553333439816], [4.48378611342487, 43.818538047091984], [4.483776869827855, 43.8185220420019], [4.483769797348256, 43.81850546687453], [4.483764961695233, 43.818488475710915], [4.483762407795251, 43.81847122637745], [4.483762159374722, 43.818453879139085], [4.483764218739646, 43.818436595170155], [4.483768566754259, 43.818419535057096], [4.4837751630189056, 43.81840285730633], [4.483783946245461, 43.818386716871515], [4.4837948348268375, 43.818371263714056], [4.483807727595244, 43.81835664140961], [4.483822504762211, 43.81834298581433], [4.483839029031563, 43.81833042380253], [4.4838571468750805, 43.81831907208792], [4.483876689958936, 43.8183090361393], [4.48389747670769, 43.818300409200596], [4.483919313991294, 43.818293271424636], [4.483941998919433, 43.81828768912836], [4.4843193251305244, 43.81820930419267], [4.4843247798476815, 43.81820796409296], [4.4843258906655015, 43.818203871618365], [4.48437925926932, 43.81794171660064], [4.484379807329646, 43.81793765340286], [4.484374407009035, 43.81793882689854], [4.48335777662014, 43.81819966748385], [4.483334945037677, 43.81820464675148], [4.483311559579811, 43.81820801904589], [4.483287835453505, 43.818209753333235], [4.48326399098243, 43.81820983365351], [4.4832402455977824, 43.818208259267585], [4.483216817818872, 43.818205044663905], [4.483193923242133, 43.818200219425215], [4.48317177255702, 43.81819382795622], [4.483150569607064, 43.81818592907509], [4.483130509513954, 43.81817659547204], [4.483111776881877, 43.81816591304035], [4.483094544098665, 43.8181539800861], [4.483078969749375, 43.81814090642322], [4.483065197156905, 43.81812681236305], [4.483053353063069, 43.81811182760719], [4.48304354646229, 43.81809609005373], [4.483035867598601, 43.81807974452832], [4.483030387135235, 43.81806294145144], [4.483015622307715, 43.81800547396274], [4.483014182748138, 43.81800112371531], [4.483008300603007, 43.81799975582778], [4.4827403094000635, 43.8179482351835], [4.482716783194948, 43.81794279307473], [4.482694119001418, 43.81793568731955], [4.482672540577619, 43.81792698807151], [4.482652260961866, 43.81791678121633], [4.482633480369338, 43.81790516752394], [4.482616384215377, 43.81789226165358], [4.482601141284931, 43.817878191021805], [4.482587902066197, 43.8178630945444], [4.4825767972649135, 43.81784712126504], [4.482567936513988, 43.81783042888365], [4.4825614072911675, 43.817813182199515], [4.482557274055486, 43.817795551484274], [4.482504153747801, 43.81747233265947], [4.482503160064033, 43.81746810329675], [4.482497144419898, 43.81746853888259], [4.482473298778193, 43.81746943094967], [4.482449444948423, 43.817468662175976], [4.482425803056415, 43.81746623965583], [4.4824025912721535, 43.81746218574451], [4.482380023796439, 43.817456537852], [4.482358308884153, 43.817449348097654], [4.48233764692243, 43.81744068282932], [4.4823182285814225, 43.81743062201098], [4.482300233054756, 43.81741925848488], [4.4822838264059035, 43.817406697114706], [4.4822691600357345, 43.81739305381786], [4.482256369285384, 43.81737845449581], [4.4822455721873515, 43.81736303387218], [4.482236868376313, 43.81734693424953], [4.482230338169741, 43.817330304196105], [4.482226041826793, 43.8173132971749], [4.482224018992294, 43.817296070127405], [4.482224288330972, 43.81727878202541], [4.4822268473552915, 43.81726159240396], [4.482231672448484, 43.817244659889134], [4.482238719082563, 43.81722814073435], [4.482247922229291, 43.81721218737832], [4.482259196960335, 43.81719694703854], [4.482283366345644, 43.8171677400654], [4.482296906112127, 43.817153062183046], [4.482312366393482, 43.817139415229576], [4.48232959848807, 43.817126930464305], [4.482348436652901, 43.817115727968314], [4.4823686996977905, 43.817105915489435], [4.482390192728083, 43.81709758740602], [4.48241270901917, 43.81709082381914], [4.48243603200477, 43.81708568978228], [4.482459937359877, 43.81708223467549], [4.4824841951582926, 43.81708049173063], [4.482508572084051, 43.81708047771169], [4.48253283367543, 43.81708219275347], [4.482736727151153, 43.81710395827327], [4.482742406410293, 43.81710436507133], [4.482744265840917, 43.817100458220914], [4.483032883728868, 43.816384765669405], [4.483034234584007, 43.816380690834485], [4.483029018247337, 43.816378875780714], [4.4827103877450325, 43.81628148040533], [4.482687788807511, 43.81627357672408], [4.482666405791748, 43.81626406317036], [4.482646456700804, 43.816253036736605], [4.48262814491827, 43.81624060983927], [4.482611657134744, 43.8162269091727], [4.482597161444489, 43.81621207441746], [4.482584805631701, 43.816196256816184], [4.482574715663881, 43.81617961763166], [4.482566994407626, 43.816162326502706], [4.482561720579958, 43.816144559714616], [4.482558947945881, 43.81612649840192], [4.48255870477033, 43.81610832670172], [4.482560993530099, 43.81609022987629], [4.48256579088869, 43.8160723924244], [4.482573047934326, 43.816054996200336], [4.482582690678704, 43.816038218559804], [4.482767128687053, 43.81575808609595], [4.482769373308551, 43.815754201905904], [4.482764942861515, 43.815751474861635], [4.4823197037996305, 43.81550333692627], [4.482300989531033, 43.815491796462744], [4.482283941034196, 43.815478973911524], [4.482268725053351, 43.81546499468549], [4.482255490409197, 43.815449995510576], [4.482244366543376, 43.815434123088274], [4.482235462252496, 43.81541753266085], [4.482228864624084, 43.81540038649302], [4.482224638184886, 43.81538285228481], [4.482222824269833, 43.815365101531384], [4.482223440617845, 43.81534730784561], [4.482226481198419, 43.8153296452602], [4.482231916270697, 43.815312286525355], [4.4822396926744466, 43.815295401419355], [4.482249734350061, 43.81527915508797], [4.482261943082546, 43.815263706429185], [4.482377412959204, 43.81513303762573], [4.4823802302241855, 43.81512948457684], [4.48237515785135, 43.81512766930713], [4.481504854198785, 43.814853020645465], [4.481483424915791, 43.81484534990724], [4.481463112394766, 43.81483622397748], [4.481444104525566, 43.81482572727092], [4.481426577129769, 43.814813956881856], [4.481410692334316, 43.81480102168608], [4.481396597071853, 43.81478704133372], [4.481384421721615, 43.814772145142484], [4.4813742789034645, 43.81475647090148], [4.481366262436197, 43.814740163596525], [4.481360446469781, 43.814723374069196], [4.481356884799532, 43.81470625762145], [4.481355610368586, 43.81468897257905], [4.48135663496324, 43.814671678827125], [4.481359949104019, 43.8146545363312], [4.481365522133429, 43.81463770365758], [4.481373302499612, 43.81462133650656], [4.481383218233259, 43.814605586272314], [4.481395177613396, 43.81459059864245], [4.481409070015824, 43.814576512250454], [4.481424766936432, 43.81456345739345], [4.481432790258236, 43.81455739923004], [4.481427531531885, 43.81455706079245], [4.480610433024596, 43.81453338127395], [4.480585491545449, 43.81453174402], [4.480560904211823, 43.81452829760163], [4.480536920650886, 43.81452307700927], [4.480513784359727, 43.81451613524585], [4.480491730233153, 43.81450754278884], [4.480470982178838, 43.81449738687467], [4.480451750844019, 43.8144857706129], [4.480434231476851, 43.81447281193946], [4.4804186019441135, 43.8144586424193], [4.480405020925409, 43.81444340591049], [4.480393626302177, 43.814427257103794], [4.480384533757876, 43.814410359952014], [4.480377835603559, 43.81439288600549], [4.480373599840746, 43.81437501267044], [4.480371869471117, 43.81435692140763], [4.480369387107982, 43.814261053127105], [4.480369003958798, 43.814256943452364], [4.4803634902089575, 43.814257956077626], [4.479268856156799, 43.814500581860045], [4.479245019215934, 43.81450494428777], [4.479220703683911, 43.81450758002019], [4.479196147495487, 43.81450846326583], [4.479171590940383, 43.81450758538192], [4.479147274311907, 43.81450495495878], [4.479123435555553, 43.81450059773593], [4.47910030794055, 43.81449455635006], [4.4790781177772265, 43.814486889918], [4.479057082202418, 43.81447767345807], [4.479037407054698, 43.81446699715596], [4.479019284860167, 43.81445496548239], [4.4790028929484995, 43.81444169617065], [4.478988391717755, 43.814427319064606], [4.478975923064837, 43.81441197484803], [4.478945657099935, 43.81437012110971], [4.478942506613741, 43.814366259253106], [4.478936353742417, 43.81436574184714], [4.478608380036744, 43.81435042291888], [4.478583962821967, 43.814348400730644], [4.478559940772981, 43.81434464226686], [4.47853654876143, 43.814339184275305], [4.4785140154987015, 43.81433208012063], [4.478492561299682, 43.814323399262555], [4.478472395928628, 43.81431322657671], [4.478453716548205, 43.8143016615248], [4.47843670579174, 43.81428881718206], [4.478421529977563, 43.814274819131676], [4.478408337482869, 43.81425980423695], [4.478397257293026, 43.81424391930301], [4.478388397740484, 43.814227319641525], [4.47838184544563, 43.81421016755208], [4.4783776644699556, 43.814192630735434], [4.478375895689777, 43.81417488065367], [4.478376556396667, 43.814157090853904], [4.478377431483065, 43.81414880716371], [4.478372316501349, 43.8141465348705], [4.478144511458563, 43.814056326474436], [4.478123127563901, 43.8140468128424], [4.478103177653238, 43.81403578611963], [4.478084865143191, 43.81402335873916], [4.478068376754411, 43.81400965741561], [4.478053880607713, 43.81399482185318], [4.478041524509873, 43.813979003321094], [4.478031434446571, 43.81396236311117], [4.478023713297845, 43.81394507089325], [4.478018439789173, 43.81392730298511], [4.478015667688825, 43.813909240554665], [4.478015425259719, 43.81389106777273], [4.478017714971338, 43.8138729699351], [4.478022513474649, 43.81385513157323], [4.478029771840275, 43.813837734572694], [4.47803941605748, 43.813820956318665], [4.4781148125728905, 43.81370645385595], [4.478117261016143, 43.81370217056654], [4.478115756733335, 43.813697664627924], [4.477456233096425, 43.81209526919543], [4.477454413980631, 43.812091522283396], [4.477450994288081, 43.81209462748769], [4.476319970934073, 43.8132302978839], [4.4763042816646195, 43.81324448258297], [4.476286696906449, 43.81325744921667], [4.476267395959614, 43.81326906557197], [4.476246575623482, 43.81327921320376], [4.476224448190093, 43.813287788642484], [4.476201239279512, 43.813294704449376], [4.476177185539288, 43.81329989010792], [4.47615253223144, 43.813303292742894], [4.476127530731601, 43.81330487765955], [4.476102435965822, 43.813304628697395], [4.476077503811152, 43.81330254839497], [4.476052988486555, 43.813298657963934], [4.4760291399606835, 43.8132929970728], [4.47600620140305, 43.81328562344246], [4.475984406704496, 43.81327661225757], [4.475810184812555, 43.81319587031799], [4.4758051324234, 43.81319377444758], [4.475801756822975, 43.8131972100014], [4.47575093107085, 43.813254717198895], [4.475736800956532, 43.81326909923227], [4.475720793353664, 43.813282409850046], [4.475703062218682, 43.81329452103349], [4.475683778084911, 43.81330531629978], [4.475663126422424, 43.813314691822164], [4.47564130585421, 43.813322557428684], [4.475618526245845, 43.813328837469484], [4.475595006687006, 43.813333471544226], [4.475570973384268, 43.81333641508331], [4.475546657485429, 43.81333763977627], [4.47552229285633, 43.81333713384423], [4.4754981138314935, 43.81333490215316], [4.47547435296029, 43.81333096616706], [4.475451238770252, 43.813325363741534], [4.47542899356909, 43.81331814875964], [4.4754078313065175, 43.81330939061375], [4.475387955516498, 43.81329917353803], [4.475375422169088, 43.813291286453435], [4.475372433377534, 43.81328957738941], [4.475366865319101, 43.81329079111563], [4.475351201522374, 43.813294808981695], [4.475328398176487, 43.813299781683774], [4.475305042268909, 43.81330315116297], [4.475281348234273, 43.81330488648347], [4.475257533611697, 43.81330497171299], [4.475233817047466, 43.813303406069046], [4.47521041628756, 43.81330020392606], [4.475187546178408, 43.813295394683514], [4.475165416694324, 43.81328902249591], [4.47514423100962, 43.81328114586741], [4.475124183633208, 43.81327183711468], [4.47510545862275, 43.81326118170294], [4.475088227894768, 43.81324927746128], [4.475072649646254, 43.81323623368436], [4.4750588669022395, 43.81322217012908], [4.475047006202679, 43.813207215914964], [4.475037176440713, 43.813191508338655], [4.475029467862926, 43.813175191613496], [4.475023951240857, 43.81315841554524], [4.475020677221282, 43.813141334156896], [4.474989853444889, 43.81289396252492], [4.474989319915782, 43.81289121393783], [4.474988854817522, 43.812893969035855], [4.474975955512445, 43.81302351430362], [4.474972942228079, 43.813041330590174], [4.474967493239871, 43.813058840928505], [4.474959662743001, 43.813075871155206], [4.474949528620086, 43.813092251881976], [4.474937191666615, 43.81310782018054], [4.474922774588458, 43.81312242120321], [4.474906420781456, 43.813135909722966], [4.474888292905179, 43.8131481515781], [4.47486857126509, 43.81315902500657], [4.474847452019159, 43.813168421857185], [4.4748251452267915, 43.813176248665236], [4.474801872759478, 43.81318242758226], [4.474777866093931, 43.81318689715036], [4.474753364009685, 43.81318961291345], [4.474728610214035, 43.813190547859435], [4.47470385091797, 43.81318969268898], [4.474679332387186, 43.813187055908], [4.474655298492571, 43.81318266374292], [4.474631988284493, 43.813176559879935], [4.474609633615061, 43.81316880503048], [4.474588456831981, 43.81315947632729], [4.47456866856696, 43.813148666557225], [4.474550465640657, 43.81313648323833], [4.474534029105026, 43.81312304755038], [4.474519522442505, 43.81310849312969], [4.474507089939982, 43.81309296473969], [4.474496855253709, 43.81307661683116], [4.474496728432819, 43.813076384036485], [4.4744908095745854, 43.81307592136804], [4.473968176665101, 43.813053907545644], [4.473943601723573, 43.81305198076308], [4.4739194126231485, 43.81304829584827], [4.473895848623945, 43.81304288924965], [4.473873142802891, 43.8130358144452], [4.47385151974824, 43.813027141413436], [4.473831193338088, 43.81301695594141], [4.473812364624813, 43.81300535877594], [4.473795219846406, 43.812992464627165], [4.473779928584353, 43.81297840103391], [4.473766642086279, 43.81296330710212], [4.473755491769956, 43.81294733212892], [4.473746587923472, 43.812930634125856], [4.473740018614402, 43.812913378255956], [4.473735848818795, 43.81289573520009], [4.473734119778555, 43.81287787946859], [4.473734848593605, 43.812859987675324], [4.4737380280528285, 43.812842236790644], [4.473743239419474, 43.81282134807669], [4.473744089265665, 43.8128163364095], [4.473743365310791, 43.81281131438784], [4.473675223128748, 43.81250663354492], [4.473674268101259, 43.812503383256804], [4.473673432672043, 43.81250665077293], [4.473492227091547, 43.813480108899526], [4.473487820770319, 43.813497371128655], [4.4734811130110215, 43.81351424039683], [4.473472167626762, 43.81353055621618], [4.473461069718769, 43.81354616336397], [4.473447924866843, 43.81356091335935], [4.473432858124956, 43.81357466587605], [4.47341601283157, 43.8135872900773], [4.473397549245999, 43.81359866586072], [4.473377643023757, 43.813608685000816], [4.473356483545439, 43.81361725217875], [4.473334272115001, 43.81362428588916], [4.473311220044575, 43.81362971921548], [4.4732875466441, 43.81363350046676], [4.473263477134806, 43.81363559366937], [4.473239240506486, 43.81363597890919], [4.4732150673388995, 43.81363465252118], [4.4731911876080375, 43.813631627124195], [4.473167828498152, 43.81362693150091], [4.473145212240328, 43.81362061032405], [4.473123553998213, 43.81361272373132], [4.4731030598209465, 43.81360334675322], [4.473083924682871, 43.81359256859931], [4.473080696450711, 43.81359055981381], [4.4730746667223, 43.8135900593072], [4.472431984496888, 43.81356000501943], [4.4724083804570665, 43.81355807747332], [4.472385138326191, 43.81355452705481], [4.472362470396078, 43.81354938619321], [4.472340583713692, 43.81354270184474], [4.47231967818995, 43.813534535063745], [4.472299944773724, 43.813524960444944], [4.472281563707692, 43.81351406544211], [4.472264702882008, 43.8135019495692], [4.4722495163008, 43.81348872349148], [4.4722361426755315, 43.813474508014586], [4.472224704158033, 43.813459432981155], [4.47221530522482, 43.81344363608481], [4.472208031722859, 43.813427261612425], [4.47220615985531, 43.81342223513081], [4.472202961969955, 43.813418521880145], [4.472186054878569, 43.81340087921389], [4.472172960029805, 43.813385645682466], [4.472162025035197, 43.81336954364843], [4.472153358586731, 43.81335273316601], [4.472147046826803, 43.81333538133133], [4.472143152492035, 43.8133176606213], [4.472141714289758, 43.81329974717934], [4.47214274651334, 43.813281819064464], [4.4721462389002165, 43.813264054481294], [4.472152156733979, 43.81324663000884], [4.472160441189552, 43.813229718845236], [4.472171009917982, 43.813213489086216], [4.472183757865072, 43.813198102054265], [4.47219855831565, 43.81318371069507], [4.472439360635762, 43.81297242680778], [4.472442879586513, 43.81296900102796], [4.472437692433124, 43.81296697119689], [4.472323450580892, 43.812927518489495], [4.472317926817075, 43.812925846564575], [4.472312192168729, 43.81292709169559], [4.47195314088317, 43.81301917923339], [4.471947793472242, 43.8130207638469], [4.471947623633423, 43.81302494597388], [4.471952542609613, 43.813216006515056], [4.471951800115473, 43.81323366053385], [4.471948671582968, 43.813251176843536], [4.471943187139439, 43.81326838675226], [4.471935399601089, 43.81328512451884], [4.471925383964415, 43.81330122894893], [4.4719132366840055, 43.81331654494742], [4.4718990747437, 43.813330925012195], [4.471883034530008, 43.81334423065459], [4.471555315089784, 43.813590557260454], [4.4715381016019435, 43.81360231940213], [4.4715194211647065, 43.813612842614994], [4.471499443165267, 43.81362203147806], [4.471478348756954, 43.81362980266973], [4.471456329216582, 43.81363608572334], [4.471433584209969, 43.81364082366618], [4.471410319981408, 43.81364397353607], [4.4713867474834625, 43.813645506770975], [4.471363080464056, 43.813645409468016], [4.4713395335282335, 43.81364368250951], [4.471316320192125, 43.81364034155496], [4.471293650946805, 43.813635416899096], [4.471271731349565, 43.813628953197146], [4.471250760159953, 43.81362100905988], [4.4712309275374436, 43.81361165652216], [4.471158730693982, 43.81357394784743], [4.471153709040601, 43.81357158730188], [4.471144762783951, 43.81357231224472], [4.471119860160759, 43.81357341773913], [4.471094929948461, 43.81357270978125], [4.4710702233597805, 43.81357019550496], [4.47104598935401, 43.81356590024571], [4.471022472128256, 43.81355986728527], [4.4709999086567045, 43.813552157415586], [4.470978526302661, 43.81354284832619], [4.470958540527455, 43.81353203382131], [4.470940152719291, 43.813519822874596], [4.4709235481639205, 43.813506338531106], [4.470908894177602, 43.813491716667286], [4.470902877914856, 43.81348503173928], [4.470898015428446, 43.813487230208125], [4.4705181840128825, 43.81367808828061], [4.470497502972394, 43.81368742678621], [4.470475658267185, 43.81369525362643], [4.470452859955208, 43.81370149353844], [4.470429327264527, 43.813706086519275], [4.470405286485174, 43.81370898840287], [4.470380968793092, 43.81371017128471], [4.470356608027091, 43.81370962379022], [4.470332438440193, 43.81370735118408], [4.470308692446985, 43.81370337531969], [4.470285598388675, 43.813697734428935], [4.470263378337293, 43.81369048275459], [4.470242245960211, 43.8136816900287], [4.470222404465478, 43.813671440802], [4.470204044647745, 43.81365983363082], [4.469910249624884, 43.81345486575603], [4.46989387417929, 43.81344228859264], [4.469879240488729, 43.813428631870195], [4.469866483539005, 43.81341402156388], [4.469855721003827, 43.813398592444976], [4.469847052159383, 43.81338248683779], [4.469840556968624, 43.813365853306586], [4.469836295343711, 43.81334884528536], [4.469834306593438, 43.81333161966234], [4.469834609060697, 43.813314335332905], [4.469837199953351, 43.813297151733735], [4.469842055370074, 43.81328022737223], [4.469849130520889, 43.81326371836441], [4.46985836014041, 43.8132477769947], [4.46995808187929, 43.81309637134261], [4.469960203076399, 43.81309270267671], [4.469954787521216, 43.8130933657284], [4.469543679836782, 43.813158690098135], [4.469519394614649, 43.813161644506344], [4.469494824851261, 43.813162844154625], [4.469470211745591, 43.81316227726615], [4.469445796922117, 43.81315994940599], [4.469421820058744, 43.813155883426525], [4.469398516533845, 43.813150119243105], [4.46937611511552, 43.81314271344214], [4.469354835715746, 43.81313373872562], [4.469334887231496, 43.81312328319738], [4.469316465493978, 43.81311144949819], [4.469299751346182, 43.81309835379807], [4.469284908867556, 43.81308412465589], [4.469272083763294, 43.81306890175728], [4.4692614019339745, 43.8130528345433], [4.46921412993343, 43.81297166923347], [4.469211545716723, 43.81296778706834], [4.469211119853267, 43.81296787573039], [4.4691888549750685, 43.81297339489644], [4.4691645399919615, 43.81297750480604], [4.4691397782495725, 43.81297982736265], [4.469114819652832, 43.812980339126135], [4.469089916093458, 43.81297903493155], [4.469065318907694, 43.81297592794136], [4.469041276339657, 43.812971049512505], [4.469018031035896, 43.81296444887994], [4.468995817596455, 43.81295619265978], [4.468974860207149, 43.81294636417689], [4.468955370376958, 43.81293506262396], [4.468937544803386, 43.81292240206036], [4.468921563387306, 43.81290851026106], [4.468907587417343, 43.81289352742701], [4.468902196324872, 43.812886270934236], [4.468898561644257, 43.81288186937084], [4.468893878837848, 43.81287929446661], [4.468463254976934, 43.81266520315217], [4.4684584862462575, 43.81266307827744], [4.468458929335886, 43.81266712017271], [4.468499051632148, 43.81289064918559], [4.468500998171201, 43.81290810065645], [4.468500593850718, 43.812925606512074], [4.468497842494808, 43.81294300108665], [4.468492770138697, 43.81296011976731], [4.468485424782406, 43.81297680055199], [4.4684758759365835, 43.812992885582425], [4.468464213964765, 43.81300822263821], [4.468450549228278, 43.813022666577204], [4.468435011041881, 43.813036080709146], [4.468417746450034, 43.813048338089345], [4.468398918835363, 43.813059322719845], [4.468378706372499, 43.813068930647404], [4.468357300341907, 43.813077070947124], [4.468334903319691, 43.81308366658303], [4.468311727260463, 43.813088655137136], [4.468287991491485, 43.81309198940003], [4.468040740130579, 43.81311775906412], [4.468035090252241, 43.81311855082439], [4.468034919804648, 43.813122716173766], [4.468037006193205, 43.81320397074746], [4.4680374063744015, 43.81320827248459], [4.468037577704808, 43.81320843523956], [4.468053334995621, 43.8132220421261], [4.468067517515453, 43.81323717863096], [4.468079505108076, 43.81325327938612], [4.468089173948817, 43.813270178082924], [4.468096424163682, 43.81328770017053], [4.468101180861047, 43.81330566465869], [4.46810339490533, 43.813323885987344], [4.468103043424607, 43.813342175943255], [4.468103017388844, 43.81334246669222], [4.468103837839111, 43.813346872402896], [4.4681277955942305, 43.81344022580575], [4.468131026702881, 43.813457366756786], [4.46813197019486, 43.81347465316269], [4.468130617350703, 43.8134919253058], [4.468126980667952, 43.81350902360016], [4.468121093745737, 43.813525790065945], [4.468113010974433, 43.81354206978904], [4.46810280703317, 43.813557712352534], [4.468090576199903, 43.81357257322644], [4.4680764314803785, 43.813586515103076], [4.468060503564057, 43.813599409165775], [4.468042939616623, 43.81361113627914], [4.468023901920264, 43.81362158808978], [4.4680035663742625, 43.81363066802746], [4.467982120869743, 43.813638292197474], [4.467959763553626, 43.81364439015569], [4.467936700997803, 43.81364890555955], [4.4678681824855255, 43.81365979173097], [4.4678627419003005, 43.81366085872614], [4.467865624463121, 43.81366436622317], [4.468035253012789, 43.81384969031603], [4.468047492906152, 43.81386457126273], [4.468057700730192, 43.81388023527636], [4.468065781943946, 43.81389653728546], [4.46807166170174, 43.81391332630967], [4.468075285546435, 43.813930446858016], [4.468076619913848, 43.81394774036898], [4.4680756524436855, 43.813965046679], [4.468072392094081, 43.81398220550583], [4.4680668690587195, 43.813999057932975], [4.468059134487265, 43.81401544788154], [4.468049260011713, 43.814031223555745], [4.468037337083029, 43.81404623884877], [4.468023476124225, 43.814060354695975], [4.46800780550772, 43.8140734403629], [4.467990470366455, 43.814085374655996], [4.467971631249731, 43.81409604704517], [4.467951462636311, 43.81410535868749], [4.46793015131844, 43.81411322334253], [4.4679078946718676, 43.81411956817131], [4.467884898827777, 43.814124334410685], [4.467861376763677, 43.814127477917815], [4.467837546330829, 43.81412896957883], [4.467813628236553, 43.81412879557864], [4.4675070789916775, 43.81411586511746], [4.467502386479166, 43.81411583144684], [4.467506616287225, 43.81411730313661], [4.4678759922821145, 43.81423027450864], [4.467898045670222, 43.814237966869186], [4.467918947151875, 43.81424719277478], [4.467938493991696, 43.814257862738344], [4.467956496593408, 43.81426987326617], [4.46797278033882, 43.81428310786151], [4.4679871872815555, 43.81429743815468], [4.4679995776790795, 43.814312725148085], [4.468009831348171, 43.814328820564484], [4.468017848830703, 43.814345568285084], [4.468023552358399, 43.814362805863894], [4.468026886607223, 43.814380366103364], [4.468027819234087, 43.81439807867612], [4.46802634119064, 43.81441577177698], [4.468022466811121, 43.81443327378952], [4.467894790984947, 43.814870875035815], [4.467893827617794, 43.81487527684104], [4.467898506407064, 43.81487817238467], [4.468088876014461, 43.814984309715385], [4.468107671833663, 43.81499591028529], [4.46812478499049, 43.81500880428166], [4.46814004652414, 43.815022864401], [4.4681533057547105, 43.8150379518265], [4.468164431770902, 43.81505391759862], [4.468173314722561, 43.8150706040856], [4.468179866905303, 43.81508784653991], [4.468184023626497, 43.815105474724696], [4.468185743844062, 43.815123314594594], [4.46818501057177, 43.81514119001407], [4.4681818310470325, 43.815158924496416], [4.468097140338768, 43.81549823827866], [4.46809636146965, 43.81550259593127], [4.468097173125261, 43.81550319840779], [4.468113234010639, 43.81551396911291], [4.468129529587911, 43.815527293117476], [4.468143928104315, 43.815541717402596], [4.468156288756475, 43.81555710091439], [4.468166490668827, 43.81557329321875], [4.468174434075687, 43.81559013597218], [4.468180041296931, 43.815607464470446], [4.468183257497681, 43.81562510925905], [4.468184051224623, 43.815642897790354], [4.468182414713673, 43.81566065611088], [4.468178363965982, 43.815678210562425], [4.468171938591552, 43.81569538948027], [4.468163201421982, 43.81571202487182], [4.468152237896105, 43.81572795405954], [4.468139155224555, 43.81574302127171], [4.46812408134141, 43.81575707916572], [4.468107163653165, 43.81576999026903], [4.468103283240788, 43.81577267263474], [4.468105102127012, 43.81578040423086], [4.468107963286189, 43.8157974364322], [4.468108571602388, 43.81581458851932], [4.468106921545053, 43.815831704609906], [4.468103028108307, 43.81584862914865], [4.468096926674737, 43.815865208320936], [4.46808867269391, 43.815881291450864], [4.468078341178484, 43.81589673237045], [4.468066026022543, 43.81591139074828], [4.468051839148305, 43.81592513336478], [4.468035909488977, 43.815937835322934], [4.468018381817003, 43.8159493811835], [4.467999415428342, 43.8159596660141], [4.467979182694741, 43.81596859634296], [4.467957867497159, 43.81597609100843], [4.467935663554571, 43.81598208189649], [4.467912772663371, 43.81598651456005], [4.467889402863326, 43.81598934871355], [4.467828864368455, 43.81599455695572], [4.467803369942173, 43.81599579259739], [4.467777835035081, 43.815995126472146], [4.467752529499199, 43.815992565619574], [4.46772772076249, 43.81598813710268], [4.467703671002616, 43.81598188772187], [4.46768063437619, 43.81597388352039], [4.467658854332787, 43.81596420908632], [4.467300255339634, 43.815785929575526], [4.467295801484576, 43.81578393741463], [4.467297308545198, 43.815787567669474], [4.467453879708299, 43.81610772898003], [4.467460968787392, 43.81612489722599], [4.467465665031682, 43.81614249082143], [4.467467921885972, 43.8161603353644], [4.467467716976191, 43.81617825396524], [4.467465052331269, 43.816196068999915], [4.467459954363115, 43.816213603870914], [4.467452473604889, 43.81623068475777], [4.467442684210167, 43.8162471423401], [4.46743068321793, 43.816262813476136], [4.467416589590708, 43.816277542819904], [4.467400543035368, 43.81629118436115], [4.46738270261826, 43.8163036028728], [4.467363245188428, 43.81631467525144], [4.467342363624539, 43.81632429173768], [4.4673202649228845, 43.81633235700416], [4.467297168145424, 43.8163387911006], [4.467273302248213, 43.81634353024636], [4.4672489038117265, 43.816346527462635], [4.46712048349426, 43.81635757483493], [4.467096161068515, 43.816358795234564], [4.467071790529929, 43.81635828431225], [4.467047606362543, 43.816356046983934], [4.4670238412571575, 43.81635210477628], [4.467000723872404, 43.81634649561977], [4.466978476634626, 43.81633927348352], [4.466957313597732, 43.81633050785617], [4.466937438383608, 43.81632028307716], [4.466919042222926, 43.81630869752528], [4.466902302115185, 43.81629586267205], [4.466887379125684, 43.81628190200925], [4.4668744168358465, 43.81626694986055], [4.466863539961759, 43.816251150089265], [4.466615494854563, 43.81584168139241], [4.4666134369487045, 43.81583869096038], [4.46661371506921, 43.81584202601931], [4.466659729190666, 43.81614583465683], [4.466661196477308, 43.81616353620457], [4.466660250845878, 43.816181256384084], [4.466656901474633, 43.816198823162324], [4.466651180878164, 43.816216065995235], [4.466643144591818, 43.816232817483666], [4.466632870632617, 43.81624891499839], [4.466620458741918, 43.816264202259084], [4.466606029417147, 43.81627853085151], [4.466589722742008, 43.81629176166842], [4.4665716970265485, 43.816303766260056], [4.466552127270228, 43.816314428081306], [4.4665312034629725, 43.816323643623036], [4.4665091287406655, 43.81633132341717], [4.4664861174130035, 43.81633739290517], [4.466462392882852, 43.81634179316205], [4.466438185477324, 43.816344481468356], [4.466413730211601, 43.81634543172485], [4.466389264507266, 43.81634463470612], [4.466365025887242, 43.81634209814993], [4.46634124966977, 43.81633784668219], [4.466318166683771, 43.81633192157786], [4.466296001027817, 43.81632438036025], [4.465316034783795, 43.815947227121825], [4.465313082417161, 43.815946221478704], [4.465315678745947, 43.81594765226059], [4.465672816935945, 43.81612521460876], [4.4656934332251925, 43.8161366567643], [4.465712287792362, 43.816149594393885], [4.465729174715913, 43.81616388619915], [4.4657439095635265, 43.81617937609199], [4.465756331406417, 43.816195894899174], [4.465766304576972, 43.81621326221008], [4.465773720150519, 43.81623128834691], [4.465837537481525, 43.8164224075862], [4.465842124589081, 43.81643988707192], [4.4658443057916655, 43.81645760909981], [4.465844059770457, 43.816475400475], [4.465841388927527, 43.81649308732477], [4.465836319362466, 43.81651049679774], [4.465828900617384, 43.81652745875306], [4.4658192051928385, 43.81654380742337], [4.465807327839358, 43.81655938303469], [4.4657933846315245, 43.81657403336797], [4.465777511833633, 43.816587615246604], [4.46575986456804, 43.81659999593595], [4.465740615299174, 43.816611054440294], [4.465719952148073, 43.81662068268555], [4.465698077053878, 43.81662878657542], [4.465048695545897, 43.81684071826371], [4.465022606000518, 43.81684798434655], [4.464995554703858, 43.816853083342366], [4.464719671290787, 43.816893245847794], [4.464695152923494, 43.816895902009136], [4.464670391090658, 43.816896776426155], [4.464645632127154, 43.8168958604], [4.464621122339304, 43.816893163043446], [4.464597105554521, 43.81688871119025], [4.46457382069561, 43.81688254912823], [4.464551499403856, 43.81687473815857], [4.464530363734581, 43.81686535598605], [4.4645106239480485, 43.81685449594603], [4.464492476417755, 43.81684226607583], [4.464476101676852, 43.816828788039956], [4.46446166262219, 43.81681419591982], [4.464449302893818, 43.8167986348797], [4.464439145446072, 43.81678225972277], [4.464431291324458, 43.816765233350935], [4.464425818660514, 43.81674772514438], [4.4644227818946165, 43.81672990927639], [4.464422211234492, 43.81671196298077], [4.464424112354793, 43.816694064788656], [4.464428466340741, 43.81667639275245], [4.4644556709675625, 43.81659088911427], [4.4644566648867565, 43.81658689493779], [4.464451078334121, 43.81658722348909], [4.4641072864322515, 43.816619566592735], [4.464082462938085, 43.81662099109759], [4.46405756717359, 43.81662060996575], [4.464032849012443, 43.816618427022576], [4.464008556545702, 43.8166144641778], [4.463984933591702, 43.81660876120568], [4.463962217248836, 43.8166013753458], [4.46394063551579, 43.81659238072846], [4.463920405003139, 43.8165818676307], [4.463901728759227, 43.81656994157015], [4.463884794232214, 43.81655672224602], [4.463869771388698, 43.81654234233758], [4.463856811007819, 43.816526946172466], [4.463846043167964, 43.81651068827822], [4.463837575941242, 43.81649373183111], [4.463768442094679, 43.81633007199487], [4.463766531824639, 43.8163262238858], [4.4637664892042626, 43.816326241177556], [4.463745334316529, 43.81633389049236], [4.463723271309994, 43.81634004958013], [4.463700499861876, 43.81634466269906], [4.463677226061197, 43.81634768809888], [4.463653660543565, 43.816349098398724], [4.463630016584792, 43.81634888083488], [4.463606508170635, 43.81634703737637], [4.463583348060085, 43.81634358470714], [4.463560745859786, 43.816338554074996], [4.4635389061269715, 43.81633199100885], [4.463518026518104, 43.81632395490662], [4.463498295999996, 43.816314518497656], [4.463479893139563, 43.816303767184515], [4.463462984487716, 43.81629179827002], [4.463454657437953, 43.81628531495912], [4.463448794096051, 43.81628518519861], [4.463447390622491, 43.81628520403539], [4.463422995466436, 43.81628466363345], [4.4633987911149235, 43.81628239339385], [4.463375010947047, 43.81627841520631], [4.463351884251794, 43.81627276742868], [4.46332963401718, 43.81626550451694], [4.463308474780141, 43.81625669650036], [4.4632886105579255, 43.816246428305995], [4.463270232880932, 43.816234798939966], [4.463253518945952, 43.8162219205328], [4.463238629907638, 43.81620791725813], [4.46322570932467, 43.816192924135564], [4.463214881775588, 43.81617708572865], [4.463206251657648, 43.816160554751036], [4.463199902180288, 43.81614349059404], [4.46319589456289, 43.816126057789624], [4.463194267444572, 43.816108424424215], [4.463195036511722, 43.81609076051775], [4.463198194346835, 43.816073236384575], [4.463255915357966, 43.81584206146918], [4.463256638167799, 43.81583805906835], [4.463251402053534, 43.8158394439384], [4.463223991705963, 43.81584781295983], [4.46320125272069, 43.81585382918877], [4.463177813293827, 43.815858215044045], [4.463153895794874, 43.815860928917104], [4.463129727128922, 43.815861945061435], [4.4631055365839485, 43.81586125383688], [4.463081553655504, 43.81585886180106], [4.46305800586943, 43.815854791647276], [4.463035116623252, 43.815849081988965], [4.463013103066774, 43.815841786993666], [4.462992174041921, 43.81583297586891], [4.462972528101428, 43.81582273220571], [4.4629543516251475, 43.815811153185464], [4.462937817051854, 43.81579834865806], [4.462923081243326, 43.81578444009965], [4.462910283996215, 43.81576955946014], [4.462899546715837, 43.81575384791152], [4.462890971264436, 43.81573745450839], [4.462884638994887, 43.8157205347739], [4.462814185152289, 43.81548794744455], [4.462812748113233, 43.81548410548667], [4.462809457210031, 43.81548671665958], [4.462800107366992, 43.81549486897365], [4.462782224153771, 43.815507597925674], [4.462762660677418, 43.81551895730218], [4.4627416160698, 43.815528831478275], [4.462719304539273, 43.81553711994657], [4.46269595319028, 43.81554373834025], [4.462671799711657, 43.81554861929184], [4.462647089957192, 43.81555171311904], [4.462622075443064, 43.81555298833028], [4.462597010787628, 43.81555243194539], [4.46257215111964, 43.815550049627745], [4.462547749481262, 43.81554586562655], [4.462524054252324, 43.81553992252999], [4.462505407816907, 43.81553365856234], [4.462496473699591, 43.815531032770664], [4.462488075339119, 43.815528918275525], [4.462466260044846, 43.81552164909899], [4.462445515361497, 43.81551288942192], [4.462426034936071, 43.815502721014155], [4.46240800061369, 43.815491238795836], [4.4623915807401096, 43.81547854995105], [4.46237692859023, 43.81546477292752], [4.462364180937338, 43.815450036330795], [4.462353456776375, 43.815434477723656], [4.4623448562131935, 43.815418242342105], [4.462338459530138, 43.815401481739535], [4.462334326436691, 43.815384352371986], [4.46233249551217, 43.81536701413772], [4.462332983845673, 43.81534962888456], [4.462335786876631, 43.815332358899035], [4.46234087843747, 43.81531536539158], [4.462348210997935, 43.81529880699162], [4.462357716108859, 43.81528283826688], [4.4623693050411815, 43.81526760828042], [4.462371704139112, 43.815264787079904], [4.46236605663452, 43.81526465913518], [4.461991977708715, 43.81526967557913], [4.461967582999703, 43.81526913485195], [4.461943379135875, 43.81526686429076], [4.461919599491626, 43.81526288578837], [4.461896473350892, 43.815257237705666], [4.461874223696341, 43.815249974501604], [4.461853065059318, 43.81524116620821], [4.4618332014512845, 43.81523089775528], [4.461814824396718, 43.81521926815137], [4.461798111086408, 43.8152063895293], [4.461783222668983, 43.815192386064844], [4.461770302697139, 43.815177392779376], [4.461759475743521, 43.81516155423802], [4.461750846199646, 43.81514502315575], [4.461744497269414, 43.81512795892486], [4.461740490166932, 43.815110526078065], [4.461738863526357, 43.81509289270213], [4.461739633029466, 43.81507522881719], [4.461742791254553, 43.815057704737306], [4.461800517124817, 43.81482653073933], [4.461801246484378, 43.81482249258057], [4.461797118363952, 43.814823263874445], [4.461772715958248, 43.81482688964648], [4.461747934898003, 43.81482872844663], [4.461723024111043, 43.81482876180396], [4.461698233828347, 43.81482698938342], [4.461673813070382, 43.814823428989094], [4.461650007145607, 43.81481811638548], [4.461627055186262, 43.81481110493813], [4.4616051877462075, 43.81480246507759], [4.461584624484952, 43.814792283591906], [4.461565571961117, 43.81478066275488], [4.46154822155753, 43.81476771929852], [4.461532747558766, 43.81475358324065], [4.461519305400463, 43.8147383965787], [4.4615080301079955, 43.81472231186332], [4.461499034940183, 43.81470549066607], [4.461492410251666, 43.8146881019563], [4.461488222585361, 43.814670320403906], [4.4614865140041156, 43.81465232462468], [4.461483074947381, 43.81451779299837], [4.46148382276084, 43.81450012027056], [4.461486961701075, 43.81448258595626], [4.4614924614718365, 43.814465359280064], [4.461500268992494, 43.81444860649733], [4.461510308910415, 43.814432489289736], [4.461522484328251, 43.81441716320484], [4.4615366777391605, 43.81440277615493], [4.461552752160922, 43.81438946698955], [4.461570552457983, 43.814377364155476], [4.461589906838692, 43.81436658445709], [4.46184391847838, 43.81423898100866], [4.461848424966791, 43.81423647950901], [4.461846143974716, 43.81423271412972], [4.4614706950760565, 43.81368519494546], [4.461461046563403, 43.81366922656474], [4.461453576412213, 43.813652657228914], [4.461448354682941, 43.81363564234145], [4.4614454303479985, 43.81361834148442], [4.461444830832517, 43.8136009169219], [4.4614465617571994, 43.81358353207799], [4.4614506068856885, 43.81356635000415], [4.461456928276931, 43.81354953184994], [4.461465466641087, 43.813533235351535], [4.461476141895684, 43.81351761335246], [4.461488853916766, 43.81350281237002], [4.4615034834779905, 43.81348897122116], [4.461519893368893, 43.81347621972055], [4.461537929681788, 43.81346467746305], [4.461557423255278, 43.81345445270214], [4.4615781912607835, 43.813445641334575], [4.4616000389172745, 43.813438326001005], [4.461622761318067, 43.813432575311], [4.461637161027369, 43.81343003078903], [4.4616414068326655, 43.81342912218635], [4.4616415784548, 43.81342494043743], [4.461633747626008, 43.81311863340787], [4.461633371238286, 43.81311450106093], [4.461628111651947, 43.81311259876678], [4.461607090160542, 43.8131040491115], [4.461587311565134, 43.81309406474893], [4.46156896198795, 43.81308273963517], [4.461552214103394, 43.81307018034311], [4.461537225513135, 43.81305650505963], [4.461524137263035, 43.8130418424733], [4.461513072515895, 43.8130263305634], [4.461504135392491, 43.81301011530151], [4.461497409991823, 43.81299334927785], [4.461492959599776, 43.812976190265225], [4.4614908260936526, 43.81295879973452], [4.461491029548176, 43.812941341335076], [4.461493568046655, 43.812923979354736], [4.461498417699105, 43.81290687717387], [4.461505532867133, 43.81289019572792], [4.461514846593485, 43.812874091992974], [4.4616387843445136, 43.81268596946489], [4.461650354002569, 43.812670420780115], [4.461663972561725, 43.81265576815713], [4.461679508866981, 43.81264215270797], [4.4616968132948065, 43.812629705556034], [4.461715719194118, 43.812618546573376], [4.461736044491217, 43.81260878322627], [4.46175759344324, 43.81260050954035], [4.461780158523234, 43.81259380519503], [4.462329565124776, 43.81245295242699], [4.462352556866778, 43.812447948620395], [4.462376108032655, 43.81244457451421], [4.462399998878058, 43.81244286159051], [4.462424006489352, 43.812442825831766], [4.462447906863444, 43.812444467571616], [4.4624714769977905, 43.81244777149179], [4.462494496971066, 43.812452706765065], [4.462516751995084, 43.81245922734284], [4.462538034418838, 43.81246727238485], [4.462558145665942, 43.81247676682672], [4.462576898087426, 43.812487622080454], [4.4625941167125855, 43.81249973686085], [4.462609640881531, 43.81251299813066], [4.462612876445269, 43.812516049397445], [4.4626180855670095, 43.812518231106424], [4.4634232257470075, 43.81281837393592], [4.463428381592251, 43.81282008178459], [4.463433914063528, 43.81281918407996], [4.4678128576369165, 43.81195233037594], [4.467818254883107, 43.811951064827426], [4.467821913267827, 43.811947932448916], [4.468057342028709, 43.811726509608185], [4.468060420922135, 43.81172329414756], [4.468055143934329, 43.81172413534858], [4.463322104138914, 43.812659857773625], [4.463298016174382, 43.812663700638744], [4.463273520820212, 43.81266579562625], [4.463248859332015, 43.81266612210253], [4.46322427460171, 43.81266467685212], [4.463200008765198, 43.81266147410935], [4.463176300817498, 43.81265654541815], [4.463153384258813, 43.81264993932137], [4.463131484794724, 43.812641720882716], [4.4631108181131545, 43.81263197104579], [4.463091587760034, 43.812620785837005], [4.46307398313454, 43.812608275419706], [4.462673015087332, 43.81229356261608], [4.46266896440154, 43.8122906693049], [4.462663462326684, 43.81229171848277], [4.462239373935106, 43.81238825662208], [4.4622162678579524, 43.81239264498433], [4.462192686727039, 43.812395406777874], [4.462168848374628, 43.812396516490445], [4.462144973009145, 43.812395963870976], [4.46212128118094, 43.81239375402434], [4.462097991744875, 43.81238990736415], [4.462075319838588, 43.81238445942422], [4.462053474895085, 43.81237746053026], [4.462032658708052, 43.81236897533496], [4.4620130635677375, 43.812359082220915], [4.461994870484626, 43.81234787257624], [4.461978247517346, 43.81233544995068], [4.461963348220208, 43.81232192909875], [4.461950310224749, 43.81230743491989], [4.461939253968394, 43.8122921013045], [4.46193028158193, 43.81227606989723], [4.461923475946136, 43.81225948878849], [4.461922132868788, 43.81225552873163], [4.461919625491759, 43.81225161004155], [4.461474088921754, 43.8116351398259], [4.461471248486483, 43.81163161407128], [4.46146628371766, 43.81162969311598], [4.4609754277460985, 43.811460113409545], [4.460969908978801, 43.811458445046384], [4.460966252742753, 43.81146066347955], [4.460946935314147, 43.811471267588935], [4.460926283242579, 43.8114804585151], [4.46090449298479, 43.81148814882731], [4.460881771825031, 43.81149426536977], [4.460858335903204, 43.811498749957444], [4.460834408158722, 43.81150155992968], [4.4608102162097065, 43.81150266855594], [4.460785990187656, 43.811502065290185], [4.460761960548208, 43.81149975587109], [4.460738355878806, 43.81149576226755], [4.460715400724161, 43.81149012246967], [4.460693313450163, 43.811482890127294], [4.4606723041665655, 43.81147413403972], [4.460652572728253, 43.8114639375012], [4.460634306834035, 43.811452397508496], [4.460617680241118, 43.81143962383824], [4.4606028511121965, 43.8114257380026], [4.460595878674708, 43.8114185059777], [4.460590801861433, 43.8114207900801], [4.46041691076292, 43.8115081460688], [4.460415404947513, 43.81150898471324], [4.460395544723433, 43.811518971171786], [4.460374438457661, 43.81152751289342], [4.460352285906937, 43.81153452903618], [4.460329296730652, 43.81153995319677], [4.460305688506547, 43.8115437340389], [4.460281684671411, 43.811545835779306], [4.460257512406344, 43.811546238526326], [4.460233400486578, 43.81154493846823], [4.460209577116193, 43.81154194790924], [4.460186267768264, 43.81153729515309], [4.4601636930508235, 43.81153102423522], [4.460142066618917, 43.811523194505874], [4.460121593152437, 43.81151388006845], [4.460102466418935, 43.81150316907811], [4.460084867439709, 43.81149116290746], [4.460068962776551, 43.811477975187046], [4.460054902955354, 43.81146373072993], [4.460042821041503, 43.81144856435046], [4.460032831380536, 43.81143261958813], [4.459909010468975, 43.81120632783649], [4.459906659173797, 43.81120255593111], [4.459901622024702, 43.8112006012322], [4.459159950269918, 43.81094435415648], [4.459154518472918, 43.8109427066999], [4.45914928695903, 43.81094466478129], [4.458901158094957, 43.811048880194214], [4.4588790952725175, 43.81105710936518], [4.4588560091225675, 43.811063704105024], [4.458832129841042, 43.81106859865636], [4.45880769553255, 43.81107174421465], [4.458782949836127, 43.81107310941497], [4.458758139495808, 43.81107268064463], [4.458733511900224, 43.81107046217897], [4.458709312615768, 43.81106647613874], [4.458685782937943, 43.81106076226953], [4.458663157485302, 43.81105337754538], [4.458641661859962, 43.81104439560077], [4.458621510398049, 43.81103390599628], [4.458602904032482, 43.8110220133256], [4.458586028289421, 43.81100883617257], [4.45857105143836, 43.810994505928726], [4.458558122814298, 43.81097916548314], [4.458547371328733, 43.8109629677977], [4.4585389041843175, 43.81094607438173], [4.458532805805981, 43.81092865368171], [4.45846547709151, 43.810686040994], [4.45846402868491, 43.81068189111509], [4.458458176910961, 43.81068128776274], [4.45791004513617, 43.810644589918866], [4.457904273083861, 43.81064440783293], [4.457903383711432, 43.8106485418423], [4.4578831196161275, 43.81078660366641], [4.457879351885015, 43.81080406439932], [4.457873237567747, 43.81082117336185], [4.457864835616281, 43.81083776559001], [4.457854227040059, 43.8108536811019], [4.457841514124982, 43.810868766440485], [4.457826819447226, 43.81088287615302], [4.457810284691417, 43.810895874193726], [4.457792069284528, 43.810907635235395], [4.457772348858709, 43.81091804587792], [4.4577513135578375, 43.81092700574172], [4.457729166204141, 43.810934428435544], [4.457706120342548, 43.810940242389606], [4.457682398181655, 43.810944391545576], [4.457658228451129, 43.810946835897155], [4.457633844196237, 43.81094755187582], [4.457609480530754, 43.8109465325781], [4.457585372369928, 43.81094378783205], [4.4575617521653506, 43.81093934410264], [4.457492876730728, 43.81092373527897], [4.457469204284264, 43.81091739816823], [4.457446541402611, 43.81090935516009], [4.45742512178941, 43.81089968919565], [4.457405166327159, 43.810888499952256], [4.457386880799398, 43.81087590281548], [4.45737045376864, 43.81086202768933], [4.457356054631861, 43.81084701765652], [4.4573438318737, 43.81083102750305], [4.457333911535295, 43.81081422212191], [4.457326395914576, 43.81079677481274], [4.457321362511446, 43.81077886549461], [4.457318863228664, 43.81076067885076], [4.457318923836711, 43.81074240242407], [4.457321543708145, 43.810724224683035], [4.458065541108879, 43.80727116869038], [4.458066145986019, 43.807267064641216], [4.458060449389448, 43.80726694092006], [4.4570165880020625, 43.80728089667275], [4.45701063534578, 43.807281189533846], [4.457007694599217, 43.80728494910538], [4.456413708935247, 43.80814017866443], [4.456411307837121, 43.808144091504616], [4.456409978353587, 43.80814826367057], [4.455836678367154, 43.81044343114266], [4.455831001679921, 43.810461048656556], [4.45582291138628, 43.810478164481026], [4.4558124892255755, 43.810494605683786], [4.4557998404977734, 43.81051020614857], [4.455785092999605, 43.810524808253504], [4.455768395733413, 43.81053826446366], [4.45574991740171, 43.81055043882178], [4.455729844702687, 43.81056120832194], [4.45570838044388, 43.81057046415239], [4.455685741493051, 43.81057811279501], [4.455662156586989, 43.81058407697015], [4.455637864020385, 43.810588296417485], [4.455613109238122, 43.81059072850501], [4.4555881423553005, 43.81059134865958], [4.455563215630083, 43.8105901506153], [4.455538580914886, 43.81058714647689], [4.454439058283346, 43.810411499850225], [4.454414786500395, 43.81040667725384], [4.454409, 43.810405056307516], [4.454409, 43.82715097607492], [4.45475354110135, 43.840692]], [[4.492545617249579, 43.83834635723682], [4.492521211077049, 43.83834405420189], [4.492497239030652, 43.83834001594491], [4.4924739359888015, 43.83833428203277], [4.492451530274811, 43.838326908646465], [4.49243024141974, 43.83831796803055], [4.492410278011373, 43.83830754778526], [4.492391835650458, 43.8382957500082], [4.492375095034193, 43.838282690293994], [4.492360220185754, 43.83826849660163], [4.49234735684722, 43.83825330800069], [4.492336631051622, 43.83823727330873], [4.492328147888124, 43.83822054963318], [4.4923219904724165, 43.838203300831964], [4.492318219132432, 43.83818569590798], [4.492316870817324, 43.83816790735329], [4.492317958735532, 43.83815010945892], [4.492321472225452, 43.83813247660729], [4.492327376859992, 43.83811518156358], [4.492335614783958, 43.83809839378297], [4.492346105281011, 43.83808227775037], [4.492358745564576, 43.838066991368876], [4.492373411784993, 43.83805268441258], [4.4923899602430435, 43.83803949705917], [4.492408228797915, 43.83802755851659], [4.492535875860717, 43.837952095201835], [4.49255573619898, 43.837941498060154], [4.492576949712932, 43.83793237779878], [4.492599307526985, 43.83792482421868], [4.492622589498689, 43.83791891169475], [4.492646566386286, 43.837914698443505], [4.492671002105851, 43.837912225949914], [4.492695656055782, 43.837911518558876], [4.492720285485773, 43.83791258323556], [4.492744647886944, 43.83791540949689], [4.4927685033795886, 43.837919969514616], [4.4927916170750395, 43.837926218389406], [4.4928137613883985, 43.83793409459292], [4.4928347182793535, 43.83794352057361], [4.492854281399048, 43.83795440352031], [4.492872258121826, 43.837966636276], [4.492888471441873, 43.837980098393004], [4.492902761716094, 43.8379946573188], [4.4929149882360155, 43.838010169701235], [4.49292503061331, 43.838026482799954], [4.492932789965211, 43.83804343599035], [4.4929381898882275, 43.8380608623451], [4.492941177210506, 43.83807859027776], [4.492941722515468, 43.83809644523226], [4.492939820431541, 43.838114251401656], [4.4929354896851414, 43.838131833459244], [4.492927333021817, 43.83815750272932], [4.492926224843387, 43.83816205130454], [4.492926019309777, 43.83816412802364], [4.492925686272713, 43.83817754924136], [4.492922816841085, 43.83819523189677], [4.492917547781598, 43.838212622824535], [4.492909930653806, 43.83822955184128], [4.492900039995053, 43.838245853283645], [4.492887972591155, 43.838261367629514], [4.492873846529324, 43.838275943058875], [4.4928578000426596, 43.83828943693971], [4.492839990157451, 43.838301717223615], [4.492820591156588, 43.83831266373821], [4.492799792874061, 43.83832216936298], [4.492777798837277, 43.83833014107766], [4.492754824275359, 43.83833650087252], [4.492731094012918, 43.83834118651173], [4.492706840269908, 43.83834415214244], [4.492682300389117, 43.83834536874351], [4.492570218416137, 43.83834690248449], [4.492545617249579, 43.83834635723682]], [[4.481066253702887, 43.817306967345274], [4.481043118514976, 43.8173023192003], [4.481020710602891, 43.817296076512996], [4.4809992390397015, 43.81728829752974], [4.480978904161797, 43.81727905483107], [4.480959895699666, 43.81726843465441], [4.480942391007612, 43.817256536089474], [4.480926553408984, 43.81724347015366], [4.480912530672324, 43.817229358756265], [4.480900453632647, 43.817214333560926], [4.480890434970763, 43.817198534757274], [4.480882568161949, 43.81718210975269], [4.480876926603877, 43.817165211797146], [4.480873562931836, 43.817147998553224], [4.480872508527719, 43.817130630625044], [4.480873773227286, 43.817113270059885], [4.480877345228472, 43.81709607883612], [4.480883191201588, 43.817079217352], [4.480891256600367, 43.81706284292907], [4.480901466170959, 43.817047108344376], [4.4809137246541395, 43.81703216040493], [4.48092791767414, 43.81701813857815], [4.480943912805853, 43.81700517369043], [4.480961560810403, 43.81699338670673], [4.480980697027603, 43.81698288760178], [4.481001142912265, 43.816973774334116], [4.4810227077000455, 43.816966131932176], [4.4810451901873005, 43.81696003170089], [4.481301989616876, 43.816900424288995], [4.481310522230907, 43.81689810327014], [4.48133377232129, 43.81689270637806], [4.4813576414893825, 43.816888987209566], [4.4813818994274826, 43.81688698164992], [4.481406312076841, 43.81688670905029], [4.481430643885984, 43.816888172040905], [4.481454660083424, 43.816891356505735], [4.481478128942847, 43.81689623171871], [4.481500824018914, 43.81690275064012], [4.481522526332141, 43.81691085037051], [4.481543026481717, 43.8169204527576], [4.481562126665937, 43.81693146515026], [4.481579642590721, 43.81694378129251], [4.481595405247826, 43.816957282348746], [4.481609262545562, 43.81697183805026], [4.481621080776329, 43.816987307952246], [4.4816307459067595, 43.817003542788825], [4.481638164678062, 43.81702038591331], [4.481643265505908, 43.817037674809605], [4.481645999171221, 43.8170552426603], [4.481646339295145, 43.817072919956225], [4.48164428259367, 43.8170905361321], [4.481639848909388, 43.8171079212121], [4.481633081020129, 43.81712490745016], [4.4815431482904025, 43.817315016830506], [4.481534234299143, 43.817331245157796], [4.481523189987515, 43.81734677148574], [4.481510119352064, 43.81736144961138], [4.48149514547039, 43.81737514131872], [4.481478409342244, 43.817387717680226], [4.481460068561816, 43.81739906027089], [4.481440295833782, 43.817409062283424], [4.4814192773470225, 43.817417629534], [4.481397211021373, 43.81742468134917], [4.48137430464388, 43.81743015132557], [4.481350773912139, 43.81743398795517], [4.481326840403142, 43.81743615511033], [4.481302729486731, 43.81743663238402], [4.481278668203354, 43.81743541528202], [4.48125488312608, 43.81743251526513], [4.481231598227003, 43.817427959641435], [4.481209032768168, 43.817421791308895], [4.481187399236829, 43.81741406835164], [4.481166901344523, 43.817404863492825], [4.481147732108792, 43.81739426340993], [4.481130072035615, 43.81738236791846], [4.481114087419669, 43.81736928903206], [4.481099928778415, 43.81735514990772], [4.481087729434789, 43.81734008368599], [4.4810776042617855, 43.81732423223733], [4.481069648600824, 43.81730774482614], [4.481069551534155, 43.81730750721426], [4.481066253702887, 43.817306967345274]], [[4.46887557371591, 43.83157777034031], [4.468858354997466, 43.83159053189168], [4.468839475709084, 43.83160199681167], [4.468819121321731, 43.83161205246778], [4.468797491798218, 43.83162060007222], [4.46877479962872, 43.83162755565241], [4.468751267743233, 43.83163285087595], [4.468727127321424, 43.831636433721975], [4.468702615521459, 43.83163826899216], [4.468677973150066, 43.83163833865659], [4.468653442296756, 43.83163664203089], [4.468629263955445, 43.831633195782906], [4.468605675656832, 43.83162803376897], [4.468582909134812, 43.83162120670134], [4.468561188049845, 43.83161278164984], [4.4685407257916365, 43.83160284138314], [4.46852172338276, 43.831591483555385], [4.468504367503755, 43.83157881974704], [4.468488828659165, 43.83156497436846], [4.468475259502501, 43.831550083437804], [4.468463793336583, 43.831534293244744], [4.468454542804, 43.8315177589132], [4.468447598780568, 43.83150064287741], [4.468443029482622, 43.83148311328621], [4.4684408797969315, 43.83146534235099], [4.468441170839819, 43.83144750465398], [4.468443899749795, 43.83142977543314], [4.4684490397157655, 43.83141232886055], [4.468478730310646, 43.831331436523726], [4.468486302554081, 43.83131430571771], [4.4684961989296665, 43.83129780758305], [4.46850832059893, 43.83128210688898], [4.468522546499366, 43.83126736044036], [4.468538734553549, 43.83125371551182], [4.468556723088129, 43.83124130837684], [4.468576332448498, 43.831230262946846], [4.468597366793028, 43.83122068953363], [4.468619616048958, 43.83121268374786], [4.468642858010392, 43.831206325544024], [4.4686668605574384, 43.83120167842206], [4.468691383974377, 43.8311987887932], [4.46871618334366, 43.83119768551639], [4.4687410109918515, 43.831198379610136], [4.468765618963103, 43.83120086414249], [4.468789761495437, 43.831205114300204], [4.468813197475123, 43.83121108763661], [4.468835692844652, 43.83121872449545], [4.46887249748003, 43.83123288433221], [4.46889391979715, 43.8312421530048], [4.468913950572326, 43.83125292971594], [4.468932387968138, 43.831265105876014], [4.468949046202221, 43.83127855879405], [4.468963757419288, 43.831293152913936], [4.46897637338251, 43.83130874118032], [4.4689867669672365, 43.83132516652038], [4.468994833442005, 43.83134226342648], [4.469000491523919, 43.831359859623916], [4.469003684197759, 43.83137777780673], [4.4690043792905785, 43.83139583742438], [4.469002569795984, 43.83141385650098], [4.468998273944828, 43.83143165346896], [4.468991535021601, 43.83144904899869], [4.468982420928369, 43.83146586780535], [4.46897102350065, 43.83148194041532], [4.468957457582108, 43.83149710487386], [4.468890962707373, 43.831563837528186], [4.46887557371591, 43.83157777034031]], [[4.465331616618043, 43.81704773797246], [4.465322449065437, 43.817031738561624], [4.465315448117313, 43.817015175114655], [4.465310678620908, 43.81699820105732], [4.465308184753583, 43.81698097361853], [4.465307989613705, 43.816963652374255], [4.465310095006747, 43.81694639776912], [4.46531448142865, 43.816929369630394], [4.465321108246559, 43.81691272568744], [4.465329914075271, 43.81689662011075], [4.465340817345911, 43.81688120208384], [4.465353717061544, 43.81686661442146], [4.465368493732745, 43.81685299224667], [4.46538501048445, 43.81684046173937], [4.465403114323826, 43.816829138967364], [4.465422637557439, 43.81681912881139], [4.465443399344558, 43.81681052399362], [4.465465207372241, 43.816803404218795], [4.465487859636662, 43.81679783543598], [4.465546193103556, 43.81678572784496], [4.465570113945724, 43.816781677312115], [4.465594470155759, 43.816779356366915], [4.4656190238164415, 43.81677878768083], [4.465643535081864, 43.81677997680895], [4.465667764520226, 43.816782912135594], [4.465691475452608, 43.816787564987784], [4.465714436264844, 43.8167938899154], [4.465736422669917, 43.816801825135045], [4.465757219898816, 43.81681129313357], [4.465776624798404, 43.81682220142525], [4.465794447815858, 43.816834443455164], [4.465810514850249, 43.81684789963999], [4.465824668953222, 43.81686243853619], [4.465836771862131, 43.81687791812387], [4.465846705350649, 43.81689418719411], [4.465854372383709, 43.81691108682595], [4.465859698065411, 43.81692845193876], [4.4658626303707205, 43.81694611290484], [4.465863140653729, 43.8169638972063], [4.465861223927573, 43.81698163112031], [4.4658568989132315, 43.81699914141612], [4.465837865002332, 43.817058969113575], [4.465831159150217, 43.81707611647173], [4.465822144097958, 43.81709269954736], [4.465810908237308, 43.81710855574135], [4.465797561735581, 43.81712352958154], [4.465782235455521, 43.8171374742473], [4.465765079672193, 43.81715025300908], [4.465746262599562, 43.817161740569084], [4.465725968741131, 43.81717182428992], [4.465704397080856, 43.81718040529897], [4.465681759132059, 43.817187399457914], [4.465658276863469, 43.81719273818783], [4.465634180522746, 43.81719636914145], [4.465609706378794, 43.81719825671661], [4.4655850944050535, 43.817198382405266], [4.465560585926452, 43.817196744975064], [4.465536421253094, 43.81719336048126], [4.465512837323923, 43.81718826210948], [4.465490065383419, 43.81718149985019], [4.46546832871416, 43.817173140008556], [4.4654478404474505, 43.81716326455427], [4.465428801473495, 43.81715197031788], [4.465411398471625, 43.81713936804122], [4.4653958020798665, 43.81712558129164], [4.465382165221822, 43.81711074525031], [4.465342865858637, 43.81706302514593], [4.465331616618043, 43.81704773797246]], [[4.461878157227454, 43.81653499256735], [4.461872424728707, 43.81655205897301], [4.461864422146978, 43.81656863951505], [4.461854225694277, 43.816584576285834], [4.461841932476547, 43.8165997175087], [4.4618276595689155, 43.81661391898335], [4.46181154290075, 43.8166270454593], [4.461793735961145, 43.81663897192389], [4.461774408337158, 43.81664958479294], [4.461753744098709, 43.816658782992526], [4.4617319400455555, 43.816666478921604], [4.4617092038329895, 43.81667259928623], [4.461685751994166, 43.81667708579774], [4.461661807877847, 43.81667989572782], [4.4616375995212465, 43.81668100231545], [4.4616133574781935, 43.81668039502176], [4.461589312623353, 43.816678079630485], [4.461565693953369, 43.81667407819275], [4.461542726405901, 43.81666842881723], [4.461298657120524, 43.8165986017446], [4.461275704229908, 43.816591039038634], [4.461253927750951, 43.816581831234906], [4.461233551833959, 43.81657107311173], [4.4612147862125555, 43.81655887540524], [4.461197824044825, 43.816545363669476], [4.461182839925092, 43.816530676984], [4.461169988086806, 43.816514966522284], [4.461159400815014, 43.81649839399571], [4.461151187084775, 43.81648112998884], [4.46114543143953, 43.816463352203705], [4.461142193120952, 43.81644524363056], [4.461141505459268, 43.81642699066433], [4.461143375530259, 43.81640878118606], [4.461147784082548, 43.816390802628966], [4.4611528959339335, 43.81637473916772], [4.461159558949761, 43.8163576869168], [4.461168505684925, 43.81634119181516], [4.4611796493953095, 43.81632541378934], [4.4611928820365, 43.816310505813505], [4.461208075311372, 43.81629661242616], [4.461225081914025, 43.81628386832891], [4.461243736957984, 43.81627239708051], [4.46126385957487, 43.81626230989882], [4.461285254667962, 43.816253704582685], [4.461307714803729, 43.816246664563664], [4.461331022222935, 43.816241258097186], [4.461354950951853, 43.816237537600806], [4.461379268993105, 43.816235539145985], [4.461403740574906, 43.81623528210848], [4.4614281284368795, 43.816236768980296], [4.4614521961303195, 43.816239985345725], [4.461475710310579, 43.81624490002102], [4.4617179537429275, 43.81630503256617], [4.461739936853889, 43.816311350808434], [4.461760991085924, 43.81631915340167], [4.461780925802515, 43.81632836969715], [4.461799560503579, 43.81633891624563], [4.461816726459793, 43.81635069755305], [4.4618322682403635, 43.816363606945124], [4.461846045120372, 43.81637752753316], [4.461857932355003, 43.81639233327252], [4.461867822309077, 43.816407890103775], [4.461875625431686, 43.81642405716657], [4.461881271067081, 43.81644068807504], [4.4618847080944954, 43.81645763224328], [4.4618859053910835, 43.81647473624882], [4.461884852113797, 43.816491845221755], [4.461881565050891, 43.81651760283276], [4.461878157227454, 43.81653499256735]], [[4.460680075376063, 43.81495881201222], [4.460695139610622, 43.81494527113168], [4.4607119380671785, 43.81493284607405], [4.460730313951144, 43.81492165281234], [4.4607500957448405, 43.81491179582221], [4.460771098808411, 43.814903367106744], [4.4607931271031855, 43.814896445337745], [4.460815975021456, 43.81489109512151], [4.4608394293055165, 43.81488736639578], [4.460863271038142, 43.814885293963655], [4.460887277685836, 43.81488489716876], [4.460911225175873, 43.81488617971466], [4.460934889987673, 43.81488912963041], [4.460958051239038, 43.81489371938211], [4.460980492747762, 43.81489990613005], [4.461002005049386, 43.81490763212846], [4.461022387352244, 43.814916825264575], [4.461041449411578, 43.814927399731566], [4.46105901330523, 43.81493925682958], [4.461074915094316, 43.8149522858868], [4.461089006353409, 43.814966365292534], [4.461101155555928, 43.814981363632285], [4.46118436967046, 43.815096499459834], [4.461187475724136, 43.81510032282343], [4.46119266443855, 43.81510452039572], [4.461208283892128, 43.815118503548824], [4.461221898106395, 43.815133545669646], [4.461233371136843, 43.81514949655712], [4.4612425884191635, 43.81516619693575], [4.461249457913277, 43.815183480045945], [4.461253911022456, 43.8152011733091], [4.461255903278378, 43.81521910005097], [4.46125541478524, 43.815237081265735], [4.461252450418517, 43.81525493740347], [4.461247039776378, 43.81527249016302], [4.46123923688422, 43.81528956427238], [4.4612291196552905, 43.81530598923902], [4.461216789112763, 43.81532160105215], [4.461136538623717, 43.81541236085742], [4.461134402141287, 43.81541506957318], [4.461121632226195, 43.815429598378444], [4.461107003035439, 43.81544317687595], [4.461090648516209, 43.815455680737635], [4.461072718413519, 43.81546699547498], [4.461053376899124, 43.81547701748729], [4.461032801068314, 43.81548565501037], [4.461011179318374, 43.815492828956735], [4.460988709623547, 43.81549847363976], [4.460965597722293, 43.81550253737517], [4.460942055233448, 43.815504982954266], [4.460918297718542, 43.81550578798465], [4.4608945427079885, 43.81550494509522], [4.46087100770928, 43.81550246200374], [4.460847908215358, 43.81549836144605], [4.46082545573145, 43.81549268096803], [4.460803855838426, 43.81548547258169], [4.460783306310392, 43.815476802289005], [4.460763995303799, 43.815466749477494], [4.460746099634586, 43.81545540619339], [4.460586513531241, 43.815344046939416], [4.460570232814639, 43.81533154719516], [4.460555672405787, 43.8153179802289], [4.460542965008402, 43.81530346969139], [4.4605322264373966, 43.81528814783298], [4.4605235545633874, 43.8152721542984], [4.46051702842073, 43.81525563485392], [4.46051270748725, 43.81523874005892], [4.460510631142233, 43.81522162389359], [4.460510818307575, 43.81520444235552], [4.460513267275407, 43.81518735203806], [4.46051795572374, 43.81517050870291], [4.460524840919972, 43.81515406586071], [4.460533860110428, 43.81513817337185], [4.460544931092352, 43.8151229760806], [4.460666885971495, 43.814973342327654], [4.460680075376063, 43.81495881201222]], [[4.458603764309873, 43.81639510752186], [4.458547896326571, 43.81639585485747], [4.458523515567934, 43.8163953141925], [4.4584993253980985, 43.816393045734685], [4.458475558783759, 43.81638907133073], [4.45845244461239, 43.8163834292567], [4.458430205487854, 43.81637617384935], [4.458409055586541, 43.81636737498281], [4.458389198594675, 43.81635711739573], [4.458370825746661, 43.81634549987505], [4.458354113983366, 43.81633263430464], [4.458339224248072, 43.81631864458787], [4.4583262999365045, 43.81630366545409], [4.458315465515884, 43.81628784116132], [4.458306825326264, 43.81627132410679], [4.458300462575742, 43.816254273359355], [4.458296438539173, 43.81623685312741], [4.458294791968141, 43.816219231177605], [4.4582946627532705, 43.81621416553188], [4.458295641779567, 43.816194542226704], [4.458299567298947, 43.816175112942204], [4.458306392581565, 43.81615610895217], [4.458316036380848, 43.81613775646772], [4.458615904853331, 43.81564911421227], [4.458627236454982, 43.81563290666975], [4.45864076667784, 43.81561760883217], [4.4586563576754, 43.815603376552666], [4.458673850606503, 43.81559035482838], [4.458693067253627, 43.81557867632333], [4.45871381183857, 43.81556846001692], [4.458735873017009, 43.81555980999168], [4.458759026031639, 43.815552814373106], [4.458783035001933, 43.81554754443167], [4.4588076553272264, 43.815544053856904], [4.458832636178615, 43.81554237821031], [4.458857723054297, 43.81554253456318], [4.458882660372347, 43.81554452132261], [4.458907194074465, 43.81554831824774], [4.458931074214224, 43.81555388665599], [4.459331486267897, 43.81566369251575], [4.459337095442658, 43.815665006682636], [4.459340917519377, 43.815661756404374], [4.459384509568033, 43.81562076953595], [4.459400391618249, 43.81560726870397], [4.4594180315776075, 43.815594965266854], [4.459437258162109, 43.81558397869015], [4.459457884682054, 43.81557441565276], [4.459479710854777, 43.815566369011094], [4.4595025247493645, 43.815559916897364], [4.45952610484444, 43.81555512196107], [4.4595502221790895, 43.81555203076061], [4.4595746425759835, 43.815550673311265], [4.459599128915175, 43.815551062793766], [4.459623443436436, 43.815553195426276], [4.459647350047827, 43.815557050501106], [4.459670616618075, 43.81556259058581], [4.459693017230475, 43.815569761886685], [4.459714334376494, 43.815578494770946], [4.4597343610676985, 43.815588704442995], [4.459752902845582, 43.81560029176761], [4.4597697796697275, 43.81561314423271], [4.459771006057694, 43.81561417549051], [4.459776095158524, 43.81561211431751], [4.459899014378563, 43.815556447263525], [4.459920853513214, 43.815547630958044], [4.45994380540768, 43.81554044807334], [4.45996763779391, 43.8155349712985], [4.459992109493725, 43.81553125605707], [4.460016972859418, 43.81552933994646], [4.460041976279843, 43.81552924235719], [4.460066866726558, 43.8155309642768], [4.460091392314369, 43.81553448827995], [4.460115304850253, 43.815539778704604], [4.460138362344954, 43.815546782012916], [4.460160331461802, 43.815555427333166], [4.460180989877971, 43.81556562717675], [4.4602001285342965, 43.815577278323616], [4.460217553750898, 43.81559026286683], [4.460534192756445, 43.81585128228885], [4.460549283259079, 43.81586501892054], [4.460562454067356, 43.81587975463113], [4.460573579907466, 43.81589534926397], [4.460582554955763, 43.815911654492844], [4.460589293845333, 43.815928515232635], [4.46059373247802, 43.81594577111444], [4.460595828634162, 43.81596325801081], [4.460595562374226, 43.8159808095969], [4.4605929362285535, 43.81599825893241], [4.460587975173369, 43.816015440049426], [4.4605807263932995, 43.81603218953104], [4.460571258832665, 43.81604834806562], [4.460559662539783, 43.816063761962226], [4.4605460478105385, 43.816078284612296], [4.460530544139366, 43.81609177788423], [4.460513298987599, 43.81610411343725], [4.460494476380925, 43.81611517394207], [4.4604742553492605, 43.8161248541969], [4.460452828223925, 43.816133062128216], [4.460430398808248, 43.81613971966629], [4.460226399559975, 43.816192012625784], [4.4602209174860326, 43.816193636369256], [4.460214963881101, 43.81619709778579], [4.4602091565814606, 43.816200826810494], [4.460190248295694, 43.816210834797474], [4.460170123020533, 43.816219509651184], [4.460148959451985, 43.81622677434578], [4.460126945505512, 43.81623256437644], [4.460104276647461, 43.81623682833226], [4.460081154159437, 43.81623952835258], [4.460057783351035, 43.81624064046338], [4.459606655848467, 43.816246680326735], [4.459600889619418, 43.81624696017228], [4.459600032843657, 43.81625113344835], [4.459595249811836, 43.816268503820815], [4.459588131954158, 43.816285449646024], [4.459578748206602, 43.81630180679991], [4.459567189451012, 43.81631741685967], [4.459553567634941, 43.81633212863815], [4.459538014687474, 43.81634579964816], [4.459520681241495, 43.8163582974825], [4.459501735174796, 43.816369501096375], [4.459481359984151, 43.81637930197981], [4.459459753008096, 43.81638760520856], [4.459437123515628, 43.81639433036356], [4.45930046992985, 43.81642935850602], [4.459294796305279, 43.816431049304896], [4.459292370430777, 43.81643374258322], [4.459278425846175, 43.81644771321724], [4.4592626994428555, 43.81646065382062], [4.45924533547786, 43.81647244568922], [4.4592264932298695, 43.81648298065625], [4.459206345538154, 43.816492162084344], [4.459185077217101, 43.81649990575217], [4.459162883360899, 43.81650614062693], [4.459139967553901, 43.816510809515975], [4.459116540003109, 43.816513869591496], [4.459092815609886, 43.81651529278336], [4.459069011998617, 43.81651506603657], [4.459045347520372, 43.816513191431085], [4.45902203924992, 43.81650968616272], [4.4589993009944315, 43.81650458238537], [4.458977341332179, 43.81649792691609], [4.4589563616991965, 43.816489780805675], [4.458739545856427, 43.81639564690253], [4.458734235417161, 43.81639359218385], [4.4587266372409475, 43.81639471039336], [4.458715115990573, 43.81639680505921], [4.45868890635478, 43.81639946920068], [4.458662454085495, 43.81640010027161], [4.458636059108194, 43.81639869111663], [4.458610020698739, 43.81639525771332], [4.458609982966413, 43.81639525121819], [4.458603764309873, 43.81639510752186]], [[4.45911692218797, 43.81756612013683], [4.4590940094569085, 43.81757314456846], [4.45907024161812, 43.81757847510382], [4.459045856843183, 43.81758205832686], [4.459021099486008, 43.81758385833098], [4.458996217634171, 43.817583857078695], [4.458971460622814, 43.817582054582616], [4.458947076536045, 43.81757846890511], [4.458923309720882, 43.817573135977405], [4.458900398338643, 43.81756610923949], [4.458878571978333, 43.81755745910464], [4.458858049355943, 43.8175472722537], [4.458839036122722, 43.81753565076657], [4.458821722804377, 43.81752271109919], [4.458806282891864, 43.81750858291657], [4.458792871102895, 43.817493407793364], [4.458781621831583, 43.81747733779529], [4.458772647801765, 43.81746053395518], [4.458766038937489, 43.81744316465932], [4.458761861461982, 43.817425403960165], [4.458760157234132, 43.81740742983206], [4.458758183861528, 43.81733009330843], [4.45875887529975, 43.817312948720264], [4.458761817508266, 43.81729592964455], [4.458766983763872, 43.817279190648925], [4.458774327144618, 43.81726288375722], [4.458783780956026, 43.81724715706878], [4.458795259336862, 43.817232153413386], [4.458808658038988, 43.81721800905413], [4.458823855374185, 43.81720485244988], [4.458840713319351, 43.817192803088645], [4.458859078770054, 43.817181970402395], [4.45887878493102, 43.817172452773235], [4.458899652830972, 43.81716433663988], [4.4589214929480105, 43.81715769571277], [4.45894410693083, 43.81715259030444], [4.458967289400093, 43.81714906678199], [4.4589908298136365, 43.81714715714589], [4.459507063879639, 43.817123237593755], [4.459531582580702, 43.81712297907918], [4.459556017146937, 43.81712447114319], [4.459580129770652, 43.817127699264354], [4.459603685777353, 43.817132632025256], [4.4596264559096355, 43.81713922141814], [4.459648218558357, 43.817147403312205], [4.4596687619194, 43.817157098077665], [4.459687886055, 43.81716821136079], [4.45970540483961, 43.817180635002174], [4.459721147771363, 43.81719424808932], [4.4597349616314625, 43.81720891813339], [4.459746711975424, 43.817224502358705], [4.459756284441579, 43.81724084909216], [4.459763585864148, 43.817257799239506], [4.459768545180047, 43.817275187833495], [4.459771114120574, 43.81729284563967], [4.459771267681271, 43.81731060080327], [4.45976900436536, 43.81732828052181], [4.459764346198404, 43.817345712726876], [4.459757338514024, 43.81736272775893], [4.459753896784192, 43.81736979155912], [4.4597554081877115, 43.81737778237329], [4.45975754450126, 43.817395696824214], [4.459757201448271, 43.81741367621941], [4.459754382450574, 43.81743154109917], [4.459749115643466, 43.81744911314657], [4.459741453594991, 43.81746621696743], [4.459731472781308, 43.81748268184105], [4.459719272823438, 43.81749834342405], [4.459704975492956, 43.81751304539104], [4.459688723496597, 43.81752664099485], [4.459670679051869, 43.81753899453129], [4.459651022267902, 43.81754998269378], [4.459629949347711, 43.817559495804126], [4.45960767062978, 43.81756743890728], [4.459584408488552, 43.81757373271919], [4.459560395114754, 43.81757831441816], [4.459535870197751, 43.817581138271926], [4.459511078533007, 43.8175821760942], [4.459486267578614, 43.817581417525936], [4.459143027717173, 43.8175584436183], [4.4591369699801655, 43.817558256105436], [4.4591352148685255, 43.817558872848814], [4.45911692218797, 43.81756612013683]]]}, "properties": {"scenario": "t1000", "wse_m": 55.24, "source": "ppri+lidar"}}]}